고시번호,고시일자,공고번호,공고일자,급여여부,비고,상세정보,성분명,성분코드,약품상세정보,업소명,업체명,연령처리조건,제품명,제품코드,특정연령,특정연령단위
,,20210248,2021-07-15,급여,,,quetiapine fumarate (as quetiapine),378610ATB,"다른 항정신병약과 같이 이 약을 장기간 투여 후 지연성운동이상 일으킬 위험이 있음. 지연성운동이상증의 발생률은 고령자, 특히 여성 고령자에서 높은 것으로 보임. 비정형성 항정신병 약제들을 메타 분석한 결과, 치매 관련 정신병을 가진 노인 환자에서 위약보다 사망 위험성 증가.",영진약품(주),,,쿠티아핀정12.5밀리그램(쿠에티아핀푸마르산염)_(14.39mg/1정),642404830,,
,,20210248,2021-07-15,급여,,,quetiapine fumarate (as quetiapine),378610ATB,"다른 항정신병약과 같이 이 약을 장기간 투여 후 지연성운동이상 일으킬 위험이 있음. 지연성운동이상증의 발생률은 고령자, 특히 여성 고령자에서 높은 것으로 보임. 비정형성 항정신병 약제들을 메타 분석한 결과, 치매 관련 정신병을 가진 노인 환자에서 위약보다 사망 위험성 증가.",환인제약(주),,,쿠에타핀정12.5밀리그램(쿠에티아핀푸마르산염)_(14.39mg/1정),657203130,,
,,20210248,2021-07-15,급여,,,quetiapine fumarate (as quetiapine),378610ATB,"다른 항정신병약과 같이 이 약을 장기간 투여 후 지연성운동이상 일으킬 위험이 있음. 지연성운동이상증의 발생률은 고령자, 특히 여성 고령자에서 높은 것으로 보임. 비정형성 항정신병 약제들을 메타 분석한 결과, 치매 관련 정신병을 가진 노인 환자에서 위약보다 사망 위험성 증가.",명인제약(주),,,큐로켈정12.5밀리그램(쿠에티아핀푸마르산염)_(14.39mg/1정),651904730,,
,,20210248,2021-07-15,급여,,,quetiapine fumarate (as quetiapine),378610ATB,"다른 항정신병약과 같이 이 약을 장기간 투여 후 지연성운동이상 일으킬 위험이 있음. 지연성운동이상증의 발생률은 고령자, 특히 여성 고령자에서 높은 것으로 보임. 비정형성 항정신병 약제들을 메타 분석한 결과, 치매 관련 정신병을 가진 노인 환자에서 위약보다 사망 위험성 증가.",한림제약(주),,,카세핀정12.5밀리그램(쿠에티아핀푸마르산염)_(14.39mg/1정),645306620,,
,,20210248,2021-07-15,급여,,,quetiapine fumarate (as quetiapine),378610ATB,"다른 항정신병약과 같이 이 약을 장기간 투여 후 지연성운동이상 일으킬 위험이 있음. 지연성운동이상증의 발생률은 고령자, 특히 여성 고령자에서 높은 것으로 보임. 비정형성 항정신병 약제들을 메타 분석한 결과, 치매 관련 정신병을 가진 노인 환자에서 위약보다 사망 위험성 증가.",동화약품(주),,,동화쿠에티아핀정12.5밀리그램(쿠에티아핀푸마르산염)_(14.39mg/1정),642707620,,
,,20170079,2017-02-16,급여,,,diazepam,142930BIJ,"노인에서의 장기지속형 벤조다이아제핀 사용은 인지기능 저하, 섬망, 낙상, 골절 및 교통사고의 위험으로 사용을 추천하지 않으며, 단시간 작용 벤조다이아제핀 사용을 추천함",삼진제약(주),,,삼진디아제팜주_(10mg/2mL),647800761,,
,,20180371,2018-08-31,급여,,,haloperidol,167930BIJ,"노인에서의 정형 항정신병약물 사용은 추체외로 증상, 항콜린성 부작용 등이 나타나기 쉬우므로 사용을 추천하지 않으며, 비정형 항정신병약물 사용을 추천함",명인제약(주),,,명인할로페리돌주사_(5mg/1mL),651901021,,
,,20180371,2018-08-31,급여,,,haloperidol,167930BIJ,"노인에서의 정형 항정신병약물 사용은 추체외로 증상, 항콜린성 부작용 등이 나타나기 쉬우므로 사용을 추천하지 않으며, 비정형 항정신병약물 사용을 추천함",환인제약(주),,,페리돌주(할로페리돌)_(5mg/1mL),657200921,,
,,20180371,2018-08-31,급여,,,haloperidol decanoate (as haloperidol),168030BIJ,"노인에서의 정형 항정신병약물 사용은 추체외로 증상, 항콜린성 부작용 등이 나타나기 쉬우므로 사용을 추천하지 않으며, 비정형 항정신병약물 사용을 추천함",클리니젠코리아(유),,,할돌데카노아스주사(할로페리돌데카노에이트)_(70.52mg/1mL),76100071,,
,,20180371,2018-08-31,급여,,,haloperidol decanoate (as haloperidol),168030BIJ,"노인에서의 정형 항정신병약물 사용은 추체외로 증상, 항콜린성 부작용 등이 나타나기 쉬우므로 사용을 추천하지 않으며, 비정형 항정신병약물 사용을 추천함",(주)한국얀센,,,할돌데카노아스주사(할로페리돌데카노에이트)_(70.52mg/1mL),646900911,,
,,20220251,2022-05-27,급여,,,blonanserin,511303ATB,"치매 고령환자에게 비정형 항정신병약물 투여시 뇌혈관 질환, 사망의 위험 증가, 고령자에 투여시 추체외로 증상과 같은 이상반응이 나타나기 쉬움",부광약품(주),,,로나센정8밀리그램(블로난세린)_(8mg/1정),642203910,,
,,20220251,2022-05-27,급여,,,blonanserin,511303ATB,"치매 고령환자에게 비정형 항정신병약물 투여시 뇌혈관 질환, 사망의 위험 증가, 고령자에 투여시 추체외로 증상과 같은 이상반응이 나타나기 쉬움",(주)한국파마,,,파마블로난세린정8밀리그램_(8mg/1정),653005970,,
,,20220251,2022-05-27,급여,,,blonanserin,511303ATB,"치매 고령환자에게 비정형 항정신병약물 투여시 뇌혈관 질환, 사망의 위험 증가, 고령자에 투여시 추체외로 증상과 같은 이상반응이 나타나기 쉬움",환인제약(주),,,로나큐정8밀리그램(블로난세린)_(8mg/1정),657203450,,
,,20210248,2021-07-15,급여,,,aripiprazole,451505ATB,"항정신병약으로 치료받는 환자에서 잠재적으로 비가역적, 비자발적인, 이상운동 증후군이 발생할 수 있으며, 이 증후군은 고령자, 특히 여성 고령자에서 가장 많이 발생함. 비정형 정신병치료제를 복용하는 치매성 노인 정신질환 환자의 사망 위험성은 위약과 비교 시 증가. 이 약을 투여한 환자(평균연령:84세, 범위:78~88세)에서 사망례를 포함한 뇌혈관계 이상반응(예:뇌졸중, 일과성허혈발작)의 증가.",명인제약(주),,,레피졸정30밀리그램(아리피프라졸)_(30mg/1정),651904410,,
,,20210248,2021-07-15,급여,,,aripiprazole,451505ATB,"항정신병약으로 치료받는 환자에서 잠재적으로 비가역적, 비자발적인, 이상운동 증후군이 발생할 수 있으며, 이 증후군은 고령자, 특히 여성 고령자에서 가장 많이 발생함. 비정형 정신병치료제를 복용하는 치매성 노인 정신질환 환자의 사망 위험성은 위약과 비교 시 증가. 이 약을 투여한 환자(평균연령:84세, 범위:78~88세)에서 사망례를 포함한 뇌혈관계 이상반응(예:뇌졸중, 일과성허혈발작)의 증가.",환인제약(주),,,아리피졸정30밀리그램(아리피프라졸)_(30mg/1정),657202820,,
,,20200423,2020-09-24,급여,,,solifenacin fumarate,655601ATB,항콜린성 작용이 있는 약제와의 병용으로 인해 항콜린 부작용이 증가하므로 동시 사용을 추천하지 않음,(주)코아팜바이오,,,에이케어정9.96밀리그램(솔리페나신푸마르산염)_(9.96mg/1정),51700030,,
,,20200423,2020-09-24,급여,,,solifenacin fumarate,655602ATB,항콜린성 작용이 있는 약제와의 병용으로 인해 항콜린 부작용이 증가하므로 동시 사용을 추천하지 않음,(주)코아팜바이오,,,에이케어정4.98밀리그램(솔리페나신푸마르산염)_(4.98mg/1정),51700040,,
,,20210248,2021-07-15,급여,,,quetiapine fumarate (as quetiapine),378605ATB,"다른 항정신병약과 같이 이 약을 장기간 투여 후 지연성운동이상 일으킬 위험이 있음. 지연성운동이상증의 발생률은 고령자, 특히 여성 고령자에서 높은 것으로 보임. 비정형성 항정신병 약제들을 메타 분석한 결과, 치매 관련 정신병을 가진 노인 환자에서 위약보다 사망 위험성 증가.",환인제약(주),,,쿠에타핀정50밀리그램(쿠에티아핀푸마르산염)_(57.56mg/1정),657203320,,
,,20210248,2021-07-15,급여,,,quetiapine fumarate (as quetiapine),378605ATB,"다른 항정신병약과 같이 이 약을 장기간 투여 후 지연성운동이상 일으킬 위험이 있음. 지연성운동이상증의 발생률은 고령자, 특히 여성 고령자에서 높은 것으로 보임. 비정형성 항정신병 약제들을 메타 분석한 결과, 치매 관련 정신병을 가진 노인 환자에서 위약보다 사망 위험성 증가.",영진약품(주),,,쿠티아핀정50밀리그램(쿠에티아핀푸마르산염)_(57.56mg/1정),642404840,,
,,20210248,2021-07-15,급여,,,quetiapine fumarate (as quetiapine),378605ATB,"다른 항정신병약과 같이 이 약을 장기간 투여 후 지연성운동이상 일으킬 위험이 있음. 지연성운동이상증의 발생률은 고령자, 특히 여성 고령자에서 높은 것으로 보임. 비정형성 항정신병 약제들을 메타 분석한 결과, 치매 관련 정신병을 가진 노인 환자에서 위약보다 사망 위험성 증가.",명인제약(주),,,큐로켈정50밀리그램(쿠에티아핀푸마르산염)_(57.57mg/1정),651904380,,
,,20170079,2017-02-16,급여,,,clobazam,135702ATB,"노인에서의 장기지속형 벤조다이아제핀 사용은 인지기능 저하, 섬망, 낙상, 골절 및 교통사고의 위험으로 사용을 추천하지 않으며, 단시간 작용 벤조다이아제핀 사용을 추천함",(주)한독,,,센틸정5밀리그람(클로바잠)_(5mg/1정),652100530,,
,,20200423,2020-09-24,급여,,,Imidafenacin,505801ATB,항콜린성 작용이 있는 약제와의 병용으로 인해 항콜린 부작용이 증가하므로 동시 사용을 추천하지 않음,(주)엘지화학,,,유리토스정(이미다페나신)_(0.1mg/1정),668901560,,
,,20170079,2017-02-16,급여,,,clonazepam,136401ATB,"노인에서의 장기지속형 벤조다이아제핀 사용은 인지기능 저하, 섬망, 낙상, 골절 및 교통사고의 위험으로 사용을 추천하지 않으며, 단시간 작용 벤조다이아제핀 사용을 추천함",(주)종근당,,,리보트릴정(클로나제팜)_(0.5mg/1정),643308800,,
,,20170079,2017-02-16,급여,,,clonazepam,136401ATB,"노인에서의 장기지속형 벤조다이아제핀 사용은 인지기능 저하, 섬망, 낙상, 골절 및 교통사고의 위험으로 사용을 추천하지 않으며, 단시간 작용 벤조다이아제핀 사용을 추천함",환인제약(주),,,환인클로나제팜정0.5밀리그램_(0.5mg/1정),657202690,,
,,20170079,2017-02-16,급여,,,ethyl loflazepate,156202ATB,"노인에서의 장기지속형 벤조다이아제핀 사용은 인지기능 저하, 섬망, 낙상, 골절 및 교통사고의 위험으로 사용을 추천하지 않으며, 단시간 작용 벤조다이아제핀 사용을 추천함",현대약품(주),,,빅손정(에칠로플라제페이트)_(2mg/1정),642000520,,
,,20200423,2020-09-24,급여,,,fesoterodine fumarate,503802ATR,항콜린성 작용이 있는 약제와의 병용으로 인해 항콜린 부작용이 증가하므로 동시 사용을 추천하지 않음,한국화이자제약(주),,,토비애즈서방정8밀리그람(페소테로딘푸마르산염)_(8mg/1정),648901330,,
,,20170079,2017-02-16,급여,,,flunitrazepam,160601ATB,"노인에서의 장기지속형 벤조다이아제핀 사용은 인지기능 저하, 섬망, 낙상, 골절 및 교통사고의 위험으로 사용을 추천하지 않으며, 단시간 작용 벤조다이아제핀 사용을 추천함",명인제약(주),,,루나팜정(플루니트라제팜)_(1mg/1정),651900330,,
,,20170079,2017-02-16,급여,,,flunitrazepam,160601ATB,"노인에서의 장기지속형 벤조다이아제핀 사용은 인지기능 저하, 섬망, 낙상, 골절 및 교통사고의 위험으로 사용을 추천하지 않으며, 단시간 작용 벤조다이아제핀 사용을 추천함",환인제약(주),,,라제팜정(플루니트라제팜)_(1mg/1정),657200130,,
,,20210248,2021-07-15,급여,,,aripiprazole,451503ATB,"항정신병약으로 치료받는 환자에서 잠재적으로 비가역적, 비자발적인, 이상운동 증후군이 발생할 수 있으며, 이 증후군은 고령자, 특히 여성 고령자에서 가장 많이 발생함. 비정형 정신병치료제를 복용하는 치매성 노인 정신질환 환자의 사망 위험성은 위약과 비교 시 증가. 이 약을 투여한 환자(평균연령:84세, 범위:78~88세)에서 사망례를 포함한 뇌혈관계 이상반응(예:뇌졸중, 일과성허혈발작)의 증가.",한림제약(주),,,한림아리피프라졸정5밀리그램_(5mg/1정),645305420,,
,,20210248,2021-07-15,급여,,,aripiprazole,451503ATB,"항정신병약으로 치료받는 환자에서 잠재적으로 비가역적, 비자발적인, 이상운동 증후군이 발생할 수 있으며, 이 증후군은 고령자, 특히 여성 고령자에서 가장 많이 발생함. 비정형 정신병치료제를 복용하는 치매성 노인 정신질환 환자의 사망 위험성은 위약과 비교 시 증가. 이 약을 투여한 환자(평균연령:84세, 범위:78~88세)에서 사망례를 포함한 뇌혈관계 이상반응(예:뇌졸중, 일과성허혈발작)의 증가.",환인제약(주),,,아리피졸정5밀리그램(아리피프라졸)_(5mg/1정),657202400,,
,,20210248,2021-07-15,급여,,,aripiprazole,451503ATB,"항정신병약으로 치료받는 환자에서 잠재적으로 비가역적, 비자발적인, 이상운동 증후군이 발생할 수 있으며, 이 증후군은 고령자, 특히 여성 고령자에서 가장 많이 발생함. 비정형 정신병치료제를 복용하는 치매성 노인 정신질환 환자의 사망 위험성은 위약과 비교 시 증가. 이 약을 투여한 환자(평균연령:84세, 범위:78~88세)에서 사망례를 포함한 뇌혈관계 이상반응(예:뇌졸중, 일과성허혈발작)의 증가.",명인제약(주),,,레피졸정5밀리그램(아리피프라졸)_(5mg/1정),651903570,,
,,20210248,2021-07-15,급여,,,aripiprazole,451503ATB,"항정신병약으로 치료받는 환자에서 잠재적으로 비가역적, 비자발적인, 이상운동 증후군이 발생할 수 있으며, 이 증후군은 고령자, 특히 여성 고령자에서 가장 많이 발생함. 비정형 정신병치료제를 복용하는 치매성 노인 정신질환 환자의 사망 위험성은 위약과 비교 시 증가. 이 약을 투여한 환자(평균연령:84세, 범위:78~88세)에서 사망례를 포함한 뇌혈관계 이상반응(예:뇌졸중, 일과성허혈발작)의 증가.",영진약품(주),,,아리피진정5밀리그램(아리피프라졸)_(5mg/1정),642404240,,
,,20210248,2021-07-15,급여,,,aripiprazole,451503ATB,"항정신병약으로 치료받는 환자에서 잠재적으로 비가역적, 비자발적인, 이상운동 증후군이 발생할 수 있으며, 이 증후군은 고령자, 특히 여성 고령자에서 가장 많이 발생함. 비정형 정신병치료제를 복용하는 치매성 노인 정신질환 환자의 사망 위험성은 위약과 비교 시 증가. 이 약을 투여한 환자(평균연령:84세, 범위:78~88세)에서 사망례를 포함한 뇌혈관계 이상반응(예:뇌졸중, 일과성허혈발작)의 증가.",(주)한국파마,,,아라빌정5밀리그램(아리피프라졸)_(5mg/1정),653005450,,
,,20210248,2021-07-15,급여,,,aripiprazole,451503ATB,"항정신병약으로 치료받는 환자에서 잠재적으로 비가역적, 비자발적인, 이상운동 증후군이 발생할 수 있으며, 이 증후군은 고령자, 특히 여성 고령자에서 가장 많이 발생함. 비정형 정신병치료제를 복용하는 치매성 노인 정신질환 환자의 사망 위험성은 위약과 비교 시 증가. 이 약을 투여한 환자(평균연령:84세, 범위:78~88세)에서 사망례를 포함한 뇌혈관계 이상반응(예:뇌졸중, 일과성허혈발작)의 증가.",동화약품(주),,,아리피코정5밀리그램(아리피프라졸(미분화))_(5mg/1정),642707370,,
,,20210248,2021-07-15,급여,,,aripiprazole,451503ATB,"항정신병약으로 치료받는 환자에서 잠재적으로 비가역적, 비자발적인, 이상운동 증후군이 발생할 수 있으며, 이 증후군은 고령자, 특히 여성 고령자에서 가장 많이 발생함. 비정형 정신병치료제를 복용하는 치매성 노인 정신질환 환자의 사망 위험성은 위약과 비교 시 증가. 이 약을 투여한 환자(평균연령:84세, 범위:78~88세)에서 사망례를 포함한 뇌혈관계 이상반응(예:뇌졸중, 일과성허혈발작)의 증가.",현대약품(주),,,아빌라핀정5밀리그램(아리피프라졸)_(5mg/1정),642002720,,
,,20210248,2021-07-15,급여,,,aripiprazole,451503ATB,"항정신병약으로 치료받는 환자에서 잠재적으로 비가역적, 비자발적인, 이상운동 증후군이 발생할 수 있으며, 이 증후군은 고령자, 특히 여성 고령자에서 가장 많이 발생함. 비정형 정신병치료제를 복용하는 치매성 노인 정신질환 환자의 사망 위험성은 위약과 비교 시 증가. 이 약을 투여한 환자(평균연령:84세, 범위:78~88세)에서 사망례를 포함한 뇌혈관계 이상반응(예:뇌졸중, 일과성허혈발작)의 증가.",한국오츠카제약(주),,,아빌리파이정5밀리그램(아리피프라졸)_(5mg/1정),649900110,,
,,20210248,2021-07-15,급여,,,aripiprazole,451503ATB,"항정신병약으로 치료받는 환자에서 잠재적으로 비가역적, 비자발적인, 이상운동 증후군이 발생할 수 있으며, 이 증후군은 고령자, 특히 여성 고령자에서 가장 많이 발생함. 비정형 정신병치료제를 복용하는 치매성 노인 정신질환 환자의 사망 위험성은 위약과 비교 시 증가. 이 약을 투여한 환자(평균연령:84세, 범위:78~88세)에서 사망례를 포함한 뇌혈관계 이상반응(예:뇌졸중, 일과성허혈발작)의 증가.",주식회사제뉴원사이언스,,,아리졸정5밀리그램(아리피프라졸(미분화))_(5mg/1정),671706750,,
,,20200423,2020-09-24,급여,,,oxybutynin chloride,207001ATB,항콜린성 작용이 있는 약제와의 병용으로 인해 항콜린 부작용이 증가하므로 동시 사용을 추천하지 않음,동화약품(주),,,동화디트로판정(옥시부티닌염산염)_(5mg/1정),642700300,,
,,20210248,2021-07-15,급여,,,risperidone,224203ATB,"비정형 항정신병약을 투여받은 노인 치매 환자의 사망률이 위약에 비해 증가. 노인 치매 환자에 대한 위약 대조 시험에서 사망을 포함한 뇌혈관 약물이상반응(뇌졸중, 일과성 허혈발작 등)이 높은 빈도로 나타남.",(주)한국얀센,,,리스페달정3밀리그램(리스페리돈)_(3mg/1정),646902460,,
,,20210248,2021-07-15,급여,,,risperidone,224203ATB,"비정형 항정신병약을 투여받은 노인 치매 환자의 사망률이 위약에 비해 증가. 노인 치매 환자에 대한 위약 대조 시험에서 사망을 포함한 뇌혈관 약물이상반응(뇌졸중, 일과성 허혈발작 등)이 높은 빈도로 나타남.",(주)제뉴파마,,,리페넥스정3밀리그램(리스페리돈)_(3mg/1정),698004540,,
,,20210248,2021-07-15,급여,,,risperidone,224203ATB,"비정형 항정신병약을 투여받은 노인 치매 환자의 사망률이 위약에 비해 증가. 노인 치매 환자에 대한 위약 대조 시험에서 사망을 포함한 뇌혈관 약물이상반응(뇌졸중, 일과성 허혈발작 등)이 높은 빈도로 나타남.",한림제약(주),,,리스달정3밀리그램(리스페리돈)_(3mg/1정),645305660,,
,,20210248,2021-07-15,급여,,,risperidone,224203ATB,"비정형 항정신병약을 투여받은 노인 치매 환자의 사망률이 위약에 비해 증가. 노인 치매 환자에 대한 위약 대조 시험에서 사망을 포함한 뇌혈관 약물이상반응(뇌졸중, 일과성 허혈발작 등)이 높은 빈도로 나타남.",파마사이언스코리아(주),,,피엠에스리스페리돈정3밀리그램(리스페리돈)_(3mg/1정),627600040,,
,,20210248,2021-07-15,급여,,,risperidone,224203ATB,"비정형 항정신병약을 투여받은 노인 치매 환자의 사망률이 위약에 비해 증가. 노인 치매 환자에 대한 위약 대조 시험에서 사망을 포함한 뇌혈관 약물이상반응(뇌졸중, 일과성 허혈발작 등)이 높은 빈도로 나타남.",명인제약(주),,,리스펜정3밀리그람(리스페리돈)_(3mg/1정),651900400,,
,,20210248,2021-07-15,급여,,,risperidone,224203ATB,"비정형 항정신병약을 투여받은 노인 치매 환자의 사망률이 위약에 비해 증가. 노인 치매 환자에 대한 위약 대조 시험에서 사망을 포함한 뇌혈관 약물이상반응(뇌졸중, 일과성 허혈발작 등)이 높은 빈도로 나타남.",환인제약(주),,,리페리돈정3밀리그램(리스페리돈)_(3mg/1정),657200250,,
,,20210248,2021-07-15,급여,,,risperidone,224203ATB,"비정형 항정신병약을 투여받은 노인 치매 환자의 사망률이 위약에 비해 증가. 노인 치매 환자에 대한 위약 대조 시험에서 사망을 포함한 뇌혈관 약물이상반응(뇌졸중, 일과성 허혈발작 등)이 높은 빈도로 나타남.",(주)한국파마,,,리스돈정3밀리그램(리스페리돈)_(3mg/1정),653004990,,
,,20210248,2021-07-15,급여,,,olanzapine,204001ATB,"치매와 연관된 정신병과/또는 행동장애를 가진 노인 환자를 대상으로 한 위약 대조 임상시험 결과, 사망률과 뇌혈관 장애의 위험성 증가. 동일한 임상시험들에서 사망례를 포함한 뇌혈관 이상반응(예. 뇌졸중, 일시적인 허혈성 발작)이 보고됨. 항정신병약물을 장기간 사용하였을 때 지연운동이상증의 위험성은 증가하였으며 이러한 증후군의 발생율은 여성 고령자에게서 가장 높음.",삼일제약(주),,,산도스올란자핀정10밀리그램_(10mg/1정),643904000,,
,,20210248,2021-07-15,급여,,,olanzapine,204001ATB,"치매와 연관된 정신병과/또는 행동장애를 가진 노인 환자를 대상으로 한 위약 대조 임상시험 결과, 사망률과 뇌혈관 장애의 위험성 증가. 동일한 임상시험들에서 사망례를 포함한 뇌혈관 이상반응(예. 뇌졸중, 일시적인 허혈성 발작)이 보고됨. 항정신병약물을 장기간 사용하였을 때 지연운동이상증의 위험성은 증가하였으며 이러한 증후군의 발생율은 여성 고령자에게서 가장 높음.",명인제약(주),,,뉴로자핀정10밀리그램(올란자핀)_(10mg/1정),651903280,,
,,20210248,2021-07-15,급여,,,olanzapine,204001ATB,"치매와 연관된 정신병과/또는 행동장애를 가진 노인 환자를 대상으로 한 위약 대조 임상시험 결과, 사망률과 뇌혈관 장애의 위험성 증가. 동일한 임상시험들에서 사망례를 포함한 뇌혈관 이상반응(예. 뇌졸중, 일시적인 허혈성 발작)이 보고됨. 항정신병약물을 장기간 사용하였을 때 지연운동이상증의 위험성은 증가하였으며 이러한 증후군의 발생율은 여성 고령자에게서 가장 높음.",(주)한국파마,,,올자펙스정10밀리그램(올란자핀)_(10mg/1정),653005550,,
,,20210248,2021-07-15,급여,,,olanzapine,204001ATB,"치매와 연관된 정신병과/또는 행동장애를 가진 노인 환자를 대상으로 한 위약 대조 임상시험 결과, 사망률과 뇌혈관 장애의 위험성 증가. 동일한 임상시험들에서 사망례를 포함한 뇌혈관 이상반응(예. 뇌졸중, 일시적인 허혈성 발작)이 보고됨. 항정신병약물을 장기간 사용하였을 때 지연운동이상증의 위험성은 증가하였으며 이러한 증후군의 발생율은 여성 고령자에게서 가장 높음.",환인제약(주),,,자이레핀정10밀리그램(올란자핀)_(10mg/1정),657202160,,
,,20210248,2021-07-15,급여,,,olanzapine,204001ATB,"치매와 연관된 정신병과/또는 행동장애를 가진 노인 환자를 대상으로 한 위약 대조 임상시험 결과, 사망률과 뇌혈관 장애의 위험성 증가. 동일한 임상시험들에서 사망례를 포함한 뇌혈관 이상반응(예. 뇌졸중, 일시적인 허혈성 발작)이 보고됨. 항정신병약물을 장기간 사용하였을 때 지연운동이상증의 위험성은 증가하였으며 이러한 증후군의 발생율은 여성 고령자에게서 가장 높음.",(주)한독테바,,,테바올란자핀정10밀리그램_(10mg/1정),626900640,,
,,20210248,2021-07-15,급여,,,olanzapine,204001ATB,"치매와 연관된 정신병과/또는 행동장애를 가진 노인 환자를 대상으로 한 위약 대조 임상시험 결과, 사망률과 뇌혈관 장애의 위험성 증가. 동일한 임상시험들에서 사망례를 포함한 뇌혈관 이상반응(예. 뇌졸중, 일시적인 허혈성 발작)이 보고됨. 항정신병약물을 장기간 사용하였을 때 지연운동이상증의 위험성은 증가하였으며 이러한 증후군의 발생율은 여성 고령자에게서 가장 높음.",한림제약(주),,,자이자핀정10mg(올란자핀)_(10mg/1정),645304970,,
,,20210248,2021-07-15,급여,,,olanzapine,204001ATB,"치매와 연관된 정신병과/또는 행동장애를 가진 노인 환자를 대상으로 한 위약 대조 임상시험 결과, 사망률과 뇌혈관 장애의 위험성 증가. 동일한 임상시험들에서 사망례를 포함한 뇌혈관 이상반응(예. 뇌졸중, 일시적인 허혈성 발작)이 보고됨. 항정신병약물을 장기간 사용하였을 때 지연운동이상증의 위험성은 증가하였으며 이러한 증후군의 발생율은 여성 고령자에게서 가장 높음.",현대약품(주),,,올라핀정10밀리그램(올란자핀)_(10mg/1정),642002520,,
,,20210248,2021-07-15,급여,,,olanzapine,204001ATB,"치매와 연관된 정신병과/또는 행동장애를 가진 노인 환자를 대상으로 한 위약 대조 임상시험 결과, 사망률과 뇌혈관 장애의 위험성 증가. 동일한 임상시험들에서 사망례를 포함한 뇌혈관 이상반응(예. 뇌졸중, 일시적인 허혈성 발작)이 보고됨. 항정신병약물을 장기간 사용하였을 때 지연운동이상증의 위험성은 증가하였으며 이러한 증후군의 발생율은 여성 고령자에게서 가장 높음.",동화약품(주),,,올자핀정10밀리그램(올란자핀)_(10mg/1정),642705690,,
,,20210248,2021-07-15,급여,,,olanzapine,204001ATB,"치매와 연관된 정신병과/또는 행동장애를 가진 노인 환자를 대상으로 한 위약 대조 임상시험 결과, 사망률과 뇌혈관 장애의 위험성 증가. 동일한 임상시험들에서 사망례를 포함한 뇌혈관 이상반응(예. 뇌졸중, 일시적인 허혈성 발작)이 보고됨. 항정신병약물을 장기간 사용하였을 때 지연운동이상증의 위험성은 증가하였으며 이러한 증후군의 발생율은 여성 고령자에게서 가장 높음.",영진약품(주),,,영진올란자핀정10밀리그램_(10mg/1정),642405060,,
,,20210248,2021-07-15,급여,,,olanzapine,204001ATB,"치매와 연관된 정신병과/또는 행동장애를 가진 노인 환자를 대상으로 한 위약 대조 임상시험 결과, 사망률과 뇌혈관 장애의 위험성 증가. 동일한 임상시험들에서 사망례를 포함한 뇌혈관 이상반응(예. 뇌졸중, 일시적인 허혈성 발작)이 보고됨. 항정신병약물을 장기간 사용하였을 때 지연운동이상증의 위험성은 증가하였으며 이러한 증후군의 발생율은 여성 고령자에게서 가장 높음.",에이치케이이노엔(주),,,에이프렉사정10밀리그램(올란자핀)_(10mg/1정),640005830,,
,,20210248,2021-07-15,급여,,,olanzapine,204001ATB,"치매와 연관된 정신병과/또는 행동장애를 가진 노인 환자를 대상으로 한 위약 대조 임상시험 결과, 사망률과 뇌혈관 장애의 위험성 증가. 동일한 임상시험들에서 사망례를 포함한 뇌혈관 이상반응(예. 뇌졸중, 일시적인 허혈성 발작)이 보고됨. 항정신병약물을 장기간 사용하였을 때 지연운동이상증의 위험성은 증가하였으며 이러한 증후군의 발생율은 여성 고령자에게서 가장 높음.",(주)제뉴파마,,,피엠에스올란자핀정10밀리그램(올란자핀)_(10mg/1정),698003780,,
,,20210248,2021-07-15,급여,,,olanzapine,204001ATB,"치매와 연관된 정신병과/또는 행동장애를 가진 노인 환자를 대상으로 한 위약 대조 임상시험 결과, 사망률과 뇌혈관 장애의 위험성 증가. 동일한 임상시험들에서 사망례를 포함한 뇌혈관 이상반응(예. 뇌졸중, 일시적인 허혈성 발작)이 보고됨. 항정신병약물을 장기간 사용하였을 때 지연운동이상증의 위험성은 증가하였으며 이러한 증후군의 발생율은 여성 고령자에게서 가장 높음.",(주)보령,,,자이프렉사정10밀리그램(올란자핀)_(10mg/1정),641908410,,
,,20210248,2021-07-15,급여,,,olanzapine,204004ATB,"치매와 연관된 정신병과/또는 행동장애를 가진 노인 환자를 대상으로 한 위약 대조 임상시험 결과, 사망률과 뇌혈관 장애의 위험성 증가. 동일한 임상시험들에서 사망례를 포함한 뇌혈관 이상반응(예. 뇌졸중, 일시적인 허혈성 발작)이 보고됨. 항정신병약물을 장기간 사용하였을 때 지연운동이상증의 위험성은 증가하였으며 이러한 증후군의 발생율은 여성 고령자에게서 가장 높음.",삼일제약(주),,,산도스올란자핀정2.5밀리그램_(2.5mg/1정),643904020,,
,,20210248,2021-07-15,급여,,,olanzapine,204004ATB,"치매와 연관된 정신병과/또는 행동장애를 가진 노인 환자를 대상으로 한 위약 대조 임상시험 결과, 사망률과 뇌혈관 장애의 위험성 증가. 동일한 임상시험들에서 사망례를 포함한 뇌혈관 이상반응(예. 뇌졸중, 일시적인 허혈성 발작)이 보고됨. 항정신병약물을 장기간 사용하였을 때 지연운동이상증의 위험성은 증가하였으며 이러한 증후군의 발생율은 여성 고령자에게서 가장 높음.",한림제약(주),,,자이자핀정2.5밀리그램(올란자핀)_(2.5mg/1정),645307110,,
,,20210248,2021-07-15,급여,,,olanzapine,204004ATB,"치매와 연관된 정신병과/또는 행동장애를 가진 노인 환자를 대상으로 한 위약 대조 임상시험 결과, 사망률과 뇌혈관 장애의 위험성 증가. 동일한 임상시험들에서 사망례를 포함한 뇌혈관 이상반응(예. 뇌졸중, 일시적인 허혈성 발작)이 보고됨. 항정신병약물을 장기간 사용하였을 때 지연운동이상증의 위험성은 증가하였으며 이러한 증후군의 발생율은 여성 고령자에게서 가장 높음.",(주)한독테바,,,테바올란자핀정2.5밀리그램_(2.5mg/1정),626900630,,
,,20210248,2021-07-15,급여,,,olanzapine,204004ATB,"치매와 연관된 정신병과/또는 행동장애를 가진 노인 환자를 대상으로 한 위약 대조 임상시험 결과, 사망률과 뇌혈관 장애의 위험성 증가. 동일한 임상시험들에서 사망례를 포함한 뇌혈관 이상반응(예. 뇌졸중, 일시적인 허혈성 발작)이 보고됨. 항정신병약물을 장기간 사용하였을 때 지연운동이상증의 위험성은 증가하였으며 이러한 증후군의 발생율은 여성 고령자에게서 가장 높음.",동화약품(주),,,올자핀정2.5밀리그램(올란자핀)_(2.5mg/1정),642705710,,
,,20210248,2021-07-15,급여,,,olanzapine,204004ATB,"치매와 연관된 정신병과/또는 행동장애를 가진 노인 환자를 대상으로 한 위약 대조 임상시험 결과, 사망률과 뇌혈관 장애의 위험성 증가. 동일한 임상시험들에서 사망례를 포함한 뇌혈관 이상반응(예. 뇌졸중, 일시적인 허혈성 발작)이 보고됨. 항정신병약물을 장기간 사용하였을 때 지연운동이상증의 위험성은 증가하였으며 이러한 증후군의 발생율은 여성 고령자에게서 가장 높음.",명인제약(주),,,뉴로자핀정2.5밀리그램(올란자핀)_(2.5mg/1정),651903290,,
,,20210248,2021-07-15,급여,,,olanzapine,204004ATB,"치매와 연관된 정신병과/또는 행동장애를 가진 노인 환자를 대상으로 한 위약 대조 임상시험 결과, 사망률과 뇌혈관 장애의 위험성 증가. 동일한 임상시험들에서 사망례를 포함한 뇌혈관 이상반응(예. 뇌졸중, 일시적인 허혈성 발작)이 보고됨. 항정신병약물을 장기간 사용하였을 때 지연운동이상증의 위험성은 증가하였으며 이러한 증후군의 발생율은 여성 고령자에게서 가장 높음.",환인제약(주),,,자이레핀정2.5밀리그램(올란자핀)_(2.5mg/1정),657202200,,
,,20210248,2021-07-15,급여,,,olanzapine,204004ATB,"치매와 연관된 정신병과/또는 행동장애를 가진 노인 환자를 대상으로 한 위약 대조 임상시험 결과, 사망률과 뇌혈관 장애의 위험성 증가. 동일한 임상시험들에서 사망례를 포함한 뇌혈관 이상반응(예. 뇌졸중, 일시적인 허혈성 발작)이 보고됨. 항정신병약물을 장기간 사용하였을 때 지연운동이상증의 위험성은 증가하였으며 이러한 증후군의 발생율은 여성 고령자에게서 가장 높음.",에이치케이이노엔(주),,,에이프렉사정2.5밀리그램(올란자핀)_(2.5mg/1정),640005870,,
,,20210248,2021-07-15,급여,,,olanzapine,204004ATB,"치매와 연관된 정신병과/또는 행동장애를 가진 노인 환자를 대상으로 한 위약 대조 임상시험 결과, 사망률과 뇌혈관 장애의 위험성 증가. 동일한 임상시험들에서 사망례를 포함한 뇌혈관 이상반응(예. 뇌졸중, 일시적인 허혈성 발작)이 보고됨. 항정신병약물을 장기간 사용하였을 때 지연운동이상증의 위험성은 증가하였으며 이러한 증후군의 발생율은 여성 고령자에게서 가장 높음.",(주)제뉴파마,,,피엠에스올란자핀정2.5밀리그램(올란자핀)_(2.5mg/1정),698003790,,
,,20210248,2021-07-15,급여,,,olanzapine,204004ATB,"치매와 연관된 정신병과/또는 행동장애를 가진 노인 환자를 대상으로 한 위약 대조 임상시험 결과, 사망률과 뇌혈관 장애의 위험성 증가. 동일한 임상시험들에서 사망례를 포함한 뇌혈관 이상반응(예. 뇌졸중, 일시적인 허혈성 발작)이 보고됨. 항정신병약물을 장기간 사용하였을 때 지연운동이상증의 위험성은 증가하였으며 이러한 증후군의 발생율은 여성 고령자에게서 가장 높음.",(주)보령,,,자이프렉사정2.5밀리그램(올란자핀)_(2.5mg/1정),641908400,,
,,20180371,2018-08-31,급여,,,haloperidol,167904ATB,"노인에서의 정형 항정신병약물 사용은 추체외로 증상, 항콜린성 부작용 등이 나타나기 쉬우므로 사용을 추천하지 않으며, 비정형 항정신병약물 사용을 추천함",명인제약(주),,,명인할로페리돌정10밀리그램(수출명:로펠-엠정(할로페리돌))_(10mg/1정),651900980,,
,,20180371,2018-08-31,급여,,,haloperidol,167904ATB,"노인에서의 정형 항정신병약물 사용은 추체외로 증상, 항콜린성 부작용 등이 나타나기 쉬우므로 사용을 추천하지 않으며, 비정형 항정신병약물 사용을 추천함",환인제약(주),,,페리돌정10밀리그램(할로페리돌)_(10mg/1정),657200900,,
,,20180371,2018-08-31,급여,,,haloperidol,167908ATB,"노인에서의 정형 항정신병약물 사용은 추체외로 증상, 항콜린성 부작용 등이 나타나기 쉬우므로 사용을 추천하지 않으며, 비정형 항정신병약물 사용을 추천함",명인제약(주),,,명인할로페리돌정5밀리그램_(5mg/1정),651901010,,
,,20180371,2018-08-31,급여,,,haloperidol,167908ATB,"노인에서의 정형 항정신병약물 사용은 추체외로 증상, 항콜린성 부작용 등이 나타나기 쉬우므로 사용을 추천하지 않으며, 비정형 항정신병약물 사용을 추천함",환인제약(주),,,페리돌정5밀리그램(할로페리돌)_(5mg/1정),657200890,,
,,20200423,2020-09-24,급여,,,fesoterodine fumarate,503801ATR,항콜린성 작용이 있는 약제와의 병용으로 인해 항콜린 부작용이 증가하므로 동시 사용을 추천하지 않음,한국화이자제약(주),,,토비애즈서방정4밀리그람(페소테로딘푸마르산염)_(4mg/1정),648901320,,
,,20170079,2017-02-16,급여,,,diazepam,142902ATB,"노인에서의 장기지속형 벤조다이아제핀 사용은 인지기능 저하, 섬망, 낙상, 골절 및 교통사고의 위험으로 사용을 추천하지 않으며, 단시간 작용 벤조다이아제핀 사용을 추천함",명인제약(주),,,명인디아제팜정2밀리그람_(2mg/1정),651900530,,
,,20170079,2017-02-16,급여,,,diazepam,142902ATB,"노인에서의 장기지속형 벤조다이아제핀 사용은 인지기능 저하, 섬망, 낙상, 골절 및 교통사고의 위험으로 사용을 추천하지 않으며, 단시간 작용 벤조다이아제핀 사용을 추천함",대원제약(주),,,대원디아제팜정2밀리그램(수출명:디아잠정2밀리그램)(수출명2:트레즈콘정2밀리그램)_(2mg/1정),671800270,,
,,20170079,2017-02-16,급여,,,diazepam,142902ATB,"노인에서의 장기지속형 벤조다이아제핀 사용은 인지기능 저하, 섬망, 낙상, 골절 및 교통사고의 위험으로 사용을 추천하지 않으며, 단시간 작용 벤조다이아제핀 사용을 추천함",삼진제약(주),,,삼진디아제팜정2밀리그람_(2mg/1정),647800740,,
,,20180371,2018-08-31,급여,,,perphenazine,211401ATB,"노인에서의 정형 항정신병약물 사용은 추체외로 증상, 항콜린성 부작용 등이 나타나기 쉬우므로 사용을 추천하지 않으며, 비정형 항정신병약물 사용을 추천함",명인제약(주),,,명인페르페나진정4밀리그램_(4mg/1정),651900920,,
,,20180371,2018-08-31,급여,,,pimozide,212402ATB,"노인에서의 정형 항정신병약물 사용은 추체외로 증상, 항콜린성 부작용 등이 나타나기 쉬우므로 사용을 추천하지 않으며, 비정형 항정신병약물 사용을 추천함",명인제약(주),,,명인피모짓4밀리그람정_(4mg/1정),651900940,,
,,20200423,2020-09-24,급여,,,dimenhydrinate,145901ATB,"항콜린 부작용(인지기능 저하, 섬망 악화, 구갈, 배뇨곤란, 변비 등)이 나타나기 쉬우므로 노인에서의 사용을 추천하지 않음. 항콜린성 작용이 있는 약제와의 병용으로 인해 항콜린 부작용이 증가하므로 동시 사용을 추천하지 않음",일양약품(주),,,보나링에이정(디멘히드리네이트)_(50mg/1정),641700560,,
,,20180371,2018-08-31,급여,,,haloperidol,167905ATB,"노인에서의 정형 항정신병약물 사용은 추체외로 증상, 항콜린성 부작용 등이 나타나기 쉬우므로 사용을 추천하지 않으며, 비정형 항정신병약물 사용을 추천함",명인제약(주),,,명인할로페리돌정20밀리그람_(20mg/1정),651900990,,
,,20180371,2018-08-31,급여,,,haloperidol,167905ATB,"노인에서의 정형 항정신병약물 사용은 추체외로 증상, 항콜린성 부작용 등이 나타나기 쉬우므로 사용을 추천하지 않으며, 비정형 항정신병약물 사용을 추천함",환인제약(주),,,페리돌정20밀리그램(할로페리돌)_(20mg/1정),657200910,,
,,20210248,2021-07-15,급여,,,olanzapine,204005ATB,"치매와 연관된 정신병과/또는 행동장애를 가진 노인 환자를 대상으로 한 위약 대조 임상시험 결과, 사망률과 뇌혈관 장애의 위험성 증가. 동일한 임상시험들에서 사망례를 포함한 뇌혈관 이상반응(예. 뇌졸중, 일시적인 허혈성 발작)이 보고됨. 항정신병약물을 장기간 사용하였을 때 지연운동이상증의 위험성은 증가하였으며 이러한 증후군의 발생율은 여성 고령자에게서 가장 높음.",(주)한독테바,,,테바올란자핀정15밀리그램_(15mg/1정),626900690,,
,,20155515,2015-09-18,급여,,,ethyl loflazepate,156201ATB,"노인에서의 장기지속형 벤조다이아제핀 사용은 인지기능 저하, 섬망, 낙상, 골절 및 교통사고의 위험으로 사용을 추천하지 않으며, 단시간 작용 벤조다이아제핀 사용을 추천함",현대약품(주),,,빅손정1밀리그람(에칠로플라제페이트)_(1mg/1정),642000510,,
,,20180371,2018-08-31,급여,,,haloperidol,167903ATB,"노인에서의 정형 항정신병약물 사용은 추체외로 증상, 항콜린성 부작용 등이 나타나기 쉬우므로 사용을 추천하지 않으며, 비정형 항정신병약물 사용을 추천함",명인제약(주),,,명인할로페리돌정1.5밀리그람_(1.5mg/1정),651900970,,
,,20180371,2018-08-31,급여,,,haloperidol,167903ATB,"노인에서의 정형 항정신병약물 사용은 추체외로 증상, 항콜린성 부작용 등이 나타나기 쉬우므로 사용을 추천하지 않으며, 비정형 항정신병약물 사용을 추천함",환인제약(주),,,페리돌정1.5밀리그램(할로페리돌)_(1.5mg/1정),657200870,,
,,20180371,2018-08-31,급여,,,haloperidol,167906ATB,"노인에서의 정형 항정신병약물 사용은 추체외로 증상, 항콜린성 부작용 등이 나타나기 쉬우므로 사용을 추천하지 않으며, 비정형 항정신병약물 사용을 추천함",환인제약(주),,,페리돌정3밀리그램(할로페리돌)_(3mg/1정),657200880,,
,,20180371,2018-08-31,급여,,,haloperidol,167906ATB,"노인에서의 정형 항정신병약물 사용은 추체외로 증상, 항콜린성 부작용 등이 나타나기 쉬우므로 사용을 추천하지 않으며, 비정형 항정신병약물 사용을 추천함",명인제약(주),,,명인할로페리돌정3밀리그램_(3mg/1정),651901000,,
,,20210248,2021-07-15,급여,,,aripiprazole,451504ATB,"항정신병약으로 치료받는 환자에서 잠재적으로 비가역적, 비자발적인, 이상운동 증후군이 발생할 수 있으며, 이 증후군은 고령자, 특히 여성 고령자에서 가장 많이 발생함. 비정형 정신병치료제를 복용하는 치매성 노인 정신질환 환자의 사망 위험성은 위약과 비교 시 증가. 이 약을 투여한 환자(평균연령:84세, 범위:78~88세)에서 사망례를 포함한 뇌혈관계 이상반응(예:뇌졸중, 일과성허혈발작)의 증가.",환인제약(주),,,아리피졸정2밀리그램(아리피프라졸)_(2mg/1정),657202800,,
,,20210248,2021-07-15,급여,,,aripiprazole,451504ATB,"항정신병약으로 치료받는 환자에서 잠재적으로 비가역적, 비자발적인, 이상운동 증후군이 발생할 수 있으며, 이 증후군은 고령자, 특히 여성 고령자에서 가장 많이 발생함. 비정형 정신병치료제를 복용하는 치매성 노인 정신질환 환자의 사망 위험성은 위약과 비교 시 증가. 이 약을 투여한 환자(평균연령:84세, 범위:78~88세)에서 사망례를 포함한 뇌혈관계 이상반응(예:뇌졸중, 일과성허혈발작)의 증가.",명인제약(주),,,레피졸정2밀리그램(아리피프라졸)_(2mg/1정),651905230,,
,,20210248,2021-07-15,급여,,,aripiprazole,451504ATB,"항정신병약으로 치료받는 환자에서 잠재적으로 비가역적, 비자발적인, 이상운동 증후군이 발생할 수 있으며, 이 증후군은 고령자, 특히 여성 고령자에서 가장 많이 발생함. 비정형 정신병치료제를 복용하는 치매성 노인 정신질환 환자의 사망 위험성은 위약과 비교 시 증가. 이 약을 투여한 환자(평균연령:84세, 범위:78~88세)에서 사망례를 포함한 뇌혈관계 이상반응(예:뇌졸중, 일과성허혈발작)의 증가.",(주)한국파마,,,아라빌정2밀리그램(아리피프라졸(미분화))_(2mg/1정),653006790,,
,,20210248,2021-07-15,급여,,,aripiprazole,451504ATB,"항정신병약으로 치료받는 환자에서 잠재적으로 비가역적, 비자발적인, 이상운동 증후군이 발생할 수 있으며, 이 증후군은 고령자, 특히 여성 고령자에서 가장 많이 발생함. 비정형 정신병치료제를 복용하는 치매성 노인 정신질환 환자의 사망 위험성은 위약과 비교 시 증가. 이 약을 투여한 환자(평균연령:84세, 범위:78~88세)에서 사망례를 포함한 뇌혈관계 이상반응(예:뇌졸중, 일과성허혈발작)의 증가.",영진약품(주),,,아리피진정2밀리그램(아리피프라졸(미분화))_(2mg/1정),642405090,,
,,20210248,2021-07-15,급여,,,aripiprazole,451504ATB,"항정신병약으로 치료받는 환자에서 잠재적으로 비가역적, 비자발적인, 이상운동 증후군이 발생할 수 있으며, 이 증후군은 고령자, 특히 여성 고령자에서 가장 많이 발생함. 비정형 정신병치료제를 복용하는 치매성 노인 정신질환 환자의 사망 위험성은 위약과 비교 시 증가. 이 약을 투여한 환자(평균연령:84세, 범위:78~88세)에서 사망례를 포함한 뇌혈관계 이상반응(예:뇌졸중, 일과성허혈발작)의 증가.",한국오츠카제약(주),,,아빌리파이정2밀리그램(아리피프라졸)_(2mg/1정),649900250,,
,,20210248,2021-07-15,급여,,,aripiprazole,451504ATB,"항정신병약으로 치료받는 환자에서 잠재적으로 비가역적, 비자발적인, 이상운동 증후군이 발생할 수 있으며, 이 증후군은 고령자, 특히 여성 고령자에서 가장 많이 발생함. 비정형 정신병치료제를 복용하는 치매성 노인 정신질환 환자의 사망 위험성은 위약과 비교 시 증가. 이 약을 투여한 환자(평균연령:84세, 범위:78~88세)에서 사망례를 포함한 뇌혈관계 이상반응(예:뇌졸중, 일과성허혈발작)의 증가.",현대약품(주),,,아빌라핀정2밀리그램(아리피프라졸)_(2mg/1정),642005180,,
,,20170079,2017-02-16,급여,,,diazepam,142901ATB,"노인에서의 장기지속형 벤조다이아제핀 사용은 인지기능 저하, 섬망, 낙상, 골절 및 교통사고의 위험으로 사용을 추천하지 않으며, 단시간 작용 벤조다이아제핀 사용을 추천함",명인제약(주),,,명인디아제팜정10밀리그람_(10mg/1정),651900520,,
,,20170079,2017-02-16,급여,,,diazepam,142903ATB,"노인에서의 장기지속형 벤조다이아제핀 사용은 인지기능 저하, 섬망, 낙상, 골절 및 교통사고의 위험으로 사용을 추천하지 않으며, 단시간 작용 벤조다이아제핀 사용을 추천함",지피테라퓨틱스코리아주식회사,,,바리움정5밀리그람(디아제팜)_(5mg/1정),57200130,,
,,20170079,2017-02-16,급여,,,diazepam,142903ATB,"노인에서의 장기지속형 벤조다이아제핀 사용은 인지기능 저하, 섬망, 낙상, 골절 및 교통사고의 위험으로 사용을 추천하지 않으며, 단시간 작용 벤조다이아제핀 사용을 추천함",명인제약(주),,,명인디아제팜정5밀리그람_(5mg/1정),651900540,,
,,20170079,2017-02-16,급여,,,diazepam,142903ATB,"노인에서의 장기지속형 벤조다이아제핀 사용은 인지기능 저하, 섬망, 낙상, 골절 및 교통사고의 위험으로 사용을 추천하지 않으며, 단시간 작용 벤조다이아제핀 사용을 추천함",삼진제약(주),,,삼진디아제팜정5밀리그람_(5mg/1정),647800750,,
,,20210248,2021-07-15,급여,,,aripiprazole,451501ATB,"항정신병약으로 치료받는 환자에서 잠재적으로 비가역적, 비자발적인, 이상운동 증후군이 발생할 수 있으며, 이 증후군은 고령자, 특히 여성 고령자에서 가장 많이 발생함. 비정형 정신병치료제를 복용하는 치매성 노인 정신질환 환자의 사망 위험성은 위약과 비교 시 증가. 이 약을 투여한 환자(평균연령:84세, 범위:78~88세)에서 사망례를 포함한 뇌혈관계 이상반응(예:뇌졸중, 일과성허혈발작)의 증가.",한림제약(주),,,한림아리피프라졸정10밀리그램_(10mg/1정),645305410,,
,,20210248,2021-07-15,급여,,,aripiprazole,451501ATB,"항정신병약으로 치료받는 환자에서 잠재적으로 비가역적, 비자발적인, 이상운동 증후군이 발생할 수 있으며, 이 증후군은 고령자, 특히 여성 고령자에서 가장 많이 발생함. 비정형 정신병치료제를 복용하는 치매성 노인 정신질환 환자의 사망 위험성은 위약과 비교 시 증가. 이 약을 투여한 환자(평균연령:84세, 범위:78~88세)에서 사망례를 포함한 뇌혈관계 이상반응(예:뇌졸중, 일과성허혈발작)의 증가.",동화약품(주),,,아리피코정10밀리그램(아리피프라졸)_(10mg/1정),642706260,,
,,20210248,2021-07-15,급여,,,aripiprazole,451501ATB,"항정신병약으로 치료받는 환자에서 잠재적으로 비가역적, 비자발적인, 이상운동 증후군이 발생할 수 있으며, 이 증후군은 고령자, 특히 여성 고령자에서 가장 많이 발생함. 비정형 정신병치료제를 복용하는 치매성 노인 정신질환 환자의 사망 위험성은 위약과 비교 시 증가. 이 약을 투여한 환자(평균연령:84세, 범위:78~88세)에서 사망례를 포함한 뇌혈관계 이상반응(예:뇌졸중, 일과성허혈발작)의 증가.",환인제약(주),,,아리피졸정10밀리그램(아리피프라졸)_(10mg/1정),657202290,,
,,20210248,2021-07-15,급여,,,aripiprazole,451501ATB,"항정신병약으로 치료받는 환자에서 잠재적으로 비가역적, 비자발적인, 이상운동 증후군이 발생할 수 있으며, 이 증후군은 고령자, 특히 여성 고령자에서 가장 많이 발생함. 비정형 정신병치료제를 복용하는 치매성 노인 정신질환 환자의 사망 위험성은 위약과 비교 시 증가. 이 약을 투여한 환자(평균연령:84세, 범위:78~88세)에서 사망례를 포함한 뇌혈관계 이상반응(예:뇌졸중, 일과성허혈발작)의 증가.",명인제약(주),,,레피졸정10밀리그램(아리피프라졸)_(10mg/1정),651903560,,
,,20210248,2021-07-15,급여,,,aripiprazole,451501ATB,"항정신병약으로 치료받는 환자에서 잠재적으로 비가역적, 비자발적인, 이상운동 증후군이 발생할 수 있으며, 이 증후군은 고령자, 특히 여성 고령자에서 가장 많이 발생함. 비정형 정신병치료제를 복용하는 치매성 노인 정신질환 환자의 사망 위험성은 위약과 비교 시 증가. 이 약을 투여한 환자(평균연령:84세, 범위:78~88세)에서 사망례를 포함한 뇌혈관계 이상반응(예:뇌졸중, 일과성허혈발작)의 증가.",영진약품(주),,,아리피진정10밀리그램(아리피프라졸)_(10mg/1정),642403800,,
,,20210248,2021-07-15,급여,,,aripiprazole,451501ATB,"항정신병약으로 치료받는 환자에서 잠재적으로 비가역적, 비자발적인, 이상운동 증후군이 발생할 수 있으며, 이 증후군은 고령자, 특히 여성 고령자에서 가장 많이 발생함. 비정형 정신병치료제를 복용하는 치매성 노인 정신질환 환자의 사망 위험성은 위약과 비교 시 증가. 이 약을 투여한 환자(평균연령:84세, 범위:78~88세)에서 사망례를 포함한 뇌혈관계 이상반응(예:뇌졸중, 일과성허혈발작)의 증가.",(주)한국파마,,,아라빌정10밀리그램(아리피프라졸)_(10mg/1정),653005430,,
,,20210248,2021-07-15,급여,,,aripiprazole,451501ATB,"항정신병약으로 치료받는 환자에서 잠재적으로 비가역적, 비자발적인, 이상운동 증후군이 발생할 수 있으며, 이 증후군은 고령자, 특히 여성 고령자에서 가장 많이 발생함. 비정형 정신병치료제를 복용하는 치매성 노인 정신질환 환자의 사망 위험성은 위약과 비교 시 증가. 이 약을 투여한 환자(평균연령:84세, 범위:78~88세)에서 사망례를 포함한 뇌혈관계 이상반응(예:뇌졸중, 일과성허혈발작)의 증가.",현대약품(주),,,아빌라핀정10밀리그램(아리피프라졸)_(10mg/1정),642002700,,
,,20210248,2021-07-15,급여,,,aripiprazole,451501ATB,"항정신병약으로 치료받는 환자에서 잠재적으로 비가역적, 비자발적인, 이상운동 증후군이 발생할 수 있으며, 이 증후군은 고령자, 특히 여성 고령자에서 가장 많이 발생함. 비정형 정신병치료제를 복용하는 치매성 노인 정신질환 환자의 사망 위험성은 위약과 비교 시 증가. 이 약을 투여한 환자(평균연령:84세, 범위:78~88세)에서 사망례를 포함한 뇌혈관계 이상반응(예:뇌졸중, 일과성허혈발작)의 증가.",한국오츠카제약(주),,,아빌리파이정10밀리그램(아리피프라졸)_(10mg/1정),649900120,,
,,20210248,2021-07-15,급여,,,aripiprazole,451501ATB,"항정신병약으로 치료받는 환자에서 잠재적으로 비가역적, 비자발적인, 이상운동 증후군이 발생할 수 있으며, 이 증후군은 고령자, 특히 여성 고령자에서 가장 많이 발생함. 비정형 정신병치료제를 복용하는 치매성 노인 정신질환 환자의 사망 위험성은 위약과 비교 시 증가. 이 약을 투여한 환자(평균연령:84세, 범위:78~88세)에서 사망례를 포함한 뇌혈관계 이상반응(예:뇌졸중, 일과성허혈발작)의 증가.",하나제약(주),,,아리피원정10밀리그램(아리피프라졸)_(10mg/1정),657806980,,
,,20210248,2021-07-15,급여,,,aripiprazole,451501ATB,"항정신병약으로 치료받는 환자에서 잠재적으로 비가역적, 비자발적인, 이상운동 증후군이 발생할 수 있으며, 이 증후군은 고령자, 특히 여성 고령자에서 가장 많이 발생함. 비정형 정신병치료제를 복용하는 치매성 노인 정신질환 환자의 사망 위험성은 위약과 비교 시 증가. 이 약을 투여한 환자(평균연령:84세, 범위:78~88세)에서 사망례를 포함한 뇌혈관계 이상반응(예:뇌졸중, 일과성허혈발작)의 증가.",주식회사제뉴원사이언스,,,아리졸정10밀리그램(아리피프라졸(미분화))_(10mg/1정),671706760,,
,,20210248,2021-07-15,급여,,,aripiprazole,451502ATB,"항정신병약으로 치료받는 환자에서 잠재적으로 비가역적, 비자발적인, 이상운동 증후군이 발생할 수 있으며, 이 증후군은 고령자, 특히 여성 고령자에서 가장 많이 발생함. 비정형 정신병치료제를 복용하는 치매성 노인 정신질환 환자의 사망 위험성은 위약과 비교 시 증가. 이 약을 투여한 환자(평균연령:84세, 범위:78~88세)에서 사망례를 포함한 뇌혈관계 이상반응(예:뇌졸중, 일과성허혈발작)의 증가.",한림제약(주),,,한림아리피프라졸정15밀리그램_(15mg/1정),645305430,,
,,20210248,2021-07-15,급여,,,aripiprazole,451502ATB,"항정신병약으로 치료받는 환자에서 잠재적으로 비가역적, 비자발적인, 이상운동 증후군이 발생할 수 있으며, 이 증후군은 고령자, 특히 여성 고령자에서 가장 많이 발생함. 비정형 정신병치료제를 복용하는 치매성 노인 정신질환 환자의 사망 위험성은 위약과 비교 시 증가. 이 약을 투여한 환자(평균연령:84세, 범위:78~88세)에서 사망례를 포함한 뇌혈관계 이상반응(예:뇌졸중, 일과성허혈발작)의 증가.",동화약품(주),,,아리피코정15밀리그램(아리피프라졸)_(15mg/1정),642706270,,
,,20210248,2021-07-15,급여,,,aripiprazole,451502ATB,"항정신병약으로 치료받는 환자에서 잠재적으로 비가역적, 비자발적인, 이상운동 증후군이 발생할 수 있으며, 이 증후군은 고령자, 특히 여성 고령자에서 가장 많이 발생함. 비정형 정신병치료제를 복용하는 치매성 노인 정신질환 환자의 사망 위험성은 위약과 비교 시 증가. 이 약을 투여한 환자(평균연령:84세, 범위:78~88세)에서 사망례를 포함한 뇌혈관계 이상반응(예:뇌졸중, 일과성허혈발작)의 증가.",환인제약(주),,,아리피졸정15밀리그램(아리피프라졸)_(15mg/1정),657202280,,
,,20210248,2021-07-15,급여,,,aripiprazole,451502ATB,"항정신병약으로 치료받는 환자에서 잠재적으로 비가역적, 비자발적인, 이상운동 증후군이 발생할 수 있으며, 이 증후군은 고령자, 특히 여성 고령자에서 가장 많이 발생함. 비정형 정신병치료제를 복용하는 치매성 노인 정신질환 환자의 사망 위험성은 위약과 비교 시 증가. 이 약을 투여한 환자(평균연령:84세, 범위:78~88세)에서 사망례를 포함한 뇌혈관계 이상반응(예:뇌졸중, 일과성허혈발작)의 증가.",명인제약(주),,,레피졸정15밀리그램(아리피프라졸)_(15mg/1정),651903530,,
,,20210248,2021-07-15,급여,,,aripiprazole,451502ATB,"항정신병약으로 치료받는 환자에서 잠재적으로 비가역적, 비자발적인, 이상운동 증후군이 발생할 수 있으며, 이 증후군은 고령자, 특히 여성 고령자에서 가장 많이 발생함. 비정형 정신병치료제를 복용하는 치매성 노인 정신질환 환자의 사망 위험성은 위약과 비교 시 증가. 이 약을 투여한 환자(평균연령:84세, 범위:78~88세)에서 사망례를 포함한 뇌혈관계 이상반응(예:뇌졸중, 일과성허혈발작)의 증가.",영진약품(주),,,아리피진정15밀리그램(아리피프라졸)_(15mg/1정),642403810,,
,,20210248,2021-07-15,급여,,,aripiprazole,451502ATB,"항정신병약으로 치료받는 환자에서 잠재적으로 비가역적, 비자발적인, 이상운동 증후군이 발생할 수 있으며, 이 증후군은 고령자, 특히 여성 고령자에서 가장 많이 발생함. 비정형 정신병치료제를 복용하는 치매성 노인 정신질환 환자의 사망 위험성은 위약과 비교 시 증가. 이 약을 투여한 환자(평균연령:84세, 범위:78~88세)에서 사망례를 포함한 뇌혈관계 이상반응(예:뇌졸중, 일과성허혈발작)의 증가.",(주)한국파마,,,아라빌정15밀리그램(아리피프라졸)_(15mg/1정),653005440,,
,,20210248,2021-07-15,급여,,,aripiprazole,451502ATB,"항정신병약으로 치료받는 환자에서 잠재적으로 비가역적, 비자발적인, 이상운동 증후군이 발생할 수 있으며, 이 증후군은 고령자, 특히 여성 고령자에서 가장 많이 발생함. 비정형 정신병치료제를 복용하는 치매성 노인 정신질환 환자의 사망 위험성은 위약과 비교 시 증가. 이 약을 투여한 환자(평균연령:84세, 범위:78~88세)에서 사망례를 포함한 뇌혈관계 이상반응(예:뇌졸중, 일과성허혈발작)의 증가.",현대약품(주),,,아빌라핀정15밀리그램(아리피프라졸)_(15mg/1정),642002730,,
,,20210248,2021-07-15,급여,,,aripiprazole,451502ATB,"항정신병약으로 치료받는 환자에서 잠재적으로 비가역적, 비자발적인, 이상운동 증후군이 발생할 수 있으며, 이 증후군은 고령자, 특히 여성 고령자에서 가장 많이 발생함. 비정형 정신병치료제를 복용하는 치매성 노인 정신질환 환자의 사망 위험성은 위약과 비교 시 증가. 이 약을 투여한 환자(평균연령:84세, 범위:78~88세)에서 사망례를 포함한 뇌혈관계 이상반응(예:뇌졸중, 일과성허혈발작)의 증가.",한국오츠카제약(주),,,아빌리파이정15밀리그램(아리피프라졸)_(15mg/1정),649900130,,
,,20210248,2021-07-15,급여,,,aripiprazole,451502ATB,"항정신병약으로 치료받는 환자에서 잠재적으로 비가역적, 비자발적인, 이상운동 증후군이 발생할 수 있으며, 이 증후군은 고령자, 특히 여성 고령자에서 가장 많이 발생함. 비정형 정신병치료제를 복용하는 치매성 노인 정신질환 환자의 사망 위험성은 위약과 비교 시 증가. 이 약을 투여한 환자(평균연령:84세, 범위:78~88세)에서 사망례를 포함한 뇌혈관계 이상반응(예:뇌졸중, 일과성허혈발작)의 증가.",주식회사제뉴원사이언스,,,아리졸정15밀리그램(아리피프라졸(미분화))_(15mg/1정),671706770,,
,,20210248,2021-07-15,급여,,,clozapine,137502ATB,비정형 항정신병 약물을 복용하고 있는 치매 연관 정신질환 동반 고령 환자에서 이 약은 위약대비 사망 위험 증가.,환인제약(주),,,클로자릴정25밀리그램(클로자핀)_(25mg/1정),657203410,,
,,20210248,2021-07-15,급여,,,clozapine,137502ATB,비정형 항정신병 약물을 복용하고 있는 치매 연관 정신질환 동반 고령 환자에서 이 약은 위약대비 사망 위험 증가.,동화약품(주),,,클자핀정25밀리그램(클로자핀)_(25mg/1정),642706240,,
,,20200423,2020-09-24,급여,,,chlorpheniramine maleate,131801ATB,"항콜린 부작용(인지기능 저하, 섬망 악화, 구갈, 배뇨곤란, 변비 등)이 나타나기 쉬우므로 노인에서의 사용을 추천하지 않음. 항콜린성 작용이 있는 약제와의 병용으로 인해 항콜린 부작용이 증가하므로 동시 사용을 추천하지 않음",(주)유한양행,,,페니라민정(클로르페니라민말레산염)_(2mg/1정),642102570,,
,,20210248,2021-07-15,급여,,,paliperidone,503201ATR,항정신병 약물을 투여 받은 치매 관련 정신병이 있는 고령자에서 사망률 증가.,명인제약(주),,,팔리스펜서방정3mg(팔리페리돈)_(3mg/1정),651904590,,
,,20210248,2021-07-15,급여,,,paliperidone,503201ATR,항정신병 약물을 투여 받은 치매 관련 정신병이 있는 고령자에서 사망률 증가.,(주)한국얀센,,,인베가서방정3밀리그램(팔리페리돈)_(3mg/1정),646902290,,
,,20210248,2021-07-15,급여,,,paliperidone,503202ATR,항정신병 약물을 투여 받은 치매 관련 정신병이 있는 고령자에서 사망률 증가.,명인제약(주),,,팔리스펜서방정6mg(팔리페리돈)_(6mg/1정),651904600,,
,,20210248,2021-07-15,급여,,,paliperidone,503202ATR,항정신병 약물을 투여 받은 치매 관련 정신병이 있는 고령자에서 사망률 증가.,(주)한국얀센,,,인베가서방정6밀리그램(팔리페리돈)_(6mg/1정),646902310,,
,,20210248,2021-07-15,급여,,,paliperidone,503203ATR,항정신병 약물을 투여 받은 치매 관련 정신병이 있는 고령자에서 사망률 증가.,(주)한국얀센,,,인베가서방정9밀리그램(팔리페리돈)_(9mg/1정),646902320,,
,,20210248,2021-07-15,급여,,,paliperidone,503203ATR,항정신병 약물을 투여 받은 치매 관련 정신병이 있는 고령자에서 사망률 증가.,명인제약(주),,,팔리스펜서방정9mg(팔리페리돈)_(9mg/1정),651904610,,
,,20220251,2022-05-27,급여,,,blonanserin,511301ATB,"치매 고령환자에게 비정형 항정신병약물 투여시 뇌혈관 질환, 사망의 위험 증가, 고령자에 투여시 추체외로 증상과 같은 이상반응이 나타나기 쉬움",부광약품(주),,,로나센정2밀리그램(블로난세린)_(2mg/1정),642203000,,
,,20220251,2022-05-27,급여,,,blonanserin,511301ATB,"치매 고령환자에게 비정형 항정신병약물 투여시 뇌혈관 질환, 사망의 위험 증가, 고령자에 투여시 추체외로 증상과 같은 이상반응이 나타나기 쉬움",(주)한국파마,,,파마블로난세린정2밀리그램_(2mg/1정),653006010,,
,,20220251,2022-05-27,급여,,,blonanserin,511301ATB,"치매 고령환자에게 비정형 항정신병약물 투여시 뇌혈관 질환, 사망의 위험 증가, 고령자에 투여시 추체외로 증상과 같은 이상반응이 나타나기 쉬움",환인제약(주),,,로나큐정2밀리그램(블로난세린)_(2mg/1정),657203470,,
,,20220251,2022-05-27,급여,,,blonanserin,511302ATB,"치매 고령환자에게 비정형 항정신병약물 투여시 뇌혈관 질환, 사망의 위험 증가, 고령자에 투여시 추체외로 증상과 같은 이상반응이 나타나기 쉬움",부광약품(주),,,로나센정4밀리그램(블로난세린)_(4mg/1정),642203010,,
,,20220251,2022-05-27,급여,,,blonanserin,511302ATB,"치매 고령환자에게 비정형 항정신병약물 투여시 뇌혈관 질환, 사망의 위험 증가, 고령자에 투여시 추체외로 증상과 같은 이상반응이 나타나기 쉬움",(주)한국파마,,,파마블로난세린정4밀리그램_(4mg/1정),653006020,,
,,20220251,2022-05-27,급여,,,blonanserin,511302ATB,"치매 고령환자에게 비정형 항정신병약물 투여시 뇌혈관 질환, 사망의 위험 증가, 고령자에 투여시 추체외로 증상과 같은 이상반응이 나타나기 쉬움",환인제약(주),,,로나큐정4밀리그램(블로난세린)_(4mg/1정),657203460,,
,,20210248,2021-07-15,급여,,,olanzapine,204002ATB,"치매와 연관된 정신병과/또는 행동장애를 가진 노인 환자를 대상으로 한 위약 대조 임상시험 결과, 사망률과 뇌혈관 장애의 위험성 증가. 동일한 임상시험들에서 사망례를 포함한 뇌혈관 이상반응(예. 뇌졸중, 일시적인 허혈성 발작)이 보고됨. 항정신병약물을 장기간 사용하였을 때 지연운동이상증의 위험성은 증가하였으며 이러한 증후군의 발생율은 여성 고령자에게서 가장 높음.",한국산도스(주),,,산도스올란자핀정5밀리그램_(5mg/1정),668100710,,
,,20210248,2021-07-15,급여,,,olanzapine,204002ATB,"치매와 연관된 정신병과/또는 행동장애를 가진 노인 환자를 대상으로 한 위약 대조 임상시험 결과, 사망률과 뇌혈관 장애의 위험성 증가. 동일한 임상시험들에서 사망례를 포함한 뇌혈관 이상반응(예. 뇌졸중, 일시적인 허혈성 발작)이 보고됨. 항정신병약물을 장기간 사용하였을 때 지연운동이상증의 위험성은 증가하였으며 이러한 증후군의 발생율은 여성 고령자에게서 가장 높음.",(주)한독테바,,,테바올란자핀정5밀리그램_(5mg/1정),626900650,,
,,20210248,2021-07-15,급여,,,olanzapine,204002ATB,"치매와 연관된 정신병과/또는 행동장애를 가진 노인 환자를 대상으로 한 위약 대조 임상시험 결과, 사망률과 뇌혈관 장애의 위험성 증가. 동일한 임상시험들에서 사망례를 포함한 뇌혈관 이상반응(예. 뇌졸중, 일시적인 허혈성 발작)이 보고됨. 항정신병약물을 장기간 사용하였을 때 지연운동이상증의 위험성은 증가하였으며 이러한 증후군의 발생율은 여성 고령자에게서 가장 높음.",현대약품(주),,,올라핀정5밀리그램(올란자핀)_(5mg/1정),642002510,,
,,20210248,2021-07-15,급여,,,olanzapine,204002ATB,"치매와 연관된 정신병과/또는 행동장애를 가진 노인 환자를 대상으로 한 위약 대조 임상시험 결과, 사망률과 뇌혈관 장애의 위험성 증가. 동일한 임상시험들에서 사망례를 포함한 뇌혈관 이상반응(예. 뇌졸중, 일시적인 허혈성 발작)이 보고됨. 항정신병약물을 장기간 사용하였을 때 지연운동이상증의 위험성은 증가하였으며 이러한 증후군의 발생율은 여성 고령자에게서 가장 높음.",(주)한국파마,,,올자펙스정5밀리그램(올란자핀)_(5mg/1정),653005560,,
,,20210248,2021-07-15,급여,,,olanzapine,204002ATB,"치매와 연관된 정신병과/또는 행동장애를 가진 노인 환자를 대상으로 한 위약 대조 임상시험 결과, 사망률과 뇌혈관 장애의 위험성 증가. 동일한 임상시험들에서 사망례를 포함한 뇌혈관 이상반응(예. 뇌졸중, 일시적인 허혈성 발작)이 보고됨. 항정신병약물을 장기간 사용하였을 때 지연운동이상증의 위험성은 증가하였으며 이러한 증후군의 발생율은 여성 고령자에게서 가장 높음.",한림제약(주),,,자이자핀정5밀리그램(올란자핀)_(5mg/1정),645304960,,
,,20210248,2021-07-15,급여,,,olanzapine,204002ATB,"치매와 연관된 정신병과/또는 행동장애를 가진 노인 환자를 대상으로 한 위약 대조 임상시험 결과, 사망률과 뇌혈관 장애의 위험성 증가. 동일한 임상시험들에서 사망례를 포함한 뇌혈관 이상반응(예. 뇌졸중, 일시적인 허혈성 발작)이 보고됨. 항정신병약물을 장기간 사용하였을 때 지연운동이상증의 위험성은 증가하였으며 이러한 증후군의 발생율은 여성 고령자에게서 가장 높음.",명인제약(주),,,뉴로자핀정5밀리그램(올란자핀)_(5mg/1정),651903220,,
,,20210248,2021-07-15,급여,,,olanzapine,204002ATB,"치매와 연관된 정신병과/또는 행동장애를 가진 노인 환자를 대상으로 한 위약 대조 임상시험 결과, 사망률과 뇌혈관 장애의 위험성 증가. 동일한 임상시험들에서 사망례를 포함한 뇌혈관 이상반응(예. 뇌졸중, 일시적인 허혈성 발작)이 보고됨. 항정신병약물을 장기간 사용하였을 때 지연운동이상증의 위험성은 증가하였으며 이러한 증후군의 발생율은 여성 고령자에게서 가장 높음.",동화약품(주),,,올자핀정5밀리그램(올란자핀)_(5mg/1정),642705720,,
,,20210248,2021-07-15,급여,,,olanzapine,204002ATB,"치매와 연관된 정신병과/또는 행동장애를 가진 노인 환자를 대상으로 한 위약 대조 임상시험 결과, 사망률과 뇌혈관 장애의 위험성 증가. 동일한 임상시험들에서 사망례를 포함한 뇌혈관 이상반응(예. 뇌졸중, 일시적인 허혈성 발작)이 보고됨. 항정신병약물을 장기간 사용하였을 때 지연운동이상증의 위험성은 증가하였으며 이러한 증후군의 발생율은 여성 고령자에게서 가장 높음.",환인제약(주),,,자이레핀정5밀리그램(올란자핀)_(5mg/1정),657202210,,
,,20210248,2021-07-15,급여,,,olanzapine,204002ATB,"치매와 연관된 정신병과/또는 행동장애를 가진 노인 환자를 대상으로 한 위약 대조 임상시험 결과, 사망률과 뇌혈관 장애의 위험성 증가. 동일한 임상시험들에서 사망례를 포함한 뇌혈관 이상반응(예. 뇌졸중, 일시적인 허혈성 발작)이 보고됨. 항정신병약물을 장기간 사용하였을 때 지연운동이상증의 위험성은 증가하였으며 이러한 증후군의 발생율은 여성 고령자에게서 가장 높음.",영진약품(주),,,영진올란자핀정5밀리그램_(5mg/1정),642405070,,
,,20210248,2021-07-15,급여,,,olanzapine,204002ATB,"치매와 연관된 정신병과/또는 행동장애를 가진 노인 환자를 대상으로 한 위약 대조 임상시험 결과, 사망률과 뇌혈관 장애의 위험성 증가. 동일한 임상시험들에서 사망례를 포함한 뇌혈관 이상반응(예. 뇌졸중, 일시적인 허혈성 발작)이 보고됨. 항정신병약물을 장기간 사용하였을 때 지연운동이상증의 위험성은 증가하였으며 이러한 증후군의 발생율은 여성 고령자에게서 가장 높음.",(주)제뉴파마,,,피엠에스올란자핀정5밀리그램(올란자핀)_(5mg/1정),698003800,,
,,20210248,2021-07-15,급여,,,olanzapine,204002ATB,"치매와 연관된 정신병과/또는 행동장애를 가진 노인 환자를 대상으로 한 위약 대조 임상시험 결과, 사망률과 뇌혈관 장애의 위험성 증가. 동일한 임상시험들에서 사망례를 포함한 뇌혈관 이상반응(예. 뇌졸중, 일시적인 허혈성 발작)이 보고됨. 항정신병약물을 장기간 사용하였을 때 지연운동이상증의 위험성은 증가하였으며 이러한 증후군의 발생율은 여성 고령자에게서 가장 높음.",에이치케이이노엔(주),,,에이프렉사정5밀리그램(올란자핀)_(5mg/1정),640005880,,
,,20210248,2021-07-15,급여,,,olanzapine,204002ATB,"치매와 연관된 정신병과/또는 행동장애를 가진 노인 환자를 대상으로 한 위약 대조 임상시험 결과, 사망률과 뇌혈관 장애의 위험성 증가. 동일한 임상시험들에서 사망례를 포함한 뇌혈관 이상반응(예. 뇌졸중, 일시적인 허혈성 발작)이 보고됨. 항정신병약물을 장기간 사용하였을 때 지연운동이상증의 위험성은 증가하였으며 이러한 증후군의 발생율은 여성 고령자에게서 가장 높음.",(주)보령,,,자이프렉사정5밀리그램(올란자핀)_(5mg/1정),641908390,,
,,20210248,2021-07-15,급여,,,olanzapine,204002ATB,"치매와 연관된 정신병과/또는 행동장애를 가진 노인 환자를 대상으로 한 위약 대조 임상시험 결과, 사망률과 뇌혈관 장애의 위험성 증가. 동일한 임상시험들에서 사망례를 포함한 뇌혈관 이상반응(예. 뇌졸중, 일시적인 허혈성 발작)이 보고됨. 항정신병약물을 장기간 사용하였을 때 지연운동이상증의 위험성은 증가하였으며 이러한 증후군의 발생율은 여성 고령자에게서 가장 높음.",삼일제약(주),,,산도스올란자핀정5밀리그램_(5mg/1정),643904010,,
,,20210248,2021-07-15,급여,,,risperidone,224201ATB,"비정형 항정신병약을 투여받은 노인 치매 환자의 사망률이 위약에 비해 증가. 노인 치매 환자에 대한 위약 대조 시험에서 사망을 포함한 뇌혈관 약물이상반응(뇌졸중, 일과성 허혈발작 등)이 높은 빈도로 나타남.",(주)한국얀센,,,리스페달정1밀리그램(리스페리돈)_(1mg/1정),646902480,,
,,20210248,2021-07-15,급여,,,risperidone,224201ATB,"비정형 항정신병약을 투여받은 노인 치매 환자의 사망률이 위약에 비해 증가. 노인 치매 환자에 대한 위약 대조 시험에서 사망을 포함한 뇌혈관 약물이상반응(뇌졸중, 일과성 허혈발작 등)이 높은 빈도로 나타남.",일동제약(주),,,리스프리정1밀리그램(리스페리돈)_(1mg/1정),642900390,,
,,20210248,2021-07-15,급여,,,risperidone,224201ATB,"비정형 항정신병약을 투여받은 노인 치매 환자의 사망률이 위약에 비해 증가. 노인 치매 환자에 대한 위약 대조 시험에서 사망을 포함한 뇌혈관 약물이상반응(뇌졸중, 일과성 허혈발작 등)이 높은 빈도로 나타남.",파마사이언스코리아(주),,,피엠에스리스페리돈정1밀리그램(리스페리돈)_(1mg/1정),627600020,,
,,20210248,2021-07-15,급여,,,risperidone,224201ATB,"비정형 항정신병약을 투여받은 노인 치매 환자의 사망률이 위약에 비해 증가. 노인 치매 환자에 대한 위약 대조 시험에서 사망을 포함한 뇌혈관 약물이상반응(뇌졸중, 일과성 허혈발작 등)이 높은 빈도로 나타남.",환인제약(주),,,리페리돈정1밀리그램(리스페리돈)_(1mg/1정),657200230,,
,,20210248,2021-07-15,급여,,,risperidone,224201ATB,"비정형 항정신병약을 투여받은 노인 치매 환자의 사망률이 위약에 비해 증가. 노인 치매 환자에 대한 위약 대조 시험에서 사망을 포함한 뇌혈관 약물이상반응(뇌졸중, 일과성 허혈발작 등)이 높은 빈도로 나타남.",한림제약(주),,,리스달정1밀리그램(리스페리돈)_(1mg/1정),645305640,,
,,20210248,2021-07-15,급여,,,risperidone,224201ATB,"비정형 항정신병약을 투여받은 노인 치매 환자의 사망률이 위약에 비해 증가. 노인 치매 환자에 대한 위약 대조 시험에서 사망을 포함한 뇌혈관 약물이상반응(뇌졸중, 일과성 허혈발작 등)이 높은 빈도로 나타남.",명인제약(주),,,리스펜정1밀리그람(리스페리돈)_(1mg/1정),651900380,,
,,20210248,2021-07-15,급여,,,risperidone,224201ATB,"비정형 항정신병약을 투여받은 노인 치매 환자의 사망률이 위약에 비해 증가. 노인 치매 환자에 대한 위약 대조 시험에서 사망을 포함한 뇌혈관 약물이상반응(뇌졸중, 일과성 허혈발작 등)이 높은 빈도로 나타남.",(주)한국파마,,,리스돈정1밀리그램(리스페리돈)_(1mg/1정),653000640,,
,,20210248,2021-07-15,급여,,,risperidone,224201ATB,"비정형 항정신병약을 투여받은 노인 치매 환자의 사망률이 위약에 비해 증가. 노인 치매 환자에 대한 위약 대조 시험에서 사망을 포함한 뇌혈관 약물이상반응(뇌졸중, 일과성 허혈발작 등)이 높은 빈도로 나타남.",(주)제뉴파마,,,리페넥스정1밀리그램(리스페리돈)_(1mg/1정),698004520,,
,,20210248,2021-07-15,급여,,,risperidone,224201ATB,"비정형 항정신병약을 투여받은 노인 치매 환자의 사망률이 위약에 비해 증가. 노인 치매 환자에 대한 위약 대조 시험에서 사망을 포함한 뇌혈관 약물이상반응(뇌졸중, 일과성 허혈발작 등)이 높은 빈도로 나타남.",에이치엘비제약(주),,,엘페리돈정1밀리그램(리스페리돈)_(1mg/1정),647304230,,
,,20210248,2021-07-15,급여,,,risperidone,224201ATB,"비정형 항정신병약을 투여받은 노인 치매 환자의 사망률이 위약에 비해 증가. 노인 치매 환자에 대한 위약 대조 시험에서 사망을 포함한 뇌혈관 약물이상반응(뇌졸중, 일과성 허혈발작 등)이 높은 빈도로 나타남.",하나제약(주),,,뉴리페돈정1밀리그램(리스페리돈)_(1mg/1정),657807220,,
,,20210248,2021-07-15,급여,,,risperidone,224201ATB,"비정형 항정신병약을 투여받은 노인 치매 환자의 사망률이 위약에 비해 증가. 노인 치매 환자에 대한 위약 대조 시험에서 사망을 포함한 뇌혈관 약물이상반응(뇌졸중, 일과성 허혈발작 등)이 높은 빈도로 나타남.",풍림무약(주),,,리페돈정1밀리그램(리스페리돈)_(1mg/1정),649002320,,
,,20210248,2021-07-15,급여,,,risperidone,224201ATB,"비정형 항정신병약을 투여받은 노인 치매 환자의 사망률이 위약에 비해 증가. 노인 치매 환자에 대한 위약 대조 시험에서 사망을 포함한 뇌혈관 약물이상반응(뇌졸중, 일과성 허혈발작 등)이 높은 빈도로 나타남.",제일약품(주),,,리소페린정1mg(리스페리돈)_(1mg/1정),645403330,,
,,20200423,2020-09-24,급여,,,hyoscine butylbromide,172301ATB,"항콜린 부작용(인지기능 저하, 섬망 악화, 구갈, 배뇨곤란, 변비 등)이 나타나기 쉽고, 효과가 불확실하므로 노인에서의 사용을 추천하지 않음. 항콜린성 작용이 있는 약제와의 병용으로 인해 항콜린 부작용이 증가하므로 동시 사용을 추천하지 않음",오펠라헬스케어코리아(주),,,부스코판당의정(부틸스코폴라민브롬화물)_(10mg/1정),74200070,,
,,20200423,2020-09-24,급여,,,cimetropium bromide,133501ATB,"항콜린 부작용(인지기능 저하, 섬망 악화, 구갈, 배뇨곤란, 변비 등)이 나타나기 쉽고, 효과가 불확실하므로 노인에서의 사용을 추천하지 않음. 항콜린성 작용이 있는 약제와의 병용으로 인해 항콜린 부작용이 증가하므로 동시 사용을 추천하지 않음",동화약품(주),,,알피움정(시메트로퓸브롬화물)_(50mg/1정),642702410,,
,,20210248,2021-07-15,급여,,,risperidone,224201ATD,"비정형 항정신병약을 투여받은 노인 치매 환자의 사망률이 위약에 비해 증가. 노인 치매 환자에 대한 위약 대조 시험에서 사망을 포함한 뇌혈관 약물이상반응(뇌졸중, 일과성 허혈발작 등)이 높은 빈도로 나타남.",한미약품(주),,,리스피돈오디정1밀리그램(리스페리돈)_(1mg/1정),643506180,,
,,20210248,2021-07-15,급여,,,risperidone,224201ATD,"비정형 항정신병약을 투여받은 노인 치매 환자의 사망률이 위약에 비해 증가. 노인 치매 환자에 대한 위약 대조 시험에서 사망을 포함한 뇌혈관 약물이상반응(뇌졸중, 일과성 허혈발작 등)이 높은 빈도로 나타남.",명인제약(주),,,리스펜오디정1밀리그램(리스페리돈)_(1mg/1정),651904500,,
,,20200423,2020-09-24,급여,,,solifenacin succinate,493801ATB,항콜린성 작용이 있는 약제와의 병용으로 인해 항콜린 부작용이 증가하므로 동시 사용을 추천하지 않음,일성아이에스(주),,,솔페나정5밀리그램(솔리페나신숙신산염)_(5mg/1정),655404490,,
,,20200423,2020-09-24,급여,,,solifenacin succinate,493801ATB,항콜린성 작용이 있는 약제와의 병용으로 인해 항콜린 부작용이 증가하므로 동시 사용을 추천하지 않음,(주)한국팜비오,,,오에이비정5밀리그램(솔리페나신숙신산염)_(5mg/1정),659901550,,
,,20200423,2020-09-24,급여,,,solifenacin succinate,493801ATB,항콜린성 작용이 있는 약제와의 병용으로 인해 항콜린 부작용이 증가하므로 동시 사용을 추천하지 않음,건일바이오팜주식회사,,,솔라신정5밀리그램(솔리페나신숙신산염)_(5mg/1정),73000330,,
,,20200423,2020-09-24,급여,,,solifenacin succinate,493801ATB,항콜린성 작용이 있는 약제와의 병용으로 인해 항콜린 부작용이 증가하므로 동시 사용을 추천하지 않음,(주)엘앤씨바이오,,,메가솔페나정5밀리그램(솔리페나신숙신산염)_(5mg/1정),60500710,,
,,20200423,2020-09-24,급여,,,solifenacin succinate,493801ATB,항콜린성 작용이 있는 약제와의 병용으로 인해 항콜린 부작용이 증가하므로 동시 사용을 추천하지 않음,(주)보령바이오파마,,,베시퀸정5밀리그램(솔리페나신숙신산염)_(5mg/1정),670502140,,
,,20200423,2020-09-24,급여,,,solifenacin succinate,493801ATB,항콜린성 작용이 있는 약제와의 병용으로 인해 항콜린 부작용이 증가하므로 동시 사용을 추천하지 않음,주식회사케이에스제약,,,시스케어정5밀리그램(솔리페나신숙신산염)_(5mg/1정),59000550,,
,,20200423,2020-09-24,급여,,,solifenacin succinate,493801ATB,항콜린성 작용이 있는 약제와의 병용으로 인해 항콜린 부작용이 증가하므로 동시 사용을 추천하지 않음,주식회사 더유제약,,,베시커버정5밀리그램(솔리페나신숙신산염)_(5mg/1정),57000280,,
,,20200423,2020-09-24,급여,,,solifenacin succinate,493801ATB,항콜린성 작용이 있는 약제와의 병용으로 인해 항콜린 부작용이 증가하므로 동시 사용을 추천하지 않음,에이치엘비제약(주),,,씨트케어정5밀리그램(솔리페나신숙신산염)_(5mg/1정),647303760,,
,,20200423,2020-09-24,급여,,,solifenacin succinate,493801ATB,항콜린성 작용이 있는 약제와의 병용으로 인해 항콜린 부작용이 증가하므로 동시 사용을 추천하지 않음,한국코러스(주),,,솔페리신정5밀리그램(솔리페나신숙신산염)_(5mg/1정),647204580,,
,,20200423,2020-09-24,급여,,,solifenacin succinate,493801ATB,항콜린성 작용이 있는 약제와의 병용으로 인해 항콜린 부작용이 증가하므로 동시 사용을 추천하지 않음,고려제약(주),,,솔리스탑정5밀리그램(솔리페나신숙신산염)_(5mg/1정),642803000,,
,,20200423,2020-09-24,급여,,,solifenacin succinate,493801ATB,항콜린성 작용이 있는 약제와의 병용으로 인해 항콜린 부작용이 증가하므로 동시 사용을 추천하지 않음,(주)화이트생명과학,,,솔베나정5밀리그램(솔리페나신숙신산염)_(5mg/1정),625201210,,
,,20200423,2020-09-24,급여,,,solifenacin succinate,493801ATB,항콜린성 작용이 있는 약제와의 병용으로 인해 항콜린 부작용이 증가하므로 동시 사용을 추천하지 않음,(주)마더스제약,,,솔리페노실정5밀리그램(솔리페나신숙신산염)_(5mg/1정),622802950,,
,,20200423,2020-09-24,급여,,,solifenacin succinate,493801ATB,항콜린성 작용이 있는 약제와의 병용으로 인해 항콜린 부작용이 증가하므로 동시 사용을 추천하지 않음,영풍제약(주),,,베시페나정5밀리그램(솔리페나신숙신산염)_(5mg/1정),661904550,,
,,20200423,2020-09-24,급여,,,solifenacin succinate,493801ATB,항콜린성 작용이 있는 약제와의 병용으로 인해 항콜린 부작용이 증가하므로 동시 사용을 추천하지 않음,알보젠코리아(주),,,솔리시톨정5밀리그램(솔리페나신숙신산염)_(5mg/1정),652606250,,
,,20200423,2020-09-24,급여,,,solifenacin succinate,493801ATB,항콜린성 작용이 있는 약제와의 병용으로 인해 항콜린 부작용이 증가하므로 동시 사용을 추천하지 않음,(주)넥스팜코리아,,,넥스페나신정5mg(솔리페나신숙신산염)_(5mg/1정),662503210,,
,,20200423,2020-09-24,급여,,,solifenacin succinate,493801ATB,항콜린성 작용이 있는 약제와의 병용으로 인해 항콜린 부작용이 증가하므로 동시 사용을 추천하지 않음,한국프라임제약(주),,,베시나정5밀리그램(솔리페나신숙신산염)_(5mg/1정),663607040,,
,,20200423,2020-09-24,급여,,,solifenacin succinate,493801ATB,항콜린성 작용이 있는 약제와의 병용으로 인해 항콜린 부작용이 증가하므로 동시 사용을 추천하지 않음,삼성제약(주),,,삼성솔리페나신정5mg(솔리페나신숙신산염)_(5mg/1정),642306960,,
,,20200423,2020-09-24,급여,,,solifenacin succinate,493801ATB,항콜린성 작용이 있는 약제와의 병용으로 인해 항콜린 부작용이 증가하므로 동시 사용을 추천하지 않음,(주)인트로바이오파마,,,인페나신정5mg(솔리페나신숙신산염)_(5mg/1정),52400120,,
,,20200423,2020-09-24,급여,,,solifenacin succinate,493801ATB,항콜린성 작용이 있는 약제와의 병용으로 인해 항콜린 부작용이 증가하므로 동시 사용을 추천하지 않음,(주)바이넥스,,,솔리콘정5mg(솔리페나신숙신산염)_(5mg/1정),643104250,,
,,20200423,2020-09-24,급여,,,solifenacin succinate,493801ATB,항콜린성 작용이 있는 약제와의 병용으로 인해 항콜린 부작용이 증가하므로 동시 사용을 추천하지 않음,알리코제약(주),,,솔페락정5mg(솔리페나신숙신산염)_(5mg/1정),656004490,,
,,20200423,2020-09-24,급여,,,solifenacin succinate,493801ATB,항콜린성 작용이 있는 약제와의 병용으로 인해 항콜린 부작용이 증가하므로 동시 사용을 추천하지 않음,정우신약(주),,,솔토니신정5mg(솔리페나신숙신산염)_(5mg/1정),694204840,,
,,20200423,2020-09-24,급여,,,solifenacin succinate,493801ATB,항콜린성 작용이 있는 약제와의 병용으로 인해 항콜린 부작용이 증가하므로 동시 사용을 추천하지 않음,(주)팜젠사이언스,,,솔페나신정5밀리그램(솔리페나신숙신산염)_(5mg/1정),670104100,,
,,20200423,2020-09-24,급여,,,solifenacin succinate,493801ATB,항콜린성 작용이 있는 약제와의 병용으로 인해 항콜린 부작용이 증가하므로 동시 사용을 추천하지 않음,대한뉴팜(주),,,뉴페신정5mg(솔리페나신숙신산염)_(5mg/1정),669906180,,
,,20200423,2020-09-24,급여,,,solifenacin succinate,493801ATB,항콜린성 작용이 있는 약제와의 병용으로 인해 항콜린 부작용이 증가하므로 동시 사용을 추천하지 않음,삼익제약(주),,,솔리테어정5mg(솔리페나신숙신산염)_(5mg/1정),644003760,,
,,20200423,2020-09-24,급여,,,solifenacin succinate,493801ATB,항콜린성 작용이 있는 약제와의 병용으로 인해 항콜린 부작용이 증가하므로 동시 사용을 추천하지 않음,(주)테라젠이텍스,,,유리페나정5mg(솔리페나신숙신산염)_(5mg/1정),698502960,,
,,20200423,2020-09-24,급여,,,solifenacin succinate,493801ATB,항콜린성 작용이 있는 약제와의 병용으로 인해 항콜린 부작용이 증가하므로 동시 사용을 추천하지 않음,(주)제뉴파마,,,베시콜정5밀리그램(솔리페나신숙신산염)_(5mg/1정),698003460,,
,,20200423,2020-09-24,급여,,,solifenacin succinate,493801ATB,항콜린성 작용이 있는 약제와의 병용으로 인해 항콜린 부작용이 증가하므로 동시 사용을 추천하지 않음,(주)일화,,,솔리프정5mg(솔리페나신숙신산염)_(5mg/1정),640903110,,
,,20200423,2020-09-24,급여,,,solifenacin succinate,493801ATB,항콜린성 작용이 있는 약제와의 병용으로 인해 항콜린 부작용이 증가하므로 동시 사용을 추천하지 않음,구주제약(주),,,메디페나신정5mg(솔리페나신숙신산염)_(5mg/1정),669804670,,
,,20200423,2020-09-24,급여,,,solifenacin succinate,493801ATB,항콜린성 작용이 있는 약제와의 병용으로 인해 항콜린 부작용이 증가하므로 동시 사용을 추천하지 않음,아주약품(주),,,솔신정5밀리그램(솔리페나신숙신산염)_(5mg/1정),654004580,,
,,20200423,2020-09-24,급여,,,solifenacin succinate,493801ATB,항콜린성 작용이 있는 약제와의 병용으로 인해 항콜린 부작용이 증가하므로 동시 사용을 추천하지 않음,(주)메디카코리아,,,유로테라정5밀리그램(솔리페나신숙신산염)_(5mg/1정),646003930,,
,,20200423,2020-09-24,급여,,,solifenacin succinate,493801ATB,항콜린성 작용이 있는 약제와의 병용으로 인해 항콜린 부작용이 증가하므로 동시 사용을 추천하지 않음,한국휴텍스제약(주),,,웰유로정5mg(솔리페나신숙신산염)_(5mg/1정),649102520,,
,,20200423,2020-09-24,급여,,,solifenacin succinate,493801ATB,항콜린성 작용이 있는 약제와의 병용으로 인해 항콜린 부작용이 증가하므로 동시 사용을 추천하지 않음,이연제약(주),,,솔리페어정5밀리그램(솔리페나신숙신산염)_(5mg/1정),658603250,,
,,20200423,2020-09-24,급여,,,solifenacin succinate,493801ATB,항콜린성 작용이 있는 약제와의 병용으로 인해 항콜린 부작용이 증가하므로 동시 사용을 추천하지 않음,오스틴제약(주),,,솔리페신정5mg(솔리페나신숙신산염)_(5mg/1정),654305020,,
,,20200423,2020-09-24,급여,,,solifenacin succinate,493801ATB,항콜린성 작용이 있는 약제와의 병용으로 인해 항콜린 부작용이 증가하므로 동시 사용을 추천하지 않음,한국유니온제약(주),,,유니페나신정5mg(솔리페나신숙신산염)_(5mg/1정),665506690,,
,,20200423,2020-09-24,급여,,,solifenacin succinate,493801ATB,항콜린성 작용이 있는 약제와의 병용으로 인해 항콜린 부작용이 증가하므로 동시 사용을 추천하지 않음,(주)비보존제약,,,솔레나신정5밀리그램(솔리페나신숙신산염)_(5mg/1정),658202720,,
,,20200423,2020-09-24,급여,,,solifenacin succinate,493801ATB,항콜린성 작용이 있는 약제와의 병용으로 인해 항콜린 부작용이 증가하므로 동시 사용을 추천하지 않음,하나제약(주),,,베시큐정5밀리그램(솔리페나신숙신산염)_(5mg/1정),657805510,,
,,20200423,2020-09-24,급여,,,solifenacin succinate,493801ATB,항콜린성 작용이 있는 약제와의 병용으로 인해 항콜린 부작용이 증가하므로 동시 사용을 추천하지 않음,동국제약(주),,,솔베신정5밀리그램(솔리페나신숙신산염)_(5mg/1정),653403210,,
,,20200423,2020-09-24,급여,,,solifenacin succinate,493801ATB,항콜린성 작용이 있는 약제와의 병용으로 인해 항콜린 부작용이 증가하므로 동시 사용을 추천하지 않음,(주)셀트리온제약,,,셀페리나정5밀리그램(솔리페나신숙신산염)_(5mg/1정),693902620,,
,,20200423,2020-09-24,급여,,,solifenacin succinate,493801ATB,항콜린성 작용이 있는 약제와의 병용으로 인해 항콜린 부작용이 증가하므로 동시 사용을 추천하지 않음,대웅바이오(주),,,베시솔정5밀리그램(솔리페나신숙신산염)_(5mg/1정),694001430,,
,,20200423,2020-09-24,급여,,,solifenacin succinate,493801ATB,항콜린성 작용이 있는 약제와의 병용으로 인해 항콜린 부작용이 증가하므로 동시 사용을 추천하지 않음,유니메드제약(주),,,오아비정5밀리그램(솔리페나신숙신산염)_(5mg/1정),649507530,,
,,20200423,2020-09-24,급여,,,solifenacin succinate,493801ATB,항콜린성 작용이 있는 약제와의 병용으로 인해 항콜린 부작용이 증가하므로 동시 사용을 추천하지 않음,명문제약(주),,,솔리케어정5mg(솔리페나신숙신산염)_(5mg/1정),649807270,,
,,20200423,2020-09-24,급여,,,solifenacin succinate,493801ATB,항콜린성 작용이 있는 약제와의 병용으로 인해 항콜린 부작용이 증가하므로 동시 사용을 추천하지 않음,(주)씨엠지제약,,,씨엠케어정5mg(솔리페나신숙신산염)_(5mg/1정),648603050,,
,,20200423,2020-09-24,급여,,,solifenacin succinate,493801ATB,항콜린성 작용이 있는 약제와의 병용으로 인해 항콜린 부작용이 증가하므로 동시 사용을 추천하지 않음,주식회사제뉴원사이언스,,,베시캄정5밀리그램(솔리페나신숙신산염)_(5mg/1정),671705180,,
,,20200423,2020-09-24,급여,,,solifenacin succinate,493801ATB,항콜린성 작용이 있는 약제와의 병용으로 인해 항콜린 부작용이 증가하므로 동시 사용을 추천하지 않음,위더스제약(주),,,솔리신정5mg(솔리페나신숙신산염)_(5mg/1정),660702720,,
,,20200423,2020-09-24,급여,,,solifenacin succinate,493801ATB,항콜린성 작용이 있는 약제와의 병용으로 인해 항콜린 부작용이 증가하므로 동시 사용을 추천하지 않음,진양제약(주),,,솔리페나정5mg(솔리페나신숙신산염)_(5mg/1정),650303790,,
,,20200423,2020-09-24,급여,,,solifenacin succinate,493801ATB,항콜린성 작용이 있는 약제와의 병용으로 인해 항콜린 부작용이 증가하므로 동시 사용을 추천하지 않음,에이치케이이노엔(주),,,베시스타정5밀리그램(솔리페나신숙신산염)_(5mg/1정),640007110,,
,,20200423,2020-09-24,급여,,,solifenacin succinate,493801ATB,항콜린성 작용이 있는 약제와의 병용으로 인해 항콜린 부작용이 증가하므로 동시 사용을 추천하지 않음,경동제약(주),,,솔페신정5밀리그램(솔리페나신숙신산염)_(5mg/1정),648103820,,
,,20200423,2020-09-24,급여,,,solifenacin succinate,493801ATB,항콜린성 작용이 있는 약제와의 병용으로 인해 항콜린 부작용이 증가하므로 동시 사용을 추천하지 않음,제일약품(주),,,솔리나신정5밀리그램(솔리페나신숙신산염)_(5mg/1정),645404950,,
,,20200423,2020-09-24,급여,,,solifenacin succinate,493801ATB,항콜린성 작용이 있는 약제와의 병용으로 인해 항콜린 부작용이 증가하므로 동시 사용을 추천하지 않음,동광제약(주),,,베시칼린정5mg(솔리페나신숙신산염)_(5mg/1정),645906260,,
,,20200423,2020-09-24,급여,,,solifenacin succinate,493801ATB,항콜린성 작용이 있는 약제와의 병용으로 인해 항콜린 부작용이 증가하므로 동시 사용을 추천하지 않음,대화제약(주),,,소울큐정5밀리그램(솔리페나신숙신산염)_(5mg/1정),645604840,,
,,20200423,2020-09-24,급여,,,solifenacin succinate,493801ATB,항콜린성 작용이 있는 약제와의 병용으로 인해 항콜린 부작용이 증가하므로 동시 사용을 추천하지 않음,일동제약(주),,,유로케어정5밀리그램(솔리페나신숙신산염)_(5mg/1정),642905790,,
,,20200423,2020-09-24,급여,,,solifenacin succinate,493801ATB,항콜린성 작용이 있는 약제와의 병용으로 인해 항콜린 부작용이 증가하므로 동시 사용을 추천하지 않음,대원제약(주),,,솔리프로정5mg(솔리페나신숙신산염)_(5mg/1정),671805970,,
,,20200423,2020-09-24,급여,,,solifenacin succinate,493801ATB,항콜린성 작용이 있는 약제와의 병용으로 인해 항콜린 부작용이 증가하므로 동시 사용을 추천하지 않음,한국아스텔라스제약(주),,,베시케어정5밀리그램(솔리페나신숙신산염)_(5mg/1정),677200070,,
,,20200423,2020-09-24,급여,,,solifenacin succinate,493801ATB,항콜린성 작용이 있는 약제와의 병용으로 인해 항콜린 부작용이 증가하므로 동시 사용을 추천하지 않음,(주)동구바이오제약,,,유토케어정5mg(솔리페나신숙신산염)_(5mg/1정),657306630,,
,,20200423,2020-09-24,급여,,,solifenacin succinate,493801ATB,항콜린성 작용이 있는 약제와의 병용으로 인해 항콜린 부작용이 증가하므로 동시 사용을 추천하지 않음,신풍제약(주),,,유로페나신정5밀리그램(솔리페나신숙신산염)_(5mg/1정),648507380,,
,,20200423,2020-09-24,급여,,,solifenacin succinate,493801ATB,항콜린성 작용이 있는 약제와의 병용으로 인해 항콜린 부작용이 증가하므로 동시 사용을 추천하지 않음,제이더블유신약(주),,,큐어나신정5mg(솔리페나신숙신산염)_(5mg/1정),644102590,,
,,20200423,2020-09-24,급여,,,solifenacin succinate,493801ATB,항콜린성 작용이 있는 약제와의 병용으로 인해 항콜린 부작용이 증가하므로 동시 사용을 추천하지 않음,일양약품(주),,,요시케어정5밀리그램(솔리페나신숙신산염)_(5mg/1정),641704960,,
,,20200423,2020-09-24,급여,,,solifenacin succinate,493801ATB,항콜린성 작용이 있는 약제와의 병용으로 인해 항콜린 부작용이 증가하므로 동시 사용을 추천하지 않음,삼천당제약(주),,,베시민정5mg(솔리페나신숙신산염)_(5mg/1정),651204240,,
,,20200423,2020-09-24,급여,,,solifenacin succinate,493802ATB,항콜린성 작용이 있는 약제와의 병용으로 인해 항콜린 부작용이 증가하므로 동시 사용을 추천하지 않음,일성아이에스(주),,,솔페나정10밀리그램(솔리페나신숙신산염)_(10mg/1정),655404500,,
,,20200423,2020-09-24,급여,,,solifenacin succinate,493802ATB,항콜린성 작용이 있는 약제와의 병용으로 인해 항콜린 부작용이 증가하므로 동시 사용을 추천하지 않음,(주)바이넥스,,,솔리콘정10mg(솔리페나신숙신산염)_(10mg/1정),643104240,,
,,20200423,2020-09-24,급여,,,solifenacin succinate,493802ATB,항콜린성 작용이 있는 약제와의 병용으로 인해 항콜린 부작용이 증가하므로 동시 사용을 추천하지 않음,(주)한국팜비오,,,오에이비정10밀리그램(솔리페나신숙신산염)_(10mg/1정),659901540,,
,,20200423,2020-09-24,급여,,,solifenacin succinate,493802ATB,항콜린성 작용이 있는 약제와의 병용으로 인해 항콜린 부작용이 증가하므로 동시 사용을 추천하지 않음,주식회사제뉴원사이언스,,,베시캄정10밀리그램(솔리페나신숙신산염)_(10mg/1정),671705170,,
,,20200423,2020-09-24,급여,,,solifenacin succinate,493802ATB,항콜린성 작용이 있는 약제와의 병용으로 인해 항콜린 부작용이 증가하므로 동시 사용을 추천하지 않음,(주)팜젠사이언스,,,솔페나신정10밀리그램(솔리페나신숙신산염)_(10mg/1정),670104110,,
,,20200423,2020-09-24,급여,,,solifenacin succinate,493802ATB,항콜린성 작용이 있는 약제와의 병용으로 인해 항콜린 부작용이 증가하므로 동시 사용을 추천하지 않음,삼익제약(주),,,솔리테어정10mg(솔리페나신숙신산염)_(10mg/1정),644003750,,
,,20200423,2020-09-24,급여,,,solifenacin succinate,493802ATB,항콜린성 작용이 있는 약제와의 병용으로 인해 항콜린 부작용이 증가하므로 동시 사용을 추천하지 않음,(주)테라젠이텍스,,,유리페나정10mg(솔리페나신숙신산염)_(10mg/1정),698502970,,
,,20200423,2020-09-24,급여,,,solifenacin succinate,493802ATB,항콜린성 작용이 있는 약제와의 병용으로 인해 항콜린 부작용이 증가하므로 동시 사용을 추천하지 않음,(주)일화,,,솔리프정10mg(솔리페나신숙신산염)_(10mg/1정),640903120,,
,,20200423,2020-09-24,급여,,,solifenacin succinate,493802ATB,항콜린성 작용이 있는 약제와의 병용으로 인해 항콜린 부작용이 증가하므로 동시 사용을 추천하지 않음,구주제약(주),,,메디페나신정10mg(솔리페나신숙신산염)_(10mg/1정),669804660,,
,,20200423,2020-09-24,급여,,,solifenacin succinate,493802ATB,항콜린성 작용이 있는 약제와의 병용으로 인해 항콜린 부작용이 증가하므로 동시 사용을 추천하지 않음,(주)메디카코리아,,,유로테라정10밀리그램(솔리페나신숙신산염)_(10mg/1정),646003920,,
,,20200423,2020-09-24,급여,,,solifenacin succinate,493802ATB,항콜린성 작용이 있는 약제와의 병용으로 인해 항콜린 부작용이 증가하므로 동시 사용을 추천하지 않음,한국휴텍스제약(주),,,웰유로정10mg(솔리페나신숙신산염)_(10mg/1정),649102510,,
,,20200423,2020-09-24,급여,,,solifenacin succinate,493802ATB,항콜린성 작용이 있는 약제와의 병용으로 인해 항콜린 부작용이 증가하므로 동시 사용을 추천하지 않음,이연제약(주),,,솔리페어정10밀리그램(솔리페나신숙신산염)_(10mg/1정),658603260,,
,,20200423,2020-09-24,급여,,,solifenacin succinate,493802ATB,항콜린성 작용이 있는 약제와의 병용으로 인해 항콜린 부작용이 증가하므로 동시 사용을 추천하지 않음,한국유니온제약(주),,,유니페나신정10mg(솔리페나신숙신산염)_(10mg/1정),665506660,,
,,20200423,2020-09-24,급여,,,solifenacin succinate,493802ATB,항콜린성 작용이 있는 약제와의 병용으로 인해 항콜린 부작용이 증가하므로 동시 사용을 추천하지 않음,(주)비보존제약,,,솔레나신정10밀리그램(솔리페나신숙신산염)_(10mg/1정),658202730,,
,,20200423,2020-09-24,급여,,,solifenacin succinate,493802ATB,항콜린성 작용이 있는 약제와의 병용으로 인해 항콜린 부작용이 증가하므로 동시 사용을 추천하지 않음,하나제약(주),,,베시큐정10밀리그램(솔리페나신숙신산염)_(10mg/1정),657805500,,
,,20200423,2020-09-24,급여,,,solifenacin succinate,493802ATB,항콜린성 작용이 있는 약제와의 병용으로 인해 항콜린 부작용이 증가하므로 동시 사용을 추천하지 않음,동국제약(주),,,솔베신정10밀리그램(솔리페나신숙신산염)_(10mg/1정),653403200,,
,,20200423,2020-09-24,급여,,,solifenacin succinate,493802ATB,항콜린성 작용이 있는 약제와의 병용으로 인해 항콜린 부작용이 증가하므로 동시 사용을 추천하지 않음,(주)셀트리온제약,,,셀페리나정10밀리그램(솔리페나신숙신산염)_(10mg/1정),693902580,,
,,20200423,2020-09-24,급여,,,solifenacin succinate,493802ATB,항콜린성 작용이 있는 약제와의 병용으로 인해 항콜린 부작용이 증가하므로 동시 사용을 추천하지 않음,대웅바이오(주),,,베시솔정10밀리그램(솔리페나신숙신산염)_(10mg/1정),694001420,,
,,20200423,2020-09-24,급여,,,solifenacin succinate,493802ATB,항콜린성 작용이 있는 약제와의 병용으로 인해 항콜린 부작용이 증가하므로 동시 사용을 추천하지 않음,유니메드제약(주),,,오아비정10밀리그램(솔리페나신숙신산염)_(10mg/1정),649507540,,
,,20200423,2020-09-24,급여,,,solifenacin succinate,493802ATB,항콜린성 작용이 있는 약제와의 병용으로 인해 항콜린 부작용이 증가하므로 동시 사용을 추천하지 않음,명문제약(주),,,솔리케어정10mg(솔리페나신숙신산염)_(10mg/1정),649807260,,
,,20200423,2020-09-24,급여,,,solifenacin succinate,493802ATB,항콜린성 작용이 있는 약제와의 병용으로 인해 항콜린 부작용이 증가하므로 동시 사용을 추천하지 않음,(주)씨엠지제약,,,씨엠케어정10mg(솔리페나신숙신산염)_(10mg/1정),648603060,,
,,20200423,2020-09-24,급여,,,solifenacin succinate,493802ATB,항콜린성 작용이 있는 약제와의 병용으로 인해 항콜린 부작용이 증가하므로 동시 사용을 추천하지 않음,건일바이오팜주식회사,,,솔라신정10밀리그램(솔리페나신숙신산염)_(10mg/1정),73000360,,
,,20200423,2020-09-24,급여,,,solifenacin succinate,493802ATB,항콜린성 작용이 있는 약제와의 병용으로 인해 항콜린 부작용이 증가하므로 동시 사용을 추천하지 않음,한국코러스(주),,,솔페리신정10밀리그램(솔리페나신숙신산염)_(10mg/1정),647204570,,
,,20200423,2020-09-24,급여,,,solifenacin succinate,493802ATB,항콜린성 작용이 있는 약제와의 병용으로 인해 항콜린 부작용이 증가하므로 동시 사용을 추천하지 않음,(주)보령바이오파마,,,베시퀸정10밀리그램(솔리페나신숙신산염)_(10mg/1정),670502120,,
,,20200423,2020-09-24,급여,,,solifenacin succinate,493802ATB,항콜린성 작용이 있는 약제와의 병용으로 인해 항콜린 부작용이 증가하므로 동시 사용을 추천하지 않음,주식회사케이에스제약,,,시스케어정10밀리그램(솔리페나신숙신산염)_(10mg/1정),59000560,,
,,20200423,2020-09-24,급여,,,solifenacin succinate,493802ATB,항콜린성 작용이 있는 약제와의 병용으로 인해 항콜린 부작용이 증가하므로 동시 사용을 추천하지 않음,에이치엘비제약(주),,,씨트케어정10밀리그램(솔리페나신숙신산염)_(10mg/1정),647303770,,
,,20200423,2020-09-24,급여,,,solifenacin succinate,493802ATB,항콜린성 작용이 있는 약제와의 병용으로 인해 항콜린 부작용이 증가하므로 동시 사용을 추천하지 않음,(주)화이트생명과학,,,솔베나정10밀리그램(솔리페나신숙신산염)_(10mg/1정),625201200,,
,,20200423,2020-09-24,급여,,,solifenacin succinate,493802ATB,항콜린성 작용이 있는 약제와의 병용으로 인해 항콜린 부작용이 증가하므로 동시 사용을 추천하지 않음,알보젠코리아(주),,,솔리시톨정10밀리그램(솔리페나신숙신산염)_(10mg/1정),652606260,,
,,20200423,2020-09-24,급여,,,solifenacin succinate,493802ATB,항콜린성 작용이 있는 약제와의 병용으로 인해 항콜린 부작용이 증가하므로 동시 사용을 추천하지 않음,한국프라임제약(주),,,베시나정10밀리그램(솔리페나신숙신산염)_(10mg/1정),663607050,,
,,20200423,2020-09-24,급여,,,solifenacin succinate,493802ATB,항콜린성 작용이 있는 약제와의 병용으로 인해 항콜린 부작용이 증가하므로 동시 사용을 추천하지 않음,삼성제약(주),,,삼성솔리페나신정10mg(솔리페나신숙신산염)_(10mg/1정),642306950,,
,,20200423,2020-09-24,급여,,,solifenacin succinate,493802ATB,항콜린성 작용이 있는 약제와의 병용으로 인해 항콜린 부작용이 증가하므로 동시 사용을 추천하지 않음,(주)인트로바이오파마,,,인페나신정10mg(솔리페나신숙신산염)_(10mg/1정),52400130,,
,,20200423,2020-09-24,급여,,,solifenacin succinate,493802ATB,항콜린성 작용이 있는 약제와의 병용으로 인해 항콜린 부작용이 증가하므로 동시 사용을 추천하지 않음,알리코제약(주),,,솔페락정10mg(솔리페나신숙신산염)_(10mg/1정),656004480,,
,,20200423,2020-09-24,급여,,,solifenacin succinate,493802ATB,항콜린성 작용이 있는 약제와의 병용으로 인해 항콜린 부작용이 증가하므로 동시 사용을 추천하지 않음,정우신약(주),,,솔토니신정10mg(솔리페나신숙신산염)_(10mg/1정),694204590,,
,,20200423,2020-09-24,급여,,,solifenacin succinate,493802ATB,항콜린성 작용이 있는 약제와의 병용으로 인해 항콜린 부작용이 증가하므로 동시 사용을 추천하지 않음,진양제약(주),,,솔리페나정10mg(솔리페나신숙신산염)_(10mg/1정),650303800,,
,,20200423,2020-09-24,급여,,,solifenacin succinate,493802ATB,항콜린성 작용이 있는 약제와의 병용으로 인해 항콜린 부작용이 증가하므로 동시 사용을 추천하지 않음,에이치케이이노엔(주),,,베시스타정10밀리그램(솔리페나신숙신산염)_(10mg/1정),640007080,,
,,20200423,2020-09-24,급여,,,solifenacin succinate,493802ATB,항콜린성 작용이 있는 약제와의 병용으로 인해 항콜린 부작용이 증가하므로 동시 사용을 추천하지 않음,일양약품(주),,,요시케어정10밀리그램(솔리페나신숙신산염)_(10mg/1정),641704950,,
,,20200423,2020-09-24,급여,,,solifenacin succinate,493802ATB,항콜린성 작용이 있는 약제와의 병용으로 인해 항콜린 부작용이 증가하므로 동시 사용을 추천하지 않음,대화제약(주),,,소울큐정10밀리그램(솔리페나신숙신산염)_(10mg/1정),645604850,,
,,20200423,2020-09-24,급여,,,solifenacin succinate,493802ATB,항콜린성 작용이 있는 약제와의 병용으로 인해 항콜린 부작용이 증가하므로 동시 사용을 추천하지 않음,제일약품(주),,,솔리나신정10밀리그램(솔리페나신숙신산염)_(10mg/1정),645404960,,
,,20200423,2020-09-24,급여,,,solifenacin succinate,493802ATB,항콜린성 작용이 있는 약제와의 병용으로 인해 항콜린 부작용이 증가하므로 동시 사용을 추천하지 않음,동광제약(주),,,베시칼린정10mg(솔리페나신숙신산염)_(10mg/1정),645906110,,
,,20200423,2020-09-24,급여,,,solifenacin succinate,493802ATB,항콜린성 작용이 있는 약제와의 병용으로 인해 항콜린 부작용이 증가하므로 동시 사용을 추천하지 않음,일동제약(주),,,유로케어정10밀리그램(솔리페나신숙신산염)_(10mg/1정),642905780,,
,,20200423,2020-09-24,급여,,,solifenacin succinate,493802ATB,항콜린성 작용이 있는 약제와의 병용으로 인해 항콜린 부작용이 증가하므로 동시 사용을 추천하지 않음,경동제약(주),,,솔페신정10밀리그램(솔리페나신숙신산염)_(10mg/1정),648103830,,
,,20200423,2020-09-24,급여,,,solifenacin succinate,493802ATB,항콜린성 작용이 있는 약제와의 병용으로 인해 항콜린 부작용이 증가하므로 동시 사용을 추천하지 않음,대원제약(주),,,솔리프로정10mg(솔리페나신숙신산염)_(10mg/1정),671805980,,
,,20200423,2020-09-24,급여,,,solifenacin succinate,493802ATB,항콜린성 작용이 있는 약제와의 병용으로 인해 항콜린 부작용이 증가하므로 동시 사용을 추천하지 않음,한국아스텔라스제약(주),,,베시케어정10밀리그램(솔리페나신숙신산염)_(10mg/1정),677200080,,
,,20200423,2020-09-24,급여,,,solifenacin succinate,493802ATB,항콜린성 작용이 있는 약제와의 병용으로 인해 항콜린 부작용이 증가하므로 동시 사용을 추천하지 않음,위더스제약(주),,,솔리신정10mg(솔리페나신숙신산염)_(10mg/1정),660702710,,
,,20200423,2020-09-24,급여,,,solifenacin succinate,493802ATB,항콜린성 작용이 있는 약제와의 병용으로 인해 항콜린 부작용이 증가하므로 동시 사용을 추천하지 않음,신풍제약(주),,,유로페나신정10밀리그램(솔리페나신숙신산염)_(10mg/1정),648507370,,
,,20200423,2020-09-24,급여,,,solifenacin succinate,493802ATB,항콜린성 작용이 있는 약제와의 병용으로 인해 항콜린 부작용이 증가하므로 동시 사용을 추천하지 않음,(주)동구바이오제약,,,유토케어정10mg(솔리페나신숙신산염)_(10mg/1정),657306640,,
,,20200423,2020-09-24,급여,,,solifenacin succinate,493802ATB,항콜린성 작용이 있는 약제와의 병용으로 인해 항콜린 부작용이 증가하므로 동시 사용을 추천하지 않음,삼천당제약(주),,,베시민정10mg(솔리페나신숙신산염)_(10mg/1정),651204250,,
,,20210248,2021-07-15,급여,,,risperidone,224202ATD,"비정형 항정신병약을 투여받은 노인 치매 환자의 사망률이 위약에 비해 증가. 노인 치매 환자에 대한 위약 대조 시험에서 사망을 포함한 뇌혈관 약물이상반응(뇌졸중, 일과성 허혈발작 등)이 높은 빈도로 나타남.",한미약품(주),,,리스피돈오디정2밀리그램(리스페리돈)_(2mg/1정),643506170,,
,,20210248,2021-07-15,급여,,,risperidone,224202ATD,"비정형 항정신병약을 투여받은 노인 치매 환자의 사망률이 위약에 비해 증가. 노인 치매 환자에 대한 위약 대조 시험에서 사망을 포함한 뇌혈관 약물이상반응(뇌졸중, 일과성 허혈발작 등)이 높은 빈도로 나타남.",명인제약(주),,,리스펜오디정2밀리그램(리스페리돈)_(2mg/1정),651904510,,
,,20200423,2020-09-24,급여,,,trospium chloride,245501ATB,항콜린성 작용이 있는 약제와의 병용으로 인해 항콜린 부작용이 증가하므로 동시 사용을 추천하지 않음,부광약품(주),,,스파스몰리트당의정(트로스퓸염화물)_(20mg/1정),642201290,,
,,20170079,2017-02-16,급여,Chlordiazepoxide/Clidinium,,chlordiazepoxide,255800ATB,"항콜린 부작용(인지기능 저하, 섬망 악화, 구갈, 배뇨곤란, 변비 등)이 나타나기 쉽고 운동실조, 과진정으로 인한 낙상 및 골절이 나타나기 쉬우므로 사용을 추천하지 않음",고려제약(주),,,리브락스정_(1정),642800500,,
,,20210248,2021-07-15,급여,,,paliperidone palmitate (as paliperidone),586435BIJ,항정신병 약물을 투여 받은 치매 관련 정신병이 있는 고령자에서 사망률 증가.,(주)한국얀센,,,인베가트린자주사(팔리페리돈팔미테이트)_(0.273g/0.875mL),646902141,,
,,20210248,2021-07-15,급여,,,paliperidone palmitate (as paliperidone),586436BIJ,항정신병 약물을 투여 받은 치매 관련 정신병이 있는 고령자에서 사망률 증가.,(주)한국얀센,,,인베가트린자주사(팔리페리돈팔미테이트)_(0.4103g/1.315mL),646902161,,
,,20210248,2021-07-15,급여,,,paliperidone palmitate (as paliperidone),586437BIJ,항정신병 약물을 투여 받은 치매 관련 정신병이 있는 고령자에서 사망률 증가.,(주)한국얀센,,,인베가트린자주사(팔리페리돈팔미테이트)_(0.546g/1.75mL),646902151,,
,,20210248,2021-07-15,급여,,,paliperidone palmitate (as paliperidone),586438BIJ,항정신병 약물을 투여 받은 치매 관련 정신병이 있는 고령자에서 사망률 증가.,(주)한국얀센,,,인베가트린자주사(팔리페리돈팔미테이트)_(0.819g/2.625mL),646902171,,
,,20210248,2021-07-15,급여,,,aripiprazole,451506BIJ,"항정신병약으로 치료받는 환자에서 잠재적으로 비가역적, 비자발적인, 이상운동 증후군이 발생할 수 있으며, 이 증후군은 고령자, 특히 여성 고령자에서 가장 많이 발생함. 비정형 정신병치료제를 복용하는 치매성 노인 정신질환 환자의 사망 위험성은 위약과 비교 시 증가. 이 약을 투여한 환자(평균연령:84세, 범위:78~88세)에서 사망례를 포함한 뇌혈관계 이상반응(예:뇌졸중, 일과성허혈발작)의 증가.",한국오츠카제약(주),,,아빌리파이메인테나주사300밀리그램(아리피프라졸일수화물)_(0.312g/1.5mL),649900411,,
,,20210248,2021-07-15,급여,,,aripiprazole,451507BIJ,"항정신병약으로 치료받는 환자에서 잠재적으로 비가역적, 비자발적인, 이상운동 증후군이 발생할 수 있으며, 이 증후군은 고령자, 특히 여성 고령자에서 가장 많이 발생함. 비정형 정신병치료제를 복용하는 치매성 노인 정신질환 환자의 사망 위험성은 위약과 비교 시 증가. 이 약을 투여한 환자(평균연령:84세, 범위:78~88세)에서 사망례를 포함한 뇌혈관계 이상반응(예:뇌졸중, 일과성허혈발작)의 증가.",한국오츠카제약(주),,,아빌리파이메인테나주사400밀리그램(아리피프라졸일수화물)_(0.416g/2mL),649900421,,
,,20200423,2020-09-24,급여,,,solifenacin tartrate,657401ATB,항콜린성 작용이 있는 약제와의 병용으로 인해 항콜린 부작용이 증가하므로 동시 사용을 추천하지 않음,한미약품(주),,,베시금정5.33밀리그램(솔리페나신타르타르산염)_(5.33mg/1정),643507700,,
,,20200423,2020-09-24,급여,,,solifenacin tartrate,657402ATB,항콜린성 작용이 있는 약제와의 병용으로 인해 항콜린 부작용이 증가하므로 동시 사용을 추천하지 않음,한미약품(주),,,베시금정10.66밀리그램(솔리페나신타르타르산염)_(10.66mg/1정),643507710,,
,,20200423,2020-09-24,급여,,,propiverine hydrochloride,219701ATB,항콜린성 작용이 있는 약제와의 병용으로 인해 항콜린 부작용이 증가하므로 동시 사용을 추천하지 않음,이연제약(주),,,이연프로피베린정10밀리그램(프로피베린염산염)_(10mg/1정),658603380,,
,,20200423,2020-09-24,급여,,,propiverine hydrochloride,219701ATB,항콜린성 작용이 있는 약제와의 병용으로 인해 항콜린 부작용이 증가하므로 동시 사용을 추천하지 않음,명문제약(주),,,유로나정10mg(프로피베린염산염)_(10mg/1정),649806610,,
,,20200423,2020-09-24,급여,,,propiverine hydrochloride,219701ATB,항콜린성 작용이 있는 약제와의 병용으로 인해 항콜린 부작용이 증가하므로 동시 사용을 추천하지 않음,제일약품(주),,,비유피-4정10밀리그램(프로피베린염산염)_(10mg/1정),645400470,,
,,20200423,2020-09-24,급여,,,propiverine hydrochloride,219702ATB,항콜린성 작용이 있는 약제와의 병용으로 인해 항콜린 부작용이 증가하므로 동시 사용을 추천하지 않음,일양약품(주),,,포베린정20mg(프로피베린염산염)_(20mg/1정),641702460,,
,,20200423,2020-09-24,급여,,,propiverine hydrochloride,219702ATB,항콜린성 작용이 있는 약제와의 병용으로 인해 항콜린 부작용이 증가하므로 동시 사용을 추천하지 않음,(주)라이트팜텍,,,프로베픽스정20mg(프로피베린염산염)_(20mg/1정),690301380,,
,,20200423,2020-09-24,급여,,,propiverine hydrochloride,219702ATB,항콜린성 작용이 있는 약제와의 병용으로 인해 항콜린 부작용이 증가하므로 동시 사용을 추천하지 않음,한국휴텍스제약(주),,,비유프로정(프로피베린염산염)_(20mg/1정),649104380,,
,,20200423,2020-09-24,급여,,,propiverine hydrochloride,219702ATB,항콜린성 작용이 있는 약제와의 병용으로 인해 항콜린 부작용이 증가하므로 동시 사용을 추천하지 않음,(주)마더스제약,,,유피베린정(프로피베린염산염)_(20mg/1정),622803180,,
,,20200423,2020-09-24,급여,,,propiverine hydrochloride,219702ATB,항콜린성 작용이 있는 약제와의 병용으로 인해 항콜린 부작용이 증가하므로 동시 사용을 추천하지 않음,한국코러스(주),,,프로빈정20밀리그램(프로피베린염산염)_(20mg/1정),647204810,,
,,20200423,2020-09-24,급여,,,propiverine hydrochloride,219702ATB,항콜린성 작용이 있는 약제와의 병용으로 인해 항콜린 부작용이 증가하므로 동시 사용을 추천하지 않음,(주)휴온스메디텍,,,휴피베린정(프로피베린염산염)_(20mg/1정),670401210,,
,,20200423,2020-09-24,급여,,,propiverine hydrochloride,219702ATB,항콜린성 작용이 있는 약제와의 병용으로 인해 항콜린 부작용이 증가하므로 동시 사용을 추천하지 않음,(주)동구바이오제약,,,유로프로정(프로피베린염산염)_(20mg/1정),657306120,,
,,20200423,2020-09-24,급여,,,propiverine hydrochloride,219702ATB,항콜린성 작용이 있는 약제와의 병용으로 인해 항콜린 부작용이 증가하므로 동시 사용을 추천하지 않음,(주)한국글로벌제약,,,글로베린정(프로피베린염산염)_(20mg/1정),693200740,,
,,20200423,2020-09-24,급여,,,propiverine hydrochloride,219702ATB,항콜린성 작용이 있는 약제와의 병용으로 인해 항콜린 부작용이 증가하므로 동시 사용을 추천하지 않음,(주)다산제약,,,유프베린정(프로피베린염산염)_(20mg/1정),678600920,,
,,20200423,2020-09-24,급여,,,propiverine hydrochloride,219702ATB,항콜린성 작용이 있는 약제와의 병용으로 인해 항콜린 부작용이 증가하므로 동시 사용을 추천하지 않음,한올바이오파마(주),,,프로베린정(프로피베린염산염)_(20mg/1정),655602050,,
,,20200423,2020-09-24,급여,,,propiverine hydrochloride,219702ATB,항콜린성 작용이 있는 약제와의 병용으로 인해 항콜린 부작용이 증가하므로 동시 사용을 추천하지 않음,오스틴제약(주),,,프로베정(프로피베린염산염)_(20mg/1정),654303180,,
,,20200423,2020-09-24,급여,,,propiverine hydrochloride,219702ATB,항콜린성 작용이 있는 약제와의 병용으로 인해 항콜린 부작용이 증가하므로 동시 사용을 추천하지 않음,(주)넥스팜코리아,,,넥스베린정20mg(프로피베린염산염)_(20mg/1정),662503980,,
,,20200423,2020-09-24,급여,,,propiverine hydrochloride,219702ATB,항콜린성 작용이 있는 약제와의 병용으로 인해 항콜린 부작용이 증가하므로 동시 사용을 추천하지 않음,명문제약(주),,,유로나정(프로피베린염산염)_(20mg/1정),649802640,,
,,20200423,2020-09-24,급여,,,propiverine hydrochloride,219702ATB,항콜린성 작용이 있는 약제와의 병용으로 인해 항콜린 부작용이 증가하므로 동시 사용을 추천하지 않음,제일약품(주),,,비유피-4정20밀리그램(프로피베린염산염)_(20mg/1정),645400480,,
,,20200423,2020-09-24,급여,,,propiverine hydrochloride,219702ATB,항콜린성 작용이 있는 약제와의 병용으로 인해 항콜린 부작용이 증가하므로 동시 사용을 추천하지 않음,대화제약(주),,,프롭정20밀리그램(프로피베린염산염)_(20mg/1정),645602090,,
,,20200423,2020-09-24,급여,,,propiverine hydrochloride,219702ATB,항콜린성 작용이 있는 약제와의 병용으로 인해 항콜린 부작용이 증가하므로 동시 사용을 추천하지 않음,이연제약(주),,,이연프로피베린정(프로피베린염산염)_(20mg/1정),658601590,,
,,20200423,2020-09-24,급여,,,propiverine hydrochloride,219702ATB,항콜린성 작용이 있는 약제와의 병용으로 인해 항콜린 부작용이 증가하므로 동시 사용을 추천하지 않음,(주)일화,,,유로픽스정(프로피베린염산염)_(20mg/1정),640900780,,
,,20200423,2020-09-24,급여,,,propiverine hydrochloride,219702ATB,항콜린성 작용이 있는 약제와의 병용으로 인해 항콜린 부작용이 증가하므로 동시 사용을 추천하지 않음,(주)바이넥스,,,유로콘정(프로피베린염산염)_(20mg/1정),643101600,,
,,20200423,2020-09-24,급여,,,propiverine hydrochloride,219702ATB,항콜린성 작용이 있는 약제와의 병용으로 인해 항콜린 부작용이 증가하므로 동시 사용을 추천하지 않음,(주)휴온스,,,디트루베린정(프로피베린염산염)_(20mg/1정),670600430,,
,,20200423,2020-09-24,급여,,,propiverine hydrochloride,219702ATB,항콜린성 작용이 있는 약제와의 병용으로 인해 항콜린 부작용이 증가하므로 동시 사용을 추천하지 않음,동국제약(주),,,유베린정(프로피베린염산염)_(20mg/1정),653400830,,
,,20200423,2020-09-24,급여,,,propiverine hydrochloride,219702ATB,항콜린성 작용이 있는 약제와의 병용으로 인해 항콜린 부작용이 증가하므로 동시 사용을 추천하지 않음,하나제약(주),,,비프로정20밀리그램(프로피베린염산염)_(20mg/1정),657804890,,
,,20200423,2020-09-24,급여,,,propiverine hydrochloride,219702ATB,항콜린성 작용이 있는 약제와의 병용으로 인해 항콜린 부작용이 증가하므로 동시 사용을 추천하지 않음,(주)대웅제약,,,베아베린정(염산프로피베린)_(20mg/1정),641601430,,
,,20200423,2020-09-24,급여,,,propiverine hydrochloride,219702ATB,항콜린성 작용이 있는 약제와의 병용으로 인해 항콜린 부작용이 증가하므로 동시 사용을 추천하지 않음,신풍제약(주),,,유로베린정(프로피베린염산염)_(20mg/1정),648502880,,
,,20200423,2020-09-24,급여,,,propiverine hydrochloride,219702ATB,항콜린성 작용이 있는 약제와의 병용으로 인해 항콜린 부작용이 증가하므로 동시 사용을 추천하지 않음,알보젠코리아(주),,,프로시톨정(염산프로피베린)_(20mg/1정),652601480,,
,,20200423,2020-09-24,급여,,,propiverine hydrochloride,219702ATB,항콜린성 작용이 있는 약제와의 병용으로 인해 항콜린 부작용이 증가하므로 동시 사용을 추천하지 않음,제이더블유신약(주),,,큐어베린정(프로피베린염산염)_(20mg/1정),644100690,,
,,20200423,2020-09-24,급여,,,propiverine hydrochloride,219702ATB,항콜린성 작용이 있는 약제와의 병용으로 인해 항콜린 부작용이 증가하므로 동시 사용을 추천하지 않음,대웅바이오(주),,,대웅바이오프로피베린정20밀리그램(프로피베린염산염)_(20mg/1정),694000510,,
,,20200423,2020-09-24,급여,,,tolterodine L-tartrate,357102ACR,항콜린성 작용이 있는 약제와의 병용으로 인해 항콜린 부작용이 증가하므로 동시 사용을 추천하지 않음,비아트리스코리아(주),,,디트루시톨SR캡슐2밀리그람(톨터로딘-L-타르타르산염)_(2mg/1캡슐),73400070,,
,,20200423,2020-09-24,급여,,,tolterodine L-tartrate,357102ACR,항콜린성 작용이 있는 약제와의 병용으로 인해 항콜린 부작용이 증가하므로 동시 사용을 추천하지 않음,한국유나이티드제약(주),,,디트로딘에스알캡슐2밀리그램(톨터로딘-L-타르타르산염)_(2mg/1캡슐),644305900,,
,,20200423,2020-09-24,급여,,,tolterodine L-tartrate,357102ATB,항콜린성 작용이 있는 약제와의 병용으로 인해 항콜린 부작용이 증가하므로 동시 사용을 추천하지 않음,경동제약(주),,,텔로딘정(톨터로딘-L-타르타르산염)_(2mg/1정),648102140,,
,,20200423,2020-09-24,급여,,,tolterodine L-tartrate,357103ACR,항콜린성 작용이 있는 약제와의 병용으로 인해 항콜린 부작용이 증가하므로 동시 사용을 추천하지 않음,비아트리스코리아(주),,,디트루시톨SR캡슐4밀리그람(톨터로딘-L-타르타르산염)_(4mg/1캡슐),73400080,,
,,20200423,2020-09-24,급여,,,tolterodine L-tartrate,357103ACR,항콜린성 작용이 있는 약제와의 병용으로 인해 항콜린 부작용이 증가하므로 동시 사용을 추천하지 않음,한국유나이티드제약(주),,,디트로딘에스알캡슐4밀리그램(톨터로딘-L-타르타르산염)_(4mg/1캡슐),644300650,,
,,20200423,2020-09-24,급여,,,tolterodine L-tartrate,357103ATR,항콜린성 작용이 있는 약제와의 병용으로 인해 항콜린 부작용이 증가하므로 동시 사용을 추천하지 않음,현대약품(주),,,유로큐서방정4밀리그램(톨터로딘-L-타르타르산염)_(4mg/1정),642000950,,
,,20210248,2021-07-15,급여,,,aripiprazole,451501ATD,"항정신병약으로 치료받는 환자에서 잠재적으로 비가역적, 비자발적인, 이상운동 증후군이 발생할 수 있으며, 이 증후군은 고령자, 특히 여성 고령자에서 가장 많이 발생함. 비정형 정신병치료제를 복용하는 치매성 노인 정신질환 환자의 사망 위험성은 위약과 비교 시 증가. 이 약을 투여한 환자(평균연령:84세, 범위:78~88세)에서 사망례를 포함한 뇌혈관계 이상반응(예:뇌졸중, 일과성허혈발작)의 증가.",한국오츠카제약(주),,,아빌리파이오디정10밀리그램(아리피프라졸)_(10mg/1정),649900350,,
,,20210248,2021-07-15,급여,,,aripiprazole,451502ATD,"항정신병약으로 치료받는 환자에서 잠재적으로 비가역적, 비자발적인, 이상운동 증후군이 발생할 수 있으며, 이 증후군은 고령자, 특히 여성 고령자에서 가장 많이 발생함. 비정형 정신병치료제를 복용하는 치매성 노인 정신질환 환자의 사망 위험성은 위약과 비교 시 증가. 이 약을 투여한 환자(평균연령:84세, 범위:78~88세)에서 사망례를 포함한 뇌혈관계 이상반응(예:뇌졸중, 일과성허혈발작)의 증가.",한국오츠카제약(주),,,아빌리파이오디정15밀리그램(아리피프라졸)_(15mg/1정),649900360,,
,,20200423,2020-09-24,급여,,,benztropine mesylate,116001ATB,항콜린성 작용이 있는 약제와의 병용으로 인해 항콜린 부작용이 증가하므로 동시 사용을 추천하지 않음,환인제약(주),,,환인벤즈트로핀정1밀리그램(벤즈트로핀메실산염)_(1mg/1정),657201020,,
,,20200423,2020-09-24,급여,,,benztropine mesylate,116001ATB,항콜린성 작용이 있는 약제와의 병용으로 인해 항콜린 부작용이 증가하므로 동시 사용을 추천하지 않음,명인제약(주),,,명인벤즈트로핀메실산염정1밀리그램_(1mg/1정),651900600,,
,,20200423,2020-09-24,급여,,,benztropine mesylate,116002ATB,항콜린성 작용이 있는 약제와의 병용으로 인해 항콜린 부작용이 증가하므로 동시 사용을 추천하지 않음,환인제약(주),,,환인벤즈트로핀정(벤즈트로핀메실산염)_(2mg/1정),657201030,,
,,20200423,2020-09-24,급여,,,benztropine mesylate,116002ATB,항콜린성 작용이 있는 약제와의 병용으로 인해 항콜린 부작용이 증가하므로 동시 사용을 추천하지 않음,명인제약(주),,,명인벤즈트로핀메실레이트정2밀리그람_(2mg/1정),651900610,,
,,20200423,2020-09-24,급여,,,mequitazine,190502ATB,"항콜린 부작용(인지기능 저하, 섬망 악화, 구갈, 배뇨곤란, 변비 등)이 나타나기 쉬우므로 노인에서의 사용을 추천하지 않음. 항콜린성 작용이 있는 약제와의 병용으로 인해 항콜린 부작용이 증가하므로 동시 사용을 추천하지 않음",부광약품(주),,,프리마란정(메퀴타진)_(5mg/1정),642202340,,
,,20210248,2021-07-15,급여,,,olanzapine,204001ATD,"치매와 연관된 정신병과/또는 행동장애를 가진 노인 환자를 대상으로 한 위약 대조 임상시험 결과, 사망률과 뇌혈관 장애의 위험성 증가. 동일한 임상시험들에서 사망례를 포함한 뇌혈관 이상반응(예. 뇌졸중, 일시적인 허혈성 발작)이 보고됨. 항정신병약물을 장기간 사용하였을 때 지연운동이상증의 위험성은 증가하였으며 이러한 증후군의 발생율은 여성 고령자에게서 가장 높음.",고려제약(주),,,자이피스오디정 10밀리그램(올란자핀)_(10mg/1정),642802390,,
,,20210248,2021-07-15,급여,,,olanzapine,204001ATD,"치매와 연관된 정신병과/또는 행동장애를 가진 노인 환자를 대상으로 한 위약 대조 임상시험 결과, 사망률과 뇌혈관 장애의 위험성 증가. 동일한 임상시험들에서 사망례를 포함한 뇌혈관 이상반응(예. 뇌졸중, 일시적인 허혈성 발작)이 보고됨. 항정신병약물을 장기간 사용하였을 때 지연운동이상증의 위험성은 증가하였으며 이러한 증후군의 발생율은 여성 고령자에게서 가장 높음.",한국릴리(유),,,자이프렉사자이디스확산정10밀리그램(미세올란자핀)_(10mg/1정),670801360,,
,,20210248,2021-07-15,급여,,,olanzapine,204002ATD,"치매와 연관된 정신병과/또는 행동장애를 가진 노인 환자를 대상으로 한 위약 대조 임상시험 결과, 사망률과 뇌혈관 장애의 위험성 증가. 동일한 임상시험들에서 사망례를 포함한 뇌혈관 이상반응(예. 뇌졸중, 일시적인 허혈성 발작)이 보고됨. 항정신병약물을 장기간 사용하였을 때 지연운동이상증의 위험성은 증가하였으며 이러한 증후군의 발생율은 여성 고령자에게서 가장 높음.",고려제약(주),,,자이피스오디정 5밀리그램(올란자핀)_(5mg/1정),642802420,,
,,20210248,2021-07-15,급여,,,olanzapine,204002ATD,"치매와 연관된 정신병과/또는 행동장애를 가진 노인 환자를 대상으로 한 위약 대조 임상시험 결과, 사망률과 뇌혈관 장애의 위험성 증가. 동일한 임상시험들에서 사망례를 포함한 뇌혈관 이상반응(예. 뇌졸중, 일시적인 허혈성 발작)이 보고됨. 항정신병약물을 장기간 사용하였을 때 지연운동이상증의 위험성은 증가하였으며 이러한 증후군의 발생율은 여성 고령자에게서 가장 높음.",한국릴리(유),,,자이프렉사자이디스확산정5밀리그램(미세올란자핀)_(5mg/1정),670801370,,
,,20210248,2021-07-15,급여,,,risperidone,224202ATB,"비정형 항정신병약을 투여받은 노인 치매 환자의 사망률이 위약에 비해 증가. 노인 치매 환자에 대한 위약 대조 시험에서 사망을 포함한 뇌혈관 약물이상반응(뇌졸중, 일과성 허혈발작 등)이 높은 빈도로 나타남.",(주)한국얀센,,,리스페달정2밀리그램(리스페리돈)_(2mg/1정),646902470,,
,,20210248,2021-07-15,급여,,,risperidone,224202ATB,"비정형 항정신병약을 투여받은 노인 치매 환자의 사망률이 위약에 비해 증가. 노인 치매 환자에 대한 위약 대조 시험에서 사망을 포함한 뇌혈관 약물이상반응(뇌졸중, 일과성 허혈발작 등)이 높은 빈도로 나타남.",(주)제뉴파마,,,리페넥스정2밀리그램(리스페리돈)_(2mg/1정),698004430,,
,,20210248,2021-07-15,급여,,,risperidone,224202ATB,"비정형 항정신병약을 투여받은 노인 치매 환자의 사망률이 위약에 비해 증가. 노인 치매 환자에 대한 위약 대조 시험에서 사망을 포함한 뇌혈관 약물이상반응(뇌졸중, 일과성 허혈발작 등)이 높은 빈도로 나타남.",일동제약(주),,,리스프리정2밀리그램(리스페리돈)_(2mg/1정),642900400,,
,,20210248,2021-07-15,급여,,,risperidone,224202ATB,"비정형 항정신병약을 투여받은 노인 치매 환자의 사망률이 위약에 비해 증가. 노인 치매 환자에 대한 위약 대조 시험에서 사망을 포함한 뇌혈관 약물이상반응(뇌졸중, 일과성 허혈발작 등)이 높은 빈도로 나타남.",유니메드제약(주),,,유니페리돈정(리스페리돈)_(2mg/1정),649503240,,
,,20210248,2021-07-15,급여,,,risperidone,224202ATB,"비정형 항정신병약을 투여받은 노인 치매 환자의 사망률이 위약에 비해 증가. 노인 치매 환자에 대한 위약 대조 시험에서 사망을 포함한 뇌혈관 약물이상반응(뇌졸중, 일과성 허혈발작 등)이 높은 빈도로 나타남.",파마사이언스코리아(주),,,피엠에스리스페리돈정2밀리그램(리스페리돈)_(2mg/1정),627600030,,
,,20210248,2021-07-15,급여,,,risperidone,224202ATB,"비정형 항정신병약을 투여받은 노인 치매 환자의 사망률이 위약에 비해 증가. 노인 치매 환자에 대한 위약 대조 시험에서 사망을 포함한 뇌혈관 약물이상반응(뇌졸중, 일과성 허혈발작 등)이 높은 빈도로 나타남.",한림제약(주),,,리스달정2밀리그램(리스페리돈)_(2mg/1정),645305650,,
,,20210248,2021-07-15,급여,,,risperidone,224202ATB,"비정형 항정신병약을 투여받은 노인 치매 환자의 사망률이 위약에 비해 증가. 노인 치매 환자에 대한 위약 대조 시험에서 사망을 포함한 뇌혈관 약물이상반응(뇌졸중, 일과성 허혈발작 등)이 높은 빈도로 나타남.",환인제약(주),,,리페리돈정2밀리그램(리스페리돈)_(2mg/1정),657200240,,
,,20210248,2021-07-15,급여,,,risperidone,224202ATB,"비정형 항정신병약을 투여받은 노인 치매 환자의 사망률이 위약에 비해 증가. 노인 치매 환자에 대한 위약 대조 시험에서 사망을 포함한 뇌혈관 약물이상반응(뇌졸중, 일과성 허혈발작 등)이 높은 빈도로 나타남.",명인제약(주),,,리스펜정2밀리그람(리스페리돈)_(2mg/1정),651900390,,
,,20210248,2021-07-15,급여,,,risperidone,224202ATB,"비정형 항정신병약을 투여받은 노인 치매 환자의 사망률이 위약에 비해 증가. 노인 치매 환자에 대한 위약 대조 시험에서 사망을 포함한 뇌혈관 약물이상반응(뇌졸중, 일과성 허혈발작 등)이 높은 빈도로 나타남.",(주)한국파마,,,리스돈정(리스페리돈)(수출명:에스씨페르달정)_(2mg/1정),653000630,,
,,20210248,2021-07-15,급여,,,risperidone,224202ATB,"비정형 항정신병약을 투여받은 노인 치매 환자의 사망률이 위약에 비해 증가. 노인 치매 환자에 대한 위약 대조 시험에서 사망을 포함한 뇌혈관 약물이상반응(뇌졸중, 일과성 허혈발작 등)이 높은 빈도로 나타남.",에이치엘비제약(주),,,엘페리돈정2밀리그램(리스페리돈)_(2mg/1정),647304220,,
,,20210248,2021-07-15,급여,,,risperidone,224202ATB,"비정형 항정신병약을 투여받은 노인 치매 환자의 사망률이 위약에 비해 증가. 노인 치매 환자에 대한 위약 대조 시험에서 사망을 포함한 뇌혈관 약물이상반응(뇌졸중, 일과성 허혈발작 등)이 높은 빈도로 나타남.",하나제약(주),,,뉴리페돈정2밀리그램(리스페리돈)_(2mg/1정),657807230,,
,,20210248,2021-07-15,급여,,,risperidone,224202ATB,"비정형 항정신병약을 투여받은 노인 치매 환자의 사망률이 위약에 비해 증가. 노인 치매 환자에 대한 위약 대조 시험에서 사망을 포함한 뇌혈관 약물이상반응(뇌졸중, 일과성 허혈발작 등)이 높은 빈도로 나타남.",풍림무약(주),,,리페돈정2밀리그램(리스페리돈)_(2mg/1정),649002330,,
,,20210248,2021-07-15,급여,,,risperidone,224202ATB,"비정형 항정신병약을 투여받은 노인 치매 환자의 사망률이 위약에 비해 증가. 노인 치매 환자에 대한 위약 대조 시험에서 사망을 포함한 뇌혈관 약물이상반응(뇌졸중, 일과성 허혈발작 등)이 높은 빈도로 나타남.",영풍제약(주),,,리스펠돈정2mg(리스페리돈)_(2mg/1정),661904380,,
,,20210248,2021-07-15,급여,,,risperidone,224202ATB,"비정형 항정신병약을 투여받은 노인 치매 환자의 사망률이 위약에 비해 증가. 노인 치매 환자에 대한 위약 대조 시험에서 사망을 포함한 뇌혈관 약물이상반응(뇌졸중, 일과성 허혈발작 등)이 높은 빈도로 나타남.",제일약품(주),,,리소페린정2밀리그램(리스페리돈)_(2mg/1정),645400270,,
,,20210248,2021-07-15,급여,,,risperidone,224204ATB,"비정형 항정신병약을 투여받은 노인 치매 환자의 사망률이 위약에 비해 증가. 노인 치매 환자에 대한 위약 대조 시험에서 사망을 포함한 뇌혈관 약물이상반응(뇌졸중, 일과성 허혈발작 등)이 높은 빈도로 나타남.",(주)한국얀센,,,리스페달정0.5밀리그램(리스페리돈)_(0.5mg/1정),646902490,,
,,20210248,2021-07-15,급여,,,risperidone,224204ATB,"비정형 항정신병약을 투여받은 노인 치매 환자의 사망률이 위약에 비해 증가. 노인 치매 환자에 대한 위약 대조 시험에서 사망을 포함한 뇌혈관 약물이상반응(뇌졸중, 일과성 허혈발작 등)이 높은 빈도로 나타남.",(주)제뉴파마,,,리페넥스정0.5밀리그램(리스페리돈)_(0.5mg/1정),698004530,,
,,20210248,2021-07-15,급여,,,risperidone,224204ATB,"비정형 항정신병약을 투여받은 노인 치매 환자의 사망률이 위약에 비해 증가. 노인 치매 환자에 대한 위약 대조 시험에서 사망을 포함한 뇌혈관 약물이상반응(뇌졸중, 일과성 허혈발작 등)이 높은 빈도로 나타남.",파마사이언스코리아(주),,,피엠에스리스페리돈정0.5밀리그램(리스페리돈)_(0.5mg/1정),627600050,,
,,20210248,2021-07-15,급여,,,risperidone,224204ATB,"비정형 항정신병약을 투여받은 노인 치매 환자의 사망률이 위약에 비해 증가. 노인 치매 환자에 대한 위약 대조 시험에서 사망을 포함한 뇌혈관 약물이상반응(뇌졸중, 일과성 허혈발작 등)이 높은 빈도로 나타남.",환인제약(주),,,리페리돈정0.5밀리그램(리스페리돈)_(0.5mg/1정),657200220,,
,,20210248,2021-07-15,급여,,,risperidone,224204ATB,"비정형 항정신병약을 투여받은 노인 치매 환자의 사망률이 위약에 비해 증가. 노인 치매 환자에 대한 위약 대조 시험에서 사망을 포함한 뇌혈관 약물이상반응(뇌졸중, 일과성 허혈발작 등)이 높은 빈도로 나타남.",명인제약(주),,,리스펜정0.5밀리그람(리스페리돈)_(0.5mg/1정),651900370,,
,,20210248,2021-07-15,급여,,,risperidone,224204ATB,"비정형 항정신병약을 투여받은 노인 치매 환자의 사망률이 위약에 비해 증가. 노인 치매 환자에 대한 위약 대조 시험에서 사망을 포함한 뇌혈관 약물이상반응(뇌졸중, 일과성 허혈발작 등)이 높은 빈도로 나타남.",(주)한국파마,,,리스돈정0.5밀리그램(리스페리돈)_(0.5mg/1정),653006180,,
,,20210248,2021-07-15,급여,,,risperidone,224204ATB,"비정형 항정신병약을 투여받은 노인 치매 환자의 사망률이 위약에 비해 증가. 노인 치매 환자에 대한 위약 대조 시험에서 사망을 포함한 뇌혈관 약물이상반응(뇌졸중, 일과성 허혈발작 등)이 높은 빈도로 나타남.",동국제약(주),,,리페리달정0.5밀리그램(리스페리돈)_(0.5mg/1정),653404590,,
,,20210248,2021-07-15,급여,,,risperidone,224204ATB,"비정형 항정신병약을 투여받은 노인 치매 환자의 사망률이 위약에 비해 증가. 노인 치매 환자에 대한 위약 대조 시험에서 사망을 포함한 뇌혈관 약물이상반응(뇌졸중, 일과성 허혈발작 등)이 높은 빈도로 나타남.",한림제약(주),,,리스달정0.5밀리그램(리스페리돈)_(0.5mg/1정),645306940,,
,,20220251,2022-05-27,급여,,,sulpiride,233401ATB,"치매 고령환자에게 비정형 항정신병약물 투여시 뇌혈관 질환, 사망의 위험 증가, 고령자에 투여시 추체외로 증상 등의 부작용 발현에 주의해야 함 ",명인제약(주),,,설피딘정200mg(설피리드)수출명:피리덴정200mg(설피리드)_(0.2g/1정),651901280,,
,,20210248,2021-07-15,급여,,,quetiapine fumarate (as quetiapine),378601ATB,"다른 항정신병약과 같이 이 약을 장기간 투여 후 지연성운동이상 일으킬 위험이 있음. 지연성운동이상증의 발생률은 고령자, 특히 여성 고령자에서 높은 것으로 보임. 비정형성 항정신병 약제들을 메타 분석한 결과, 치매 관련 정신병을 가진 노인 환자에서 위약보다 사망 위험성 증가.",(주)한국파마,,,쿠에티정25밀리그램(쿠에티아핀푸마르산염)_(28.78mg/1정),653004370,,
,,20210248,2021-07-15,급여,,,quetiapine fumarate (as quetiapine),378601ATB,"다른 항정신병약과 같이 이 약을 장기간 투여 후 지연성운동이상 일으킬 위험이 있음. 지연성운동이상증의 발생률은 고령자, 특히 여성 고령자에서 높은 것으로 보임. 비정형성 항정신병 약제들을 메타 분석한 결과, 치매 관련 정신병을 가진 노인 환자에서 위약보다 사망 위험성 증가.",알보젠코리아(주),,,쎄로켈정25밀리그램(쿠에티아핀푸마르산염)_(28.78mg/1정),652606720,,
,,20210248,2021-07-15,급여,,,quetiapine fumarate (as quetiapine),378601ATB,"다른 항정신병약과 같이 이 약을 장기간 투여 후 지연성운동이상 일으킬 위험이 있음. 지연성운동이상증의 발생률은 고령자, 특히 여성 고령자에서 높은 것으로 보임. 비정형성 항정신병 약제들을 메타 분석한 결과, 치매 관련 정신병을 가진 노인 환자에서 위약보다 사망 위험성 증가.",환인제약(주),,,쿠에타핀정25밀리그램(쿠에티아핀푸마르산염)_(28.78mg/1정),657201180,,
,,20210248,2021-07-15,급여,,,quetiapine fumarate (as quetiapine),378601ATB,"다른 항정신병약과 같이 이 약을 장기간 투여 후 지연성운동이상 일으킬 위험이 있음. 지연성운동이상증의 발생률은 고령자, 특히 여성 고령자에서 높은 것으로 보임. 비정형성 항정신병 약제들을 메타 분석한 결과, 치매 관련 정신병을 가진 노인 환자에서 위약보다 사망 위험성 증가.",한림제약(주),,,카세핀정25밀리그램(쿠에티아핀푸마르산염)_(28.78mg/1정),645303330,,
,,20210248,2021-07-15,급여,,,quetiapine fumarate (as quetiapine),378601ATB,"다른 항정신병약과 같이 이 약을 장기간 투여 후 지연성운동이상 일으킬 위험이 있음. 지연성운동이상증의 발생률은 고령자, 특히 여성 고령자에서 높은 것으로 보임. 비정형성 항정신병 약제들을 메타 분석한 결과, 치매 관련 정신병을 가진 노인 환자에서 위약보다 사망 위험성 증가.",동화약품(주),,,동화쿠에티아핀정25밀리그램(쿠에티아핀푸마르산염)_(28.78mg/1정),642707360,,
,,20210248,2021-07-15,급여,,,quetiapine fumarate (as quetiapine),378601ATB,"다른 항정신병약과 같이 이 약을 장기간 투여 후 지연성운동이상 일으킬 위험이 있음. 지연성운동이상증의 발생률은 고령자, 특히 여성 고령자에서 높은 것으로 보임. 비정형성 항정신병 약제들을 메타 분석한 결과, 치매 관련 정신병을 가진 노인 환자에서 위약보다 사망 위험성 증가.",현대약품(주),,,쎄로티핀정25밀리그램(쿠에티아핀푸마르산염)_(28.78mg/1정),642003950,,
,,20210248,2021-07-15,급여,,,quetiapine fumarate (as quetiapine),378601ATB,"다른 항정신병약과 같이 이 약을 장기간 투여 후 지연성운동이상 일으킬 위험이 있음. 지연성운동이상증의 발생률은 고령자, 특히 여성 고령자에서 높은 것으로 보임. 비정형성 항정신병 약제들을 메타 분석한 결과, 치매 관련 정신병을 가진 노인 환자에서 위약보다 사망 위험성 증가.",일동제약(주),,,큐티핀정25밀리그램(쿠에티아핀푸마르산염)_(28.78mg/1정),642902670,,
,,20210248,2021-07-15,급여,,,quetiapine fumarate (as quetiapine),378601ATB,"다른 항정신병약과 같이 이 약을 장기간 투여 후 지연성운동이상 일으킬 위험이 있음. 지연성운동이상증의 발생률은 고령자, 특히 여성 고령자에서 높은 것으로 보임. 비정형성 항정신병 약제들을 메타 분석한 결과, 치매 관련 정신병을 가진 노인 환자에서 위약보다 사망 위험성 증가.",영진약품(주),,,쿠티아핀정25밀리그램(쿠에티아핀푸마르산염)_(28.78mg/1정),642402070,,
,,20210248,2021-07-15,급여,,,quetiapine fumarate (as quetiapine),378601ATB,"다른 항정신병약과 같이 이 약을 장기간 투여 후 지연성운동이상 일으킬 위험이 있음. 지연성운동이상증의 발생률은 고령자, 특히 여성 고령자에서 높은 것으로 보임. 비정형성 항정신병 약제들을 메타 분석한 결과, 치매 관련 정신병을 가진 노인 환자에서 위약보다 사망 위험성 증가.",신신제약(주),,,신신쿠에티아핀정25밀리그램(쿠에티아핀푸마르산염)_(28.78mg/1정),643802950,,
,,20210248,2021-07-15,급여,,,quetiapine fumarate (as quetiapine),378601ATB,"다른 항정신병약과 같이 이 약을 장기간 투여 후 지연성운동이상 일으킬 위험이 있음. 지연성운동이상증의 발생률은 고령자, 특히 여성 고령자에서 높은 것으로 보임. 비정형성 항정신병 약제들을 메타 분석한 결과, 치매 관련 정신병을 가진 노인 환자에서 위약보다 사망 위험성 증가.",명인제약(주),,,큐로켈정25밀리그램(쿠에티아핀푸마르산염)_(28.78mg/1정),651903270,,
,,20210248,2021-07-15,급여,,,quetiapine fumarate (as quetiapine),378601ATB,"다른 항정신병약과 같이 이 약을 장기간 투여 후 지연성운동이상 일으킬 위험이 있음. 지연성운동이상증의 발생률은 고령자, 특히 여성 고령자에서 높은 것으로 보임. 비정형성 항정신병 약제들을 메타 분석한 결과, 치매 관련 정신병을 가진 노인 환자에서 위약보다 사망 위험성 증가.",풍림무약(주),,,케타핀정25밀리그램(쿠에티아핀푸마르산염)_(28.78mg/1정),649002370,,
,,20210248,2021-07-15,급여,,,quetiapine fumarate (as quetiapine),378601ATB,"다른 항정신병약과 같이 이 약을 장기간 투여 후 지연성운동이상 일으킬 위험이 있음. 지연성운동이상증의 발생률은 고령자, 특히 여성 고령자에서 높은 것으로 보임. 비정형성 항정신병 약제들을 메타 분석한 결과, 치매 관련 정신병을 가진 노인 환자에서 위약보다 사망 위험성 증가.",하나제약(주),,,세로큐정25밀리그램(쿠에티아핀푸마르산염)_(28.78mg/1정),657807290,,
,,20210248,2021-07-15,급여,,,quetiapine fumarate (as quetiapine),378601ATB,"다른 항정신병약과 같이 이 약을 장기간 투여 후 지연성운동이상 일으킬 위험이 있음. 지연성운동이상증의 발생률은 고령자, 특히 여성 고령자에서 높은 것으로 보임. 비정형성 항정신병 약제들을 메타 분석한 결과, 치매 관련 정신병을 가진 노인 환자에서 위약보다 사망 위험성 증가.",(주)이든파마,,,에큐민정25밀리그램(쿠에티아핀푸마르산염)_(28.78mg/1정),628901650,,
,,20210248,2021-07-15,급여,,,quetiapine fumarate (as quetiapine),378601ATB,"다른 항정신병약과 같이 이 약을 장기간 투여 후 지연성운동이상 일으킬 위험이 있음. 지연성운동이상증의 발생률은 고령자, 특히 여성 고령자에서 높은 것으로 보임. 비정형성 항정신병 약제들을 메타 분석한 결과, 치매 관련 정신병을 가진 노인 환자에서 위약보다 사망 위험성 증가.",익수제약(주),,,쿠에티나정25밀리그램(쿠에티아핀푸마르산염)_(28.78mg/1정),658502290,,
,,20210248,2021-07-15,급여,,,quetiapine fumarate (as quetiapine),378601ATB,"다른 항정신병약과 같이 이 약을 장기간 투여 후 지연성운동이상 일으킬 위험이 있음. 지연성운동이상증의 발생률은 고령자, 특히 여성 고령자에서 높은 것으로 보임. 비정형성 항정신병 약제들을 메타 분석한 결과, 치매 관련 정신병을 가진 노인 환자에서 위약보다 사망 위험성 증가.",(주)티디에스팜,,,티디핀정25밀리그램(쿠에티아핀푸마르산염)_(28.78mg/1정),679801870,,
,,20210248,2021-07-15,급여,,,quetiapine fumarate (as quetiapine),378601ATB,"다른 항정신병약과 같이 이 약을 장기간 투여 후 지연성운동이상 일으킬 위험이 있음. 지연성운동이상증의 발생률은 고령자, 특히 여성 고령자에서 높은 것으로 보임. 비정형성 항정신병 약제들을 메타 분석한 결과, 치매 관련 정신병을 가진 노인 환자에서 위약보다 사망 위험성 증가.",(주)메디카코리아,,,퀘티아핀정25밀리그램(쿠에티아핀푸마르산염)_(28.78mg/1정),646004700,,
,,20210248,2021-07-15,급여,,,quetiapine fumarate (as quetiapine),378601ATB,"다른 항정신병약과 같이 이 약을 장기간 투여 후 지연성운동이상 일으킬 위험이 있음. 지연성운동이상증의 발생률은 고령자, 특히 여성 고령자에서 높은 것으로 보임. 비정형성 항정신병 약제들을 메타 분석한 결과, 치매 관련 정신병을 가진 노인 환자에서 위약보다 사망 위험성 증가.",한국휴텍스제약(주),,,쿠에핀정25mg(쿠에티아핀푸마르산염)_(28.78mg/1정),649104030,,
,,20210248,2021-07-15,급여,,,quetiapine fumarate (as quetiapine),378601ATB,"다른 항정신병약과 같이 이 약을 장기간 투여 후 지연성운동이상 일으킬 위험이 있음. 지연성운동이상증의 발생률은 고령자, 특히 여성 고령자에서 높은 것으로 보임. 비정형성 항정신병 약제들을 메타 분석한 결과, 치매 관련 정신병을 가진 노인 환자에서 위약보다 사망 위험성 증가.",영풍제약(주),,,쿠아틴정25밀리그램(쿠에티아핀푸마르산염)_(28.78mg/1정),661905080,,
,,20210248,2021-07-15,급여,,,quetiapine fumarate (as quetiapine),378601ATB,"다른 항정신병약과 같이 이 약을 장기간 투여 후 지연성운동이상 일으킬 위험이 있음. 지연성운동이상증의 발생률은 고령자, 특히 여성 고령자에서 높은 것으로 보임. 비정형성 항정신병 약제들을 메타 분석한 결과, 치매 관련 정신병을 가진 노인 환자에서 위약보다 사망 위험성 증가.",삼성제약(주),,,삼성쿠에티아핀정25밀리그램(쿠에티아핀푸마르산염)_(28.78mg/1정),642307030,,
,,20210248,2021-07-15,급여,,,quetiapine fumarate (as quetiapine),378601ATB,"다른 항정신병약과 같이 이 약을 장기간 투여 후 지연성운동이상 일으킬 위험이 있음. 지연성운동이상증의 발생률은 고령자, 특히 여성 고령자에서 높은 것으로 보임. 비정형성 항정신병 약제들을 메타 분석한 결과, 치매 관련 정신병을 가진 노인 환자에서 위약보다 사망 위험성 증가.",(주)다산제약,,,쿠아핀정25밀리그램(쿠에티아핀푸마르산염)_(28.78mg/1정),678601010,,
,,20210248,2021-07-15,급여,,,quetiapine fumarate (as quetiapine),378601ATB,"다른 항정신병약과 같이 이 약을 장기간 투여 후 지연성운동이상 일으킬 위험이 있음. 지연성운동이상증의 발생률은 고령자, 특히 여성 고령자에서 높은 것으로 보임. 비정형성 항정신병 약제들을 메타 분석한 결과, 치매 관련 정신병을 가진 노인 환자에서 위약보다 사망 위험성 증가.",유니메드제약(주),,,콰이치정25밀리그램(쿠에티아핀푸마르산염)_(28.78mg/1정),649507590,,
,,20210248,2021-07-15,급여,,,quetiapine fumarate (as quetiapine),378601ATB,"다른 항정신병약과 같이 이 약을 장기간 투여 후 지연성운동이상 일으킬 위험이 있음. 지연성운동이상증의 발생률은 고령자, 특히 여성 고령자에서 높은 것으로 보임. 비정형성 항정신병 약제들을 메타 분석한 결과, 치매 관련 정신병을 가진 노인 환자에서 위약보다 사망 위험성 증가.",한화제약(주),,,한화쿼테아핀정25밀리그램(쿠에티아핀푸마르산염)_(28.78mg/1정),651602450,,
,,20210248,2021-07-15,급여,,,quetiapine fumarate (as quetiapine),378601ATB,"다른 항정신병약과 같이 이 약을 장기간 투여 후 지연성운동이상 일으킬 위험이 있음. 지연성운동이상증의 발생률은 고령자, 특히 여성 고령자에서 높은 것으로 보임. 비정형성 항정신병 약제들을 메타 분석한 결과, 치매 관련 정신병을 가진 노인 환자에서 위약보다 사망 위험성 증가.",(주)제뉴파마,,,피엠에스쿠에티아핀정25mg(쿠에티아핀푸마르산염)_(28.78mg/1정),698003080,,
,,20210248,2021-07-15,급여,,,quetiapine fumarate (as quetiapine),378601ATB,"다른 항정신병약과 같이 이 약을 장기간 투여 후 지연성운동이상 일으킬 위험이 있음. 지연성운동이상증의 발생률은 고령자, 특히 여성 고령자에서 높은 것으로 보임. 비정형성 항정신병 약제들을 메타 분석한 결과, 치매 관련 정신병을 가진 노인 환자에서 위약보다 사망 위험성 증가.",대웅바이오(주),,,쎄로타핀정25밀리그램(쿠에티아핀푸마르산염)_(28.78mg/1정),694002920,,
,,20210248,2021-07-15,급여,,,quetiapine fumarate (as quetiapine),378601ATB,"다른 항정신병약과 같이 이 약을 장기간 투여 후 지연성운동이상 일으킬 위험이 있음. 지연성운동이상증의 발생률은 고령자, 특히 여성 고령자에서 높은 것으로 보임. 비정형성 항정신병 약제들을 메타 분석한 결과, 치매 관련 정신병을 가진 노인 환자에서 위약보다 사망 위험성 증가.",명문제약(주),,,명문쿠에티아핀정25밀리그램(쿠에티아핀푸마르산염)_(28.78mg/1정),649804210,,
,,20210248,2021-07-15,급여,,,quetiapine fumarate (as quetiapine),378601ATB,"다른 항정신병약과 같이 이 약을 장기간 투여 후 지연성운동이상 일으킬 위험이 있음. 지연성운동이상증의 발생률은 고령자, 특히 여성 고령자에서 높은 것으로 보임. 비정형성 항정신병 약제들을 메타 분석한 결과, 치매 관련 정신병을 가진 노인 환자에서 위약보다 사망 위험성 증가.",한미약품(주),,,스무디핀정25밀리그램(쿠에티아핀푸마르산염)_(28.78mg/1정),643504510,,
,,20210248,2021-07-15,급여,,,quetiapine fumarate (as quetiapine),378601ATB,"다른 항정신병약과 같이 이 약을 장기간 투여 후 지연성운동이상 일으킬 위험이 있음. 지연성운동이상증의 발생률은 고령자, 특히 여성 고령자에서 높은 것으로 보임. 비정형성 항정신병 약제들을 메타 분석한 결과, 치매 관련 정신병을 가진 노인 환자에서 위약보다 사망 위험성 증가.",위더스제약(주),,,세로아핀정25mg(쿠에티아핀푸마르산염)_(28.78mg/1정),660702930,,
,,20210248,2021-07-15,급여,,,quetiapine fumarate (as quetiapine),378602ATB,"다른 항정신병약과 같이 이 약을 장기간 투여 후 지연성운동이상 일으킬 위험이 있음. 지연성운동이상증의 발생률은 고령자, 특히 여성 고령자에서 높은 것으로 보임. 비정형성 항정신병 약제들을 메타 분석한 결과, 치매 관련 정신병을 가진 노인 환자에서 위약보다 사망 위험성 증가.",한미약품(주),,,스무디핀정100밀리그램(쿠에티아핀푸마르산염)_(0.11513g/1정),643504640,,
,,20210248,2021-07-15,급여,,,quetiapine fumarate (as quetiapine),378602ATB,"다른 항정신병약과 같이 이 약을 장기간 투여 후 지연성운동이상 일으킬 위험이 있음. 지연성운동이상증의 발생률은 고령자, 특히 여성 고령자에서 높은 것으로 보임. 비정형성 항정신병 약제들을 메타 분석한 결과, 치매 관련 정신병을 가진 노인 환자에서 위약보다 사망 위험성 증가.",알보젠코리아(주),,,쎄로켈정100밀리그램(쿠에티아핀푸마르산염)_(0.11513g/1정),652606730,,
,,20210248,2021-07-15,급여,,,quetiapine fumarate (as quetiapine),378602ATB,"다른 항정신병약과 같이 이 약을 장기간 투여 후 지연성운동이상 일으킬 위험이 있음. 지연성운동이상증의 발생률은 고령자, 특히 여성 고령자에서 높은 것으로 보임. 비정형성 항정신병 약제들을 메타 분석한 결과, 치매 관련 정신병을 가진 노인 환자에서 위약보다 사망 위험성 증가.",(주)한국파마,,,쿠에티정(쿠에티아핀푸마르산염)_(0.11513g/1정),653004360,,
,,20210248,2021-07-15,급여,,,quetiapine fumarate (as quetiapine),378602ATB,"다른 항정신병약과 같이 이 약을 장기간 투여 후 지연성운동이상 일으킬 위험이 있음. 지연성운동이상증의 발생률은 고령자, 특히 여성 고령자에서 높은 것으로 보임. 비정형성 항정신병 약제들을 메타 분석한 결과, 치매 관련 정신병을 가진 노인 환자에서 위약보다 사망 위험성 증가.",일동제약(주),,,큐티핀정100밀리그램(쿠에티아핀푸마르산염)_(0.11512g/1정),642902890,,
,,20210248,2021-07-15,급여,,,quetiapine fumarate (as quetiapine),378602ATB,"다른 항정신병약과 같이 이 약을 장기간 투여 후 지연성운동이상 일으킬 위험이 있음. 지연성운동이상증의 발생률은 고령자, 특히 여성 고령자에서 높은 것으로 보임. 비정형성 항정신병 약제들을 메타 분석한 결과, 치매 관련 정신병을 가진 노인 환자에서 위약보다 사망 위험성 증가.",현대약품(주),,,쎄로티핀정100밀리그램(쿠에티아핀푸마르산염)_(0.11513g/1정),642003920,,
,,20210248,2021-07-15,급여,,,quetiapine fumarate (as quetiapine),378602ATB,"다른 항정신병약과 같이 이 약을 장기간 투여 후 지연성운동이상 일으킬 위험이 있음. 지연성운동이상증의 발생률은 고령자, 특히 여성 고령자에서 높은 것으로 보임. 비정형성 항정신병 약제들을 메타 분석한 결과, 치매 관련 정신병을 가진 노인 환자에서 위약보다 사망 위험성 증가.",한림제약(주),,,카세핀정100밀리그램(쿠에티아핀푸마르산염)_(0.11513g/1정),645301550,,
,,20210248,2021-07-15,급여,,,quetiapine fumarate (as quetiapine),378602ATB,"다른 항정신병약과 같이 이 약을 장기간 투여 후 지연성운동이상 일으킬 위험이 있음. 지연성운동이상증의 발생률은 고령자, 특히 여성 고령자에서 높은 것으로 보임. 비정형성 항정신병 약제들을 메타 분석한 결과, 치매 관련 정신병을 가진 노인 환자에서 위약보다 사망 위험성 증가.",환인제약(주),,,쿠에타핀정100밀리그램(쿠에티아핀푸마르산염)_(0.11513g/1정),657201130,,
,,20210248,2021-07-15,급여,,,quetiapine fumarate (as quetiapine),378602ATB,"다른 항정신병약과 같이 이 약을 장기간 투여 후 지연성운동이상 일으킬 위험이 있음. 지연성운동이상증의 발생률은 고령자, 특히 여성 고령자에서 높은 것으로 보임. 비정형성 항정신병 약제들을 메타 분석한 결과, 치매 관련 정신병을 가진 노인 환자에서 위약보다 사망 위험성 증가.",동화약품(주),,,동화쿠에티아핀정100밀리그램(쿠에티아핀푸마르산염)_(0.11513g/1정),642707340,,
,,20210248,2021-07-15,급여,,,quetiapine fumarate (as quetiapine),378602ATB,"다른 항정신병약과 같이 이 약을 장기간 투여 후 지연성운동이상 일으킬 위험이 있음. 지연성운동이상증의 발생률은 고령자, 특히 여성 고령자에서 높은 것으로 보임. 비정형성 항정신병 약제들을 메타 분석한 결과, 치매 관련 정신병을 가진 노인 환자에서 위약보다 사망 위험성 증가.",영진약품(주),,,쿠티아핀정100밀리그램(쿠에티아핀푸마르산염)_(0.11513g/1정),642401380,,
,,20210248,2021-07-15,급여,,,quetiapine fumarate (as quetiapine),378602ATB,"다른 항정신병약과 같이 이 약을 장기간 투여 후 지연성운동이상 일으킬 위험이 있음. 지연성운동이상증의 발생률은 고령자, 특히 여성 고령자에서 높은 것으로 보임. 비정형성 항정신병 약제들을 메타 분석한 결과, 치매 관련 정신병을 가진 노인 환자에서 위약보다 사망 위험성 증가.",신신제약(주),,,신신쿠에티아핀정100밀리그램(쿠에티아핀푸마르산염)_(0.11513g/1정),643802960,,
,,20210248,2021-07-15,급여,,,quetiapine fumarate (as quetiapine),378602ATB,"다른 항정신병약과 같이 이 약을 장기간 투여 후 지연성운동이상 일으킬 위험이 있음. 지연성운동이상증의 발생률은 고령자, 특히 여성 고령자에서 높은 것으로 보임. 비정형성 항정신병 약제들을 메타 분석한 결과, 치매 관련 정신병을 가진 노인 환자에서 위약보다 사망 위험성 증가.",명인제약(주),,,큐로켈정100밀리그램(쿠에티아핀푸마르산염)_(0.11513g/1정),651901980,,
,,20210248,2021-07-15,급여,,,quetiapine fumarate (as quetiapine),378602ATB,"다른 항정신병약과 같이 이 약을 장기간 투여 후 지연성운동이상 일으킬 위험이 있음. 지연성운동이상증의 발생률은 고령자, 특히 여성 고령자에서 높은 것으로 보임. 비정형성 항정신병 약제들을 메타 분석한 결과, 치매 관련 정신병을 가진 노인 환자에서 위약보다 사망 위험성 증가.",(주)라이트팜텍,,,비엘쿠에티정100밀리그램(쿠에티아핀푸마르산염)_(0.11513g/1정),690301220,,
,,20210248,2021-07-15,급여,,,quetiapine fumarate (as quetiapine),378602ATB,"다른 항정신병약과 같이 이 약을 장기간 투여 후 지연성운동이상 일으킬 위험이 있음. 지연성운동이상증의 발생률은 고령자, 특히 여성 고령자에서 높은 것으로 보임. 비정형성 항정신병 약제들을 메타 분석한 결과, 치매 관련 정신병을 가진 노인 환자에서 위약보다 사망 위험성 증가.",풍림무약(주),,,케타핀정100밀리그램(쿠에티아핀푸마르산염)_(0.11513g/1정),649002360,,
,,20210248,2021-07-15,급여,,,quetiapine fumarate (as quetiapine),378602ATB,"다른 항정신병약과 같이 이 약을 장기간 투여 후 지연성운동이상 일으킬 위험이 있음. 지연성운동이상증의 발생률은 고령자, 특히 여성 고령자에서 높은 것으로 보임. 비정형성 항정신병 약제들을 메타 분석한 결과, 치매 관련 정신병을 가진 노인 환자에서 위약보다 사망 위험성 증가.",하나제약(주),,,세로큐정100밀리그램(쿠에티아핀푸마르산염)_(0.11513g/1정),657807320,,
,,20210248,2021-07-15,급여,,,quetiapine fumarate (as quetiapine),378602ATB,"다른 항정신병약과 같이 이 약을 장기간 투여 후 지연성운동이상 일으킬 위험이 있음. 지연성운동이상증의 발생률은 고령자, 특히 여성 고령자에서 높은 것으로 보임. 비정형성 항정신병 약제들을 메타 분석한 결과, 치매 관련 정신병을 가진 노인 환자에서 위약보다 사망 위험성 증가.",(주)이든파마,,,에큐민정100밀리그램(쿠에티아핀푸마르산염)_(0.11513g/1정),628901680,,
,,20210248,2021-07-15,급여,,,quetiapine fumarate (as quetiapine),378602ATB,"다른 항정신병약과 같이 이 약을 장기간 투여 후 지연성운동이상 일으킬 위험이 있음. 지연성운동이상증의 발생률은 고령자, 특히 여성 고령자에서 높은 것으로 보임. 비정형성 항정신병 약제들을 메타 분석한 결과, 치매 관련 정신병을 가진 노인 환자에서 위약보다 사망 위험성 증가.",(주)메디카코리아,,,퀘티아핀정100밀리그램(쿠에티아핀푸마르산염)_(0.11513g/1정),646004710,,
,,20210248,2021-07-15,급여,,,quetiapine fumarate (as quetiapine),378602ATB,"다른 항정신병약과 같이 이 약을 장기간 투여 후 지연성운동이상 일으킬 위험이 있음. 지연성운동이상증의 발생률은 고령자, 특히 여성 고령자에서 높은 것으로 보임. 비정형성 항정신병 약제들을 메타 분석한 결과, 치매 관련 정신병을 가진 노인 환자에서 위약보다 사망 위험성 증가.",영풍제약(주),,,쿠아틴정100밀리그램(쿠에티아핀푸마르산염)_(0.11513g/1정),661905090,,
,,20210248,2021-07-15,급여,,,quetiapine fumarate (as quetiapine),378602ATB,"다른 항정신병약과 같이 이 약을 장기간 투여 후 지연성운동이상 일으킬 위험이 있음. 지연성운동이상증의 발생률은 고령자, 특히 여성 고령자에서 높은 것으로 보임. 비정형성 항정신병 약제들을 메타 분석한 결과, 치매 관련 정신병을 가진 노인 환자에서 위약보다 사망 위험성 증가.",(주)다산제약,,,쿠아핀정100밀리그램(쿠에티아핀푸마르산염)_(0.11513g/1정),678601030,,
,,20210248,2021-07-15,급여,,,quetiapine fumarate (as quetiapine),378602ATB,"다른 항정신병약과 같이 이 약을 장기간 투여 후 지연성운동이상 일으킬 위험이 있음. 지연성운동이상증의 발생률은 고령자, 특히 여성 고령자에서 높은 것으로 보임. 비정형성 항정신병 약제들을 메타 분석한 결과, 치매 관련 정신병을 가진 노인 환자에서 위약보다 사망 위험성 증가.",(주)제뉴파마,,,피엠에스쿠에티아핀정100mg(쿠에티아핀푸마르산염)_(0.11513g/1정),698003100,,
,,20210248,2021-07-15,급여,,,quetiapine fumarate (as quetiapine),378602ATB,"다른 항정신병약과 같이 이 약을 장기간 투여 후 지연성운동이상 일으킬 위험이 있음. 지연성운동이상증의 발생률은 고령자, 특히 여성 고령자에서 높은 것으로 보임. 비정형성 항정신병 약제들을 메타 분석한 결과, 치매 관련 정신병을 가진 노인 환자에서 위약보다 사망 위험성 증가.",유니메드제약(주),,,콰이치정100밀리그램(쿠에티아핀푸마르산염)_(0.11513g/1정),649507600,,
,,20210248,2021-07-15,급여,,,quetiapine fumarate (as quetiapine),378602ATB,"다른 항정신병약과 같이 이 약을 장기간 투여 후 지연성운동이상 일으킬 위험이 있음. 지연성운동이상증의 발생률은 고령자, 특히 여성 고령자에서 높은 것으로 보임. 비정형성 항정신병 약제들을 메타 분석한 결과, 치매 관련 정신병을 가진 노인 환자에서 위약보다 사망 위험성 증가.",한화제약(주),,,한화쿼테아핀정100밀리그램(쿠에티아핀푸마르산염)_(0.11513g/1정),651602440,,
,,20210248,2021-07-15,급여,,,quetiapine fumarate (as quetiapine),378602ATB,"다른 항정신병약과 같이 이 약을 장기간 투여 후 지연성운동이상 일으킬 위험이 있음. 지연성운동이상증의 발생률은 고령자, 특히 여성 고령자에서 높은 것으로 보임. 비정형성 항정신병 약제들을 메타 분석한 결과, 치매 관련 정신병을 가진 노인 환자에서 위약보다 사망 위험성 증가.",대웅바이오(주),,,쎄로타핀정100밀리그램(쿠에티아핀푸마르산염)_(0.11513g/1정),694002910,,
,,20210248,2021-07-15,급여,,,quetiapine fumarate (as quetiapine),378602ATB,"다른 항정신병약과 같이 이 약을 장기간 투여 후 지연성운동이상 일으킬 위험이 있음. 지연성운동이상증의 발생률은 고령자, 특히 여성 고령자에서 높은 것으로 보임. 비정형성 항정신병 약제들을 메타 분석한 결과, 치매 관련 정신병을 가진 노인 환자에서 위약보다 사망 위험성 증가.",위더스제약(주),,,세로아핀정100mg(쿠에티아핀푸마르산염)_(0.11513g/1정),660702920,,
,,20210248,2021-07-15,급여,,,quetiapine fumarate (as quetiapine),378602ATB,"다른 항정신병약과 같이 이 약을 장기간 투여 후 지연성운동이상 일으킬 위험이 있음. 지연성운동이상증의 발생률은 고령자, 특히 여성 고령자에서 높은 것으로 보임. 비정형성 항정신병 약제들을 메타 분석한 결과, 치매 관련 정신병을 가진 노인 환자에서 위약보다 사망 위험성 증가.",명문제약(주),,,명문쿠에티아핀정(쿠에티아핀푸마르산염)_(0.11513g/1정),649801490,,
,,20210248,2021-07-15,급여,,,quetiapine fumarate (as quetiapine),378603ATB,"다른 항정신병약과 같이 이 약을 장기간 투여 후 지연성운동이상 일으킬 위험이 있음. 지연성운동이상증의 발생률은 고령자, 특히 여성 고령자에서 높은 것으로 보임. 비정형성 항정신병 약제들을 메타 분석한 결과, 치매 관련 정신병을 가진 노인 환자에서 위약보다 사망 위험성 증가.",알보젠코리아(주),,,쎄로켈정200밀리그램(쿠에티아핀푸마르산염)_(0.23026g/1정),652606740,,
,,20210248,2021-07-15,급여,,,quetiapine fumarate (as quetiapine),378603ATB,"다른 항정신병약과 같이 이 약을 장기간 투여 후 지연성운동이상 일으킬 위험이 있음. 지연성운동이상증의 발생률은 고령자, 특히 여성 고령자에서 높은 것으로 보임. 비정형성 항정신병 약제들을 메타 분석한 결과, 치매 관련 정신병을 가진 노인 환자에서 위약보다 사망 위험성 증가.",일동제약(주),,,큐티핀정200밀리그램(쿠에티아핀푸마르산염)_(0.23024g/1정),642902900,,
,,20210248,2021-07-15,급여,,,quetiapine fumarate (as quetiapine),378603ATB,"다른 항정신병약과 같이 이 약을 장기간 투여 후 지연성운동이상 일으킬 위험이 있음. 지연성운동이상증의 발생률은 고령자, 특히 여성 고령자에서 높은 것으로 보임. 비정형성 항정신병 약제들을 메타 분석한 결과, 치매 관련 정신병을 가진 노인 환자에서 위약보다 사망 위험성 증가.",한림제약(주),,,카세핀정200밀리그램(쿠에티아핀푸마르산염)_(0.23026g/1정),645303320,,
,,20210248,2021-07-15,급여,,,quetiapine fumarate (as quetiapine),378603ATB,"다른 항정신병약과 같이 이 약을 장기간 투여 후 지연성운동이상 일으킬 위험이 있음. 지연성운동이상증의 발생률은 고령자, 특히 여성 고령자에서 높은 것으로 보임. 비정형성 항정신병 약제들을 메타 분석한 결과, 치매 관련 정신병을 가진 노인 환자에서 위약보다 사망 위험성 증가.",환인제약(주),,,쿠에타핀정200밀리그램(쿠에티아핀푸마르산염)_(0.23026g/1정),657201170,,
,,20210248,2021-07-15,급여,,,quetiapine fumarate (as quetiapine),378603ATB,"다른 항정신병약과 같이 이 약을 장기간 투여 후 지연성운동이상 일으킬 위험이 있음. 지연성운동이상증의 발생률은 고령자, 특히 여성 고령자에서 높은 것으로 보임. 비정형성 항정신병 약제들을 메타 분석한 결과, 치매 관련 정신병을 가진 노인 환자에서 위약보다 사망 위험성 증가.",동화약품(주),,,동화쿠에티아핀정200밀리그램(쿠에티아핀푸마르산염)_(0.23026g/1정),642707350,,
,,20210248,2021-07-15,급여,,,quetiapine fumarate (as quetiapine),378603ATB,"다른 항정신병약과 같이 이 약을 장기간 투여 후 지연성운동이상 일으킬 위험이 있음. 지연성운동이상증의 발생률은 고령자, 특히 여성 고령자에서 높은 것으로 보임. 비정형성 항정신병 약제들을 메타 분석한 결과, 치매 관련 정신병을 가진 노인 환자에서 위약보다 사망 위험성 증가.",(주)한국파마,,,쿠에티정200밀리그램(쿠에티아핀푸마르산염)_(0.23026g/1정),653004380,,
,,20210248,2021-07-15,급여,,,quetiapine fumarate (as quetiapine),378603ATB,"다른 항정신병약과 같이 이 약을 장기간 투여 후 지연성운동이상 일으킬 위험이 있음. 지연성운동이상증의 발생률은 고령자, 특히 여성 고령자에서 높은 것으로 보임. 비정형성 항정신병 약제들을 메타 분석한 결과, 치매 관련 정신병을 가진 노인 환자에서 위약보다 사망 위험성 증가.",현대약품(주),,,쎄로티핀정200밀리그램(쿠에티아핀푸마르산염)_(0.23026g/1정),642003900,,
,,20210248,2021-07-15,급여,,,quetiapine fumarate (as quetiapine),378603ATB,"다른 항정신병약과 같이 이 약을 장기간 투여 후 지연성운동이상 일으킬 위험이 있음. 지연성운동이상증의 발생률은 고령자, 특히 여성 고령자에서 높은 것으로 보임. 비정형성 항정신병 약제들을 메타 분석한 결과, 치매 관련 정신병을 가진 노인 환자에서 위약보다 사망 위험성 증가.",영진약품(주),,,쿠티아핀정200밀리그램(쿠에티아핀푸마르산염)_(0.23026g/1정),642402100,,
,,20210248,2021-07-15,급여,,,quetiapine fumarate (as quetiapine),378603ATB,"다른 항정신병약과 같이 이 약을 장기간 투여 후 지연성운동이상 일으킬 위험이 있음. 지연성운동이상증의 발생률은 고령자, 특히 여성 고령자에서 높은 것으로 보임. 비정형성 항정신병 약제들을 메타 분석한 결과, 치매 관련 정신병을 가진 노인 환자에서 위약보다 사망 위험성 증가.",명인제약(주),,,큐로켈정200밀리그램(쿠에티아핀푸마르산염)_(0.23026g/1정),651903300,,
,,20210248,2021-07-15,급여,,,quetiapine fumarate (as quetiapine),378603ATB,"다른 항정신병약과 같이 이 약을 장기간 투여 후 지연성운동이상 일으킬 위험이 있음. 지연성운동이상증의 발생률은 고령자, 특히 여성 고령자에서 높은 것으로 보임. 비정형성 항정신병 약제들을 메타 분석한 결과, 치매 관련 정신병을 가진 노인 환자에서 위약보다 사망 위험성 증가.",건일바이오팜주식회사,,,티아펜정200밀리그램(쿠에티아핀푸마르산염)_(0.23026g/1정),73001070,,
,,20210248,2021-07-15,급여,,,quetiapine fumarate (as quetiapine),378603ATB,"다른 항정신병약과 같이 이 약을 장기간 투여 후 지연성운동이상 일으킬 위험이 있음. 지연성운동이상증의 발생률은 고령자, 특히 여성 고령자에서 높은 것으로 보임. 비정형성 항정신병 약제들을 메타 분석한 결과, 치매 관련 정신병을 가진 노인 환자에서 위약보다 사망 위험성 증가.",풍림무약(주),,,케타핀정200밀리그램(쿠에티아핀푸마르산염)_(0.23026g/1정),649002350,,
,,20210248,2021-07-15,급여,,,quetiapine fumarate (as quetiapine),378603ATB,"다른 항정신병약과 같이 이 약을 장기간 투여 후 지연성운동이상 일으킬 위험이 있음. 지연성운동이상증의 발생률은 고령자, 특히 여성 고령자에서 높은 것으로 보임. 비정형성 항정신병 약제들을 메타 분석한 결과, 치매 관련 정신병을 가진 노인 환자에서 위약보다 사망 위험성 증가.",하나제약(주),,,세로큐정200밀리그램(쿠에티아핀푸마르산염)_(0.23026g/1정),657807310,,
,,20210248,2021-07-15,급여,,,quetiapine fumarate (as quetiapine),378603ATB,"다른 항정신병약과 같이 이 약을 장기간 투여 후 지연성운동이상 일으킬 위험이 있음. 지연성운동이상증의 발생률은 고령자, 특히 여성 고령자에서 높은 것으로 보임. 비정형성 항정신병 약제들을 메타 분석한 결과, 치매 관련 정신병을 가진 노인 환자에서 위약보다 사망 위험성 증가.",(주)이든파마,,,에큐민정200밀리그램(쿠에티아핀푸마르산염)_(0.23026g/1정),628901660,,
,,20210248,2021-07-15,급여,,,quetiapine fumarate (as quetiapine),378603ATB,"다른 항정신병약과 같이 이 약을 장기간 투여 후 지연성운동이상 일으킬 위험이 있음. 지연성운동이상증의 발생률은 고령자, 특히 여성 고령자에서 높은 것으로 보임. 비정형성 항정신병 약제들을 메타 분석한 결과, 치매 관련 정신병을 가진 노인 환자에서 위약보다 사망 위험성 증가.",(주)다산제약,,,쿠아핀정200밀리그램(쿠에티아핀푸마르산염)_(0.23026g/1정),678601550,,
,,20210248,2021-07-15,급여,,,quetiapine fumarate (as quetiapine),378603ATB,"다른 항정신병약과 같이 이 약을 장기간 투여 후 지연성운동이상 일으킬 위험이 있음. 지연성운동이상증의 발생률은 고령자, 특히 여성 고령자에서 높은 것으로 보임. 비정형성 항정신병 약제들을 메타 분석한 결과, 치매 관련 정신병을 가진 노인 환자에서 위약보다 사망 위험성 증가.",영풍제약(주),,,쿠아틴정200밀리그램(쿠에티아핀푸마르산염)_(0.23026g/1정),661905110,,
,,20210248,2021-07-15,급여,,,quetiapine fumarate (as quetiapine),378603ATB,"다른 항정신병약과 같이 이 약을 장기간 투여 후 지연성운동이상 일으킬 위험이 있음. 지연성운동이상증의 발생률은 고령자, 특히 여성 고령자에서 높은 것으로 보임. 비정형성 항정신병 약제들을 메타 분석한 결과, 치매 관련 정신병을 가진 노인 환자에서 위약보다 사망 위험성 증가.",명문제약(주),,,명문쿠에티아핀정200밀리그램(쿠에티아핀푸마르산염)_(0.23026g/1정),649804200,,
,,20210248,2021-07-15,급여,,,quetiapine fumarate (as quetiapine),378603ATB,"다른 항정신병약과 같이 이 약을 장기간 투여 후 지연성운동이상 일으킬 위험이 있음. 지연성운동이상증의 발생률은 고령자, 특히 여성 고령자에서 높은 것으로 보임. 비정형성 항정신병 약제들을 메타 분석한 결과, 치매 관련 정신병을 가진 노인 환자에서 위약보다 사망 위험성 증가.",(주)제뉴파마,,,피엠에스쿠에티아핀정200mg(쿠에티아핀푸마르산염)_(0.23026g/1정),698003090,,
,,20210248,2021-07-15,급여,,,quetiapine fumarate (as quetiapine),378603ATB,"다른 항정신병약과 같이 이 약을 장기간 투여 후 지연성운동이상 일으킬 위험이 있음. 지연성운동이상증의 발생률은 고령자, 특히 여성 고령자에서 높은 것으로 보임. 비정형성 항정신병 약제들을 메타 분석한 결과, 치매 관련 정신병을 가진 노인 환자에서 위약보다 사망 위험성 증가.",대웅바이오(주),,,쎄로타핀정200밀리그램(쿠에티아핀푸마르산염)_(0.23026g/1정),694002890,,
,,20210248,2021-07-15,급여,,,quetiapine fumarate (as quetiapine),378603ATB,"다른 항정신병약과 같이 이 약을 장기간 투여 후 지연성운동이상 일으킬 위험이 있음. 지연성운동이상증의 발생률은 고령자, 특히 여성 고령자에서 높은 것으로 보임. 비정형성 항정신병 약제들을 메타 분석한 결과, 치매 관련 정신병을 가진 노인 환자에서 위약보다 사망 위험성 증가.",한미약품(주),,,스무디핀정200밀리그램(쿠에티아핀푸마르산염)_(0.23026g/1정),643504520,,
,,20210248,2021-07-15,급여,,,quetiapine fumarate (as quetiapine),378604ATB,"다른 항정신병약과 같이 이 약을 장기간 투여 후 지연성운동이상 일으킬 위험이 있음. 지연성운동이상증의 발생률은 고령자, 특히 여성 고령자에서 높은 것으로 보임. 비정형성 항정신병 약제들을 메타 분석한 결과, 치매 관련 정신병을 가진 노인 환자에서 위약보다 사망 위험성 증가.",알보젠코리아(주),,,쎄로켈정300밀리그램(쿠에티아핀푸마르산염)_(0.34539g/1정),652606760,,
,,20210248,2021-07-15,급여,,,quetiapine fumarate (as quetiapine),378604ATB,"다른 항정신병약과 같이 이 약을 장기간 투여 후 지연성운동이상 일으킬 위험이 있음. 지연성운동이상증의 발생률은 고령자, 특히 여성 고령자에서 높은 것으로 보임. 비정형성 항정신병 약제들을 메타 분석한 결과, 치매 관련 정신병을 가진 노인 환자에서 위약보다 사망 위험성 증가.",(주)제뉴파마,,,피엠에스쿠에티아핀정300mg(쿠에티아핀푸마르산염)_(0.34539g/1정),698003110,,
,,20210248,2021-07-15,급여,,,quetiapine fumarate (as quetiapine),378604ATB,"다른 항정신병약과 같이 이 약을 장기간 투여 후 지연성운동이상 일으킬 위험이 있음. 지연성운동이상증의 발생률은 고령자, 특히 여성 고령자에서 높은 것으로 보임. 비정형성 항정신병 약제들을 메타 분석한 결과, 치매 관련 정신병을 가진 노인 환자에서 위약보다 사망 위험성 증가.",(주)한국파마,,,쿠에티정300밀리그램(쿠에티아핀푸마르산염)_(0.34539g/1정),653004390,,
,,20210248,2021-07-15,급여,,,quetiapine fumarate (as quetiapine),378604ATB,"다른 항정신병약과 같이 이 약을 장기간 투여 후 지연성운동이상 일으킬 위험이 있음. 지연성운동이상증의 발생률은 고령자, 특히 여성 고령자에서 높은 것으로 보임. 비정형성 항정신병 약제들을 메타 분석한 결과, 치매 관련 정신병을 가진 노인 환자에서 위약보다 사망 위험성 증가.",한림제약(주),,,카세핀정300밀리그램(쿠에티아핀푸마르산염)_(0.34539g/1정),645303480,,
,,20210248,2021-07-15,급여,,,quetiapine fumarate (as quetiapine),378604ATB,"다른 항정신병약과 같이 이 약을 장기간 투여 후 지연성운동이상 일으킬 위험이 있음. 지연성운동이상증의 발생률은 고령자, 특히 여성 고령자에서 높은 것으로 보임. 비정형성 항정신병 약제들을 메타 분석한 결과, 치매 관련 정신병을 가진 노인 환자에서 위약보다 사망 위험성 증가.",현대약품(주),,,쎄로티핀정300밀리그램(쿠에티아핀푸마르산염)_(0.34539g/1정),642003910,,
,,20210248,2021-07-15,급여,,,quetiapine fumarate (as quetiapine),378604ATB,"다른 항정신병약과 같이 이 약을 장기간 투여 후 지연성운동이상 일으킬 위험이 있음. 지연성운동이상증의 발생률은 고령자, 특히 여성 고령자에서 높은 것으로 보임. 비정형성 항정신병 약제들을 메타 분석한 결과, 치매 관련 정신병을 가진 노인 환자에서 위약보다 사망 위험성 증가.",동화약품(주),,,동화쿠에티아핀정300밀리그램(쿠에티아핀푸마르산염)_(0.34539g/1정),642707330,,
,,20210248,2021-07-15,급여,,,quetiapine fumarate (as quetiapine),378604ATB,"다른 항정신병약과 같이 이 약을 장기간 투여 후 지연성운동이상 일으킬 위험이 있음. 지연성운동이상증의 발생률은 고령자, 특히 여성 고령자에서 높은 것으로 보임. 비정형성 항정신병 약제들을 메타 분석한 결과, 치매 관련 정신병을 가진 노인 환자에서 위약보다 사망 위험성 증가.",환인제약(주),,,쿠에타핀정300밀리그램(쿠에티아핀푸마르산염)_(0.34539g/1정),657201260,,
,,20210248,2021-07-15,급여,,,quetiapine fumarate (as quetiapine),378604ATB,"다른 항정신병약과 같이 이 약을 장기간 투여 후 지연성운동이상 일으킬 위험이 있음. 지연성운동이상증의 발생률은 고령자, 특히 여성 고령자에서 높은 것으로 보임. 비정형성 항정신병 약제들을 메타 분석한 결과, 치매 관련 정신병을 가진 노인 환자에서 위약보다 사망 위험성 증가.",영진약품(주),,,쿠티아핀정300밀리그램(쿠에티아핀푸마르산염)_(0.34539g/1정),642402110,,
,,20210248,2021-07-15,급여,,,quetiapine fumarate (as quetiapine),378604ATB,"다른 항정신병약과 같이 이 약을 장기간 투여 후 지연성운동이상 일으킬 위험이 있음. 지연성운동이상증의 발생률은 고령자, 특히 여성 고령자에서 높은 것으로 보임. 비정형성 항정신병 약제들을 메타 분석한 결과, 치매 관련 정신병을 가진 노인 환자에서 위약보다 사망 위험성 증가.",명인제약(주),,,큐로켈정300밀리그램(쿠에티아핀푸마르산염)_(0.34539g/1정),651903330,,
,,20210248,2021-07-15,급여,,,quetiapine fumarate (as quetiapine),378604ATB,"다른 항정신병약과 같이 이 약을 장기간 투여 후 지연성운동이상 일으킬 위험이 있음. 지연성운동이상증의 발생률은 고령자, 특히 여성 고령자에서 높은 것으로 보임. 비정형성 항정신병 약제들을 메타 분석한 결과, 치매 관련 정신병을 가진 노인 환자에서 위약보다 사망 위험성 증가.",대웅바이오(주),,,쎄로타핀정300밀리그램(쿠에티아핀푸마르산염)_(0.34539g/1정),694002900,,
,,20210248,2021-07-15,급여,,,quetiapine fumarate (as quetiapine),378604ATB,"다른 항정신병약과 같이 이 약을 장기간 투여 후 지연성운동이상 일으킬 위험이 있음. 지연성운동이상증의 발생률은 고령자, 특히 여성 고령자에서 높은 것으로 보임. 비정형성 항정신병 약제들을 메타 분석한 결과, 치매 관련 정신병을 가진 노인 환자에서 위약보다 사망 위험성 증가.",건일바이오팜주식회사,,,티아펜정300밀리그램(쿠에티아핀푸마르산염)_(0.34539g/1정),73001100,,
,,20210248,2021-07-15,급여,,,quetiapine fumarate (as quetiapine),378604ATB,"다른 항정신병약과 같이 이 약을 장기간 투여 후 지연성운동이상 일으킬 위험이 있음. 지연성운동이상증의 발생률은 고령자, 특히 여성 고령자에서 높은 것으로 보임. 비정형성 항정신병 약제들을 메타 분석한 결과, 치매 관련 정신병을 가진 노인 환자에서 위약보다 사망 위험성 증가.",하나제약(주),,,세로큐정300밀리그램(쿠에티아핀푸마르산염)_(0.34539g/1정),657807300,,
,,20210248,2021-07-15,급여,,,quetiapine fumarate (as quetiapine),378604ATB,"다른 항정신병약과 같이 이 약을 장기간 투여 후 지연성운동이상 일으킬 위험이 있음. 지연성운동이상증의 발생률은 고령자, 특히 여성 고령자에서 높은 것으로 보임. 비정형성 항정신병 약제들을 메타 분석한 결과, 치매 관련 정신병을 가진 노인 환자에서 위약보다 사망 위험성 증가.",명문제약(주),,,명문쿠에티아핀정300밀리그램(쿠에티아핀푸마르산염)_(0.34539g/1정),649804230,,
,,20210248,2021-07-15,급여,,,quetiapine fumarate (as quetiapine),378605ATR,"다른 항정신병약과 같이 이 약을 장기간 투여 후 지연성운동이상 일으킬 위험이 있음. 지연성운동이상증의 발생률은 고령자, 특히 여성 고령자에서 높은 것으로 보임. 비정형성 항정신병 약제들을 메타 분석한 결과, 치매 관련 정신병을 가진 노인 환자에서 위약보다 사망 위험성 증가.",알보젠코리아(주),,,쎄로켈서방정50밀리그램(쿠에티아핀푸마르산염)_(57.56mg/1정),652606800,,
,,20210248,2021-07-15,급여,,,quetiapine fumarate (as quetiapine),378605ATR,"다른 항정신병약과 같이 이 약을 장기간 투여 후 지연성운동이상 일으킬 위험이 있음. 지연성운동이상증의 발생률은 고령자, 특히 여성 고령자에서 높은 것으로 보임. 비정형성 항정신병 약제들을 메타 분석한 결과, 치매 관련 정신병을 가진 노인 환자에서 위약보다 사망 위험성 증가.",(주)한국파마,,,쿠에티서방정50밀리그램(쿠에티아핀푸마르산염)_(57.56mg/1정),653005730,,
,,20210248,2021-07-15,급여,,,quetiapine fumarate (as quetiapine),378605ATR,"다른 항정신병약과 같이 이 약을 장기간 투여 후 지연성운동이상 일으킬 위험이 있음. 지연성운동이상증의 발생률은 고령자, 특히 여성 고령자에서 높은 것으로 보임. 비정형성 항정신병 약제들을 메타 분석한 결과, 치매 관련 정신병을 가진 노인 환자에서 위약보다 사망 위험성 증가.",환인제약(주),,,쿠에타핀서방정50밀리그램(쿠에티아핀푸마르산염)_(57.56mg/1정),657202840,,
,,20210248,2021-07-15,급여,,,quetiapine fumarate (as quetiapine),378605ATR,"다른 항정신병약과 같이 이 약을 장기간 투여 후 지연성운동이상 일으킬 위험이 있음. 지연성운동이상증의 발생률은 고령자, 특히 여성 고령자에서 높은 것으로 보임. 비정형성 항정신병 약제들을 메타 분석한 결과, 치매 관련 정신병을 가진 노인 환자에서 위약보다 사망 위험성 증가.",명인제약(주),,,큐로켈서방정50밀리그램(쿠에티아핀푸마르산염)_(57.56mg/1정),651904270,,
,,20210248,2021-07-15,급여,,,quetiapine fumarate (as quetiapine),378605ATR,"다른 항정신병약과 같이 이 약을 장기간 투여 후 지연성운동이상 일으킬 위험이 있음. 지연성운동이상증의 발생률은 고령자, 특히 여성 고령자에서 높은 것으로 보임. 비정형성 항정신병 약제들을 메타 분석한 결과, 치매 관련 정신병을 가진 노인 환자에서 위약보다 사망 위험성 증가.",한림제약(주),,,카세핀서방정50밀리그램(쿠에티아핀푸마르산염)_(57.56mg/1정),645305790,,
,,20210248,2021-07-15,급여,,,quetiapine fumarate (as quetiapine),378605ATR,"다른 항정신병약과 같이 이 약을 장기간 투여 후 지연성운동이상 일으킬 위험이 있음. 지연성운동이상증의 발생률은 고령자, 특히 여성 고령자에서 높은 것으로 보임. 비정형성 항정신병 약제들을 메타 분석한 결과, 치매 관련 정신병을 가진 노인 환자에서 위약보다 사망 위험성 증가.",환인제약(주),,,환인쿠에타핀서방정50밀리그램(쿠에티아핀푸마르산염)_(57.56mg/1정),657204210,,
,,20210248,2021-07-15,급여,,,quetiapine fumarate (as quetiapine),378606ATR,"다른 항정신병약과 같이 이 약을 장기간 투여 후 지연성운동이상 일으킬 위험이 있음. 지연성운동이상증의 발생률은 고령자, 특히 여성 고령자에서 높은 것으로 보임. 비정형성 항정신병 약제들을 메타 분석한 결과, 치매 관련 정신병을 가진 노인 환자에서 위약보다 사망 위험성 증가.",알보젠코리아(주),,,쎄로켈서방정200밀리그램(쿠에티아핀푸마르산염)_(0.23026g/1정),652606770,,
,,20210248,2021-07-15,급여,,,quetiapine fumarate (as quetiapine),378606ATR,"다른 항정신병약과 같이 이 약을 장기간 투여 후 지연성운동이상 일으킬 위험이 있음. 지연성운동이상증의 발생률은 고령자, 특히 여성 고령자에서 높은 것으로 보임. 비정형성 항정신병 약제들을 메타 분석한 결과, 치매 관련 정신병을 가진 노인 환자에서 위약보다 사망 위험성 증가.",(주)한국파마,,,쿠에티서방정200밀리그램(쿠에티아핀푸마르산염)_(0.23024g/1정),653005740,,
,,20210248,2021-07-15,급여,,,quetiapine fumarate (as quetiapine),378606ATR,"다른 항정신병약과 같이 이 약을 장기간 투여 후 지연성운동이상 일으킬 위험이 있음. 지연성운동이상증의 발생률은 고령자, 특히 여성 고령자에서 높은 것으로 보임. 비정형성 항정신병 약제들을 메타 분석한 결과, 치매 관련 정신병을 가진 노인 환자에서 위약보다 사망 위험성 증가.",환인제약(주),,,쿠에타핀서방정200밀리그램(쿠에티아핀푸마르산염)_(0.23024g/1정),657202860,,
,,20210248,2021-07-15,급여,,,quetiapine fumarate (as quetiapine),378606ATR,"다른 항정신병약과 같이 이 약을 장기간 투여 후 지연성운동이상 일으킬 위험이 있음. 지연성운동이상증의 발생률은 고령자, 특히 여성 고령자에서 높은 것으로 보임. 비정형성 항정신병 약제들을 메타 분석한 결과, 치매 관련 정신병을 가진 노인 환자에서 위약보다 사망 위험성 증가.",명인제약(주),,,큐로켈서방정200밀리그램(쿠에티아핀푸마르산염)_(0.23024g/1정),651904290,,
,,20210248,2021-07-15,급여,,,quetiapine fumarate (as quetiapine),378606ATR,"다른 항정신병약과 같이 이 약을 장기간 투여 후 지연성운동이상 일으킬 위험이 있음. 지연성운동이상증의 발생률은 고령자, 특히 여성 고령자에서 높은 것으로 보임. 비정형성 항정신병 약제들을 메타 분석한 결과, 치매 관련 정신병을 가진 노인 환자에서 위약보다 사망 위험성 증가.",한림제약(주),,,카세핀서방정200밀리그램(쿠에티아핀푸마르산염)_(0.23024g/1정),645305800,,
,,20210248,2021-07-15,급여,,,quetiapine fumarate (as quetiapine),378606ATR,"다른 항정신병약과 같이 이 약을 장기간 투여 후 지연성운동이상 일으킬 위험이 있음. 지연성운동이상증의 발생률은 고령자, 특히 여성 고령자에서 높은 것으로 보임. 비정형성 항정신병 약제들을 메타 분석한 결과, 치매 관련 정신병을 가진 노인 환자에서 위약보다 사망 위험성 증가.",환인제약(주),,,환인쿠에타핀서방정200밀리그램(쿠에티아핀푸마르산염)_(0.23026g/1정),657204090,,
,,20210248,2021-07-15,급여,,,quetiapine fumarate (as quetiapine),378607ATR,"다른 항정신병약과 같이 이 약을 장기간 투여 후 지연성운동이상 일으킬 위험이 있음. 지연성운동이상증의 발생률은 고령자, 특히 여성 고령자에서 높은 것으로 보임. 비정형성 항정신병 약제들을 메타 분석한 결과, 치매 관련 정신병을 가진 노인 환자에서 위약보다 사망 위험성 증가.",알보젠코리아(주),,,쎄로켈서방정300밀리그램(쿠에티아핀푸마르산염)_(0.34538g/1정),652606790,,
,,20210248,2021-07-15,급여,,,quetiapine fumarate (as quetiapine),378607ATR,"다른 항정신병약과 같이 이 약을 장기간 투여 후 지연성운동이상 일으킬 위험이 있음. 지연성운동이상증의 발생률은 고령자, 특히 여성 고령자에서 높은 것으로 보임. 비정형성 항정신병 약제들을 메타 분석한 결과, 치매 관련 정신병을 가진 노인 환자에서 위약보다 사망 위험성 증가.",(주)한국파마,,,쿠에티서방정300밀리그램(쿠에티아핀푸마르산염)_(0.34536g/1정),653005760,,
,,20210248,2021-07-15,급여,,,quetiapine fumarate (as quetiapine),378607ATR,"다른 항정신병약과 같이 이 약을 장기간 투여 후 지연성운동이상 일으킬 위험이 있음. 지연성운동이상증의 발생률은 고령자, 특히 여성 고령자에서 높은 것으로 보임. 비정형성 항정신병 약제들을 메타 분석한 결과, 치매 관련 정신병을 가진 노인 환자에서 위약보다 사망 위험성 증가.",한림제약(주),,,카세핀서방정300밀리그램(쿠에티아핀푸마르산염)_(0.34536g/1정),645305770,,
,,20210248,2021-07-15,급여,,,quetiapine fumarate (as quetiapine),378607ATR,"다른 항정신병약과 같이 이 약을 장기간 투여 후 지연성운동이상 일으킬 위험이 있음. 지연성운동이상증의 발생률은 고령자, 특히 여성 고령자에서 높은 것으로 보임. 비정형성 항정신병 약제들을 메타 분석한 결과, 치매 관련 정신병을 가진 노인 환자에서 위약보다 사망 위험성 증가.",환인제약(주),,,쿠에타핀서방정300밀리그램(쿠에티아핀푸마르산염)_(0.34536g/1정),657202870,,
,,20210248,2021-07-15,급여,,,quetiapine fumarate (as quetiapine),378607ATR,"다른 항정신병약과 같이 이 약을 장기간 투여 후 지연성운동이상 일으킬 위험이 있음. 지연성운동이상증의 발생률은 고령자, 특히 여성 고령자에서 높은 것으로 보임. 비정형성 항정신병 약제들을 메타 분석한 결과, 치매 관련 정신병을 가진 노인 환자에서 위약보다 사망 위험성 증가.",명인제약(주),,,큐로켈서방정300밀리그램(쿠에티아핀푸마르산염)_(0.34536g/1정),651904300,,
,,20210248,2021-07-15,급여,,,quetiapine fumarate (as quetiapine),378607ATR,"다른 항정신병약과 같이 이 약을 장기간 투여 후 지연성운동이상 일으킬 위험이 있음. 지연성운동이상증의 발생률은 고령자, 특히 여성 고령자에서 높은 것으로 보임. 비정형성 항정신병 약제들을 메타 분석한 결과, 치매 관련 정신병을 가진 노인 환자에서 위약보다 사망 위험성 증가.",환인제약(주),,,환인쿠에타핀서방정300밀리그램(쿠에티아핀푸마르산염)_(0.34538g/1정),657204110,,
,,20210248,2021-07-15,급여,,,quetiapine fumarate (as quetiapine),378608ATR,"다른 항정신병약과 같이 이 약을 장기간 투여 후 지연성운동이상 일으킬 위험이 있음. 지연성운동이상증의 발생률은 고령자, 특히 여성 고령자에서 높은 것으로 보임. 비정형성 항정신병 약제들을 메타 분석한 결과, 치매 관련 정신병을 가진 노인 환자에서 위약보다 사망 위험성 증가.",알보젠코리아(주),,,쎄로켈서방정400밀리그램(쿠에티아핀푸마르산염)_(0.4605g/1정),652606810,,
,,20210248,2021-07-15,급여,,,quetiapine fumarate (as quetiapine),378608ATR,"다른 항정신병약과 같이 이 약을 장기간 투여 후 지연성운동이상 일으킬 위험이 있음. 지연성운동이상증의 발생률은 고령자, 특히 여성 고령자에서 높은 것으로 보임. 비정형성 항정신병 약제들을 메타 분석한 결과, 치매 관련 정신병을 가진 노인 환자에서 위약보다 사망 위험성 증가.",한림제약(주),,,카세핀서방정400밀리그램(쿠에티아핀푸마르산염)_(0.46048g/1정),645305780,,
,,20210248,2021-07-15,급여,,,quetiapine fumarate (as quetiapine),378608ATR,"다른 항정신병약과 같이 이 약을 장기간 투여 후 지연성운동이상 일으킬 위험이 있음. 지연성운동이상증의 발생률은 고령자, 특히 여성 고령자에서 높은 것으로 보임. 비정형성 항정신병 약제들을 메타 분석한 결과, 치매 관련 정신병을 가진 노인 환자에서 위약보다 사망 위험성 증가.",환인제약(주),,,쿠에타핀서방정400밀리그램(쿠에티아핀푸마르산염)_(0.46048g/1정),657202880,,
,,20210248,2021-07-15,급여,,,quetiapine fumarate (as quetiapine),378608ATR,"다른 항정신병약과 같이 이 약을 장기간 투여 후 지연성운동이상 일으킬 위험이 있음. 지연성운동이상증의 발생률은 고령자, 특히 여성 고령자에서 높은 것으로 보임. 비정형성 항정신병 약제들을 메타 분석한 결과, 치매 관련 정신병을 가진 노인 환자에서 위약보다 사망 위험성 증가.",(주)한국파마,,,쿠에티서방정400밀리그램(쿠에티아핀푸마르산염)_(0.46048g/1정),653005770,,
,,20210248,2021-07-15,급여,,,quetiapine fumarate (as quetiapine),378608ATR,"다른 항정신병약과 같이 이 약을 장기간 투여 후 지연성운동이상 일으킬 위험이 있음. 지연성운동이상증의 발생률은 고령자, 특히 여성 고령자에서 높은 것으로 보임. 비정형성 항정신병 약제들을 메타 분석한 결과, 치매 관련 정신병을 가진 노인 환자에서 위약보다 사망 위험성 증가.",명인제약(주),,,큐로켈서방정400밀리그램(쿠에티아핀푸마르산염)_(0.46048g/1정),651904310,,
,,20210248,2021-07-15,급여,,,quetiapine fumarate (as quetiapine),378608ATR,"다른 항정신병약과 같이 이 약을 장기간 투여 후 지연성운동이상 일으킬 위험이 있음. 지연성운동이상증의 발생률은 고령자, 특히 여성 고령자에서 높은 것으로 보임. 비정형성 항정신병 약제들을 메타 분석한 결과, 치매 관련 정신병을 가진 노인 환자에서 위약보다 사망 위험성 증가.",환인제약(주),,,환인쿠에타핀서방정400밀리그램(쿠에티아핀푸마르산염)_(0.4605g/1정),657204100,,
,,20210248,2021-07-15,급여,,,quetiapine fumarate (as quetiapine),378609ATR,"다른 항정신병약과 같이 이 약을 장기간 투여 후 지연성운동이상 일으킬 위험이 있음. 지연성운동이상증의 발생률은 고령자, 특히 여성 고령자에서 높은 것으로 보임. 비정형성 항정신병 약제들을 메타 분석한 결과, 치매 관련 정신병을 가진 노인 환자에서 위약보다 사망 위험성 증가.",알보젠코리아(주),,,쎄로켈서방정150밀리그램(쿠에티아핀푸마르산염)_(0.17269g/1정),652606750,,
,,20210248,2021-07-15,급여,,,quetiapine fumarate (as quetiapine),378609ATR,"다른 항정신병약과 같이 이 약을 장기간 투여 후 지연성운동이상 일으킬 위험이 있음. 지연성운동이상증의 발생률은 고령자, 특히 여성 고령자에서 높은 것으로 보임. 비정형성 항정신병 약제들을 메타 분석한 결과, 치매 관련 정신병을 가진 노인 환자에서 위약보다 사망 위험성 증가.",한림제약(주),,,카세핀서방정150밀리그램(쿠에티아핀푸마르산염)_(0.17268g/1정),645305810,,
,,20210248,2021-07-15,급여,,,quetiapine fumarate (as quetiapine),378609ATR,"다른 항정신병약과 같이 이 약을 장기간 투여 후 지연성운동이상 일으킬 위험이 있음. 지연성운동이상증의 발생률은 고령자, 특히 여성 고령자에서 높은 것으로 보임. 비정형성 항정신병 약제들을 메타 분석한 결과, 치매 관련 정신병을 가진 노인 환자에서 위약보다 사망 위험성 증가.",환인제약(주),,,쿠에타핀서방정150밀리그램(쿠에티아핀푸마르산염)_(0.17268g/1정),657202850,,
,,20210248,2021-07-15,급여,,,quetiapine fumarate (as quetiapine),378609ATR,"다른 항정신병약과 같이 이 약을 장기간 투여 후 지연성운동이상 일으킬 위험이 있음. 지연성운동이상증의 발생률은 고령자, 특히 여성 고령자에서 높은 것으로 보임. 비정형성 항정신병 약제들을 메타 분석한 결과, 치매 관련 정신병을 가진 노인 환자에서 위약보다 사망 위험성 증가.",(주)한국파마,,,쿠에티서방정150밀리그램(쿠에티아핀푸마르산염)_(0.17268g/1정),653005750,,
,,20210248,2021-07-15,급여,,,quetiapine fumarate (as quetiapine),378609ATR,"다른 항정신병약과 같이 이 약을 장기간 투여 후 지연성운동이상 일으킬 위험이 있음. 지연성운동이상증의 발생률은 고령자, 특히 여성 고령자에서 높은 것으로 보임. 비정형성 항정신병 약제들을 메타 분석한 결과, 치매 관련 정신병을 가진 노인 환자에서 위약보다 사망 위험성 증가.",명인제약(주),,,큐로켈서방정150밀리그램(쿠에티아핀푸마르산염)_(0.17268g/1정),651904280,,
,,20210248,2021-07-15,급여,,,quetiapine fumarate (as quetiapine),378609ATR,"다른 항정신병약과 같이 이 약을 장기간 투여 후 지연성운동이상 일으킬 위험이 있음. 지연성운동이상증의 발생률은 고령자, 특히 여성 고령자에서 높은 것으로 보임. 비정형성 항정신병 약제들을 메타 분석한 결과, 치매 관련 정신병을 가진 노인 환자에서 위약보다 사망 위험성 증가.",환인제약(주),,,환인쿠에타핀서방정150밀리그램(쿠에티아핀푸마르산염)_(0.17269g/1정),657204120,,
,,20220251,2022-05-27,급여,,,amisulpride,420002ATB,"고령자에 투여시 저혈압이나 진정의 위험 야기, 치매 고령환자에게 항정신병약물 투여시 뇌혈관질환(뇌졸중), 사망의 위험 증가, 고령자 신중투여",(주)한독,,,솔리안정400밀리그램(아미설프리드)_(0.4g/1정),652100610,,
,,20220251,2022-05-27,급여,,,amisulpride,420002ATB,"고령자에 투여시 저혈압이나 진정의 위험 야기, 치매 고령환자에게 항정신병약물 투여시 뇌혈관질환(뇌졸중), 사망의 위험 증가, 고령자 신중투여",(주)한국파마,,,아칸솔정400mg(아미설프리드)_(0.4g/1정),653005650,,
,,20220251,2022-05-27,급여,,,amisulpride,420002ATB,"고령자에 투여시 저혈압이나 진정의 위험 야기, 치매 고령환자에게 항정신병약물 투여시 뇌혈관질환(뇌졸중), 사망의 위험 증가, 고령자 신중투여",명인제약(주),,,아미썰정400밀리그램(아미설피리드)_(0.4g/1정),651903620,,
,,20220251,2022-05-27,급여,,,amisulpride,420002ATB,"고령자에 투여시 저혈압이나 진정의 위험 야기, 치매 고령환자에게 항정신병약물 투여시 뇌혈관질환(뇌졸중), 사망의 위험 증가, 고령자 신중투여",유니메드제약(주),,,폴라리스정(아미설프리드)_(0.4g/1정),649504440,,
,,20220251,2022-05-27,급여,,,amisulpride,420003ATB,"고령자에 투여시 저혈압이나 진정의 위험 야기, 치매 고령환자에게 항정신병약물 투여시 뇌혈관질환(뇌졸중), 사망의 위험 증가, 고령자 신중투여",유니메드제약(주),,,폴라리스정100밀리그램(아미설피리드)_(0.1g/1정),649506050,,
,,20220251,2022-05-27,급여,,,amisulpride,420003ATB,"고령자에 투여시 저혈압이나 진정의 위험 야기, 치매 고령환자에게 항정신병약물 투여시 뇌혈관질환(뇌졸중), 사망의 위험 증가, 고령자 신중투여",(주)한국파마,,,아칸솔정100mg(아미설프리드)_(0.1g/1정),653005640,,
,,20220251,2022-05-27,급여,,,amisulpride,420003ATB,"고령자에 투여시 저혈압이나 진정의 위험 야기, 치매 고령환자에게 항정신병약물 투여시 뇌혈관질환(뇌졸중), 사망의 위험 증가, 고령자 신중투여",명인제약(주),,,아미썰정100밀리그램(아미설피리드)_(0.1g/1정),651903810,,
,,20220251,2022-05-27,급여,,,amisulpride,420003ATB,"고령자에 투여시 저혈압이나 진정의 위험 야기, 치매 고령환자에게 항정신병약물 투여시 뇌혈관질환(뇌졸중), 사망의 위험 증가, 고령자 신중투여",(주)한독,,,솔리안정100밀리그램(아미설프리드)_(0.1g/1정),652100590,,
,,20220251,2022-05-27,급여,,,amisulpride,420004ATB,"고령자에 투여시 저혈압이나 진정의 위험 야기, 치매 고령환자에게 항정신병약물 투여시 뇌혈관질환(뇌졸중), 사망의 위험 증가, 고령자 신중투여",(주)한독,,,솔리안정200밀리그램(아미설프리드)_(0.2g/1정),652100600,,
,,20220251,2022-05-27,급여,,,amisulpride,420004ATB,"고령자에 투여시 저혈압이나 진정의 위험 야기, 치매 고령환자에게 항정신병약물 투여시 뇌혈관질환(뇌졸중), 사망의 위험 증가, 고령자 신중투여",명인제약(주),,,아미썰정200밀리그램(아미설피리드)_(0.2g/1정),651903820,,
,,20200423,2020-09-24,급여,,,cimetropium bromide,133530BIJ,"항콜린 부작용(인지기능 저하, 섬망 악화, 구갈, 배뇨곤란, 변비 등)이 나타나기 쉽고, 효과가 불확실하므로 노인에서의 사용을 추천하지 않음. 항콜린성 작용이 있는 약제와의 병용으로 인해 항콜린 부작용이 증가하므로 동시 사용을 추천하지 않음",하나제약(주),,,알피트주사(시메트로퓸브롬화물)_(5mg/1mL),657801331,,
,,20200423,2020-09-24,급여,,,cimetropium bromide,133530BIJ,"항콜린 부작용(인지기능 저하, 섬망 악화, 구갈, 배뇨곤란, 변비 등)이 나타나기 쉽고, 효과가 불확실하므로 노인에서의 사용을 추천하지 않음. 항콜린성 작용이 있는 약제와의 병용으로 인해 항콜린 부작용이 증가하므로 동시 사용을 추천하지 않음",부광약품(주),,,브로퓸주사(시메트로퓸브롬화물)_(5mg/1mL),642203791,,
,,20200423,2020-09-24,급여,,,cimetropium bromide,133531BIJ,"항콜린 부작용(인지기능 저하, 섬망 악화, 구갈, 배뇨곤란, 변비 등)이 나타나기 쉽고, 효과가 불확실하므로 노인에서의 사용을 추천하지 않음. 항콜린성 작용이 있는 약제와의 병용으로 인해 항콜린 부작용이 증가하므로 동시 사용을 추천하지 않음",부광약품(주),,,브로퓸주사(시메트로퓸브롬화물)_(10mg/2mL),642203781,,
,,20170079,2017-02-16,급여,,,flurazepam hydrochloride,161801ATB,"노인에서의 장기지속형 벤조다이아제핀 사용은 인지기능 저하, 섬망, 낙상, 골절 및 교통사고의 위험으로 사용을 추천하지 않으며, 단시간 작용 벤조다이아제핀 사용을 추천함",고려제약(주),,,달마돔정(플루라제팜염산염)_(15mg/1정),642800250,,
,,20210248,2021-07-15,급여,,,ziprasidone hydrochloride monohydrate (as ziprasidone),464901ACH,치매와 관련된 정신병을 가진 노인들에게 일부 항정신병 약물을 투여했을 때 위약 투여시보다 사망과 뇌혈관 이상반응의 위험성이 증가된 것으로 보고됨.,비아트리스코리아(주),,,젤독스캡슐20밀리그램(염산지프라시돈일수화물)_(22.65mg/1캡슐),73400090,,
,,20210248,2021-07-15,급여,,,ziprasidone hydrochloride monohydrate (as ziprasidone),464902ACH,치매와 관련된 정신병을 가진 노인들에게 일부 항정신병 약물을 투여했을 때 위약 투여시보다 사망과 뇌혈관 이상반응의 위험성이 증가된 것으로 보고됨.,비아트리스코리아(주),,,젤독스캡슐40밀리그램(염산지프라시돈일수화물)_(45.3mg/1캡슐),73400120,,
,,20210248,2021-07-15,급여,,,ziprasidone hydrochloride monohydrate (as ziprasidone),464903ACH,치매와 관련된 정신병을 가진 노인들에게 일부 항정신병 약물을 투여했을 때 위약 투여시보다 사망과 뇌혈관 이상반응의 위험성이 증가된 것으로 보고됨.,비아트리스코리아(주),,,젤독스캡슐60밀리그램(염산지프라시돈일수화물)_(67.95mg/1캡슐),73400100,,
,,20210248,2021-07-15,급여,,,ziprasidone hydrochloride monohydrate (as ziprasidone),464904ACH,치매와 관련된 정신병을 가진 노인들에게 일부 항정신병 약물을 투여했을 때 위약 투여시보다 사망과 뇌혈관 이상반응의 위험성이 증가된 것으로 보고됨.,비아트리스코리아(주),,,젤독스캡슐80밀리그램(염산지프라시돈일수화물)_(90.6mg/1캡슐),73400110,,
,,20200423,2020-09-24,급여,,,procyclidine hydrochloride,218401ATB,항콜린성 작용이 있는 약제와의 병용으로 인해 항콜린 부작용이 증가하므로 동시 사용을 추천하지 않음,초당약품공업(주),,,프로이머정(프로싸이클리딘염산염)_(5mg/1정),670701220,,
,,20200423,2020-09-24,급여,,,procyclidine hydrochloride,218401ATB,항콜린성 작용이 있는 약제와의 병용으로 인해 항콜린 부작용이 증가하므로 동시 사용을 추천하지 않음,영진약품(주),,,영프로마정(프로시클리딘염산염)_(5mg/1정),642403550,,
,,20200423,2020-09-24,급여,,,procyclidine hydrochloride,218401ATB,항콜린성 작용이 있는 약제와의 병용으로 인해 항콜린 부작용이 증가하므로 동시 사용을 추천하지 않음,(주)한국파마,,,파마프로시클리딘정(프로시클리딘염산염)_(5mg/1정),653005110,,
,,20200423,2020-09-24,급여,,,clemastine fumarate (as clemastine),135201ATB,"항콜린 부작용(인지기능 저하, 섬망 악화, 구갈, 배뇨곤란, 변비 등)이 나타나기 쉬우므로 노인에서의 사용을 추천하지 않음. 항콜린성 작용이 있는 약제와의 병용으로 인해 항콜린 부작용이 증가하므로 동시 사용을 추천하지 않음",태극제약(주),,,마스질정(클레마스틴푸마르산염)_(1.34mg/1정),644800580,,
,,20200423,2020-09-24,급여,,,mequitazine,190532ASY,"항콜린 부작용(인지기능 저하, 섬망 악화, 구갈, 배뇨곤란, 변비 등)이 나타나기 쉬우므로 노인에서의 사용을 추천하지 않음. 항콜린성 작용이 있는 약제와의 병용으로 인해 항콜린 부작용이 증가하므로 동시 사용을 추천하지 않음",부광약품(주),,,소아용프리마란시럽(메퀴타진)_(0.25g/500mL),642201272,,
,,20200423,2020-09-24,급여,,,chlorpheniramine maleate,131830BIJ,"항콜린 부작용(인지기능 저하, 섬망 악화, 구갈, 배뇨곤란, 변비 등)이 나타나기 쉬우므로 노인에서의 사용을 추천하지 않음. 항콜린성 작용이 있는 약제와의 병용으로 인해 항콜린 부작용이 증가하므로 동시 사용을 추천하지 않음",(주)휴온스,,,휴온스클로르페니라민말레산염주사액_(4mg/2mL),670603013,,
,,20200423,2020-09-24,급여,,,chlorpheniramine maleate,131830BIJ,"항콜린 부작용(인지기능 저하, 섬망 악화, 구갈, 배뇨곤란, 변비 등)이 나타나기 쉬우므로 노인에서의 사용을 추천하지 않음. 항콜린성 작용이 있는 약제와의 병용으로 인해 항콜린 부작용이 증가하므로 동시 사용을 추천하지 않음",경동제약(주),,,페닐주(클로르페니라민말레산염)_(4mg/2mL),648103381,,
,,20200423,2020-09-24,급여,,,chlorpheniramine maleate,131830BIJ,"항콜린 부작용(인지기능 저하, 섬망 악화, 구갈, 배뇨곤란, 변비 등)이 나타나기 쉬우므로 노인에서의 사용을 추천하지 않음. 항콜린성 작용이 있는 약제와의 병용으로 인해 항콜린 부작용이 증가하므로 동시 사용을 추천하지 않음",(주)유한양행,,,페니라민주사(클로르페니라민말레산염)_(4mg/2mL),642102581,,
,,20200423,2020-09-24,급여,,,chlorpheniramine maleate,131830BIJ,"항콜린 부작용(인지기능 저하, 섬망 악화, 구갈, 배뇨곤란, 변비 등)이 나타나기 쉬우므로 노인에서의 사용을 추천하지 않음. 항콜린성 작용이 있는 약제와의 병용으로 인해 항콜린 부작용이 증가하므로 동시 사용을 추천하지 않음",(주)제일제약,,,제일클로르페니라민말레산염주사액_(4mg/2mL),650500351,,
,,20170079,2017-02-16,급여,,,amitriptyline hydrochloride,107501ATB,"노인에서의 삼환계 항우울제 사용은 기립성 저혈압, 비틀거림, 항콜린 부작용(인지기능 저하, 섬망 악화, 구갈, 배뇨곤란, 변비 등)이 나타나기 쉬우므로 사용을 추천하지 않으며, 반드시 필요한 경우에만 저용량으로 시작함. 항콜린성 작용이 있는 약제와의 병용으로 인해 항콜린 부작용(인지기능 저하, 섬망 악화, 구갈, 배뇨곤란, 변비 등)이 증가하므로 동시 사용을 추천하지 않음",명인제약(주),,,명인아미트리프틸린염산염정10밀리그람_(10mg/1정),651900720,,
,,20170079,2017-02-16,급여,,,amitriptyline hydrochloride,107501ATB,"노인에서의 삼환계 항우울제 사용은 기립성 저혈압, 비틀거림, 항콜린 부작용(인지기능 저하, 섬망 악화, 구갈, 배뇨곤란, 변비 등)이 나타나기 쉬우므로 사용을 추천하지 않으며, 반드시 필요한 경우에만 저용량으로 시작함. 항콜린성 작용이 있는 약제와의 병용으로 인해 항콜린 부작용(인지기능 저하, 섬망 악화, 구갈, 배뇨곤란, 변비 등)이 증가하므로 동시 사용을 추천하지 않음",동화약품(주),,,에트라빌10밀리그램정(아미트리프틸린염산염)_(10mg/1정),642702510,,
,,20170079,2017-02-16,급여,,,amitriptyline hydrochloride,107501ATB,"노인에서의 삼환계 항우울제 사용은 기립성 저혈압, 비틀거림, 항콜린 부작용(인지기능 저하, 섬망 악화, 구갈, 배뇨곤란, 변비 등)이 나타나기 쉬우므로 사용을 추천하지 않으며, 반드시 필요한 경우에만 저용량으로 시작함. 항콜린성 작용이 있는 약제와의 병용으로 인해 항콜린 부작용(인지기능 저하, 섬망 악화, 구갈, 배뇨곤란, 변비 등)이 증가하므로 동시 사용을 추천하지 않음",환인제약(주),,,에나폰정10밀리그램(아미트리프틸린염산염)_(10mg/1정),657200500,,
,,20170079,2017-02-16,급여,,,amitriptyline hydrochloride,107502ATB,"노인에서의 삼환계 항우울제 사용은 기립성 저혈압, 비틀거림, 항콜린 부작용(인지기능 저하, 섬망 악화, 구갈, 배뇨곤란, 변비 등)이 나타나기 쉬우므로 사용을 추천하지 않으며, 반드시 필요한 경우에만 저용량으로 시작함. 항콜린성 작용이 있는 약제와의 병용으로 인해 항콜린 부작용(인지기능 저하, 섬망 악화, 구갈, 배뇨곤란, 변비 등)이 증가하므로 동시 사용을 추천하지 않음",동화약품(주),,,에트라빌25밀리그램정(아미트리프틸린염산염)_(25mg/1정),642702520,,
,,20170079,2017-02-16,급여,,,amitriptyline hydrochloride,107504ATB,"노인에서의 삼환계 항우울제 사용은 기립성 저혈압, 비틀거림, 항콜린 부작용(인지기능 저하, 섬망 악화, 구갈, 배뇨곤란, 변비 등)이 나타나기 쉬우므로 사용을 추천하지 않으며, 반드시 필요한 경우에만 저용량으로 시작함. 항콜린성 작용이 있는 약제와의 병용으로 인해 항콜린 부작용(인지기능 저하, 섬망 악화, 구갈, 배뇨곤란, 변비 등)이 증가하므로 동시 사용을 추천하지 않음",환인제약(주),,,에나폰정5밀리그램(아미트리프틸린염산염)_(5mg/1정),657202640,,
,,20170079,2017-02-16,급여,,,chlordiazepoxide hydrochloride,131201ATB,"노인에서의 장기지속형 벤조다이아제핀 사용은 인지기능 저하, 섬망, 낙상, 골절 및 교통사고의 위험으로 사용을 추천하지 않으며, 단시간 작용 벤조다이아제핀 사용을 추천함",환인제약(주),,,리버티정10밀리그램(클로르디아제폭시드염산염)_(10mg/1정),657200210,,
,,20170079,2017-02-16,급여,,,chlordiazepoxide hydrochloride,131202ATB,"노인에서의 장기지속형 벤조다이아제핀 사용은 인지기능 저하, 섬망, 낙상, 골절 및 교통사고의 위험으로 사용을 추천하지 않으며, 단시간 작용 벤조다이아제핀 사용을 추천함",환인제약(주),,,리버티정5밀리그램(클로르디아제폭시드염산염)_(5mg/1정),657200200,,
,,20180371,2018-08-31,급여,,,chlorpromazine hydrochloride,131901ATB,"노인에서의 정형 항정신병약물 사용은 추체외로 증상, 항콜린성 부작용 등이 나타나기 쉬우므로 사용을 추천하지 않으며, 비정형 항정신병약물 사용을 추천함. 항콜린성 작용이 있는 약제와의 병용으로 인해 항콜린 부작용(인지기능 저하, 섬망 악화, 구갈, 배뇨곤란, 변비 등)이 증가하므로 동시 사용을 추천하지 않음",명인제약(주),,,명인클로르프로마진염산염정100밀리그램(수출명:클로진정100mg)_(0.1g/1정),651900760,,
,,20180371,2018-08-31,급여,,,chlorpromazine hydrochloride,131901ATB,"노인에서의 정형 항정신병약물 사용은 추체외로 증상, 항콜린성 부작용 등이 나타나기 쉬우므로 사용을 추천하지 않으며, 비정형 항정신병약물 사용을 추천함. 항콜린성 작용이 있는 약제와의 병용으로 인해 항콜린 부작용(인지기능 저하, 섬망 악화, 구갈, 배뇨곤란, 변비 등)이 증가하므로 동시 사용을 추천하지 않음",환인제약(주),,,네오마찐정100밀리그램(클로르프로마진염산염)_(0.1g/1정),657200020,,
,,20180371,2018-08-31,급여,,,chlorpromazine hydrochloride,131905ATB,"노인에서의 정형 항정신병약물 사용은 추체외로 증상, 항콜린성 부작용 등이 나타나기 쉬우므로 사용을 추천하지 않으며, 비정형 항정신병약물 사용을 추천함. 항콜린성 작용이 있는 약제와의 병용으로 인해 항콜린 부작용(인지기능 저하, 섬망 악화, 구갈, 배뇨곤란, 변비 등)이 증가하므로 동시 사용을 추천하지 않음",명인제약(주),,,명인클로르프로마진염산염정200mg_(0.2g/1정),651900770,,
,,20180371,2018-08-31,급여,,,chlorpromazine hydrochloride,131908ATB,"노인에서의 정형 항정신병약물 사용은 추체외로 증상, 항콜린성 부작용 등이 나타나기 쉬우므로 사용을 추천하지 않으며, 비정형 항정신병약물 사용을 추천함. 항콜린성 작용이 있는 약제와의 병용으로 인해 항콜린 부작용(인지기능 저하, 섬망 악화, 구갈, 배뇨곤란, 변비 등)이 증가하므로 동시 사용을 추천하지 않음",명인제약(주),,,명인클로르프로마진염산염정50mg(수출명:클로진정50mg)_(50mg/1정),651900780,,
,,20170079,2017-02-16,급여,,,clomipramine hydrochloride,136301ACH,"노인에서의 삼환계 항우울제 사용은 기립성 저혈압, 비틀거림, 항콜린 부작용(인지기능 저하, 섬망 악화, 구갈, 배뇨곤란, 변비 등)이 나타나기 쉬우므로 사용을 추천하지 않으며, 반드시 필요한 경우에만 저용량으로 시작함. 항콜린성 작용이 있는 약제와의 병용으로 인해 항콜린 부작용(인지기능 저하, 섬망 악화, 구갈, 배뇨곤란, 변비 등)이 증가하므로 동시 사용을 추천하지 않음",명인제약(주),,,그로민캡슐10mg(클로미프라민염산염)_(10mg/1캡슐),651900060,,
,,20170079,2017-02-16,급여,,,clomipramine hydrochloride,136302ACH,"노인에서의 삼환계 항우울제 사용은 기립성 저혈압, 비틀거림, 항콜린 부작용(인지기능 저하, 섬망 악화, 구갈, 배뇨곤란, 변비 등)이 나타나기 쉬우므로 사용을 추천하지 않으며, 반드시 필요한 경우에만 저용량으로 시작함. 항콜린성 작용이 있는 약제와의 병용으로 인해 항콜린 부작용(인지기능 저하, 섬망 악화, 구갈, 배뇨곤란, 변비 등)이 증가하므로 동시 사용을 추천하지 않음",명인제약(주),,,그로민캡슐25mg(클로미프라민염산염)_(25mg/1캡슐),651900070,,
,,20170079,2017-02-16,급여,,,clomipramine hydrochloride,136302ACH,"노인에서의 삼환계 항우울제 사용은 기립성 저혈압, 비틀거림, 항콜린 부작용(인지기능 저하, 섬망 악화, 구갈, 배뇨곤란, 변비 등)이 나타나기 쉬우므로 사용을 추천하지 않으며, 반드시 필요한 경우에만 저용량으로 시작함. 항콜린성 작용이 있는 약제와의 병용으로 인해 항콜린 부작용(인지기능 저하, 섬망 악화, 구갈, 배뇨곤란, 변비 등)이 증가하므로 동시 사용을 추천하지 않음",환인제약(주),,,환인염산클로미프라민캡슐25밀리그램_(25mg/1캡슐),657201060,,
,,20210248,2021-07-15,급여,,,clozapine,137501ATB,비정형 항정신병 약물을 복용하고 있는 치매 연관 정신질환 동반 고령 환자에서 이 약은 위약대비 사망 위험 증가.,환인제약(주),,,클로자릴정100밀리그램(클로자핀)_(0.1g/1정),657203420,,
,,20210248,2021-07-15,급여,,,clozapine,137501ATB,비정형 항정신병 약물을 복용하고 있는 치매 연관 정신질환 동반 고령 환자에서 이 약은 위약대비 사망 위험 증가.,동화약품(주),,,클자핀정100밀리그램(클로자핀)_(0.1g/1정),642706230,,
,,20200423,2020-09-24,급여,,,hydroxyzine hydrochloride,172101ATB,"항콜린 부작용(인지기능 저하, 섬망 악화, 구갈, 배뇨곤란, 변비 등)이 나타나기 쉬우므로 노인에서의 사용을 추천하지 않음. 항콜린성 작용이 있는 약제와의 병용으로 인해 항콜린 부작용이 증가하므로 동시 사용을 추천하지 않음",태극제약(주),,,아디팜정(히드록시진염산염)_(10mg/1정),644801160,,
,,20170079,2017-02-16,급여,,,imipramine hydrochloride,173701ATB,"노인에서의 삼환계 항우울제 사용은 기립성 저혈압, 비틀거림, 항콜린 부작용(인지기능 저하, 섬망 악화, 구갈, 배뇨곤란, 변비 등)이 나타나기 쉬우므로 사용을 추천하지 않으며, 반드시 필요한 경우에만 저용량으로 시작함. 항콜린성 작용이 있는 약제와의 병용으로 인해 항콜린 부작용(인지기능 저하, 섬망 악화, 구갈, 배뇨곤란, 변비 등)이 증가하므로 동시 사용을 추천하지 않음",환인제약(주),,,환인이미프라민염산염정25밀리그램_(25mg/1정),657201050,,
,,20170079,2017-02-16,급여,,,imipramine hydrochloride,173701ATB,"노인에서의 삼환계 항우울제 사용은 기립성 저혈압, 비틀거림, 항콜린 부작용(인지기능 저하, 섬망 악화, 구갈, 배뇨곤란, 변비 등)이 나타나기 쉬우므로 사용을 추천하지 않으며, 반드시 필요한 경우에만 저용량으로 시작함. 항콜린성 작용이 있는 약제와의 병용으로 인해 항콜린 부작용(인지기능 저하, 섬망 악화, 구갈, 배뇨곤란, 변비 등)이 증가하므로 동시 사용을 추천하지 않음",명인제약(주),,,명인이미프라민염산염정_(25mg/1정),651900750,,
,,20180371,2018-08-31,급여,,,levomepromazine maleate (as levomepromazine),183301ATB,"노인에서의 정형 항정신병약물 사용은 추체외로 증상, 항콜린성 부작용 등이 나타나기 쉬우므로 사용을 추천하지 않으며, 비정형 항정신병약물 사용을 추천함",명인제약(주),,,티세르신정100밀리그램(레보메프로마진말레산염)_(0.1353g/1정),651902180,,
,,20180371,2018-08-31,급여,,,levomepromazine maleate (as levomepromazine),183302ATB,"노인에서의 정형 항정신병약물 사용은 추체외로 증상, 항콜린성 부작용 등이 나타나기 쉬우므로 사용을 추천하지 않으며, 비정형 항정신병약물 사용을 추천함",명인제약(주),,,티세르신정25밀리그람(말레인산레보메프로마진)_(33.8mg/1정),651902190,,
,,20180371,2018-08-31,급여,,,levomepromazine maleate (as levomepromazine),183303ATB,"노인에서의 정형 항정신병약물 사용은 추체외로 증상, 항콜린성 부작용 등이 나타나기 쉬우므로 사용을 추천하지 않으며, 비정형 항정신병약물 사용을 추천함",명인제약(주),,,티세르신정50밀리그램(레보메프로마진말레산염)_(67.7mg/1정),651902200,,
,,20200423,2020-09-24,급여,,,trihexyphenidyl hydrochloride,244201ATB,항콜린성 작용이 있는 약제와의 병용으로 인해 항콜린 부작용이 증가하므로 동시 사용을 추천하지 않음,태극제약(주),,,트리헥신정(트리헥시페니딜염산염)_(2mg/1정),644802680,,
,,20200423,2020-09-24,급여,,,hydroxyzine hydrochloride,172130ASY,"항콜린 부작용(인지기능 저하, 섬망 악화, 구갈, 배뇨곤란, 변비 등)이 나타나기 쉬우므로 노인에서의 사용을 추천하지 않음. 항콜린성 작용이 있는 약제와의 병용으로 인해 항콜린 부작용이 증가하므로 동시 사용을 추천하지 않음",삼아제약(주),,,두드리진시럽(히드록시진염산염)_(0.2g/100mL),645702771,,
,,20200423,2020-09-24,급여,,,hydroxyzine hydrochloride,172130ASY,"항콜린 부작용(인지기능 저하, 섬망 악화, 구갈, 배뇨곤란, 변비 등)이 나타나기 쉬우므로 노인에서의 사용을 추천하지 않음. 항콜린성 작용이 있는 약제와의 병용으로 인해 항콜린 부작용이 증가하므로 동시 사용을 추천하지 않음",한국유씨비제약(주),,,유시락스시럽(히드록시진염산염)_(0.2g/100mL),654100091,,
,,20200423,2020-09-24,급여,,,hydroxyzine hydrochloride,172130ASY,"항콜린 부작용(인지기능 저하, 섬망 악화, 구갈, 배뇨곤란, 변비 등)이 나타나기 쉬우므로 노인에서의 사용을 추천하지 않음. 항콜린성 작용이 있는 약제와의 병용으로 인해 항콜린 부작용이 증가하므로 동시 사용을 추천하지 않음",한화제약(주),,,이치리진시럽(히드록시진염산염)_(0.2g/100mL),651602761,,
,,20210248,2021-07-15,급여,,,paliperidone palmitate (as paliperidone),586430BIJ,항정신병 약물을 투여 받은 치매 관련 정신병이 있는 고령자에서 사망률 증가.,(주)한국얀센,,,인베가서스티나주사39mg(팔리페리돈팔미테이트)_(39mg/0.25mL),646901561,,
,,20210248,2021-07-15,급여,,,paliperidone palmitate (as paliperidone),586431BIJ,항정신병 약물을 투여 받은 치매 관련 정신병이 있는 고령자에서 사망률 증가.,(주)한국얀센,,,인베가서스티나주사78mg(팔리페리돈팔미테이트)_(78mg/0.5mL),646901571,,
,,20210248,2021-07-15,급여,,,paliperidone palmitate (as paliperidone),586432BIJ,항정신병 약물을 투여 받은 치매 관련 정신병이 있는 고령자에서 사망률 증가.,(주)한국얀센,,,인베가서스티나주사117mg(팔리페리돈팔미테이트)_(0.117g/0.75mL),646901581,,
,,20210248,2021-07-15,급여,,,paliperidone palmitate (as paliperidone),586433BIJ,항정신병 약물을 투여 받은 치매 관련 정신병이 있는 고령자에서 사망률 증가.,(주)한국얀센,,,인베가서스티나주사156mg(팔리페리돈팔미테이트)_(0.156g/1mL),646901591,,
,,20210248,2021-07-15,급여,,,paliperidone palmitate (as paliperidone),586434BIJ,항정신병 약물을 투여 받은 치매 관련 정신병이 있는 고령자에서 사망률 증가.,(주)한국얀센,,,인베가서스티나주사234mg(팔리페리돈팔미테이트)_(0.234g/1.5mL),646901601,,
,,20210248,2021-07-15,급여,,,clozapine,137504ATB,비정형 항정신병 약물을 복용하고 있는 치매 연관 정신질환 동반 고령 환자에서 이 약은 위약대비 사망 위험 증가.,동화약품(주),,,클자핀정200밀리그램(클로자핀)_(0.2g/1정),642706630,,
,,20210248,2021-07-15,급여,,,clozapine,137503ATB,비정형 항정신병 약물을 복용하고 있는 치매 연관 정신질환 동반 고령 환자에서 이 약은 위약대비 사망 위험 증가.,동화약품(주),,,클자핀정50밀리그램(클로자핀)_(50mg/1정),642706610,,
,,20210248,2021-07-15,급여,,,aripiprazole,451508ATB,"항정신병약으로 치료받는 환자에서 잠재적으로 비가역적, 비자발적인, 이상운동 증후군이 발생할 수 있으며, 이 증후군은 고령자, 특히 여성 고령자에서 가장 많이 발생함. 비정형 정신병치료제를 복용하는 치매성 노인 정신질환 환자의 사망 위험성은 위약과 비교 시 증가. 이 약을 투여한 환자(평균연령:84세, 범위:78~88세)에서 사망례를 포함한 뇌혈관계 이상반응(예:뇌졸중, 일과성허혈발작)의 증가.",명인제약(주),,,레피졸정1밀리그램(아리피프라졸)_(1mg/1정),651905220,,
,,20210248,2021-07-15,급여,,,aripiprazole,451508ATB,"항정신병약으로 치료받는 환자에서 잠재적으로 비가역적, 비자발적인, 이상운동 증후군이 발생할 수 있으며, 이 증후군은 고령자, 특히 여성 고령자에서 가장 많이 발생함. 비정형 정신병치료제를 복용하는 치매성 노인 정신질환 환자의 사망 위험성은 위약과 비교 시 증가. 이 약을 투여한 환자(평균연령:84세, 범위:78~88세)에서 사망례를 포함한 뇌혈관계 이상반응(예:뇌졸중, 일과성허혈발작)의 증가.",영진약품(주),,,아리피진정1밀리그램(아리피프라졸(미분화))_(1mg/1정),642405110,,
,,20210248,2021-07-15,급여,,,aripiprazole,451508ATB,"항정신병약으로 치료받는 환자에서 잠재적으로 비가역적, 비자발적인, 이상운동 증후군이 발생할 수 있으며, 이 증후군은 고령자, 특히 여성 고령자에서 가장 많이 발생함. 비정형 정신병치료제를 복용하는 치매성 노인 정신질환 환자의 사망 위험성은 위약과 비교 시 증가. 이 약을 투여한 환자(평균연령:84세, 범위:78~88세)에서 사망례를 포함한 뇌혈관계 이상반응(예:뇌졸중, 일과성허혈발작)의 증가.",한국오츠카제약(주),,,아빌리파이정1밀리그램(아리피프라졸)_(1mg/1정),649900540,,
,,20210248,2021-07-15,급여,,,aripiprazole,451508ATB,"항정신병약으로 치료받는 환자에서 잠재적으로 비가역적, 비자발적인, 이상운동 증후군이 발생할 수 있으며, 이 증후군은 고령자, 특히 여성 고령자에서 가장 많이 발생함. 비정형 정신병치료제를 복용하는 치매성 노인 정신질환 환자의 사망 위험성은 위약과 비교 시 증가. 이 약을 투여한 환자(평균연령:84세, 범위:78~88세)에서 사망례를 포함한 뇌혈관계 이상반응(예:뇌졸중, 일과성허혈발작)의 증가.",환인제약(주),,,아리피졸정1밀리그램(아리피프라졸)_(1mg/1정),657203970,,
,,20210248,2021-07-15,급여,,,aripiprazole,451508ATB,"항정신병약으로 치료받는 환자에서 잠재적으로 비가역적, 비자발적인, 이상운동 증후군이 발생할 수 있으며, 이 증후군은 고령자, 특히 여성 고령자에서 가장 많이 발생함. 비정형 정신병치료제를 복용하는 치매성 노인 정신질환 환자의 사망 위험성은 위약과 비교 시 증가. 이 약을 투여한 환자(평균연령:84세, 범위:78~88세)에서 사망례를 포함한 뇌혈관계 이상반응(예:뇌졸중, 일과성허혈발작)의 증가.",현대약품(주),,,아빌라핀정1밀리그램(아리피프라졸)_(1mg/1정),642005170,,
,,20210248,2021-07-15,급여,,,aripiprazole,451508ATB,"항정신병약으로 치료받는 환자에서 잠재적으로 비가역적, 비자발적인, 이상운동 증후군이 발생할 수 있으며, 이 증후군은 고령자, 특히 여성 고령자에서 가장 많이 발생함. 비정형 정신병치료제를 복용하는 치매성 노인 정신질환 환자의 사망 위험성은 위약과 비교 시 증가. 이 약을 투여한 환자(평균연령:84세, 범위:78~88세)에서 사망례를 포함한 뇌혈관계 이상반응(예:뇌졸중, 일과성허혈발작)의 증가.",(주)한국파마,,,아라빌정1밀리그램(아리피프라졸(미분화))_(1mg/1정),653006880,,
,,20210248,2021-07-15,급여,,,paliperidone palmitate (as paliperidone),586439BIJ,항정신병 약물을 투여 받은 치매 관련 정신병이 있는 고령자에서 사망률 증가.,(주)한국얀센,,,인베가하피에라주사(팔리페리돈팔미테이트)_(1.092g/3.5mL),646902671,,
,,20210248,2021-07-15,급여,,,paliperidone palmitate (as paliperidone),586440BIJ,항정신병 약물을 투여 받은 치매 관련 정신병이 있는 고령자에서 사망률 증가.,(주)한국얀센,,,인베가하피에라주사(팔리페리돈팔미테이트)_(1.56g/5mL),646902681,,
,,20220251,2022-05-27,급여,,,zotepine,250803ATB,"치매 고령환자에게 비정형 항정신병약물 투여시 뇌혈관 질환, 사망의 위험 증가, 고령자에 투여시 추체외로 증상 등의 부작용이 나타나기 쉬움",영진약품(주),,,로도핀정50mg(죠테핀)_(50mg/1정),642400250,,
,,20220251,2022-05-27,급여,,,zotepine,250801ATB,"치매 고령환자에게 비정형 항정신병약물 투여시 뇌혈관 질환, 사망의 위험 증가, 고령자에 투여시 추체외로 증상 등의 부작용이 나타나기 쉬움",영진약품(주),,,로도핀정100mg(죠테핀)_(0.1g/1정),642400260,,
,,20220251,2022-05-27,급여,,,zotepine,250802ATB,"치매 고령환자에게 비정형 항정신병약물 투여시 뇌혈관 질환, 사망의 위험 증가, 고령자에 투여시 추체외로 증상 등의 부작용이 나타나기 쉬움",영진약품(주),,,로도핀정25mg(죠테핀)_(25mg/1정),642400240,,
,,20250246,2025-05-30,급여,,,lurasidone hydrochloride,729802ATB,,부광약품(주),,,라투다정40밀리그램(루라시돈염산염)_(40mg/1정),642204810,,
,,20250246,2025-05-30,급여,,,lurasidone hydrochloride,729803ATB,,부광약품(주),,,라투다정60밀리그램(루라시돈염산염)_(60mg/1정),642204790,,
,,20250246,2025-05-30,급여,,,lurasidone hydrochloride,729804ATB,,부광약품(주),,,라투다정80밀리그램(루라시돈염산염)_(80mg/1정),642204780,,
,,20250246,2025-05-30,급여,,,lurasidone hydrochloride,729805ATB,,부광약품(주),,,라투다정120밀리그램(루라시돈염산염)_(0.12g/1정),642204770,,
,,20250246,2025-05-30,급여,,,lurasidone hydrochloride,729801ATB,,부광약품(주),,,라투다정20밀리그램(루라시돈염산염)_(20mg/1정),642204800,,
,,20170079,2017-02-16,급여,,,nortriptyline hydrochloride (as nortriptyline),203401ATB,"노인에서의 삼환계 항우울제 사용은 기립성 저혈압, 비틀거림, 항콜린 부작용(인지기능 저하, 섬망 악화, 구갈, 배뇨곤란, 변비 등)이 나타나기 쉬우므로 사용을 추천하지 않으며, 반드시 필요한 경우에만 저용량으로 시작함. 항콜린성 작용이 있는 약제와의 병용으로 인해 항콜린 부작용(인지기능 저하, 섬망 악화, 구갈, 배뇨곤란, 변비 등)이 증가하므로 동시 사용을 추천하지 않음",일성아이에스(주),,,센시발정10밀리그램(염산노르트립틸린)_(11.4mg/1정),655400770,,
,,20170079,2017-02-16,급여,,,nortriptyline hydrochloride (as nortriptyline),203402ATB,"노인에서의 삼환계 항우울제 사용은 기립성 저혈압, 비틀거림, 항콜린 부작용(인지기능 저하, 섬망 악화, 구갈, 배뇨곤란, 변비 등)이 나타나기 쉬우므로 사용을 추천하지 않으며, 반드시 필요한 경우에만 저용량으로 시작함. 항콜린성 작용이 있는 약제와의 병용으로 인해 항콜린 부작용(인지기능 저하, 섬망 악화, 구갈, 배뇨곤란, 변비 등)이 증가하므로 동시 사용을 추천하지 않음",일성아이에스(주),,,센시발정25밀리그램(염산노르트립틸린)_(28.5mg/1정),655400780,,
,,20200423,2020-09-24,비급여,,,diphenhydramine hydrochloride,A27001ACS,"항콜린 부작용(인지기능 저하, 섬망 악화, 구갈, 배뇨곤란, 변비 등)이 나타나기 쉬우므로 노인에서의 사용을 추천하지 않음. 항콜린성 작용이 있는 약제와의 병용으로 인해 항콜린 부작용이 증가하므로 동시 사용을 추천하지 않음",(주)녹십자,,,쿨드림연질캡슐(디펜히드라민염산염)_(50mg/1캡슐),643603640,,
,,20170079,2017-02-16,비급여,,,clobazam,135701ATB,"노인에서의 장기지속형 벤조다이아제핀 사용은 인지기능 저하, 섬망, 낙상, 골절 및 교통사고의 위험으로 사용을 추천하지 않으며, 단시간 작용 벤조다이아제핀 사용을 추천함",(주)한독,,,센틸정10밀리그람(클로바잠)_(10mg/1정),652100520,,
,,20170079,2017-02-16,비급여,,,clobazam,135702ATB,"노인에서의 장기지속형 벤조다이아제핀 사용은 인지기능 저하, 섬망, 낙상, 골절 및 교통사고의 위험으로 사용을 추천하지 않으며, 단시간 작용 벤조다이아제핀 사용을 추천함",(주)한독,,,푸리지움5밀리그람(클로바잠)_(5mg/1정),652101530,,
,,20170079,2017-02-16,비급여,,,clobazam,135701ATB,"노인에서의 장기지속형 벤조다이아제핀 사용은 인지기능 저하, 섬망, 낙상, 골절 및 교통사고의 위험으로 사용을 추천하지 않으며, 단시간 작용 벤조다이아제핀 사용을 추천함",(주)한독,,,푸리지움10밀리그람(클로바잠)영문:Frisium10mg_(10mg/1정),652101540,,
,,20200423,2020-09-24,비급여,,,meclizine hydrochloride,387201ATD,"항콜린 부작용(인지기능 저하, 섬망 악화, 구갈, 배뇨곤란, 변비 등)이 나타나기 쉬우므로 노인에서의 사용을 추천하지 않음. 항콜린성 작용이 있는 약제와의 병용으로 인해 항콜린 부작용이 증가하므로 동시 사용을 추천하지 않음",고려제약(주),,,멀스토구강용해필름(메클리진염산염수화물)_(25mg/1장),642802890,,
,,20210248,2021-07-15,비급여,,,quetiapine fumarate (as quetiapine),378604ATB,"다른 항정신병약과 같이 이 약을 장기간 투여 후 지연성운동이상 일으킬 위험이 있음. 지연성운동이상증의 발생률은 고령자, 특히 여성 고령자에서 높은 것으로 보임. 비정형성 항정신병 약제들을 메타 분석한 결과, 치매 관련 정신병을 가진 노인 환자에서 위약보다 사망 위험성 증가.",한화제약(주),,,한화쿼테아핀정300밀리그램(쿠에티아핀푸마르산염)_(0.34539mg/1정),651602730,,
,,20210248,2021-07-15,비급여,,,quetiapine fumarate (as quetiapine),378603ATB,"다른 항정신병약과 같이 이 약을 장기간 투여 후 지연성운동이상 일으킬 위험이 있음. 지연성운동이상증의 발생률은 고령자, 특히 여성 고령자에서 높은 것으로 보임. 비정형성 항정신병 약제들을 메타 분석한 결과, 치매 관련 정신병을 가진 노인 환자에서 위약보다 사망 위험성 증가.",한화제약(주),,,한화쿼테아핀정200밀리그램(쿠에티아핀푸마르산염)_(0.23026mg/1정),651602740,,
,,20200423,2020-09-24,비급여,,,diphenhydramine hydrochloride,A27002ATB,"항콜린 부작용(인지기능 저하, 섬망 악화, 구갈, 배뇨곤란, 변비 등)이 나타나기 쉬우므로 노인에서의 사용을 추천하지 않음. 항콜린성 작용이 있는 약제와의 병용으로 인해 항콜린 부작용이 증가하므로 동시 사용을 추천하지 않음",고려제약(주),,,단자민정(디펜히드라민염산염)_(25mg/1정),642801830,,
,,20200423,2020-09-24,비급여,,,diphenhydramine hydrochloride,A27001ACS,"항콜린 부작용(인지기능 저하, 섬망 악화, 구갈, 배뇨곤란, 변비 등)이 나타나기 쉬우므로 노인에서의 사용을 추천하지 않음. 항콜린성 작용이 있는 약제와의 병용으로 인해 항콜린 부작용이 증가하므로 동시 사용을 추천하지 않음",(주)알피바이오,,,디펙타민연질캡슐(디펜히드라민염산염)_(50mg/1캡슐),661602460,,
,,20200423,2020-09-24,비급여,,,doxylamine succinate,149801ATB,"항콜린 부작용(인지기능 저하, 섬망 악화, 구갈, 배뇨곤란, 변비 등)이 나타나기 쉬우므로 노인에서의 사용을 추천하지 않음. 항콜린성 작용이 있는 약제와의 병용으로 인해 항콜린 부작용이 증가하므로 동시 사용을 추천하지 않음",(주)씨엠지제약,,,자비론정(독시라민숙신산염)_(25mg/1정),648601420,,
,,20200423,2020-09-24,비급여,,,doxylamine succinate,149801ATB,"항콜린 부작용(인지기능 저하, 섬망 악화, 구갈, 배뇨곤란, 변비 등)이 나타나기 쉬우므로 노인에서의 사용을 추천하지 않음. 항콜린성 작용이 있는 약제와의 병용으로 인해 항콜린 부작용이 증가하므로 동시 사용을 추천하지 않음",알파제약(주),,,아졸정(독시라민석시네이트)_(25mg/1정),654200460,,
,,20200423,2020-09-24,비급여,,,diphenhydramine hydrochloride,A27001ACS,"항콜린 부작용(인지기능 저하, 섬망 악화, 구갈, 배뇨곤란, 변비 등)이 나타나기 쉬우므로 노인에서의 사용을 추천하지 않음. 항콜린성 작용이 있는 약제와의 병용으로 인해 항콜린 부작용이 증가하므로 동시 사용을 추천하지 않음",(주)인트로바이오파마,,,코자미연질캡슐(디펜히드라민염산염)_(50mg/1캡슐),52401680,,
,,20200423,2020-09-24,비급여,,,meclizine hydrochloride,387201ATB,"항콜린 부작용(인지기능 저하, 섬망 악화, 구갈, 배뇨곤란, 변비 등)이 나타나기 쉬우므로 노인에서의 사용을 추천하지 않음. 항콜린성 작용이 있는 약제와의 병용으로 인해 항콜린 부작용이 증가하므로 동시 사용을 추천하지 않음",(주)제뉴파마,,,엠클리진정(메클리진염산염수화물)_(25mg/1정),698002210,,
,,20200423,2020-09-24,비급여,,,meclizine hydrochloride,387201ATB,"항콜린 부작용(인지기능 저하, 섬망 악화, 구갈, 배뇨곤란, 변비 등)이 나타나기 쉬우므로 노인에서의 사용을 추천하지 않음. 항콜린성 작용이 있는 약제와의 병용으로 인해 항콜린 부작용이 증가하므로 동시 사용을 추천하지 않음",(주)한국파비스제약,,,파비스염산메클리진정_(25mg/1정),621801840,,
,,20200423,2020-09-24,비급여,,,diphenhydramine hydrochloride,A27001ACS,"항콜린 부작용(인지기능 저하, 섬망 악화, 구갈, 배뇨곤란, 변비 등)이 나타나기 쉬우므로 노인에서의 사용을 추천하지 않음. 항콜린성 작용이 있는 약제와의 병용으로 인해 항콜린 부작용이 증가하므로 동시 사용을 추천하지 않음",한솔신약(주),,,제로민연질캡슐(디펜히드라민염산염)_(50mg/1캡슐),645802780,,
,,20180371,2018-08-31,비급여,,,perphenazine hydrochloride,211403BIJ,"노인에서의 정형 항정신병약물 사용은 추체외로 증상, 항콜린성 부작용 등이 나타나기 쉬우므로 사용을 추천하지 않으며, 비정형 항정신병약물 사용을 추천함",(주)제일제약,,,페로친주(페르페나진염산염)_(3mg/1mL),650500961,,
,,20210248,2021-07-15,비급여,,,aripiprazole,451501ATD,"항정신병약으로 치료받는 환자에서 잠재적으로 비가역적, 비자발적인, 이상운동 증후군이 발생할 수 있으며, 이 증후군은 고령자, 특히 여성 고령자에서 가장 많이 발생함. 비정형 정신병치료제를 복용하는 치매성 노인 정신질환 환자의 사망 위험성은 위약과 비교 시 증가. 이 약을 투여한 환자(평균연령:84세, 범위:78~88세)에서 사망례를 포함한 뇌혈관계 이상반응(예:뇌졸중, 일과성허혈발작)의 증가.",신풍제약(주),,,아리파이큐오디정10밀리그램(아리피프라졸)_(10mg/1정),648507070,,
,,20200423,2020-09-24,비급여,,,doxylamine succinate,149801ATB,"항콜린 부작용(인지기능 저하, 섬망 악화, 구갈, 배뇨곤란, 변비 등)이 나타나기 쉬우므로 노인에서의 사용을 추천하지 않음. 항콜린성 작용이 있는 약제와의 병용으로 인해 항콜린 부작용이 증가하므로 동시 사용을 추천하지 않음",지엘파마(주),,,스메르정(독시라민숙신산염)_(25mg/1정),649700340,,
,,20200423,2020-09-24,비급여,,,doxylamine succinate,149801ATB,"항콜린 부작용(인지기능 저하, 섬망 악화, 구갈, 배뇨곤란, 변비 등)이 나타나기 쉬우므로 노인에서의 사용을 추천하지 않음. 항콜린성 작용이 있는 약제와의 병용으로 인해 항콜린 부작용이 증가하므로 동시 사용을 추천하지 않음",알리코제약(주),,,아론정(독시라민숙신산염)_(25mg/1정),656000690,,
,,20200423,2020-09-24,비급여,,,doxylamine succinate,149801ATB,"항콜린 부작용(인지기능 저하, 섬망 악화, 구갈, 배뇨곤란, 변비 등)이 나타나기 쉬우므로 노인에서의 사용을 추천하지 않음. 항콜린성 작용이 있는 약제와의 병용으로 인해 항콜린 부작용이 증가하므로 동시 사용을 추천하지 않음",일양약품(주),,,자멘쏙정(독시라민숙신산염)_(25mg/1정),641706020,,
,,20200423,2020-09-24,비급여,,,diphenhydramine hydrochloride,A27001ACS,"항콜린 부작용(인지기능 저하, 섬망 악화, 구갈, 배뇨곤란, 변비 등)이 나타나기 쉬우므로 노인에서의 사용을 추천하지 않음. 항콜린성 작용이 있는 약제와의 병용으로 인해 항콜린 부작용이 증가하므로 동시 사용을 추천하지 않음",경방신약(주),,,드림굿연질캡슐(디펜히드라민염산염)_(50mg/1캡슐),661307090,,
,,20200423,2020-09-24,비급여,,,meclizine hydrochloride,387201ATD,"항콜린 부작용(인지기능 저하, 섬망 악화, 구갈, 배뇨곤란, 변비 등)이 나타나기 쉬우므로 노인에서의 사용을 추천하지 않음. 항콜린성 작용이 있는 약제와의 병용으로 인해 항콜린 부작용이 증가하므로 동시 사용을 추천하지 않음",(주)씨티씨바이오,,,메클린구강용해필름25밀리그램(메클리진염산염수화물)(오렌지향)_(25mg/1장),669501890,,
,,20200423,2020-09-24,비급여,,,dicyclomine hydrochloride,143701ATB,"항콜린 부작용(인지기능 저하, 섬망 악화, 구갈, 배뇨곤란, 변비 등)이 나타나기 쉽고, 효과가 불확실하므로 노인에서의 사용을 추천하지 않음. 항콜린성 작용이 있는 약제와의 병용으로 인해 항콜린 부작용이 증가하므로 동시 사용을 추천하지 않음",신일제약(주),,,이지정(디시클로민염산염)_(10mg/1정),653802250,,
,,20200423,2020-09-24,비급여,,,diphenhydramine hydrochloride,A27002ATB,"항콜린 부작용(인지기능 저하, 섬망 악화, 구갈, 배뇨곤란, 변비 등)이 나타나기 쉬우므로 노인에서의 사용을 추천하지 않음. 항콜린성 작용이 있는 약제와의 병용으로 인해 항콜린 부작용이 증가하므로 동시 사용을 추천하지 않음",한미약품(주),,,슬리펠정25밀리그램(디펜히드라민염산염)_(25mg/1정),643504280,,
,,20200423,2020-09-24,비급여,,,doxylamine succinate,149801ATB,"항콜린 부작용(인지기능 저하, 섬망 악화, 구갈, 배뇨곤란, 변비 등)이 나타나기 쉬우므로 노인에서의 사용을 추천하지 않음. 항콜린성 작용이 있는 약제와의 병용으로 인해 항콜린 부작용이 증가하므로 동시 사용을 추천하지 않음",(주)한국파비스제약,,,포린피아정(독시라민숙신산염)_(25mg/1정),621801780,,
,,20200423,2020-09-24,비급여,,,dicyclomine hydrochloride,143701ACH,"항콜린 부작용(인지기능 저하, 섬망 악화, 구갈, 배뇨곤란, 변비 등)이 나타나기 쉽고, 효과가 불확실하므로 노인에서의 사용을 추천하지 않음. 항콜린성 작용이 있는 약제와의 병용으로 인해 항콜린 부작용이 증가하므로 동시 사용을 추천하지 않음",조아제약(주),,,스파토민캡슐(디시클로민염산염)_(10mg/1캡슐),644600620,,
,,20200423,2020-09-24,비급여,,,doxylamine succinate,149801ATB,"항콜린 부작용(인지기능 저하, 섬망 악화, 구갈, 배뇨곤란, 변비 등)이 나타나기 쉬우므로 노인에서의 사용을 추천하지 않음. 항콜린성 작용이 있는 약제와의 병용으로 인해 항콜린 부작용이 증가하므로 동시 사용을 추천하지 않음",(주)와이에스생명과학,,,자모다정(독시라민숙신산염)_(25mg/1정),79100030,,
,,20210248,2021-07-15,비급여,,,aripiprazole,451509BIJ,"항정신병약으로 치료받는 환자에서 잠재적으로 비가역적, 비자발적인, 이상운동 증후군이 발생할 수 있으며, 이 증후군은 고령자, 특히 여성 고령자에서 가장 많이 발생함. 비정형 정신병치료제를 복용하는 치매성 노인 정신질환 환자의 사망 위험성은 위약과 비교 시 증가. 이 약을 투여한 환자(평균연령:84세, 범위:78~88세)에서 사망례를 포함한 뇌혈관계 이상반응(예:뇌졸중, 일과성허혈발작)의 증가.",한국오츠카제약(주),,,아빌리파이아심투파이주사960밀리그램(아리피프라졸일수화물)_(0.9984g/3.2mL),649900561,,
,,20210248,2021-07-15,비급여,,,aripiprazole,451510BIJ,"항정신병약으로 치료받는 환자에서 잠재적으로 비가역적, 비자발적인, 이상운동 증후군이 발생할 수 있으며, 이 증후군은 고령자, 특히 여성 고령자에서 가장 많이 발생함. 비정형 정신병치료제를 복용하는 치매성 노인 정신질환 환자의 사망 위험성은 위약과 비교 시 증가. 이 약을 투여한 환자(평균연령:84세, 범위:78~88세)에서 사망례를 포함한 뇌혈관계 이상반응(예:뇌졸중, 일과성허혈발작)의 증가.",한국오츠카제약(주),,,아빌리파이아심투파이주사720밀리그램(아리피프라졸일수화물)_(0.7488g/2.4mL),649900551,,
,,20200423,2020-09-24,비급여,,,diphenhydramine hydrochloride,A27002ATD,"항콜린 부작용(인지기능 저하, 섬망 악화, 구갈, 배뇨곤란, 변비 등)이 나타나기 쉬우므로 노인에서의 사용을 추천하지 않음. 항콜린성 작용이 있는 약제와의 병용으로 인해 항콜린 부작용이 증가하므로 동시 사용을 추천하지 않음",코오롱제약(주),,,코니자오디정(디펜히드라민염산염)_(25mg/1정),670304280,,
,,20220251,2022-05-27,비급여,,,loxapine,186001CSI,"치매 고령환자에게 항정신병약물 투여시 사망률 증가, 고령자에서 안전성 및 유효성 자료 충분치 않으므로 권장되지 않음",코오롱제약(주),,,아다수브흡입제10밀리그램(록사핀)_(10mg/10mg),670304381,,
,,20170079,2017-02-16,비급여,,,quazepam,553001ATB,"노인에서의 장기지속형 벤조다이아제핀 사용은 인지기능 저하, 섬망, 낙상, 골절 및 교통사고의 위험으로 사용을 추천하지 않으며, 단시간 작용 벤조다이아제핀 사용을 추천함",명인제약(주),,,울란정15밀리그램(쿠아제팜)_(15mg/1정),651900190,,
,,20170079,2017-02-16,비급여,,,quazepam,553002ATB,"노인에서의 장기지속형 벤조다이아제핀 사용은 인지기능 저하, 섬망, 낙상, 골절 및 교통사고의 위험으로 사용을 추천하지 않으며, 단시간 작용 벤조다이아제핀 사용을 추천함",명인제약(주),,,울란정20밀리그램(쿠아제팜)_(20mg/1정),651900200,,
,,20220251,2022-05-27,비급여,,,sulpiride,233401ATB,"치매 고령환자에게 비정형 항정신병약물 투여시 뇌혈관 질환, 사망의 위험 증가, 고령자에 투여시 추체외로 증상 등의 부작용 발현에 주의해야 함 ",(주)대웅제약,,,곰마틸200밀리그람정(설피리드)_(0.2g/1정),641600070,,
,,20200423,2020-09-24,비급여,,,doxylamine succinate,149801ATB,"항콜린 부작용(인지기능 저하, 섬망 악화, 구갈, 배뇨곤란, 변비 등)이 나타나기 쉬우므로 노인에서의 사용을 추천하지 않음. 항콜린성 작용이 있는 약제와의 병용으로 인해 항콜린 부작용이 증가하므로 동시 사용을 추천하지 않음",삼익제약(주),,,자믹정(독시라민숙신산염)_(25mg/1정),644001460,,
,,20200423,2020-09-24,비급여,,,doxylamine succinate,149801ATB,"항콜린 부작용(인지기능 저하, 섬망 악화, 구갈, 배뇨곤란, 변비 등)이 나타나기 쉬우므로 노인에서의 사용을 추천하지 않음. 항콜린성 작용이 있는 약제와의 병용으로 인해 항콜린 부작용이 증가하므로 동시 사용을 추천하지 않음",태극제약(주),,,자미슬정(독시라민숙신산염)_(25mg/1정),644801620,,
,,20200423,2020-09-24,비급여,,,doxylamine succinate,149801ATB,"항콜린 부작용(인지기능 저하, 섬망 악화, 구갈, 배뇨곤란, 변비 등)이 나타나기 쉬우므로 노인에서의 사용을 추천하지 않음. 항콜린성 작용이 있는 약제와의 병용으로 인해 항콜린 부작용이 증가하므로 동시 사용을 추천하지 않음",조아제약(주),,,잠피아정(독시라민숙신산염)_(25mg/1정),644603770,,
,,,,급여,,,aceclofenac,100901ACH,"고령자는 중대한 위장관계 이상반응의 위험이 더 클 수 있음. 고령자에서 특히, 위장관 출혈과 천공 발생 빈도가 증가함.",경동제약(주),,,에이서캡슐(아세클로페낙)_(0.1g/1캡슐),648101510,,
,,,,급여,,,aceclofenac,100901ACS,"고령자는 중대한 위장관계 이상반응의 위험이 더 클 수 있음. 고령자에서 특히, 위장관 출혈과 천공 발생 빈도가 증가함.",한국유나이티드제약(주),,,클란자에스연질캡슐(아세클로페낙)(수출명:SpeenacSoftCaps.)_(0.1g/1캡슐),644304150,,
,,,,급여,,,aceclofenac,100901ATB,"고령자는 중대한 위장관계 이상반응의 위험이 더 클 수 있음. 고령자에서 특히, 위장관 출혈과 천공 발생 빈도가 증가함.",(주)인트로바이오파마,,,로페낙정(아세클로페낙)_(0.1g/1정),52400690,,
,,,,급여,,,aceclofenac,100901ATB,"고령자는 중대한 위장관계 이상반응의 위험이 더 클 수 있음. 고령자에서 특히, 위장관 출혈과 천공 발생 빈도가 증가함.",(주)휴온스생명과학,,,케페낙정100밀리그램(아세클로페낙)_(0.1g/1정),52700370,,
,,,,급여,,,aceclofenac,100901ATB,"고령자는 중대한 위장관계 이상반응의 위험이 더 클 수 있음. 고령자에서 특히, 위장관 출혈과 천공 발생 빈도가 증가함.",(주)중헌제약,,,아세크릴정(아세클로페낙)_(0.1g/1정),53300200,,
,,,,급여,,,aceclofenac,100901ATB,"고령자는 중대한 위장관계 이상반응의 위험이 더 클 수 있음. 고령자에서 특히, 위장관 출혈과 천공 발생 빈도가 증가함.",오스템파마주식회사,,,오스템아세클로페낙정_(0.1g/1정),53500180,,
,,,,급여,,,aceclofenac,100901ATB,"고령자는 중대한 위장관계 이상반응의 위험이 더 클 수 있음. 고령자에서 특히, 위장관 출혈과 천공 발생 빈도가 증가함.",안국뉴팜(주),,,뉴세페낙정100밀리그램(아세클로페낙)_(0.1g/1정),53600020,,
,,,,급여,,,aceclofenac,100901ATB,"고령자는 중대한 위장관계 이상반응의 위험이 더 클 수 있음. 고령자에서 특히, 위장관 출혈과 천공 발생 빈도가 증가함.",코스맥스파마(주),,,코스페낙정100밀리그램(아세클로페낙)_(0.1g/1정),55102270,,
,,,,급여,,,aceclofenac,100901ATB,"고령자는 중대한 위장관계 이상반응의 위험이 더 클 수 있음. 고령자에서 특히, 위장관 출혈과 천공 발생 빈도가 증가함.",(주)셀비온,,,신텍클로페낙정100밀리그램(아세클로페낙)_(0.1g/1정),55800220,,
,,,,급여,,,aceclofenac,100901ATB,"고령자는 중대한 위장관계 이상반응의 위험이 더 클 수 있음. 고령자에서 특히, 위장관 출혈과 천공 발생 빈도가 증가함.",주식회사 더유제약,,,아세클론정(아세클로페낙)_(0.1g/1정),57000810,,
,,,,급여,,,aceclofenac,100901ATB,"고령자는 중대한 위장관계 이상반응의 위험이 더 클 수 있음. 고령자에서 특히, 위장관 출혈과 천공 발생 빈도가 증가함.",대원바이오텍주식회사,,,아세진정(아세클로페낙)_(0.1g/1정),57600580,,
,,,,급여,,,aceclofenac,100901ATB,"고령자는 중대한 위장관계 이상반응의 위험이 더 클 수 있음. 고령자에서 특히, 위장관 출혈과 천공 발생 빈도가 증가함.",독립바이오제약(주),,,독립아세클로페낙정_(0.1g/1정),57700060,,
,,,,급여,,,aceclofenac,100901ATB,"고령자는 중대한 위장관계 이상반응의 위험이 더 클 수 있음. 고령자에서 특히, 위장관 출혈과 천공 발생 빈도가 증가함.",(주)아리제약,,,세로탈정100밀리그램(아세클로페낙)_(0.1g/1정),58200350,,
,,,,급여,,,aceclofenac,100901ATB,"고령자는 중대한 위장관계 이상반응의 위험이 더 클 수 있음. 고령자에서 특히, 위장관 출혈과 천공 발생 빈도가 증가함.",주식회사케이에스제약,,,아세티정(아세클로페낙)_(0.1g/1정),59000440,,
,,,,급여,,,aceclofenac,100901ATB,"고령자는 중대한 위장관계 이상반응의 위험이 더 클 수 있음. 고령자에서 특히, 위장관 출혈과 천공 발생 빈도가 증가함.",(주)킴스제약,,,아세요정(아세클로페낙)_(0.1g/1정),59600280,,
,,,,급여,,,aceclofenac,100901ATB,"고령자는 중대한 위장관계 이상반응의 위험이 더 클 수 있음. 고령자에서 특히, 위장관 출혈과 천공 발생 빈도가 증가함.",(주)엘앤씨바이오,,,메가클로페낙정(아세클로페낙)_(0.1g/1정),60500010,,
,,,,급여,,,aceclofenac,100901ATB,"고령자는 중대한 위장관계 이상반응의 위험이 더 클 수 있음. 고령자에서 특히, 위장관 출혈과 천공 발생 빈도가 증가함.",건일바이오팜주식회사,,,아세팜정100밀리그램(아세클로페낙)_(0.1g/1정),73001500,,
,,,,급여,,,aceclofenac,100901ATB,"고령자는 중대한 위장관계 이상반응의 위험이 더 클 수 있음. 고령자에서 특히, 위장관 출혈과 천공 발생 빈도가 증가함.",주식회사 노바엠헬스케어,,,아세크정(아세클로페낙)_(0.1g/1정),73200570,,
,,,,급여,,,aceclofenac,100901ATB,"고령자는 중대한 위장관계 이상반응의 위험이 더 클 수 있음. 고령자에서 특히, 위장관 출혈과 천공 발생 빈도가 증가함.",(주)한국파비스제약,,,아페민정(아세클로페낙)_(0.1g/1정),621801920,,
,,,,급여,,,aceclofenac,100901ATB,"고령자는 중대한 위장관계 이상반응의 위험이 더 클 수 있음. 고령자에서 특히, 위장관 출혈과 천공 발생 빈도가 증가함.",(주)씨엘팜,,,아세티론정(아세클로페낙)_(0.1g/1정),622600420,,
,,,,급여,,,aceclofenac,100901ATB,"고령자는 중대한 위장관계 이상반응의 위험이 더 클 수 있음. 고령자에서 특히, 위장관 출혈과 천공 발생 빈도가 증가함.",(주)마더스제약,,,아페락정(아세클로페낙)_(0.1g/1정),622800200,,
,,,,급여,,,aceclofenac,100901ATB,"고령자는 중대한 위장관계 이상반응의 위험이 더 클 수 있음. 고령자에서 특히, 위장관 출혈과 천공 발생 빈도가 증가함.",(주)화이트생명과학,,,아세로낙정(아세클로페낙)_(0.1g/1정),625200230,,
,,,,급여,,,aceclofenac,100901ATB,"고령자는 중대한 위장관계 이상반응의 위험이 더 클 수 있음. 고령자에서 특히, 위장관 출혈과 천공 발생 빈도가 증가함.",(주)텔콘알에프제약,,,셀페낙정(아세클로페낙)_(0.1g/1정),625500270,,
,,,,급여,,,aceclofenac,100901ATB,"고령자는 중대한 위장관계 이상반응의 위험이 더 클 수 있음. 고령자에서 특히, 위장관 출혈과 천공 발생 빈도가 증가함.",메딕스제약(주),,,아펙정(아세클로페낙)_(0.1g/1정),625800250,,
,,,,급여,,,aceclofenac,100901ATB,"고령자는 중대한 위장관계 이상반응의 위험이 더 클 수 있음. 고령자에서 특히, 위장관 출혈과 천공 발생 빈도가 증가함.",(주)휴비스트제약,,,휴낙정(아세클로페낙)_(0.1g/1정),628800250,,
,,,,급여,,,aceclofenac,100901ATB,"고령자는 중대한 위장관계 이상반응의 위험이 더 클 수 있음. 고령자에서 특히, 위장관 출혈과 천공 발생 빈도가 증가함.",(주)이든파마,,,아펜정(아세클로페낙)_(0.1g/1정),628900120,,
,,,,급여,,,aceclofenac,100901ATB,"고령자는 중대한 위장관계 이상반응의 위험이 더 클 수 있음. 고령자에서 특히, 위장관 출혈과 천공 발생 빈도가 증가함.",(주)일화,,,아세클란정(아세클로페낙)_(0.1g/1정),640900550,,
,,,,급여,,,aceclofenac,100901ATB,"고령자는 중대한 위장관계 이상반응의 위험이 더 클 수 있음. 고령자에서 특히, 위장관 출혈과 천공 발생 빈도가 증가함.",(주)대웅제약,,,에어탈정(아세클로페낙)_(0.1g/1정),641601920,,
,,,,급여,,,aceclofenac,100901ATB,"고령자는 중대한 위장관계 이상반응의 위험이 더 클 수 있음. 고령자에서 특히, 위장관 출혈과 천공 발생 빈도가 증가함.",일양약품(주),,,아리탈정(아세클로페낙)_(0.1g/1정),641704880,,
,,,,급여,,,aceclofenac,100901ATB,"고령자는 중대한 위장관계 이상반응의 위험이 더 클 수 있음. 고령자에서 특히, 위장관 출혈과 천공 발생 빈도가 증가함.",광동제약(주),,,에어낙정(아세클로페낙)_(0.1g/1정),641802300,,
,,,,급여,,,aceclofenac,100901ATB,"고령자는 중대한 위장관계 이상반응의 위험이 더 클 수 있음. 고령자에서 특히, 위장관 출혈과 천공 발생 빈도가 증가함.",현대약품(주),,,현대아세클로페낙정_(0.1g/1정),642003290,,
,,,,급여,,,aceclofenac,100901ATB,"고령자는 중대한 위장관계 이상반응의 위험이 더 클 수 있음. 고령자에서 특히, 위장관 출혈과 천공 발생 빈도가 증가함.",삼성제약(주),,,아세크로나정(아세클로페낙)_(0.1g/1정),642302610,,
,,,,급여,,,aceclofenac,100901ATB,"고령자는 중대한 위장관계 이상반응의 위험이 더 클 수 있음. 고령자에서 특히, 위장관 출혈과 천공 발생 빈도가 증가함.",영진약품(주),,,엔페낙정(아세클로페낙)_(0.1g/1정),642403620,,
,,,,급여,,,aceclofenac,100901ATB,"고령자는 중대한 위장관계 이상반응의 위험이 더 클 수 있음. 고령자에서 특히, 위장관 출혈과 천공 발생 빈도가 증가함.",동아에스티(주),,,아크로펜정(아세클로페낙)_(0.1g/1정),642502460,,
,,,,급여,,,aceclofenac,100901ATB,"고령자는 중대한 위장관계 이상반응의 위험이 더 클 수 있음. 고령자에서 특히, 위장관 출혈과 천공 발생 빈도가 증가함.",동화약품(주),,,아세크론정(아세클로페낙)_(0.1g/1정),642702240,,
,,,,급여,,,aceclofenac,100901ATB,"고령자는 중대한 위장관계 이상반응의 위험이 더 클 수 있음. 고령자에서 특히, 위장관 출혈과 천공 발생 빈도가 증가함.",고려제약(주),,,류마크로정(아세클로페낙)_(0.1g/1정),642802650,,
,,,,급여,,,aceclofenac,100901ATB,"고령자는 중대한 위장관계 이상반응의 위험이 더 클 수 있음. 고령자에서 특히, 위장관 출혈과 천공 발생 빈도가 증가함.",(주)바이넥스,,,뉴마탈정(아세클로페낙)_(0.1g/1정),643100050,,
,,,,급여,,,aceclofenac,100901ATB,"고령자는 중대한 위장관계 이상반응의 위험이 더 클 수 있음. 고령자에서 특히, 위장관 출혈과 천공 발생 빈도가 증가함.",동성제약(주),,,동성아세클로페낙정_(0.1g/1정),643202500,,
,,,,급여,,,aceclofenac,100901ATB,"고령자는 중대한 위장관계 이상반응의 위험이 더 클 수 있음. 고령자에서 특히, 위장관 출혈과 천공 발생 빈도가 증가함.",(주)종근당,,,세클로낙정(아세클로페낙)_(0.1g/1정),643301260,,
,,,,급여,,,aceclofenac,100901ATB,"고령자는 중대한 위장관계 이상반응의 위험이 더 클 수 있음. 고령자에서 특히, 위장관 출혈과 천공 발생 빈도가 증가함.",한미약품(주),,,아섹정100밀리그램(아세클로페낙)_(0.1g/1정),643501740,,
,,,,급여,,,aceclofenac,100901ATB,"고령자는 중대한 위장관계 이상반응의 위험이 더 클 수 있음. 고령자에서 특히, 위장관 출혈과 천공 발생 빈도가 증가함.",국제약품(주),,,아로펜정(아세클로페낙)(수출명:아로페나정)_(0.1g/1정),643701580,,
,,,,급여,,,aceclofenac,100901ATB,"고령자는 중대한 위장관계 이상반응의 위험이 더 클 수 있음. 고령자에서 특히, 위장관 출혈과 천공 발생 빈도가 증가함.",삼일제약(주),,,아세펜정(아세클로페낙)_(0.1g/1정),643903550,,
,,,,급여,,,aceclofenac,100901ATB,"고령자는 중대한 위장관계 이상반응의 위험이 더 클 수 있음. 고령자에서 특히, 위장관 출혈과 천공 발생 빈도가 증가함.",삼익제약(주),,,세클펜정(아세클로페낙)(수출명:CECLOFEN Tab.)_(0.1g/1정),644000990,,
,,,,급여,,,aceclofenac,100901ATB,"고령자는 중대한 위장관계 이상반응의 위험이 더 클 수 있음. 고령자에서 특히, 위장관 출혈과 천공 발생 빈도가 증가함.",한국유나이티드제약(주),,,클란자정(아세클로페낙)(수출명:SpeenacTabs.)_(0.1g/1정),644304160,,
,,,,급여,,,aceclofenac,100901ATB,"고령자는 중대한 위장관계 이상반응의 위험이 더 클 수 있음. 고령자에서 특히, 위장관 출혈과 천공 발생 빈도가 증가함.",조아제약(주),,,아크로낙정(아세클로페낙)_(0.1g/1정),644603430,,
,,,,급여,,,aceclofenac,100901ATB,"고령자는 중대한 위장관계 이상반응의 위험이 더 클 수 있음. 고령자에서 특히, 위장관 출혈과 천공 발생 빈도가 증가함.",에스케이케미칼(주),,,아크로신정(아세클로페낙)_(0.1g/1정),644703320,,
,,,,급여,,,aceclofenac,100901ATB,"고령자는 중대한 위장관계 이상반응의 위험이 더 클 수 있음. 고령자에서 특히, 위장관 출혈과 천공 발생 빈도가 증가함.",태극제약(주),,,태극아세클로페낙정_(0.1g/1정),644802230,,
,,,,급여,,,aceclofenac,100901ATB,"고령자는 중대한 위장관계 이상반응의 위험이 더 클 수 있음. 고령자에서 특히, 위장관 출혈과 천공 발생 빈도가 증가함.",(주)에이프로젠바이오로직스,,,아세낙정(아세클로페낙)_(0.1g/1정),645202010,,
,,,,급여,,,aceclofenac,100901ATB,"고령자는 중대한 위장관계 이상반응의 위험이 더 클 수 있음. 고령자에서 특히, 위장관 출혈과 천공 발생 빈도가 증가함.",한림제약(주),,,베오페낙정(아세클로페낙)_(0.1g/1정),645300710,,
,,,,급여,,,aceclofenac,100901ATB,"고령자는 중대한 위장관계 이상반응의 위험이 더 클 수 있음. 고령자에서 특히, 위장관 출혈과 천공 발생 빈도가 증가함.",제일약품(주),,,에이펙스정(아세클로페낙)_(0.1g/1정),645403280,,
,,,,급여,,,aceclofenac,100901ATB,"고령자는 중대한 위장관계 이상반응의 위험이 더 클 수 있음. 고령자에서 특히, 위장관 출혈과 천공 발생 빈도가 증가함.",대화제약(주),,,아세틸론정(아세클로페낙)_(0.1g/1정),645604400,,
,,,,급여,,,aceclofenac,100901ATB,"고령자는 중대한 위장관계 이상반응의 위험이 더 클 수 있음. 고령자에서 특히, 위장관 출혈과 천공 발생 빈도가 증가함.",(주)메디카코리아,,,페노클정(아세클로페낙)_(0.1g/1정),646002430,,
,,,,급여,,,aceclofenac,100901ATB,"고령자는 중대한 위장관계 이상반응의 위험이 더 클 수 있음. 고령자에서 특히, 위장관 출혈과 천공 발생 빈도가 증가함.",(주)뉴젠팜,,,아세젠정(아세클로페낙)_(0.1g/1정),646201260,,
,,,,급여,,,aceclofenac,100901ATB,"고령자는 중대한 위장관계 이상반응의 위험이 더 클 수 있음. 고령자에서 특히, 위장관 출혈과 천공 발생 빈도가 증가함.",한국코러스(주),,,아낙정(아세클로페낙)_(0.1g/1정),647200400,,
,,,,급여,,,aceclofenac,100901ATB,"고령자는 중대한 위장관계 이상반응의 위험이 더 클 수 있음. 고령자에서 특히, 위장관 출혈과 천공 발생 빈도가 증가함.",에이치엘비제약(주),,,아세클낙정(아세클로페낙)_(0.1g/1정),647300800,,
,,,,급여,,,aceclofenac,100901ATB,"고령자는 중대한 위장관계 이상반응의 위험이 더 클 수 있음. 고령자에서 특히, 위장관 출혈과 천공 발생 빈도가 증가함.",삼진제약(주),,,크리페낙정(아세클로페낙)_(0.1g/1정),647803710,,
,,,,급여,,,aceclofenac,100901ATB,"고령자는 중대한 위장관계 이상반응의 위험이 더 클 수 있음. 고령자에서 특히, 위장관 출혈과 천공 발생 빈도가 증가함.",경동제약(주),,,"에이서정(아세클로페낙)(수출명: SEONAC, BEEOCURACIN)_(0.1g/1정)",648101500,,
,,,,급여,,,aceclofenac,100901ATB,"고령자는 중대한 위장관계 이상반응의 위험이 더 클 수 있음. 고령자에서 특히, 위장관 출혈과 천공 발생 빈도가 증가함.",(주)유영제약,,,아로낙정(아세클로페낙)_(0.1g/1정),648203610,,
,,,,급여,,,aceclofenac,100901ATB,"고령자는 중대한 위장관계 이상반응의 위험이 더 클 수 있음. 고령자에서 특히, 위장관 출혈과 천공 발생 빈도가 증가함.",신풍제약(주),,,아클론정(아세클로페낙)_(0.1g/1정),648502580,,
,,,,급여,,,aceclofenac,100901ATB,"고령자는 중대한 위장관계 이상반응의 위험이 더 클 수 있음. 고령자에서 특히, 위장관 출혈과 천공 발생 빈도가 증가함.",(주)씨엠지제약,,,아포낙정(아세클로페낙)_(0.1g/1정),648601250,,
,,,,급여,,,aceclofenac,100901ATB,"고령자는 중대한 위장관계 이상반응의 위험이 더 클 수 있음. 고령자에서 특히, 위장관 출혈과 천공 발생 빈도가 증가함.",풍림무약(주),,,아세롬정100밀리그램(아세클로페낙)_(0.1g/1정),649001080,,
,,,,급여,,,aceclofenac,100901ATB,"고령자는 중대한 위장관계 이상반응의 위험이 더 클 수 있음. 고령자에서 특히, 위장관 출혈과 천공 발생 빈도가 증가함.",한국휴텍스제약(주),,,에어클란정(아세클로페낙)_(0.1g/1정),649102100,,
,,,,급여,,,aceclofenac,100901ATB,"고령자는 중대한 위장관계 이상반응의 위험이 더 클 수 있음. 고령자에서 특히, 위장관 출혈과 천공 발생 빈도가 증가함.",영일제약(주),,,알로페낙정(아세클로페낙)_(0.1g/1정),649404530,,
,,,,급여,,,aceclofenac,100901ATB,"고령자는 중대한 위장관계 이상반응의 위험이 더 클 수 있음. 고령자에서 특히, 위장관 출혈과 천공 발생 빈도가 증가함.",유니메드제약(주),,,유니세탈정(아세클로페낙)_(0.1g/1정),649502440,,
,,,,급여,,,aceclofenac,100901ATB,"고령자는 중대한 위장관계 이상반응의 위험이 더 클 수 있음. 고령자에서 특히, 위장관 출혈과 천공 발생 빈도가 증가함.",대우제약(주),,,에이펜정(아세클로페낙)_(0.1g/1정),649601680,,
,,,,급여,,,aceclofenac,100901ATB,"고령자는 중대한 위장관계 이상반응의 위험이 더 클 수 있음. 고령자에서 특히, 위장관 출혈과 천공 발생 빈도가 증가함.",지엘파마(주),,,지엘아세클로페낙정100밀리그램_(0.1g/1정),649701520,,
,,,,급여,,,aceclofenac,100901ATB,"고령자는 중대한 위장관계 이상반응의 위험이 더 클 수 있음. 고령자에서 특히, 위장관 출혈과 천공 발생 빈도가 증가함.",명문제약(주),,,아로탈정(아세클로페낙)(수출명:아로세탈정(Arocetaltablet))_(0.1g/1정),649802300,,
,,,,급여,,,aceclofenac,100901ATB,"고령자는 중대한 위장관계 이상반응의 위험이 더 클 수 있음. 고령자에서 특히, 위장관 출혈과 천공 발생 빈도가 증가함.",안국약품(주),,,아세페낙정(아세클로페낙)_(0.1g/1정),650201020,,
,,,,급여,,,aceclofenac,100901ATB,"고령자는 중대한 위장관계 이상반응의 위험이 더 클 수 있음. 고령자에서 특히, 위장관 출혈과 천공 발생 빈도가 증가함.",진양제약(주),,,아엔탈정(아세클로페낙)_(0.1g/1정),650300920,,
,,,,급여,,,aceclofenac,100901ATB,"고령자는 중대한 위장관계 이상반응의 위험이 더 클 수 있음. 고령자에서 특히, 위장관 출혈과 천공 발생 빈도가 증가함.",삼천당제약(주),,,아세클정(아세클로페낙)_(0.1g/1정),651201220,,
,,,,급여,,,aceclofenac,100901ATB,"고령자는 중대한 위장관계 이상반응의 위험이 더 클 수 있음. 고령자에서 특히, 위장관 출혈과 천공 발생 빈도가 증가함.",(주)하원제약,,,아세크로정(아세클로페낙)_(0.1g/1정),651501060,,
,,,,급여,,,aceclofenac,100901ATB,"고령자는 중대한 위장관계 이상반응의 위험이 더 클 수 있음. 고령자에서 특히, 위장관 출혈과 천공 발생 빈도가 증가함.",한화제약(주),,,앤세낙정(아세클로페낙)_(0.1g/1정),651601780,,
,,,,급여,,,aceclofenac,100901ATB,"고령자는 중대한 위장관계 이상반응의 위험이 더 클 수 있음. 고령자에서 특히, 위장관 출혈과 천공 발생 빈도가 증가함.",알보젠코리아(주),,,에어펜정(아세클로페낙)_(0.1g/1정),652604210,,
,,,,급여,,,aceclofenac,100901ATB,"고령자는 중대한 위장관계 이상반응의 위험이 더 클 수 있음. 고령자에서 특히, 위장관 출혈과 천공 발생 빈도가 증가함.",(주)한국파마,,,아나클정(아세클로페낙)(수출명:파나정정)_(0.1g/1정),653001330,,
,,,,급여,,,aceclofenac,100901ATB,"고령자는 중대한 위장관계 이상반응의 위험이 더 클 수 있음. 고령자에서 특히, 위장관 출혈과 천공 발생 빈도가 증가함.",동국제약(주),,,아세탈정(아세클로페낙)_(0.1g/1정),653401660,,
,,,,급여,,,aceclofenac,100901ATB,"고령자는 중대한 위장관계 이상반응의 위험이 더 클 수 있음. 고령자에서 특히, 위장관 출혈과 천공 발생 빈도가 증가함.",삼남제약(주),,,아리펜정(아세클로페낙)_(0.1g/1정),653702340,,
,,,,급여,,,aceclofenac,100901ATB,"고령자는 중대한 위장관계 이상반응의 위험이 더 클 수 있음. 고령자에서 특히, 위장관 출혈과 천공 발생 빈도가 증가함.",신일제약(주),,,에이낙정(아세클로페낙)_(0.1g/1정),653802100,,
,,,,급여,,,aceclofenac,100901ATB,"고령자는 중대한 위장관계 이상반응의 위험이 더 클 수 있음. 고령자에서 특히, 위장관 출혈과 천공 발생 빈도가 증가함.",아주약품(주),,,아펜탈정(아세클로페낙)_(0.1g/1정),654001260,,
,,,,급여,,,aceclofenac,100901ATB,"고령자는 중대한 위장관계 이상반응의 위험이 더 클 수 있음. 고령자에서 특히, 위장관 출혈과 천공 발생 빈도가 증가함.",오스틴제약(주),,,아세탑정(아세클로페낙)_(0.1g/1정),654301800,,
,,,,급여,,,aceclofenac,100901ATB,"고령자는 중대한 위장관계 이상반응의 위험이 더 클 수 있음. 고령자에서 특히, 위장관 출혈과 천공 발생 빈도가 증가함.",케이엠에스제약(주),,,아세클라정(아세클로페낙)_(0.1g/1정),654700420,,
,,,,급여,,,aceclofenac,100901ATB,"고령자는 중대한 위장관계 이상반응의 위험이 더 클 수 있음. 고령자에서 특히, 위장관 출혈과 천공 발생 빈도가 증가함.",한올바이오파마(주),,,아세로정(아세클로페낙)_(0.1g/1정),655601230,,
,,,,급여,,,aceclofenac,100901ATB,"고령자는 중대한 위장관계 이상반응의 위험이 더 클 수 있음. 고령자에서 특히, 위장관 출혈과 천공 발생 빈도가 증가함.",알리코제약(주),,,아페낙정(아세클로페낙)_(0.1g/1정),656000830,,
,,,,급여,,,aceclofenac,100901ATB,"고령자는 중대한 위장관계 이상반응의 위험이 더 클 수 있음. 고령자에서 특히, 위장관 출혈과 천공 발생 빈도가 증가함.",한국넬슨제약(주),,,에어팩정(아세클로페낙)_(0.1g/1정),656701110,,
,,,,급여,,,aceclofenac,100901ATB,"고령자는 중대한 위장관계 이상반응의 위험이 더 클 수 있음. 고령자에서 특히, 위장관 출혈과 천공 발생 빈도가 증가함.",환인제약(주),,,아펜탁정(아세클로페낙)_(0.1g/1정),657202270,,
,,,,급여,,,aceclofenac,100901ATB,"고령자는 중대한 위장관계 이상반응의 위험이 더 클 수 있음. 고령자에서 특히, 위장관 출혈과 천공 발생 빈도가 증가함.",(주)동구바이오제약,,,에어페낙정(아세클로페낙)_(0.1g/1정),657302780,,
,,,,급여,,,aceclofenac,100901ATB,"고령자는 중대한 위장관계 이상반응의 위험이 더 클 수 있음. 고령자에서 특히, 위장관 출혈과 천공 발생 빈도가 증가함.",미래바이오제약(주),,,아덴만정(아세클로페낙)_(0.1g/1정),657502440,,
,,,,급여,,,aceclofenac,100901ATB,"고령자는 중대한 위장관계 이상반응의 위험이 더 클 수 있음. 고령자에서 특히, 위장관 출혈과 천공 발생 빈도가 증가함.",하나제약(주),,,세니탈정(아세클로페낙)(수출명:하나세니탈정)_(0.1g/1정),657801040,,
,,,,급여,,,aceclofenac,100901ATB,"고령자는 중대한 위장관계 이상반응의 위험이 더 클 수 있음. 고령자에서 특히, 위장관 출혈과 천공 발생 빈도가 증가함.",(유)한풍제약,,,아세네정(아세클로페낙)_(0.1g/1정),658106680,,
,,,,급여,,,aceclofenac,100901ATB,"고령자는 중대한 위장관계 이상반응의 위험이 더 클 수 있음. 고령자에서 특히, 위장관 출혈과 천공 발생 빈도가 증가함.",(주)비보존제약,,,아이제낙정100밀리그램(아세클로페낙)_(0.1g/1정),658203010,,
,,,,급여,,,aceclofenac,100901ATB,"고령자는 중대한 위장관계 이상반응의 위험이 더 클 수 있음. 고령자에서 특히, 위장관 출혈과 천공 발생 빈도가 증가함.",이연제약(주),,,아크로정(아세클로페낙)_(0.1g/1정),658600670,,
,,,,급여,,,aceclofenac,100901ATB,"고령자는 중대한 위장관계 이상반응의 위험이 더 클 수 있음. 고령자에서 특히, 위장관 출혈과 천공 발생 빈도가 증가함.",위더스제약(주),,,위더스페낙정(아세클로페낙)_(0.1g/1정),660701380,,
,,,,급여,,,aceclofenac,100901ATB,"고령자는 중대한 위장관계 이상반응의 위험이 더 클 수 있음. 고령자에서 특히, 위장관 출혈과 천공 발생 빈도가 증가함.",(주)알피바이오,,,뉴클로페낙정(아세클로페낙)_(0.1g/1정),661604710,,
,,,,급여,,,aceclofenac,100901ATB,"고령자는 중대한 위장관계 이상반응의 위험이 더 클 수 있음. 고령자에서 특히, 위장관 출혈과 천공 발생 빈도가 증가함.",영풍제약(주),,,크로탈정(아세클로페낙)_(0.1g/1정),661901670,,
,,,,급여,,,aceclofenac,100901ATB,"고령자는 중대한 위장관계 이상반응의 위험이 더 클 수 있음. 고령자에서 특히, 위장관 출혈과 천공 발생 빈도가 증가함.",(주)넥스팜코리아,,,아스낙정(아세클로페낙)_(0.1g/1정),662501270,,
,,,,급여,,,aceclofenac,100901ATB,"고령자는 중대한 위장관계 이상반응의 위험이 더 클 수 있음. 고령자에서 특히, 위장관 출혈과 천공 발생 빈도가 증가함.",에스에스팜(주),,,에스노펜정(아세클로페낙)_(0.1g/1정),663300870,,
,,,,급여,,,aceclofenac,100901ATB,"고령자는 중대한 위장관계 이상반응의 위험이 더 클 수 있음. 고령자에서 특히, 위장관 출혈과 천공 발생 빈도가 증가함.",한국프라임제약(주),,,아가펜정(아세클로페낙)_(0.1g/1정),663601080,,
,,,,급여,,,aceclofenac,100901ATB,"고령자는 중대한 위장관계 이상반응의 위험이 더 클 수 있음. 고령자에서 특히, 위장관 출혈과 천공 발생 빈도가 증가함.",천우신약(주),,,툴스페낙정100밀리그램(아세클로페낙)_(0.1g/1정),663803260,,
,,,,급여,,,aceclofenac,100901ATB,"고령자는 중대한 위장관계 이상반응의 위험이 더 클 수 있음. 고령자에서 특히, 위장관 출혈과 천공 발생 빈도가 증가함.",성원애드콕제약(주),,,아세날정(아세클로페낙)_(0.1g/1정),664900360,,
,,,,급여,,,aceclofenac,100901ATB,"고령자는 중대한 위장관계 이상반응의 위험이 더 클 수 있음. 고령자에서 특히, 위장관 출혈과 천공 발생 빈도가 증가함.",(주)경보제약,,,엔클로페낙정(아세클로페낙)_(0.1g/1정),665001860,,
,,,,급여,,,aceclofenac,100901ATB,"고령자는 중대한 위장관계 이상반응의 위험이 더 클 수 있음. 고령자에서 특히, 위장관 출혈과 천공 발생 빈도가 증가함.",한국유니온제약(주),,,에이텍정(아세클로페낙)_(0.1g/1정),665502000,,
,,,,급여,,,aceclofenac,100901ATB,"고령자는 중대한 위장관계 이상반응의 위험이 더 클 수 있음. 고령자에서 특히, 위장관 출혈과 천공 발생 빈도가 증가함.",(주)아이월드제약,,,아세쿨정(아세클로페낙)_(0.1g/1정),669604450,,
,,,,급여,,,aceclofenac,100901ATB,"고령자는 중대한 위장관계 이상반응의 위험이 더 클 수 있음. 고령자에서 특히, 위장관 출혈과 천공 발생 빈도가 증가함.",구주제약(주),,,아세론정(아세클로페낙)_(0.1g/1정),669804090,,
,,,,급여,,,aceclofenac,100901ATB,"고령자는 중대한 위장관계 이상반응의 위험이 더 클 수 있음. 고령자에서 특히, 위장관 출혈과 천공 발생 빈도가 증가함.",대한뉴팜(주),,,아세파인정(아세클로페낙)_(0.1g/1정),669902550,,
,,,,급여,,,aceclofenac,100901ATB,"고령자는 중대한 위장관계 이상반응의 위험이 더 클 수 있음. 고령자에서 특히, 위장관 출혈과 천공 발생 빈도가 증가함.",(주)팜젠사이언스,,,아스로펜정(아세클로페낙)_(0.1g/1정),670101330,,
,,,,급여,,,aceclofenac,100901ATB,"고령자는 중대한 위장관계 이상반응의 위험이 더 클 수 있음. 고령자에서 특히, 위장관 출혈과 천공 발생 빈도가 증가함.",(주)휴온스메디텍,,,휴니즈아세클로페낙정_(0.1g/1정),670400900,,
,,,,급여,,,aceclofenac,100901ATB,"고령자는 중대한 위장관계 이상반응의 위험이 더 클 수 있음. 고령자에서 특히, 위장관 출혈과 천공 발생 빈도가 증가함.",(주)보령바이오파마,,,아세로탈정100밀리그램(아세클로페낙)_(0.1g/1정),670501610,,
,,,,급여,,,aceclofenac,100901ATB,"고령자는 중대한 위장관계 이상반응의 위험이 더 클 수 있음. 고령자에서 특히, 위장관 출혈과 천공 발생 빈도가 증가함.",(주)휴온스,,,세크로정(아세클로페낙)(수출명:HUONSACENACTab.)_(0.1g/1정),670601220,,
,,,,급여,,,aceclofenac,100901ATB,"고령자는 중대한 위장관계 이상반응의 위험이 더 클 수 있음. 고령자에서 특히, 위장관 출혈과 천공 발생 빈도가 증가함.",주식회사제뉴원사이언스,,,카나펜정(아세클로페낙)_(0.1g/1정),671700970,,
,,,,급여,,,aceclofenac,100901ATB,"고령자는 중대한 위장관계 이상반응의 위험이 더 클 수 있음. 고령자에서 특히, 위장관 출혈과 천공 발생 빈도가 증가함.",대원제약(주),,,세나펜정(아세클로페낙)_(0.1g/1정),671801920,,
,,,,급여,,,aceclofenac,100901ATB,"고령자는 중대한 위장관계 이상반응의 위험이 더 클 수 있음. 고령자에서 특히, 위장관 출혈과 천공 발생 빈도가 증가함.",아이큐어(주),,,아세큐어정(아세클로페낙)_(0.1g/1정),674400630,,
,,,,급여,,,aceclofenac,100901ATB,"고령자는 중대한 위장관계 이상반응의 위험이 더 클 수 있음. 고령자에서 특히, 위장관 출혈과 천공 발생 빈도가 증가함.",(주)다산제약,,,세크로낙정100밀리그램(아세클로페낙)_(0.1g/1정),678600670,,
,,,,급여,,,aceclofenac,100901ATB,"고령자는 중대한 위장관계 이상반응의 위험이 더 클 수 있음. 고령자에서 특히, 위장관 출혈과 천공 발생 빈도가 증가함.",(주)서흥,,,아세바정100밀리그램(아세클로페낙)_(0.1g/1정),679601120,,
,,,,급여,,,aceclofenac,100901ATB,"고령자는 중대한 위장관계 이상반응의 위험이 더 클 수 있음. 고령자에서 특히, 위장관 출혈과 천공 발생 빈도가 증가함.",화일약품(주),,,에클로펜정(아세클로페낙)_(0.1g/1정),684500990,,
,,,,급여,,,aceclofenac,100901ATB,"고령자는 중대한 위장관계 이상반응의 위험이 더 클 수 있음. 고령자에서 특히, 위장관 출혈과 천공 발생 빈도가 증가함.",(주)시어스제약,,,아세테크정(아세클로페낙)_(0.1g/1정),689000470,,
,,,,급여,,,aceclofenac,100901ATB,"고령자는 중대한 위장관계 이상반응의 위험이 더 클 수 있음. 고령자에서 특히, 위장관 출혈과 천공 발생 빈도가 증가함.",(주)한국글로벌제약,,,아스로정(아세클로페낙)_(0.1g/1정),693200160,,
,,,,급여,,,aceclofenac,100901ATB,"고령자는 중대한 위장관계 이상반응의 위험이 더 클 수 있음. 고령자에서 특히, 위장관 출혈과 천공 발생 빈도가 증가함.",(주)셀트리온제약,,,셀트리온아세클로페낙정_(0.1g/1정),693900040,,
,,,,급여,,,aceclofenac,100901ATB,"고령자는 중대한 위장관계 이상반응의 위험이 더 클 수 있음. 고령자에서 특히, 위장관 출혈과 천공 발생 빈도가 증가함.",대웅바이오(주),,,대웅바이오아세클로페낙정100밀리그램_(0.1g/1정),694001000,,
,,,,급여,,,aceclofenac,100901ATB,"고령자는 중대한 위장관계 이상반응의 위험이 더 클 수 있음. 고령자에서 특히, 위장관 출혈과 천공 발생 빈도가 증가함.",일양바이오팜(주),,,일양바이오아세클로페낙정_(0.1g/1정),696600070,,
,,,,급여,,,aceclofenac,100901ATB,"고령자는 중대한 위장관계 이상반응의 위험이 더 클 수 있음. 고령자에서 특히, 위장관 출혈과 천공 발생 빈도가 증가함.",(주)한국피엠지제약,,,아세민정(아세클로페낙)_(0.1g/1정),697100050,,
,,,,급여,,,aceclofenac,100901ATB,"고령자는 중대한 위장관계 이상반응의 위험이 더 클 수 있음. 고령자에서 특히, 위장관 출혈과 천공 발생 빈도가 증가함.",(주)제뉴파마,,,애니락정(아세클로페낙)_(0.1g/1정),698000880,,
,,,,급여,,,aceclofenac,100901ATB,"고령자는 중대한 위장관계 이상반응의 위험이 더 클 수 있음. 고령자에서 특히, 위장관 출혈과 천공 발생 빈도가 증가함.",(주)테라젠이텍스,,,아클펜정(아세클로페낙)_(0.1g/1정),698500220,,
,,,,급여,,,aceclofenac,100903ATR,"고령자는 중대한 위장관계 이상반응의 위험이 더 클 수 있음. 고령자에서 특히, 위장관 출혈과 천공 발생 빈도가 증가함.",엔비케이제약(주),,,아클페낙CR서방정(아세클로페낙)_(0.2g/1정),54800520,,
,,,,급여,,,aceclofenac,100903ATR,"고령자는 중대한 위장관계 이상반응의 위험이 더 클 수 있음. 고령자에서 특히, 위장관 출혈과 천공 발생 빈도가 증가함.",건일바이오팜주식회사,,,아세팜CR정(아세클로페낙)_(0.2g/1정),73001180,,
,,,,급여,,,aceclofenac,100903ATR,"고령자는 중대한 위장관계 이상반응의 위험이 더 클 수 있음. 고령자에서 특히, 위장관 출혈과 천공 발생 빈도가 증가함.",맥널티제약(주),,,엠페낙CR정(아세클로페낙)_(0.2g/1정),641501940,,
,,,,급여,,,aceclofenac,100903ATR,"고령자는 중대한 위장관계 이상반응의 위험이 더 클 수 있음. 고령자에서 특히, 위장관 출혈과 천공 발생 빈도가 증가함.",(주)바이넥스,,,뉴마탈CR정(아세클로페낙)_(0.2g/1정),643104100,,
,,,,급여,,,aceclofenac,100903ATR,"고령자는 중대한 위장관계 이상반응의 위험이 더 클 수 있음. 고령자에서 특히, 위장관 출혈과 천공 발생 빈도가 증가함.",국제약품(주),,,아로펜CR정(아세클로페낙)_(0.2g/1정),643703580,,
,,,,급여,,,aceclofenac,100903ATR,"고령자는 중대한 위장관계 이상반응의 위험이 더 클 수 있음. 고령자에서 특히, 위장관 출혈과 천공 발생 빈도가 증가함.",한국유나이티드제약(주),,,클란자CR정(아세클로페낙)_(0.2g/1정),644307820,,
,,,,급여,,,aceclofenac,100903ATR,"고령자는 중대한 위장관계 이상반응의 위험이 더 클 수 있음. 고령자에서 특히, 위장관 출혈과 천공 발생 빈도가 증가함.",한림제약(주),,,베오페낙CR정(아세클로페낙)_(0.2g/1정),645304510,,
,,,,급여,,,aceclofenac,100903ATR,"고령자는 중대한 위장관계 이상반응의 위험이 더 클 수 있음. 고령자에서 특히, 위장관 출혈과 천공 발생 빈도가 증가함.",동광제약(주),,,아세롱CR정(아세클로페낙)_(0.2g/1정),645905970,,
,,,,급여,,,aceclofenac,100903ATR,"고령자는 중대한 위장관계 이상반응의 위험이 더 클 수 있음. 고령자에서 특히, 위장관 출혈과 천공 발생 빈도가 증가함.",한국휴텍스제약(주),,,에어클란CR정(아세클로페낙)_(0.2g/1정),649102870,,
,,,,급여,,,aceclofenac,100903ATR,"고령자는 중대한 위장관계 이상반응의 위험이 더 클 수 있음. 고령자에서 특히, 위장관 출혈과 천공 발생 빈도가 증가함.",안국약품(주),,,아세페낙CR정(아세클로페낙)_(0.2g/1정),650203910,,
,,,,급여,,,aceclofenac,100903ATR,"고령자는 중대한 위장관계 이상반응의 위험이 더 클 수 있음. 고령자에서 특히, 위장관 출혈과 천공 발생 빈도가 증가함.",진양제약(주),,,아엔탈CR정(아세클로페낙)_(0.2g/1정),650303890,,
,,,,급여,,,aceclofenac,100903ATR,"고령자는 중대한 위장관계 이상반응의 위험이 더 클 수 있음. 고령자에서 특히, 위장관 출혈과 천공 발생 빈도가 증가함.",(주)새한제약,,,아크로날CR정(아세클로페낙)_(0.2g/1정),651300680,,
,,,,급여,,,aceclofenac,100903ATR,"고령자는 중대한 위장관계 이상반응의 위험이 더 클 수 있음. 고령자에서 특히, 위장관 출혈과 천공 발생 빈도가 증가함.",(주)한국파마,,,파마아세클로페낙CR정(아세클로페낙)_(0.2g/1정),653006430,,
,,,,급여,,,aceclofenac,100903ATR,"고령자는 중대한 위장관계 이상반응의 위험이 더 클 수 있음. 고령자에서 특히, 위장관 출혈과 천공 발생 빈도가 증가함.",신일제약(주),,,에이스낙CR서방정200밀리그램(아세클로페낙)_(0.2g/1정),653805620,,
,,,,급여,,,aceclofenac,100903ATR,"고령자는 중대한 위장관계 이상반응의 위험이 더 클 수 있음. 고령자에서 특히, 위장관 출혈과 천공 발생 빈도가 증가함.",오스틴제약(주),,,아세탑CR정(아세클로페낙)_(0.2g/1정),654304650,,
,,,,급여,,,aceclofenac,100903ATR,"고령자는 중대한 위장관계 이상반응의 위험이 더 클 수 있음. 고령자에서 특히, 위장관 출혈과 천공 발생 빈도가 증가함.",일성아이에스(주),,,아셀로CR서방정200밀리그램(아세클로페낙)_(0.2g/1정),655404510,,
,,,,급여,,,aceclofenac,100903ATR,"고령자는 중대한 위장관계 이상반응의 위험이 더 클 수 있음. 고령자에서 특히, 위장관 출혈과 천공 발생 빈도가 증가함.",(주)바스칸바이오제약,,,레세낙CR정(아세클로페낙)_(0.2g/1정),656204570,,
,,,,급여,,,aceclofenac,100903ATR,"고령자는 중대한 위장관계 이상반응의 위험이 더 클 수 있음. 고령자에서 특히, 위장관 출혈과 천공 발생 빈도가 증가함.",(주)동구바이오제약,,,에어페낙CR정(아세클로페낙)_(0.2g/1정),657307410,,
,,,,급여,,,aceclofenac,100903ATR,"고령자는 중대한 위장관계 이상반응의 위험이 더 클 수 있음. 고령자에서 특히, 위장관 출혈과 천공 발생 빈도가 증가함.",하나제약(주),,,세니탈CR정(아세클로페낙)_(0.2g/1정),657806220,,
,,,,급여,,,aceclofenac,100903ATR,"고령자는 중대한 위장관계 이상반응의 위험이 더 클 수 있음. 고령자에서 특히, 위장관 출혈과 천공 발생 빈도가 증가함.",이연제약(주),,,아크로CR정(아세클로페낙)_(0.2g/1정),658603790,,
,,,,급여,,,aceclofenac,100903ATR,"고령자는 중대한 위장관계 이상반응의 위험이 더 클 수 있음. 고령자에서 특히, 위장관 출혈과 천공 발생 빈도가 증가함.",(주)한국팜비오,,,팜페낙CR정(아세클로페낙)_(0.2g/1정),659900960,,
,,,,급여,,,aceclofenac,100903ATR,"고령자는 중대한 위장관계 이상반응의 위험이 더 클 수 있음. 고령자에서 특히, 위장관 출혈과 천공 발생 빈도가 증가함.",(주)씨티씨바이오,,,에세탈서방정(아세클로페낙)_(0.2g/1정),669502580,,
,,,,급여,,,aceclofenac,100903ATR,"고령자는 중대한 위장관계 이상반응의 위험이 더 클 수 있음. 고령자에서 특히, 위장관 출혈과 천공 발생 빈도가 증가함.",구주제약(주),,,아세론CR정(아세클로페낙)_(0.2g/1정),669805390,,
,,,,급여,,,aceclofenac,100903ATR,"고령자는 중대한 위장관계 이상반응의 위험이 더 클 수 있음. 고령자에서 특히, 위장관 출혈과 천공 발생 빈도가 증가함.",주식회사제뉴원사이언스,,,클라낙CR정(아세클로페낙)_(0.2g/1정),671704970,,
,,,,급여,,,aceclofenac,100903ATR,"고령자는 중대한 위장관계 이상반응의 위험이 더 클 수 있음. 고령자에서 특히, 위장관 출혈과 천공 발생 빈도가 증가함.",화일약품(주),,,에클로펜CR서방정(아세클로페낙)_(0.2g/1정),684501650,,
,,,,급여,,,aceclofenac,100903ATR,"고령자는 중대한 위장관계 이상반응의 위험이 더 클 수 있음. 고령자에서 특히, 위장관 출혈과 천공 발생 빈도가 증가함.",한국바이오켐제약(주),,,클로켐CR정(아세클로페낙)_(0.2g/1정),698400400,,
,,,,급여,,,aspirin,110702ATB,"해열진통소염, 심혈관질환의 1차 예방 목적으로 사용 시 고령자에는 출혈위험 등 이상반응이 나타나기 쉬우므로 소량부터 투여를 시작하는 등 환자의 상태를 관찰하며선서 신중히 투여",바이엘코리아(주),,,바이엘아스피린정500밀리그람_(0.5g/1정),641100070,,
,,,,급여,,,aspirin(enteric coated) (as aspirin),111001ACE,"해열진통소염, 심혈관질환의 1차 예방 목적으로 사용 시 고령자에는 출혈위험 등 이상반응이 나타나기 쉬우므로 소량부터 투여를 시작하는 등 환자의 상태를 관찰하며선서 신중히 투여",(주)보령바이오파마,,,보령바이오아스트릭스캡슐100밀리그램(아스피린장용과립)_(0.1g/1캡슐),670500540,,
,,,,급여,,,aspirin(enteric coated) (as aspirin),111001ATE,"해열진통소염, 심혈관질환의 1차 예방 목적으로 사용 시 고령자에는 출혈위험 등 이상반응이 나타나기 쉬우므로 소량부터 투여를 시작하는 등 환자의 상태를 관찰하며선서 신중히 투여",엔비케이제약(주),,,케이아스피린장용정(아스피린)_(0.1g/1정),54801360,,
,,,,급여,,,aspirin(enteric coated) (as aspirin),111001ATE,"해열진통소염, 심혈관질환의 1차 예방 목적으로 사용 시 고령자에는 출혈위험 등 이상반응이 나타나기 쉬우므로 소량부터 투여를 시작하는 등 환자의 상태를 관찰하며선서 신중히 투여",(주)한국파비스제약,,,에이스린장용정(아스피린)_(0.1g/1정),621802380,,
,,,,급여,,,aspirin(enteric coated) (as aspirin),111001ATE,"해열진통소염, 심혈관질환의 1차 예방 목적으로 사용 시 고령자에는 출혈위험 등 이상반응이 나타나기 쉬우므로 소량부터 투여를 시작하는 등 환자의 상태를 관찰하며선서 신중히 투여",(주)씨엘팜,,,비엘피린장용정100밀리그램(아스피린)_(0.1g/1정),622600430,,
,,,,급여,,,aspirin(enteric coated) (as aspirin),111001ATE,"해열진통소염, 심혈관질환의 1차 예방 목적으로 사용 시 고령자에는 출혈위험 등 이상반응이 나타나기 쉬우므로 소량부터 투여를 시작하는 등 환자의 상태를 관찰하며선서 신중히 투여",(주)마더스제약,,,마더스아스피린장용정100mg(아스피린)_(0.1g/1정),622803260,,
,,,,급여,,,aspirin(enteric coated) (as aspirin),111001ATE,"해열진통소염, 심혈관질환의 1차 예방 목적으로 사용 시 고령자에는 출혈위험 등 이상반응이 나타나기 쉬우므로 소량부터 투여를 시작하는 등 환자의 상태를 관찰하며선서 신중히 투여",(주)휴비스트제약,,,휴비스트아스피린장용정_(0.1g/1정),628800310,,
,,,,급여,,,aspirin(enteric coated) (as aspirin),111001ATE,"해열진통소염, 심혈관질환의 1차 예방 목적으로 사용 시 고령자에는 출혈위험 등 이상반응이 나타나기 쉬우므로 소량부터 투여를 시작하는 등 환자의 상태를 관찰하며선서 신중히 투여",(주)일화,,,아스피드정(아스피린)_(0.1g/1정),640902600,,
,,,,급여,,,aspirin(enteric coated) (as aspirin),111001ATE,"해열진통소염, 심혈관질환의 1차 예방 목적으로 사용 시 고령자에는 출혈위험 등 이상반응이 나타나기 쉬우므로 소량부터 투여를 시작하는 등 환자의 상태를 관찰하며선서 신중히 투여",바이엘코리아(주),,,아스피린프로텍트정100밀리그람_(0.1g/1정),641100270,,
,,,,급여,,,aspirin(enteric coated) (as aspirin),111001ATE,"해열진통소염, 심혈관질환의 1차 예방 목적으로 사용 시 고령자에는 출혈위험 등 이상반응이 나타나기 쉬우므로 소량부터 투여를 시작하는 등 환자의 상태를 관찰하며선서 신중히 투여",광동제약(주),,,광동아스피린장용정100mg_(0.1g/1정),641806290,,
,,,,급여,,,aspirin(enteric coated) (as aspirin),111001ATE,"해열진통소염, 심혈관질환의 1차 예방 목적으로 사용 시 고령자에는 출혈위험 등 이상반응이 나타나기 쉬우므로 소량부터 투여를 시작하는 등 환자의 상태를 관찰하며선서 신중히 투여",(주)유한양행,,,유한아스피린장용정(아스피린)_(0.1g/1정),642104440,,
,,,,급여,,,aspirin(enteric coated) (as aspirin),111001ATE,"해열진통소염, 심혈관질환의 1차 예방 목적으로 사용 시 고령자에는 출혈위험 등 이상반응이 나타나기 쉬우므로 소량부터 투여를 시작하는 등 환자의 상태를 관찰하며선서 신중히 투여",삼성제약(주),,,삼성아스피린장용정100밀리그램_(0.1g/1정),642308330,,
,,,,급여,,,aspirin(enteric coated) (as aspirin),111001ATE,"해열진통소염, 심혈관질환의 1차 예방 목적으로 사용 시 고령자에는 출혈위험 등 이상반응이 나타나기 쉬우므로 소량부터 투여를 시작하는 등 환자의 상태를 관찰하며선서 신중히 투여",영진약품(주),,,영진아스피린장용정_(0.1g/1정),642400970,,
,,,,급여,,,aspirin(enteric coated) (as aspirin),111001ATE,"해열진통소염, 심혈관질환의 1차 예방 목적으로 사용 시 고령자에는 출혈위험 등 이상반응이 나타나기 쉬우므로 소량부터 투여를 시작하는 등 환자의 상태를 관찰하며선서 신중히 투여",(주)바이넥스,,,아스피바장용정(아스피린)_(0.1g/1정),643103610,,
,,,,급여,,,aspirin(enteric coated) (as aspirin),111001ATE,"해열진통소염, 심혈관질환의 1차 예방 목적으로 사용 시 고령자에는 출혈위험 등 이상반응이 나타나기 쉬우므로 소량부터 투여를 시작하는 등 환자의 상태를 관찰하며선서 신중히 투여",한미약품(주),,,한미아스피린장용정100밀리그램_(0.1g/1정),643503630,,
,,,,급여,,,aspirin(enteric coated) (as aspirin),111001ATE,"해열진통소염, 심혈관질환의 1차 예방 목적으로 사용 시 고령자에는 출혈위험 등 이상반응이 나타나기 쉬우므로 소량부터 투여를 시작하는 등 환자의 상태를 관찰하며선서 신중히 투여",삼익제약(주),,,삼익아스피린장용정_(0.1g/1정),644003280,,
,,,,급여,,,aspirin(enteric coated) (as aspirin),111001ATE,"해열진통소염, 심혈관질환의 1차 예방 목적으로 사용 시 고령자에는 출혈위험 등 이상반응이 나타나기 쉬우므로 소량부터 투여를 시작하는 등 환자의 상태를 관찰하며선서 신중히 투여",한국코러스(주),,,아스팜장용정(아스피린)_(0.1g/1정),647204440,,
,,,,급여,,,aspirin(enteric coated) (as aspirin),111001ATE,"해열진통소염, 심혈관질환의 1차 예방 목적으로 사용 시 고령자에는 출혈위험 등 이상반응이 나타나기 쉬우므로 소량부터 투여를 시작하는 등 환자의 상태를 관찰하며선서 신중히 투여",삼진제약(주),,,삼진아스피린장용정_(0.1g/1정),647803970,,
,,,,급여,,,aspirin(enteric coated) (as aspirin),111001ATE,"해열진통소염, 심혈관질환의 1차 예방 목적으로 사용 시 고령자에는 출혈위험 등 이상반응이 나타나기 쉬우므로 소량부터 투여를 시작하는 등 환자의 상태를 관찰하며선서 신중히 투여",경동제약(주),,,경동아스피린장용정_(0.1g/1정),648103320,,
,,,,급여,,,aspirin(enteric coated) (as aspirin),111001ATE,"해열진통소염, 심혈관질환의 1차 예방 목적으로 사용 시 고령자에는 출혈위험 등 이상반응이 나타나기 쉬우므로 소량부터 투여를 시작하는 등 환자의 상태를 관찰하며선서 신중히 투여",(주)유영제약,,,유영아스피린장용정100mg_(0.1g/1정),648203710,,
,,,,급여,,,aspirin(enteric coated) (as aspirin),111001ATE,"해열진통소염, 심혈관질환의 1차 예방 목적으로 사용 시 고령자에는 출혈위험 등 이상반응이 나타나기 쉬우므로 소량부터 투여를 시작하는 등 환자의 상태를 관찰하며선서 신중히 투여",(주)씨엠지제약,,,씨엠지아스피린장용정100mg_(0.1g/1정),648602640,,
,,,,급여,,,aspirin(enteric coated) (as aspirin),111001ATE,"해열진통소염, 심혈관질환의 1차 예방 목적으로 사용 시 고령자에는 출혈위험 등 이상반응이 나타나기 쉬우므로 소량부터 투여를 시작하는 등 환자의 상태를 관찰하며선서 신중히 투여",한국휴텍스제약(주),,,휴텍스아스피린장용정100mg(아스피린)_(0.1g/1정),649103940,,
,,,,급여,,,aspirin(enteric coated) (as aspirin),111001ATE,"해열진통소염, 심혈관질환의 1차 예방 목적으로 사용 시 고령자에는 출혈위험 등 이상반응이 나타나기 쉬우므로 소량부터 투여를 시작하는 등 환자의 상태를 관찰하며선서 신중히 투여",영일제약(주),,,영일아스피린장용정100mg(아스피린)_(0.1g/1정),649404590,,
,,,,급여,,,aspirin(enteric coated) (as aspirin),111001ATE,"해열진통소염, 심혈관질환의 1차 예방 목적으로 사용 시 고령자에는 출혈위험 등 이상반응이 나타나기 쉬우므로 소량부터 투여를 시작하는 등 환자의 상태를 관찰하며선서 신중히 투여",지엘파마(주),,,지엘아스피린장용정100밀리그램_(0.1g/1정),649701990,,
,,,,급여,,,aspirin(enteric coated) (as aspirin),111001ATE,"해열진통소염, 심혈관질환의 1차 예방 목적으로 사용 시 고령자에는 출혈위험 등 이상반응이 나타나기 쉬우므로 소량부터 투여를 시작하는 등 환자의 상태를 관찰하며선서 신중히 투여",명문제약(주),,,명문아스피린장용정100mg_(0.1g/1정),649806380,,
,,,,급여,,,aspirin(enteric coated) (as aspirin),111001ATE,"해열진통소염, 심혈관질환의 1차 예방 목적으로 사용 시 고령자에는 출혈위험 등 이상반응이 나타나기 쉬우므로 소량부터 투여를 시작하는 등 환자의 상태를 관찰하며선서 신중히 투여",(주)하원제약,,,하원아스피린장용정100mg_(0.1g/1정),651503460,,
,,,,급여,,,aspirin(enteric coated) (as aspirin),111001ATE,"해열진통소염, 심혈관질환의 1차 예방 목적으로 사용 시 고령자에는 출혈위험 등 이상반응이 나타나기 쉬우므로 소량부터 투여를 시작하는 등 환자의 상태를 관찰하며선서 신중히 투여",(주)파마킹,,,에이에스피장용정100mg(아스피린)_(0.1g/1정),652301090,,
,,,,급여,,,aspirin(enteric coated) (as aspirin),111001ATE,"해열진통소염, 심혈관질환의 1차 예방 목적으로 사용 시 고령자에는 출혈위험 등 이상반응이 나타나기 쉬우므로 소량부터 투여를 시작하는 등 환자의 상태를 관찰하며선서 신중히 투여",(주)서울제약,,,서울아스피린장용정_(0.1g/1정),652904080,,
,,,,급여,,,aspirin(enteric coated) (as aspirin),111001ATE,"해열진통소염, 심혈관질환의 1차 예방 목적으로 사용 시 고령자에는 출혈위험 등 이상반응이 나타나기 쉬우므로 소량부터 투여를 시작하는 등 환자의 상태를 관찰하며선서 신중히 투여",아주약품(주),,,아나피린장용정100밀리그램(아스피린)_(0.1g/1정),654004220,,
,,,,급여,,,aspirin(enteric coated) (as aspirin),111001ATE,"해열진통소염, 심혈관질환의 1차 예방 목적으로 사용 시 고령자에는 출혈위험 등 이상반응이 나타나기 쉬우므로 소량부터 투여를 시작하는 등 환자의 상태를 관찰하며선서 신중히 투여",알리코제약(주),,,린아스장용정(아스피린)_(0.1g/1정),656003390,,
,,,,급여,,,aspirin(enteric coated) (as aspirin),111001ATE,"해열진통소염, 심혈관질환의 1차 예방 목적으로 사용 시 고령자에는 출혈위험 등 이상반응이 나타나기 쉬우므로 소량부터 투여를 시작하는 등 환자의 상태를 관찰하며선서 신중히 투여",(주)동구바이오제약,,,아스텍트정(아스피린)_(0.1g/1정),657305860,,
,,,,급여,,,aspirin(enteric coated) (as aspirin),111001ATE,"해열진통소염, 심혈관질환의 1차 예방 목적으로 사용 시 고령자에는 출혈위험 등 이상반응이 나타나기 쉬우므로 소량부터 투여를 시작하는 등 환자의 상태를 관찰하며선서 신중히 투여",익수제약(주),,,아스필장용정(아스피린100밀리그람)_(0.1g/1정),658501600,,
,,,,급여,,,aspirin(enteric coated) (as aspirin),111001ATE,"해열진통소염, 심혈관질환의 1차 예방 목적으로 사용 시 고령자에는 출혈위험 등 이상반응이 나타나기 쉬우므로 소량부터 투여를 시작하는 등 환자의 상태를 관찰하며선서 신중히 투여",영풍제약(주),,,아사톱장용정100밀리그램(아스피린)_(0.1g/1정),661904660,,
,,,,급여,,,aspirin(enteric coated) (as aspirin),111001ATE,"해열진통소염, 심혈관질환의 1차 예방 목적으로 사용 시 고령자에는 출혈위험 등 이상반응이 나타나기 쉬우므로 소량부터 투여를 시작하는 등 환자의 상태를 관찰하며선서 신중히 투여",(주)넥스팜코리아,,,넥스핀장용정100mg(아스피린)_(0.1g/1정),662502850,,
,,,,급여,,,aspirin(enteric coated) (as aspirin),111001ATE,"해열진통소염, 심혈관질환의 1차 예방 목적으로 사용 시 고령자에는 출혈위험 등 이상반응이 나타나기 쉬우므로 소량부터 투여를 시작하는 등 환자의 상태를 관찰하며선서 신중히 투여",한국프라임제약(주),,,프라임아스피린장용정100밀리그램_(0.1g/1정),663605610,,
,,,,급여,,,aspirin(enteric coated) (as aspirin),111001ATE,"해열진통소염, 심혈관질환의 1차 예방 목적으로 사용 시 고령자에는 출혈위험 등 이상반응이 나타나기 쉬우므로 소량부터 투여를 시작하는 등 환자의 상태를 관찰하며선서 신중히 투여",성원애드콕제약(주),,,아스테린정(아스피린)_(0.1g/1정),664900940,,
,,,,급여,,,aspirin(enteric coated) (as aspirin),111001ATE,"해열진통소염, 심혈관질환의 1차 예방 목적으로 사용 시 고령자에는 출혈위험 등 이상반응이 나타나기 쉬우므로 소량부터 투여를 시작하는 등 환자의 상태를 관찰하며선서 신중히 투여",(주)경보제약,,,경보아스피린장용정_(0.1g/1정),665001650,,
,,,,급여,,,aspirin(enteric coated) (as aspirin),111001ATE,"해열진통소염, 심혈관질환의 1차 예방 목적으로 사용 시 고령자에는 출혈위험 등 이상반응이 나타나기 쉬우므로 소량부터 투여를 시작하는 등 환자의 상태를 관찰하며선서 신중히 투여",한국유니온제약(주),,,유니온아스피린장용정_(0.1g/1정),665506350,,
,,,,급여,,,aspirin(enteric coated) (as aspirin),111001ATE,"해열진통소염, 심혈관질환의 1차 예방 목적으로 사용 시 고령자에는 출혈위험 등 이상반응이 나타나기 쉬우므로 소량부터 투여를 시작하는 등 환자의 상태를 관찰하며선서 신중히 투여",(주)보령바이오파마,,,보령바이오아스피린장용정100밀리그램_(0.1g/1정),670501970,,
,,,,급여,,,aspirin(enteric coated) (as aspirin),111001ATE,"해열진통소염, 심혈관질환의 1차 예방 목적으로 사용 시 고령자에는 출혈위험 등 이상반응이 나타나기 쉬우므로 소량부터 투여를 시작하는 등 환자의 상태를 관찰하며선서 신중히 투여",초당약품공업(주),,,초당아스피린장용정100mg(아스피린)_(0.1g/1정),670700650,,
,,,,급여,,,aspirin(enteric coated) (as aspirin),111001ATE,"해열진통소염, 심혈관질환의 1차 예방 목적으로 사용 시 고령자에는 출혈위험 등 이상반응이 나타나기 쉬우므로 소량부터 투여를 시작하는 등 환자의 상태를 관찰하며선서 신중히 투여",(주)다산제약,,,뉴스피린장용정100밀리그램(아스피린)_(0.1g/1정),678600810,,
,,,,급여,,,aspirin(enteric coated) (as aspirin),111001ATE,"해열진통소염, 심혈관질환의 1차 예방 목적으로 사용 시 고령자에는 출혈위험 등 이상반응이 나타나기 쉬우므로 소량부터 투여를 시작하는 등 환자의 상태를 관찰하며선서 신중히 투여",(주)한국글로벌제약,,,글로아스피린장용정100mg(아스피린)_(0.1g/1정),693200960,,
,,,,급여,,,aspirin(enteric coated) (as aspirin),111001ATE,"해열진통소염, 심혈관질환의 1차 예방 목적으로 사용 시 고령자에는 출혈위험 등 이상반응이 나타나기 쉬우므로 소량부터 투여를 시작하는 등 환자의 상태를 관찰하며선서 신중히 투여",(주)셀트리온제약,,,아스텍션장용정100밀리그램(아스피린)_(0.1g/1정),693902050,,
,,,,급여,,,aspirin(enteric coated) (as aspirin),111001ATE,"해열진통소염, 심혈관질환의 1차 예방 목적으로 사용 시 고령자에는 출혈위험 등 이상반응이 나타나기 쉬우므로 소량부터 투여를 시작하는 등 환자의 상태를 관찰하며선서 신중히 투여",대웅바이오(주),,,대웅바이오아스피린장용정100밀리그램_(0.1g/1정),694001810,,
,,,,급여,,,aspirin(enteric coated) (as aspirin),111001ATE,"해열진통소염, 심혈관질환의 1차 예방 목적으로 사용 시 고령자에는 출혈위험 등 이상반응이 나타나기 쉬우므로 소량부터 투여를 시작하는 등 환자의 상태를 관찰하며선서 신중히 투여",(주)제뉴파마,,,아사프장용정100mg(아스피린)_(0.1g/1정),698002540,,
,,,,급여,,,aspirin(enteric coated) (as aspirin),111001ATE,"해열진통소염, 심혈관질환의 1차 예방 목적으로 사용 시 고령자에는 출혈위험 등 이상반응이 나타나기 쉬우므로 소량부터 투여를 시작하는 등 환자의 상태를 관찰하며선서 신중히 투여",(주)테라젠이텍스,,,이텍스아스피린장용정100mg(아스피린)_(0.1g/1정),698502300,,
,,,,급여,,,dexibuprofen,142301ACS,"고령자는 중대한 위장관계 이상반응의 위험이 더 클 수 있음. 고령자는 이상반응이 나타나기 쉬우므로 소량부터 투여를 개시하고 필요한 최소량으로 투여하며, 이상반응의 발현에 특히 유의하는 등 환자의 상태를 관찰하면서 신중히 투여.",(주)대웅제약,,,"이지엔6프로연질캡슐(덱시부프로펜)(수출명:DAUFENSoftCapsule,SPEEDFEN)_(0.3g/1캡슐)",641602140,,
,,,,급여,,,dexibuprofen,142301ACS,"고령자는 중대한 위장관계 이상반응의 위험이 더 클 수 있음. 고령자는 이상반응이 나타나기 쉬우므로 소량부터 투여를 개시하고 필요한 최소량으로 투여하며, 이상반응의 발현에 특히 유의하는 등 환자의 상태를 관찰하면서 신중히 투여.",(주)동구바이오제약,,,비오펜연질캡슐(덱시부프로펜)_(0.3g/1캡슐),657304630,,
,,,,급여,,,dexibuprofen,142301ACS,"고령자는 중대한 위장관계 이상반응의 위험이 더 클 수 있음. 고령자는 이상반응이 나타나기 쉬우므로 소량부터 투여를 개시하고 필요한 최소량으로 투여하며, 이상반응의 발현에 특히 유의하는 등 환자의 상태를 관찰하면서 신중히 투여.",(주)비보존제약,,,데코라펜연질캡슐(덱시부프로펜)_(0.3g/1캡슐),658200120,,
,,,,급여,,,dexibuprofen,142301ACS,"고령자는 중대한 위장관계 이상반응의 위험이 더 클 수 있음. 고령자는 이상반응이 나타나기 쉬우므로 소량부터 투여를 개시하고 필요한 최소량으로 투여하며, 이상반응의 발현에 특히 유의하는 등 환자의 상태를 관찰하면서 신중히 투여.",(주)알피바이오,,,에스빌연질캡슐(덱시부프로펜)_(0.3g/1캡슐),661601030,,
,,,,급여,,,dexibuprofen,142301ATB,"고령자는 중대한 위장관계 이상반응의 위험이 더 클 수 있음. 고령자는 이상반응이 나타나기 쉬우므로 소량부터 투여를 개시하고 필요한 최소량으로 투여하며, 이상반응의 발현에 특히 유의하는 등 환자의 상태를 관찰하면서 신중히 투여.",(주)오스코리아제약,,,덱스렌정(덱시부프로펜디.씨.)_(0.3g/1정),629700830,,
,,,,급여,,,dexibuprofen,142301ATB,"고령자는 중대한 위장관계 이상반응의 위험이 더 클 수 있음. 고령자는 이상반응이 나타나기 쉬우므로 소량부터 투여를 개시하고 필요한 최소량으로 투여하며, 이상반응의 발현에 특히 유의하는 등 환자의 상태를 관찰하면서 신중히 투여.",고려제약(주),,,쎄락틸정300밀리그람(덱시부프로펜디.씨.)_(0.3g/1정),642800900,,
,,,,급여,,,dexibuprofen,142301ATB,"고령자는 중대한 위장관계 이상반응의 위험이 더 클 수 있음. 고령자는 이상반응이 나타나기 쉬우므로 소량부터 투여를 개시하고 필요한 최소량으로 투여하며, 이상반응의 발현에 특히 유의하는 등 환자의 상태를 관찰하면서 신중히 투여.",(주)바이넥스,,,닥스펜정(덱시부프로펜)_(0.3g/1정),643100080,,
,,,,급여,,,dexibuprofen,142301ATB,"고령자는 중대한 위장관계 이상반응의 위험이 더 클 수 있음. 고령자는 이상반응이 나타나기 쉬우므로 소량부터 투여를 개시하고 필요한 최소량으로 투여하며, 이상반응의 발현에 특히 유의하는 등 환자의 상태를 관찰하면서 신중히 투여.",제이더블유신약(주),,,소니펜정300mg(덱시부프로펜)_(0.3g/1정),644102420,,
,,,,급여,,,dexibuprofen,142301ATB,"고령자는 중대한 위장관계 이상반응의 위험이 더 클 수 있음. 고령자는 이상반응이 나타나기 쉬우므로 소량부터 투여를 개시하고 필요한 최소량으로 투여하며, 이상반응의 발현에 특히 유의하는 등 환자의 상태를 관찰하면서 신중히 투여.",한국유나이티드제약(주),,,덱스핀정(덱시부프로펜)_(0.3g/1정),644300460,,
,,,,급여,,,dexibuprofen,142301ATB,"고령자는 중대한 위장관계 이상반응의 위험이 더 클 수 있음. 고령자는 이상반응이 나타나기 쉬우므로 소량부터 투여를 개시하고 필요한 최소량으로 투여하며, 이상반응의 발현에 특히 유의하는 등 환자의 상태를 관찰하면서 신중히 투여.",태극제약(주),,,로노펜정(덱시부프로펜디.씨)_(0.3g/1정),644800460,,
,,,,급여,,,dexibuprofen,142301ATB,"고령자는 중대한 위장관계 이상반응의 위험이 더 클 수 있음. 고령자는 이상반응이 나타나기 쉬우므로 소량부터 투여를 개시하고 필요한 최소량으로 투여하며, 이상반응의 발현에 특히 유의하는 등 환자의 상태를 관찰하면서 신중히 투여.",(주)에이프로젠바이오로직스,,,팍스정(덱시부프로펜)_(0.3g/1정),645203770,,
,,,,급여,,,dexibuprofen,142301ATB,"고령자는 중대한 위장관계 이상반응의 위험이 더 클 수 있음. 고령자는 이상반응이 나타나기 쉬우므로 소량부터 투여를 개시하고 필요한 최소량으로 투여하며, 이상반응의 발현에 특히 유의하는 등 환자의 상태를 관찰하면서 신중히 투여.",대화제약(주),,,덱스트론정300밀리그램(덱시부프로펜)_(0.3g/1정),645604590,,
,,,,급여,,,dexibuprofen,142301ATB,"고령자는 중대한 위장관계 이상반응의 위험이 더 클 수 있음. 고령자는 이상반응이 나타나기 쉬우므로 소량부터 투여를 개시하고 필요한 최소량으로 투여하며, 이상반응의 발현에 특히 유의하는 등 환자의 상태를 관찰하면서 신중히 투여.",동광제약(주),,,덱시로펜정(덱시부프로펜)_(0.3g/1정),645900210,,
,,,,급여,,,dexibuprofen,142301ATB,"고령자는 중대한 위장관계 이상반응의 위험이 더 클 수 있음. 고령자는 이상반응이 나타나기 쉬우므로 소량부터 투여를 개시하고 필요한 최소량으로 투여하며, 이상반응의 발현에 특히 유의하는 등 환자의 상태를 관찰하면서 신중히 투여.",(주)유영제약,,,에스프로펜정(덱시부프로펜)_(0.3g/1정),648201150,,
,,,,급여,,,dexibuprofen,142301ATB,"고령자는 중대한 위장관계 이상반응의 위험이 더 클 수 있음. 고령자는 이상반응이 나타나기 쉬우므로 소량부터 투여를 개시하고 필요한 최소량으로 투여하며, 이상반응의 발현에 특히 유의하는 등 환자의 상태를 관찰하면서 신중히 투여.",영일제약(주),,,애스펜정(덱시부프로펜디.씨)_(0.3g/1정),649401590,,
,,,,급여,,,dexibuprofen,142301ATB,"고령자는 중대한 위장관계 이상반응의 위험이 더 클 수 있음. 고령자는 이상반응이 나타나기 쉬우므로 소량부터 투여를 개시하고 필요한 최소량으로 투여하며, 이상반응의 발현에 특히 유의하는 등 환자의 상태를 관찰하면서 신중히 투여.",안국약품(주),,,애니펜정300밀리그램(덱시부프로펜)_(0.3g/1정),650201700,,
,,,,급여,,,dexibuprofen,142301ATB,"고령자는 중대한 위장관계 이상반응의 위험이 더 클 수 있음. 고령자는 이상반응이 나타나기 쉬우므로 소량부터 투여를 개시하고 필요한 최소량으로 투여하며, 이상반응의 발현에 특히 유의하는 등 환자의 상태를 관찰하면서 신중히 투여.",삼천당제약(주),,,에스부펜정(덱시부프로펜)_(0.3g/1정),651203970,,
,,,,급여,,,dexibuprofen,142301ATB,"고령자는 중대한 위장관계 이상반응의 위험이 더 클 수 있음. 고령자는 이상반응이 나타나기 쉬우므로 소량부터 투여를 개시하고 필요한 최소량으로 투여하며, 이상반응의 발현에 특히 유의하는 등 환자의 상태를 관찰하면서 신중히 투여.",(주)서울제약,,,팬스타정(덱시부프로펜)_(0.3g/1정),652901960,,
,,,,급여,,,dexibuprofen,142301ATB,"고령자는 중대한 위장관계 이상반응의 위험이 더 클 수 있음. 고령자는 이상반응이 나타나기 쉬우므로 소량부터 투여를 개시하고 필요한 최소량으로 투여하며, 이상반응의 발현에 특히 유의하는 등 환자의 상태를 관찰하면서 신중히 투여.",동국제약(주),,,디뉴펜정(덱시부프로펜)_(0.3g/1정),653404310,,
,,,,급여,,,dexibuprofen,142301ATB,"고령자는 중대한 위장관계 이상반응의 위험이 더 클 수 있음. 고령자는 이상반응이 나타나기 쉬우므로 소량부터 투여를 개시하고 필요한 최소량으로 투여하며, 이상반응의 발현에 특히 유의하는 등 환자의 상태를 관찰하면서 신중히 투여.",신일제약(주),,,그리펜-에스정(덱시부프로펜)_(0.3g/1정),653800060,,
,,,,급여,,,dexibuprofen,142301ATB,"고령자는 중대한 위장관계 이상반응의 위험이 더 클 수 있음. 고령자는 이상반응이 나타나기 쉬우므로 소량부터 투여를 개시하고 필요한 최소량으로 투여하며, 이상반응의 발현에 특히 유의하는 등 환자의 상태를 관찰하면서 신중히 투여.",아주약품(주),,,파나덱스정300밀리그램(덱시부프로펜)_(0.3g/1정),654005320,,
,,,,급여,,,dexibuprofen,142301ATB,"고령자는 중대한 위장관계 이상반응의 위험이 더 클 수 있음. 고령자는 이상반응이 나타나기 쉬우므로 소량부터 투여를 개시하고 필요한 최소량으로 투여하며, 이상반응의 발현에 특히 유의하는 등 환자의 상태를 관찰하면서 신중히 투여.",오스틴제약(주),,,맥스펜정(덱시부프로펜 디.씨.)_(0.3g/1정),654300930,,
,,,,급여,,,dexibuprofen,142301ATB,"고령자는 중대한 위장관계 이상반응의 위험이 더 클 수 있음. 고령자는 이상반응이 나타나기 쉬우므로 소량부터 투여를 개시하고 필요한 최소량으로 투여하며, 이상반응의 발현에 특히 유의하는 등 환자의 상태를 관찰하면서 신중히 투여.",하나제약(주),,,덱사펜정(덱시부프로펜)_(0.3g/1정),657808350,,
,,,,급여,,,dexibuprofen,142301ATB,"고령자는 중대한 위장관계 이상반응의 위험이 더 클 수 있음. 고령자는 이상반응이 나타나기 쉬우므로 소량부터 투여를 개시하고 필요한 최소량으로 투여하며, 이상반응의 발현에 특히 유의하는 등 환자의 상태를 관찰하면서 신중히 투여.",(유)한풍제약,,,덱시네정(덱시부프로펜)_(0.3g/1정),658107300,,
,,,,급여,,,dexibuprofen,142301ATB,"고령자는 중대한 위장관계 이상반응의 위험이 더 클 수 있음. 고령자는 이상반응이 나타나기 쉬우므로 소량부터 투여를 개시하고 필요한 최소량으로 투여하며, 이상반응의 발현에 특히 유의하는 등 환자의 상태를 관찰하면서 신중히 투여.",(주)비보존제약,,,데코라펜정(덱시부프로펜)_(0.3g/1정),658200140,,
,,,,급여,,,dexibuprofen,142301ATB,"고령자는 중대한 위장관계 이상반응의 위험이 더 클 수 있음. 고령자는 이상반응이 나타나기 쉬우므로 소량부터 투여를 개시하고 필요한 최소량으로 투여하며, 이상반응의 발현에 특히 유의하는 등 환자의 상태를 관찰하면서 신중히 투여.",이연제약(주),,,덱브펜정300밀리그램(덱시부프로펜)_(0.3g/1정),658603860,,
,,,,급여,,,dexibuprofen,142301ATB,"고령자는 중대한 위장관계 이상반응의 위험이 더 클 수 있음. 고령자는 이상반응이 나타나기 쉬우므로 소량부터 투여를 개시하고 필요한 최소량으로 투여하며, 이상반응의 발현에 특히 유의하는 등 환자의 상태를 관찰하면서 신중히 투여.",한국프라임제약(주),,,프리메정(덱시부프로펜디.씨)_(0.3g/1정),663602500,,
,,,,급여,,,dexibuprofen,142301ATB,"고령자는 중대한 위장관계 이상반응의 위험이 더 클 수 있음. 고령자는 이상반응이 나타나기 쉬우므로 소량부터 투여를 개시하고 필요한 최소량으로 투여하며, 이상반응의 발현에 특히 유의하는 등 환자의 상태를 관찰하면서 신중히 투여.",한국유니온제약(주),,,디프로펜정300밀리그램(덱시부프로펜디.씨.)_(0.3g/1정),665500650,,
,,,,급여,,,dexibuprofen,142301ATB,"고령자는 중대한 위장관계 이상반응의 위험이 더 클 수 있음. 고령자는 이상반응이 나타나기 쉬우므로 소량부터 투여를 개시하고 필요한 최소량으로 투여하며, 이상반응의 발현에 특히 유의하는 등 환자의 상태를 관찰하면서 신중히 투여.",대한뉴팜(주),,,덱시파인정(덱시부프로펜)_(0.3g/1정),669907820,,
,,,,급여,,,dexibuprofen,142301ATB,"고령자는 중대한 위장관계 이상반응의 위험이 더 클 수 있음. 고령자는 이상반응이 나타나기 쉬우므로 소량부터 투여를 개시하고 필요한 최소량으로 투여하며, 이상반응의 발현에 특히 유의하는 등 환자의 상태를 관찰하면서 신중히 투여.",(주)한국글로벌제약,,,글로덱시정300mg(덱시부프로펜)_(0.3g/1정),693200630,,
,,,,급여,,,dexibuprofen,142301ATB,"고령자는 중대한 위장관계 이상반응의 위험이 더 클 수 있음. 고령자는 이상반응이 나타나기 쉬우므로 소량부터 투여를 개시하고 필요한 최소량으로 투여하며, 이상반응의 발현에 특히 유의하는 등 환자의 상태를 관찰하면서 신중히 투여.",대웅바이오(주),,,대웅바이오덱시부프로펜정300밀리그램_(0.3g/1정),694003040,,
,,,,급여,,,dexibuprofen,142301ATB,"고령자는 중대한 위장관계 이상반응의 위험이 더 클 수 있음. 고령자는 이상반응이 나타나기 쉬우므로 소량부터 투여를 개시하고 필요한 최소량으로 투여하며, 이상반응의 발현에 특히 유의하는 등 환자의 상태를 관찰하면서 신중히 투여.",(주)제뉴파마,,,펜타우드정(덱시부프로펜)_(0.3g/1정),698000570,,
,,,,급여,,,dexibuprofen,142302ATB,"고령자는 중대한 위장관계 이상반응의 위험이 더 클 수 있음. 고령자는 이상반응이 나타나기 쉬우므로 소량부터 투여를 개시하고 필요한 최소량으로 투여하며, 이상반응의 발현에 특히 유의하는 등 환자의 상태를 관찰하면서 신중히 투여.",안국약품(주),,,애니펜정150밀리그람(덱시부프로펜)_(0.15g/1정),650201710,,
,,,,급여,,,dexibuprofen,142303ATB,"고령자는 중대한 위장관계 이상반응의 위험이 더 클 수 있음. 고령자는 이상반응이 나타나기 쉬우므로 소량부터 투여를 개시하고 필요한 최소량으로 투여하며, 이상반응의 발현에 특히 유의하는 등 환자의 상태를 관찰하면서 신중히 투여.",(주)이든파마,,,덱스론정400mg(덱시부프로펜)_(0.4g/1정),628900160,,
,,,,급여,,,dexibuprofen,142303ATB,"고령자는 중대한 위장관계 이상반응의 위험이 더 클 수 있음. 고령자는 이상반응이 나타나기 쉬우므로 소량부터 투여를 개시하고 필요한 최소량으로 투여하며, 이상반응의 발현에 특히 유의하는 등 환자의 상태를 관찰하면서 신중히 투여.",(주)일화,,,자이펜정(덱시부프로펜)_(0.4g/1정),640901020,,
,,,,급여,,,dexibuprofen,142303ATB,"고령자는 중대한 위장관계 이상반응의 위험이 더 클 수 있음. 고령자는 이상반응이 나타나기 쉬우므로 소량부터 투여를 개시하고 필요한 최소량으로 투여하며, 이상반응의 발현에 특히 유의하는 등 환자의 상태를 관찰하면서 신중히 투여.",조아제약(주),,,덱시딜정400mg(덱시부프로펜디.씨.)_(0.4g/1정),644603410,,
,,,,급여,,,dexibuprofen,142303ATB,"고령자는 중대한 위장관계 이상반응의 위험이 더 클 수 있음. 고령자는 이상반응이 나타나기 쉬우므로 소량부터 투여를 개시하고 필요한 최소량으로 투여하며, 이상반응의 발현에 특히 유의하는 등 환자의 상태를 관찰하면서 신중히 투여.",(주)뉴젠팜,,,덱시펜정(덱시부프로펜)_(0.4g/1정),646200520,,
,,,,급여,,,dexibuprofen,142303ATB,"고령자는 중대한 위장관계 이상반응의 위험이 더 클 수 있음. 고령자는 이상반응이 나타나기 쉬우므로 소량부터 투여를 개시하고 필요한 최소량으로 투여하며, 이상반응의 발현에 특히 유의하는 등 환자의 상태를 관찰하면서 신중히 투여.",경동제약(주),,,덱시디펜정400밀리그램(덱시부프로펜)_(0.4g/1정),648104320,,
,,,,급여,,,dexibuprofen,142303ATB,"고령자는 중대한 위장관계 이상반응의 위험이 더 클 수 있음. 고령자는 이상반응이 나타나기 쉬우므로 소량부터 투여를 개시하고 필요한 최소량으로 투여하며, 이상반응의 발현에 특히 유의하는 등 환자의 상태를 관찰하면서 신중히 투여.",한국휴텍스제약(주),,,아이소펜정(덱시부프로펜)_(0.4g/1정),649100670,,
,,,,급여,,,dexibuprofen,142303ATB,"고령자는 중대한 위장관계 이상반응의 위험이 더 클 수 있음. 고령자는 이상반응이 나타나기 쉬우므로 소량부터 투여를 개시하고 필요한 최소량으로 투여하며, 이상반응의 발현에 특히 유의하는 등 환자의 상태를 관찰하면서 신중히 투여.",유니메드제약(주),,,디부루펜정400밀리그램(덱시부프로펜디.씨)_(0.4g/1정),649500350,,
,,,,급여,,,dexibuprofen,142303ATB,"고령자는 중대한 위장관계 이상반응의 위험이 더 클 수 있음. 고령자는 이상반응이 나타나기 쉬우므로 소량부터 투여를 개시하고 필요한 최소량으로 투여하며, 이상반응의 발현에 특히 유의하는 등 환자의 상태를 관찰하면서 신중히 투여.",안국약품(주),,,애니펜정400밀리그램(덱시부프로펜)_(0.4g/1정),650204900,,
,,,,급여,,,dexibuprofen,142303ATB,"고령자는 중대한 위장관계 이상반응의 위험이 더 클 수 있음. 고령자는 이상반응이 나타나기 쉬우므로 소량부터 투여를 개시하고 필요한 최소량으로 투여하며, 이상반응의 발현에 특히 유의하는 등 환자의 상태를 관찰하면서 신중히 투여.",진양제약(주),,,맥시펜정(덱시부프로펜 디. 씨.)_(0.4g/1정),650301360,,
,,,,급여,,,dexibuprofen,142303ATB,"고령자는 중대한 위장관계 이상반응의 위험이 더 클 수 있음. 고령자는 이상반응이 나타나기 쉬우므로 소량부터 투여를 개시하고 필요한 최소량으로 투여하며, 이상반응의 발현에 특히 유의하는 등 환자의 상태를 관찰하면서 신중히 투여.",알리코제약(주),,,덱스리펜정(덱시부프로펜 디.씨.)_(0.4g/1정),656000090,,
,,,,급여,,,dexibuprofen,142303ATB,"고령자는 중대한 위장관계 이상반응의 위험이 더 클 수 있음. 고령자는 이상반응이 나타나기 쉬우므로 소량부터 투여를 개시하고 필요한 최소량으로 투여하며, 이상반응의 발현에 특히 유의하는 등 환자의 상태를 관찰하면서 신중히 투여.",(주)넥스팜코리아,,,덱타론정400mg(덱시부프로펜)_(0.4g/1정),662500610,,
,,,,급여,,,dexibuprofen,142303ATB,"고령자는 중대한 위장관계 이상반응의 위험이 더 클 수 있음. 고령자는 이상반응이 나타나기 쉬우므로 소량부터 투여를 개시하고 필요한 최소량으로 투여하며, 이상반응의 발현에 특히 유의하는 등 환자의 상태를 관찰하면서 신중히 투여.",(주)아이월드제약,,,올스펜정(덱시부프로펜 디.씨)_(0.4g/1정),669603590,,
,,,,급여,,,dexibuprofen,142303ATB,"고령자는 중대한 위장관계 이상반응의 위험이 더 클 수 있음. 고령자는 이상반응이 나타나기 쉬우므로 소량부터 투여를 개시하고 필요한 최소량으로 투여하며, 이상반응의 발현에 특히 유의하는 등 환자의 상태를 관찰하면서 신중히 투여.",(주)팜젠사이언스,,,덱시부정400mg(덱시부프로펜디.씨)_(0.4g/1정),670100100,,
,,,,급여,,,dexibuprofen,142303ATB,"고령자는 중대한 위장관계 이상반응의 위험이 더 클 수 있음. 고령자는 이상반응이 나타나기 쉬우므로 소량부터 투여를 개시하고 필요한 최소량으로 투여하며, 이상반응의 발현에 특히 유의하는 등 환자의 상태를 관찰하면서 신중히 투여.",(주)보령바이오파마,,,비알덱시펜정(덱시부프로펜디.씨)_(0.4g/1정),670500690,,
,,,,급여,,,dexibuprofen,142303ATB,"고령자는 중대한 위장관계 이상반응의 위험이 더 클 수 있음. 고령자는 이상반응이 나타나기 쉬우므로 소량부터 투여를 개시하고 필요한 최소량으로 투여하며, 이상반응의 발현에 특히 유의하는 등 환자의 상태를 관찰하면서 신중히 투여.",주식회사제뉴원사이언스,,,덱시핀정(덱시부프로펜)_(0.4g/1정),671700170,,
,,,,급여,,,dexibuprofen,142331ASY,"고령자는 중대한 위장관계 이상반응의 위험이 더 클 수 있음. 고령자는 이상반응이 나타나기 쉬우므로 소량부터 투여를 개시하고 필요한 최소량으로 투여하며, 이상반응의 발현에 특히 유의하는 등 환자의 상태를 관찰하면서 신중히 투여.",(주)보령,,,보령펜시럽(덱시부프로펜)_(0.6g/50mL),641907672,,
,,,,급여,,,dexibuprofen,142331ASY,"고령자는 중대한 위장관계 이상반응의 위험이 더 클 수 있음. 고령자는 이상반응이 나타나기 쉬우므로 소량부터 투여를 개시하고 필요한 최소량으로 투여하며, 이상반응의 발현에 특히 유의하는 등 환자의 상태를 관찰하면서 신중히 투여.",한미약품(주),,,맥시부펜시럽(덱시부프로펜)_(0.6g/50mL),643500801,,
,,,,급여,,,dexibuprofen,142331ASY,"고령자는 중대한 위장관계 이상반응의 위험이 더 클 수 있음. 고령자는 이상반응이 나타나기 쉬우므로 소량부터 투여를 개시하고 필요한 최소량으로 투여하며, 이상반응의 발현에 특히 유의하는 등 환자의 상태를 관찰하면서 신중히 투여.",건일제약(주),,,덱시탑시럽(덱시부프로펜)_(0.6g/50mL),646802461,,
,,,,급여,,,dexibuprofen,142331ASY,"고령자는 중대한 위장관계 이상반응의 위험이 더 클 수 있음. 고령자는 이상반응이 나타나기 쉬우므로 소량부터 투여를 개시하고 필요한 최소량으로 투여하며, 이상반응의 발현에 특히 유의하는 등 환자의 상태를 관찰하면서 신중히 투여.",안국약품(주),,,애니펜시럽(덱시부프로펜)_(0.6g/50mL),650203432,,
,,,,급여,,,dexibuprofen,142331ASY,"고령자는 중대한 위장관계 이상반응의 위험이 더 클 수 있음. 고령자는 이상반응이 나타나기 쉬우므로 소량부터 투여를 개시하고 필요한 최소량으로 투여하며, 이상반응의 발현에 특히 유의하는 등 환자의 상태를 관찰하면서 신중히 투여.",코오롱제약(주),,,코키즈펜시럽(덱시부프로펜)_(0.6g/50mL),670303602,,
,,,,급여,,,dexibuprofen,142332ASY,"고령자는 중대한 위장관계 이상반응의 위험이 더 클 수 있음. 고령자는 이상반응이 나타나기 쉬우므로 소량부터 투여를 개시하고 필요한 최소량으로 투여하며, 이상반응의 발현에 특히 유의하는 등 환자의 상태를 관찰하면서 신중히 투여.",한미약품(주),,,맥시부펜시럽(덱시부프로펜)_(0.9g/75mL),643500802,,
,,,,급여,,,dexibuprofen,142334ASY,"고령자는 중대한 위장관계 이상반응의 위험이 더 클 수 있음. 고령자는 이상반응이 나타나기 쉬우므로 소량부터 투여를 개시하고 필요한 최소량으로 투여하며, 이상반응의 발현에 특히 유의하는 등 환자의 상태를 관찰하면서 신중히 투여.",(주)보령,,,보령펜시럽(덱시부프로펜)_(6g/500mL),641907671,,
,,,,급여,,,dexibuprofen,142334ASY,"고령자는 중대한 위장관계 이상반응의 위험이 더 클 수 있음. 고령자는 이상반응이 나타나기 쉬우므로 소량부터 투여를 개시하고 필요한 최소량으로 투여하며, 이상반응의 발현에 특히 유의하는 등 환자의 상태를 관찰하면서 신중히 투여.",(주)바이넥스,,,닥스펜시럽(덱시부프로펜)_(6g/500mL),643103201,,
,,,,급여,,,dexibuprofen,142334ASY,"고령자는 중대한 위장관계 이상반응의 위험이 더 클 수 있음. 고령자는 이상반응이 나타나기 쉬우므로 소량부터 투여를 개시하고 필요한 최소량으로 투여하며, 이상반응의 발현에 특히 유의하는 등 환자의 상태를 관찰하면서 신중히 투여.",한미약품(주),,,맥시부펜시럽(덱시부프로펜)_(6g/500mL),643500804,,
,,,,급여,,,dexibuprofen,142334ASY,"고령자는 중대한 위장관계 이상반응의 위험이 더 클 수 있음. 고령자는 이상반응이 나타나기 쉬우므로 소량부터 투여를 개시하고 필요한 최소량으로 투여하며, 이상반응의 발현에 특히 유의하는 등 환자의 상태를 관찰하면서 신중히 투여.",제이더블유신약(주),,,소니펜시럽(덱시부프로펜)_(6g/500mL),644101511,,
,,,,급여,,,dexibuprofen,142334ASY,"고령자는 중대한 위장관계 이상반응의 위험이 더 클 수 있음. 고령자는 이상반응이 나타나기 쉬우므로 소량부터 투여를 개시하고 필요한 최소량으로 투여하며, 이상반응의 발현에 특히 유의하는 등 환자의 상태를 관찰하면서 신중히 투여.",조아제약(주),,,덱시딜시럽(덱시부프로펜)_(6g/500mL),644604051,,
,,,,급여,,,dexibuprofen,142334ASY,"고령자는 중대한 위장관계 이상반응의 위험이 더 클 수 있음. 고령자는 이상반응이 나타나기 쉬우므로 소량부터 투여를 개시하고 필요한 최소량으로 투여하며, 이상반응의 발현에 특히 유의하는 등 환자의 상태를 관찰하면서 신중히 투여.",삼아제약(주),,,코코페디시럽(덱시부프로펜)_(6g/500mL),645702251,,
,,,,급여,,,dexibuprofen,142334ASY,"고령자는 중대한 위장관계 이상반응의 위험이 더 클 수 있음. 고령자는 이상반응이 나타나기 쉬우므로 소량부터 투여를 개시하고 필요한 최소량으로 투여하며, 이상반응의 발현에 특히 유의하는 등 환자의 상태를 관찰하면서 신중히 투여.",건일제약(주),,,덱시탑시럽(덱시부프로펜)_(6g/500mL),646802462,,
,,,,급여,,,dexibuprofen,142334ASY,"고령자는 중대한 위장관계 이상반응의 위험이 더 클 수 있음. 고령자는 이상반응이 나타나기 쉬우므로 소량부터 투여를 개시하고 필요한 최소량으로 투여하며, 이상반응의 발현에 특히 유의하는 등 환자의 상태를 관찰하면서 신중히 투여.",경동제약(주),,,덱시디펜시럽(덱시부프로펜)_(6g/500mL),648104031,,
,,,,급여,,,dexibuprofen,142334ASY,"고령자는 중대한 위장관계 이상반응의 위험이 더 클 수 있음. 고령자는 이상반응이 나타나기 쉬우므로 소량부터 투여를 개시하고 필요한 최소량으로 투여하며, 이상반응의 발현에 특히 유의하는 등 환자의 상태를 관찰하면서 신중히 투여.",한국휴텍스제약(주),,,아이소펜시럽(덱시부프로펜)_(6g/500mL),649103831,,
,,,,급여,,,dexibuprofen,142334ASY,"고령자는 중대한 위장관계 이상반응의 위험이 더 클 수 있음. 고령자는 이상반응이 나타나기 쉬우므로 소량부터 투여를 개시하고 필요한 최소량으로 투여하며, 이상반응의 발현에 특히 유의하는 등 환자의 상태를 관찰하면서 신중히 투여.",안국약품(주),,,애니펜시럽(덱시부프로펜)_(6g/500mL),650203431,,
,,,,급여,,,dexibuprofen,142334ASY,"고령자는 중대한 위장관계 이상반응의 위험이 더 클 수 있음. 고령자는 이상반응이 나타나기 쉬우므로 소량부터 투여를 개시하고 필요한 최소량으로 투여하며, 이상반응의 발현에 특히 유의하는 등 환자의 상태를 관찰하면서 신중히 투여.",진양제약(주),,,맥시펜시럽(덱시부프로펜)_(6g/500mL),650302721,,
,,,,급여,,,dexibuprofen,142334ASY,"고령자는 중대한 위장관계 이상반응의 위험이 더 클 수 있음. 고령자는 이상반응이 나타나기 쉬우므로 소량부터 투여를 개시하고 필요한 최소량으로 투여하며, 이상반응의 발현에 특히 유의하는 등 환자의 상태를 관찰하면서 신중히 투여.",일성아이에스(주),,,맥스프로시럽(덱시부프로펜)_(6g/500mL),655402751,,
,,,,급여,,,dexibuprofen,142334ASY,"고령자는 중대한 위장관계 이상반응의 위험이 더 클 수 있음. 고령자는 이상반응이 나타나기 쉬우므로 소량부터 투여를 개시하고 필요한 최소량으로 투여하며, 이상반응의 발현에 특히 유의하는 등 환자의 상태를 관찰하면서 신중히 투여.",(주)동구바이오제약,,,엑스펜시럽(덱시부프로펜)_(6g/500mL),657306851,,
,,,,급여,,,dexibuprofen,142334ASY,"고령자는 중대한 위장관계 이상반응의 위험이 더 클 수 있음. 고령자는 이상반응이 나타나기 쉬우므로 소량부터 투여를 개시하고 필요한 최소량으로 투여하며, 이상반응의 발현에 특히 유의하는 등 환자의 상태를 관찰하면서 신중히 투여.",한국유니온제약(주),,,디프로펜시럽(덱시부프로펜)_(6g/500mL),665506361,,
,,,,급여,,,dexibuprofen,142334ASY,"고령자는 중대한 위장관계 이상반응의 위험이 더 클 수 있음. 고령자는 이상반응이 나타나기 쉬우므로 소량부터 투여를 개시하고 필요한 최소량으로 투여하며, 이상반응의 발현에 특히 유의하는 등 환자의 상태를 관찰하면서 신중히 투여.",(주)팜젠사이언스,,,덱시부시럽(덱시부프로펜)_(6g/500mL),670103171,,
,,,,급여,,,dexibuprofen,142334ASY,"고령자는 중대한 위장관계 이상반응의 위험이 더 클 수 있음. 고령자는 이상반응이 나타나기 쉬우므로 소량부터 투여를 개시하고 필요한 최소량으로 투여하며, 이상반응의 발현에 특히 유의하는 등 환자의 상태를 관찰하면서 신중히 투여.",코오롱제약(주),,,코키즈펜시럽(덱시부프로펜)_(6g/500mL),670303603,,
,,,,급여,,,dexibuprofen,142334ASY,"고령자는 중대한 위장관계 이상반응의 위험이 더 클 수 있음. 고령자는 이상반응이 나타나기 쉬우므로 소량부터 투여를 개시하고 필요한 최소량으로 투여하며, 이상반응의 발현에 특히 유의하는 등 환자의 상태를 관찰하면서 신중히 투여.",(주)보령바이오파마,,,비알덱시펜시럽(덱시부프로펜)_(6g/500mL),670500601,,
,,,,급여,,,dexibuprofen,142334ASY,"고령자는 중대한 위장관계 이상반응의 위험이 더 클 수 있음. 고령자는 이상반응이 나타나기 쉬우므로 소량부터 투여를 개시하고 필요한 최소량으로 투여하며, 이상반응의 발현에 특히 유의하는 등 환자의 상태를 관찰하면서 신중히 투여.",(주)테라젠이텍스,,,맥스프로펜시럽(덱시부프로펜)_(6g/500mL),698502171,,
,,,,급여,,,diclofenac sodium,143504ATB,고령자는 중대한 위장관계 이상반응의 위험이 더 클 수 있으며 더 나쁜 결과를 나타낼 수 있음. 고령자는 이상반응이 나타나기 쉬우므로 이상반응의 발현에 특히 주의하고 원칙적으로 성인 용량의 최소량부터 투약을 개시하여 관찰을 충분히 하면서 신중히 투여량을 결정함.,동광제약(주),,,디페인정(디클로페낙나트륨)_(25mg/1정),645901100,,
,,,,급여,,,diclofenac sodium,143504ATB,고령자는 중대한 위장관계 이상반응의 위험이 더 클 수 있으며 더 나쁜 결과를 나타낼 수 있음. 고령자는 이상반응이 나타나기 쉬우므로 이상반응의 발현에 특히 주의하고 원칙적으로 성인 용량의 최소량부터 투약을 개시하여 관찰을 충분히 하면서 신중히 투여량을 결정함.,지엘파마(주),,,디낙스정(디클로페낙나트륨)_(25mg/1정),649700140,,
,,,,급여,,,diclofenac sodium,143504ATB,고령자는 중대한 위장관계 이상반응의 위험이 더 클 수 있으며 더 나쁜 결과를 나타낼 수 있음. 고령자는 이상반응이 나타나기 쉬우므로 이상반응의 발현에 특히 주의하고 원칙적으로 성인 용량의 최소량부터 투약을 개시하여 관찰을 충분히 하면서 신중히 투여량을 결정함.,신일제약(주),,,신일디클로페낙나트륨정_(25mg/1정),653800990,,
,,,,급여,,,diclofenac sodium,143506ATB,고령자는 중대한 위장관계 이상반응의 위험이 더 클 수 있으며 더 나쁜 결과를 나타낼 수 있음. 고령자는 이상반응이 나타나기 쉬우므로 이상반응의 발현에 특히 주의하고 원칙적으로 성인 용량의 최소량부터 투약을 개시하여 관찰을 충분히 하면서 신중히 투여량을 결정함.,지엘파마(주),,,디낙스정50밀리그램 (디클로페낙나트륨)_(50mg/1정),649702710,,
,,,,급여,,,diclofenac sodium,143506ATB,고령자는 중대한 위장관계 이상반응의 위험이 더 클 수 있으며 더 나쁜 결과를 나타낼 수 있음. 고령자는 이상반응이 나타나기 쉬우므로 이상반응의 발현에 특히 주의하고 원칙적으로 성인 용량의 최소량부터 투약을 개시하여 관찰을 충분히 하면서 신중히 투여량을 결정함.,신일제약(주),,,신일디클로페낙나트륨정50밀리그람_(50mg/1정),653801000,,
,,,,급여,,,diclofenac sodium,143535BIJ,고령자는 중대한 위장관계 이상반응의 위험이 더 클 수 있음. 고령자에 있어서 필요한 최소량으로 신중히 투여하고 이상반응의 발현에 특히 유의함.,(주)화이트생명과학,,,세로페낙주(디클로페낙나트륨)_(75mg/2mL),625201541,,
,,,,급여,,,diclofenac sodium,143535BIJ,고령자는 중대한 위장관계 이상반응의 위험이 더 클 수 있음. 고령자에 있어서 필요한 최소량으로 신중히 투여하고 이상반응의 발현에 특히 유의함.,(주)오스코리아제약,,,오스타렌주(디클로페낙나트륨)_(75mg/2mL),629701151,,
,,,,급여,,,diclofenac sodium,143535BIJ,고령자는 중대한 위장관계 이상반응의 위험이 더 클 수 있음. 고령자에 있어서 필요한 최소량으로 신중히 투여하고 이상반응의 발현에 특히 유의함.,삼성제약(주),,,에스페낙주(디클로페낙나트륨)_(75mg/2mL),642302861,,
,,,,급여,,,diclofenac sodium,143535BIJ,고령자는 중대한 위장관계 이상반응의 위험이 더 클 수 있음. 고령자에 있어서 필요한 최소량으로 신중히 투여하고 이상반응의 발현에 특히 유의함.,대한약품공업(주),,,대한디클로페낙주(디클로페낙나트륨)_(75mg/2mL),645100491,,
,,,,급여,,,diclofenac sodium,143535BIJ,고령자는 중대한 위장관계 이상반응의 위험이 더 클 수 있음. 고령자에 있어서 필요한 최소량으로 신중히 투여하고 이상반응의 발현에 특히 유의함.,대화제약(주),,,레틸론주(디클로페낙나트륨)_(75mg/2mL),645600801,,
,,,,급여,,,diclofenac sodium,143535BIJ,고령자는 중대한 위장관계 이상반응의 위험이 더 클 수 있음. 고령자에 있어서 필요한 최소량으로 신중히 투여하고 이상반응의 발현에 특히 유의함.,동광제약(주),,,디페인주사(디클로페낙나트륨)_(75mg/2mL),645901111,,
,,,,급여,,,diclofenac sodium,143535BIJ,고령자는 중대한 위장관계 이상반응의 위험이 더 클 수 있음. 고령자에 있어서 필요한 최소량으로 신중히 투여하고 이상반응의 발현에 특히 유의함.,(주)메디카코리아,,,메디카디클로페낙주(디클로페낙나트륨)_(75mg/2mL),646000661,,
,,,,급여,,,diclofenac sodium,143535BIJ,고령자는 중대한 위장관계 이상반응의 위험이 더 클 수 있음. 고령자에 있어서 필요한 최소량으로 신중히 투여하고 이상반응의 발현에 특히 유의함.,삼진제약(주),,,킨포인주(디클로페낙나트륨)_(75mg/2mL),647802281,,
,,,,급여,,,diclofenac sodium,143535BIJ,고령자는 중대한 위장관계 이상반응의 위험이 더 클 수 있음. 고령자에 있어서 필요한 최소량으로 신중히 투여하고 이상반응의 발현에 특히 유의함.,경동제약(주),,,라이낙주(디클로페낙나트륨)_(75mg/2mL),648100421,,
,,,,급여,,,diclofenac sodium,143535BIJ,고령자는 중대한 위장관계 이상반응의 위험이 더 클 수 있음. 고령자에 있어서 필요한 최소량으로 신중히 투여하고 이상반응의 발현에 특히 유의함.,(주)유영제약,,,푸리젝스주(디클로페낙나트륨)_(75mg/2mL),648201991,,
,,,,급여,,,diclofenac sodium,143535BIJ,고령자는 중대한 위장관계 이상반응의 위험이 더 클 수 있음. 고령자에 있어서 필요한 최소량으로 신중히 투여하고 이상반응의 발현에 특히 유의함.,명문제약(주),,,토라렌주(디클로페낙나트륨)(수출명:토페라렌주사(Toferareninjection))_(75mg/2mL),649803111,,
,,,,급여,,,diclofenac sodium,143535BIJ,고령자는 중대한 위장관계 이상반응의 위험이 더 클 수 있음. 고령자에 있어서 필요한 최소량으로 신중히 투여하고 이상반응의 발현에 특히 유의함.,(주)제일제약,,,제일제약디클로페낙나트륨주사액_(75mg/2mL),650500521,,
,,,,급여,,,diclofenac sodium,143535BIJ,고령자는 중대한 위장관계 이상반응의 위험이 더 클 수 있음. 고령자에 있어서 필요한 최소량으로 신중히 투여하고 이상반응의 발현에 특히 유의함.,알보젠코리아(주),,,메파렌주75밀리그램(디클로페낙나트륨)(수출명:클로렌주75mg(Cloren Inj. 75mg))_(75mg/2mL),652600771,,
,,,,급여,,,diclofenac sodium,143535BIJ,고령자는 중대한 위장관계 이상반응의 위험이 더 클 수 있음. 고령자에 있어서 필요한 최소량으로 신중히 투여하고 이상반응의 발현에 특히 유의함.,(주)비씨월드제약,,,비씨디클로페낙나트륨주사_(75mg/2mL),653100431,,
,,,,급여,,,diclofenac sodium,143535BIJ,고령자는 중대한 위장관계 이상반응의 위험이 더 클 수 있음. 고령자에 있어서 필요한 최소량으로 신중히 투여하고 이상반응의 발현에 특히 유의함.,아주약품(주),,,소페낙주사(디클로페낙나트륨)_(75mg/2mL),654000481,,
,,,,급여,,,diclofenac sodium,143535BIJ,고령자는 중대한 위장관계 이상반응의 위험이 더 클 수 있음. 고령자에 있어서 필요한 최소량으로 신중히 투여하고 이상반응의 발현에 특히 유의함.,환인제약(주),,,바렌탁주(디클로페낙나트륨)_(75mg/2mL),657200301,,
,,,,급여,,,diclofenac sodium,143535BIJ,고령자는 중대한 위장관계 이상반응의 위험이 더 클 수 있음. 고령자에 있어서 필요한 최소량으로 신중히 투여하고 이상반응의 발현에 특히 유의함.,하나제약(주),,,카페낙주사(디클로페낙나트륨)_(75mg/2mL),657801731,,
,,,,급여,,,diclofenac sodium,143535BIJ,고령자는 중대한 위장관계 이상반응의 위험이 더 클 수 있음. 고령자에 있어서 필요한 최소량으로 신중히 투여하고 이상반응의 발현에 특히 유의함.,이연제약(주),,,로페낙주2㎖(디클로페낙나트륨)_(75mg/2mL),658600251,,
,,,,급여,,,diclofenac sodium,143535BIJ,고령자는 중대한 위장관계 이상반응의 위험이 더 클 수 있음. 고령자에 있어서 필요한 최소량으로 신중히 투여하고 이상반응의 발현에 특히 유의함.,한국유니온제약(주),,,유니페낙주(디클로페낙나트륨) (수출명:ALFENAL Inj)_(75mg/2mL),665503621,,
,,,,급여,,,diclofenac sodium,143535BIJ,고령자는 중대한 위장관계 이상반응의 위험이 더 클 수 있음. 고령자에 있어서 필요한 최소량으로 신중히 투여하고 이상반응의 발현에 특히 유의함.,구주제약(주),,,구주디클로페낙주사액(수출명: JINTES)_(75mg/2mL),669800081,,
,,,,급여,,,diclofenac sodium,143535BIJ,고령자는 중대한 위장관계 이상반응의 위험이 더 클 수 있음. 고령자에 있어서 필요한 최소량으로 신중히 투여하고 이상반응의 발현에 특히 유의함.,(주)한국글로벌제약,,,글로페낙주(디클로페낙나트륨)_(75mg/2mL),693201781,,
,,,,급여,,,diclofenac-β-dimethyl-aminoethanol,143631BIJ,고령자는 중대한 위장관계 이상반응의 위험이 더 클 수 있음. 고령자에 있어서 필요한 최소량으로 신중히 투여하고 이상반응의 발현에 특히 유의함.,주식회사케이에스제약,,,페나베타주(디클로페낙β-디메틸아미노에탄올)_(90mg/2mL),59000631,,
,,,,급여,,,diclofenac-β-dimethyl-aminoethanol,143631BIJ,고령자는 중대한 위장관계 이상반응의 위험이 더 클 수 있음. 고령자에 있어서 필요한 최소량으로 신중히 투여하고 이상반응의 발현에 특히 유의함.,(주)오스코리아제약,,,오스타렌에프주(디클로페낙β-디메틸아미노에탄올)_(90mg/2mL),629701131,,
,,,,급여,,,diclofenac-β-dimethyl-aminoethanol,143631BIJ,고령자는 중대한 위장관계 이상반응의 위험이 더 클 수 있음. 고령자에 있어서 필요한 최소량으로 신중히 투여하고 이상반응의 발현에 특히 유의함.,(주)일화,,,일화디페낙베타주(디클로페낙β-디메틸아미노에탄올)_(90mg/2mL),640903401,,
,,,,급여,,,diclofenac-β-dimethyl-aminoethanol,143631BIJ,고령자는 중대한 위장관계 이상반응의 위험이 더 클 수 있음. 고령자에 있어서 필요한 최소량으로 신중히 투여하고 이상반응의 발현에 특히 유의함.,대화제약(주),,,디베타씨주(디클로페낙β-디메칠아미노에탄올)_(90mg/2mL),645600641,,
,,,,급여,,,diclofenac-β-dimethyl-aminoethanol,143631BIJ,고령자는 중대한 위장관계 이상반응의 위험이 더 클 수 있음. 고령자에 있어서 필요한 최소량으로 신중히 투여하고 이상반응의 발현에 특히 유의함.,(주)메디카코리아,,,베타페낙주2밀리리터(디클로페낙β-디메틸아미노에탄올)_(90mg/2mL),646001281,,
,,,,급여,,,diclofenac-β-dimethyl-aminoethanol,143631BIJ,고령자는 중대한 위장관계 이상반응의 위험이 더 클 수 있음. 고령자에 있어서 필요한 최소량으로 신중히 투여하고 이상반응의 발현에 특히 유의함.,(주)유영제약,,,젝스타주(디클로페낙β-디메틸아미노에탄올)_(90mg/2mL),648201641,,
,,,,급여,,,diclofenac-β-dimethyl-aminoethanol,143631BIJ,고령자는 중대한 위장관계 이상반응의 위험이 더 클 수 있음. 고령자에 있어서 필요한 최소량으로 신중히 투여하고 이상반응의 발현에 특히 유의함.,(주)씨엠지제약,,,디클로라주(디클로페낙β-디메틸아미노에탄올)_(90mg/2mL),648603941,,
,,,,급여,,,diclofenac-β-dimethyl-aminoethanol,143631BIJ,고령자는 중대한 위장관계 이상반응의 위험이 더 클 수 있음. 고령자에 있어서 필요한 최소량으로 신중히 투여하고 이상반응의 발현에 특히 유의함.,유니메드제약(주),,,오스베타주2밀리리터(디클로페낙베타디메틸아미노에탄올)_(90mg/2mL),649501881,,
,,,,급여,,,diclofenac-β-dimethyl-aminoethanol,143631BIJ,고령자는 중대한 위장관계 이상반응의 위험이 더 클 수 있음. 고령자에 있어서 필요한 최소량으로 신중히 투여하고 이상반응의 발현에 특히 유의함.,명문제약(주),,,디크놀주사2밀리리터(디클로페낙β-디메틸아미노에탄올)_(90mg/2mL),649800311,,
,,,,급여,,,diclofenac-β-dimethyl-aminoethanol,143631BIJ,고령자는 중대한 위장관계 이상반응의 위험이 더 클 수 있음. 고령자에 있어서 필요한 최소량으로 신중히 투여하고 이상반응의 발현에 특히 유의함.,삼천당제약(주),,,클로낙주2mL(디클로페낙베타디메칠아미노에탄올)_(90mg/2mL),651201781,,
,,,,급여,,,diclofenac-β-dimethyl-aminoethanol,143631BIJ,고령자는 중대한 위장관계 이상반응의 위험이 더 클 수 있음. 고령자에 있어서 필요한 최소량으로 신중히 투여하고 이상반응의 발현에 특히 유의함.,(주)한국파마,,,아나센주2밀리리터(디클로페낙β-디메틸아미노에탄올)_(90mg/2mL),653001301,,
,,,,급여,,,diclofenac-β-dimethyl-aminoethanol,143631BIJ,고령자는 중대한 위장관계 이상반응의 위험이 더 클 수 있음. 고령자에 있어서 필요한 최소량으로 신중히 투여하고 이상반응의 발현에 특히 유의함.,(주)비씨월드제약,,,디로낙주2밀리리터(디클로페낙β-디메틸아미노에탄올)_(90mg/2mL),653100181,,
,,,,급여,,,diclofenac-β-dimethyl-aminoethanol,143631BIJ,고령자는 중대한 위장관계 이상반응의 위험이 더 클 수 있음. 고령자에 있어서 필요한 최소량으로 신중히 투여하고 이상반응의 발현에 특히 유의함.,아주약품(주),,,뉴페낙주사2밀리리터(디클로페낙β-디메틸아미노에탄올)_(90mg/2mL),654000071,,
,,,,급여,,,diclofenac-β-dimethyl-aminoethanol,143631BIJ,고령자는 중대한 위장관계 이상반응의 위험이 더 클 수 있음. 고령자에 있어서 필요한 최소량으로 신중히 투여하고 이상반응의 발현에 특히 유의함.,케이엠에스제약(주),,,뉴베타주2mL(디클로페낙β-디메틸아미노에탄올)_(90mg/2mL),654700061,,
,,,,급여,,,diclofenac-β-dimethyl-aminoethanol,143631BIJ,고령자는 중대한 위장관계 이상반응의 위험이 더 클 수 있음. 고령자에 있어서 필요한 최소량으로 신중히 투여하고 이상반응의 발현에 특히 유의함.,한국넬슨제약(주),,,다이크론주2ml(디클로페낙베타-디메틸아미노에탄올)_(90mg/2mL),656700601,,
,,,,급여,,,diclofenac-β-dimethyl-aminoethanol,143631BIJ,고령자는 중대한 위장관계 이상반응의 위험이 더 클 수 있음. 고령자에 있어서 필요한 최소량으로 신중히 투여하고 이상반응의 발현에 특히 유의함.,하나제약(주),,,페나카주사2ml(디클로페낙β-디메틸아미노에탄올)_(90mg/2mL),657802091,,
,,,,급여,,,diclofenac-β-dimethyl-aminoethanol,143631BIJ,고령자는 중대한 위장관계 이상반응의 위험이 더 클 수 있음. 고령자에 있어서 필요한 최소량으로 신중히 투여하고 이상반응의 발현에 특히 유의함.,이연제약(주),,,미노브이주2mL(디클로페낙β-디메틸아미노에탄올)_(90mg/2mL),658600401,,
,,,,급여,,,diclofenac-β-dimethyl-aminoethanol,143631BIJ,고령자는 중대한 위장관계 이상반응의 위험이 더 클 수 있음. 고령자에 있어서 필요한 최소량으로 신중히 투여하고 이상반응의 발현에 특히 유의함.,한국유니온제약(주),,,유니페낙에프주(디클로페낙β-디메틸아미노에탄올)_(90mg/2mL),665503611,,
,,,,급여,,,diclofenac-β-dimethyl-aminoethanol,143631BIJ,고령자는 중대한 위장관계 이상반응의 위험이 더 클 수 있음. 고령자에 있어서 필요한 최소량으로 신중히 투여하고 이상반응의 발현에 특히 유의함.,구주제약(주),,,베타펜주(디클로페낙β-디메틸아미노에탄올)_(90mg/2mL),669804301,,
,,,,급여,,,diclofenac-β-dimethyl-aminoethanol,143631BIJ,고령자는 중대한 위장관계 이상반응의 위험이 더 클 수 있음. 고령자에 있어서 필요한 최소량으로 신중히 투여하고 이상반응의 발현에 특히 유의함.,대한뉴팜(주),,,크낙주2밀리리터(디클로페낙베타디메틸아미노에탄올)_(90mg/2mL),669903791,,
,,,,급여,,,diclofenac-β-dimethyl-aminoethanol,143631BIJ,고령자는 중대한 위장관계 이상반응의 위험이 더 클 수 있음. 고령자에 있어서 필요한 최소량으로 신중히 투여하고 이상반응의 발현에 특히 유의함.,주식회사제뉴원사이언스,,,디클로주2밀리리터(디클로페낙β-디메틸아미노에탄올)_(90mg/2mL),671705481,,
,,,,급여,,,diclofenac-β-dimethyl-aminoethanol,143631BIJ,고령자는 중대한 위장관계 이상반응의 위험이 더 클 수 있음. 고령자에 있어서 필요한 최소량으로 신중히 투여하고 이상반응의 발현에 특히 유의함.,(주)한국글로벌제약,,,글로베타주(디클로페낙베타디메틸아미노에탄올)_(90mg/2mL),693200671,,
,,,,급여,,,etodolac,156602ACH,고령자는 중대한 위장관계 이상반응의 위험이 더 클 수 있음. 고령자에게 이 약을 투여 시 용량 결정 및 증감에 주의하는 등 신중히 투여.,명문제약(주),,,에토딘캡슐(에토돌락)_(0.2g/1캡슐),649802510,,
,,,,급여,,,etodolac,156602ATB,고령자는 중대한 위장관계 이상반응의 위험이 더 클 수 있음. 고령자에게 이 약을 투여 시 용량 결정 및 증감에 주의하는 등 신중히 투여.,건일제약(주),,,건일로딘정200밀리그램(미분화에토돌락)_(0.2g/1정),646800140,,
,,,,급여,,,etodolac,156603ATB,고령자는 중대한 위장관계 이상반응의 위험이 더 클 수 있음. 고령자에게 이 약을 투여 시 용량 결정 및 증감에 주의하는 등 신중히 투여.,환인제약(주),,,토세락정400밀리그램(미분화에토돌락)_(0.4g/1정),657200780,,
,,,,급여,,,etodolac,156603ATR,고령자는 중대한 위장관계 이상반응의 위험이 더 클 수 있음. 고령자에게 이 약을 투여 시 용량 결정 및 증감에 주의하는 등 신중히 투여.,건일제약(주),,,로딘엑스엘정400밀리그램(미분화에토돌락)_(0.4g/1정),646800580,,
,,,,급여,,,etodolac,156604ATR,고령자는 중대한 위장관계 이상반응의 위험이 더 클 수 있음. 고령자에게 이 약을 투여 시 용량 결정 및 증감에 주의하는 등 신중히 투여.,건일제약(주),,,건일로딘서방정600밀리그램(미분화에토돌락)_(0.6g/1정),646800120,,
,,,,급여,,,ibuprofen,172802ACS,고령자일수록 위장관계 이상반응 발생 가능성은 증가할 수 있음.,(주)대웅제약,,,이지엔6애니연질캡슐(이부프로펜)_(0.2g/1캡슐),641602130,,
,,,,급여,,,ibuprofen,172802ATB,고령자일수록 위장관계 이상반응 발생 가능성은 증가할 수 있음.,삼일제약(주),,,부루펜정200밀리그램(이부프로펜)_(0.2g/1정),643900470,,
,,,,급여,,,ibuprofen,172802ATB,고령자일수록 위장관계 이상반응 발생 가능성은 증가할 수 있음.,한국코러스(주),,,스로펜정(이부프로펜) 수출명:Korus Ibuprofen Tab._(0.2g/1정),647200310,,
,,,,급여,,,ibuprofen,172802ATB,고령자일수록 위장관계 이상반응 발생 가능성은 증가할 수 있음.,명문제약(주),,,이부콜벤정200밀리그램(이부프로펜)_(0.2g/1정),649808100,,
,,,,급여,,,ibuprofen,172802ATB,고령자일수록 위장관계 이상반응 발생 가능성은 증가할 수 있음.,한국넬슨제약(주),,,넬슨이부프로펜정200밀리그램(이부프로펜)_(0.2g/1정),656700420,,
,,,,급여,,,ibuprofen,172806ATB,고령자일수록 위장관계 이상반응 발생 가능성은 증가할 수 있음.,삼일제약(주),,,부루펜정400밀리그램(이부프로펜)_(0.4g/1정),643900480,,
,,,,급여,,,ibuprofen,172806ATB,고령자일수록 위장관계 이상반응 발생 가능성은 증가할 수 있음.,태극제약(주),,,이부펜정400mg(이부프로펜)_(0.4g/1정),644801570,,
,,,,급여,,,ibuprofen,172806ATB,고령자일수록 위장관계 이상반응 발생 가능성은 증가할 수 있음.,대화제약(주),,,"대화이부프로펜정400밀리그람(수출명:UPRO400,IBUFEN)_(0.4g/1정)",645600420,,
,,,,급여,,,ibuprofen,172806ATB,고령자일수록 위장관계 이상반응 발생 가능성은 증가할 수 있음.,삼남제약(주),,,아루펜정400밀리그람(이부프로펜)_(0.4g/1정),653700760,,
,,,,급여,,,ibuprofen,172806ATB,고령자일수록 위장관계 이상반응 발생 가능성은 증가할 수 있음.,신일제약(주),,,신일이부프로펜정400밀리그람(수출명:IFENTab.)_(0.4g/1정),653801580,,
,,,,급여,,,ibuprofen,172806ATB,고령자일수록 위장관계 이상반응 발생 가능성은 증가할 수 있음.,알파제약(주),,,리오루펜정400밀리그람(이부프로펜)_(0.4g/1정),654200080,,
,,,,급여,,,ibuprofen,172806ATB,고령자일수록 위장관계 이상반응 발생 가능성은 증가할 수 있음.,오스틴제약(주),,,오스틴이부프로펜정400밀리그람_(0.4g/1정),654303510,,
,,,,급여,,,ibuprofen,172806ATB,고령자일수록 위장관계 이상반응 발생 가능성은 증가할 수 있음.,한국넬슨제약(주),,,넬슨이부프로펜정400밀리그램(이부프로펜)_(0.4g/1정),656700430,,
,,,,급여,,,ibuprofen,172806ATB,고령자일수록 위장관계 이상반응 발생 가능성은 증가할 수 있음.,미래바이오제약(주),,,다이야펜정400밀리그램(이부프로펜)_(0.4g/1정),657500190,,
,,,,급여,,,ibuprofen,172806ATB,고령자일수록 위장관계 이상반응 발생 가능성은 증가할 수 있음.,초당약품공업(주),,,나르펜정400밀리그램(이부프로펜)(수출명:PANALTab.)_(0.4g/1정),670700060,,
,,,,급여,,,ibuprofen,172807ATR,고령자일수록 위장관계 이상반응 발생 가능성은 증가할 수 있음.,동성제약(주),,,디퓨탭서방정(이부프로펜)_(0.6g/1정),643200290,,
,,,,급여,,,ibuprofen,172830BIJ,고령자일수록 위장관계 이상반응 발생 가능성은 증가할 수 있음. 고령자는 전반적으로 생리적 기능이 저하되어 있으므로 면밀히 모니터링 하면서 용량을 조절하여 투여해야 함.,(주)삼오제약,,,페데아주(이부프로펜)_(10mg/2mL),659700881,,
,,,,급여,,,ibuprofen,172833ASY,고령자일수록 위장관계 이상반응 발생 가능성은 증가할 수 있음.,삼일제약(주),,,어린이부루펜시럽(이부프로펜)_(1.6g/80mL),643900913,,
,,,,급여,,,ibuprofen,172834ASY,고령자일수록 위장관계 이상반응 발생 가능성은 증가할 수 있음.,일동제약(주),,,캐롤시럽(이부프로펜)_(1.8g/90mL),642902031,,
,,,,급여,,,ibuprofen,172834ASY,고령자일수록 위장관계 이상반응 발생 가능성은 증가할 수 있음.,삼일제약(주),,,어린이부루펜시럽(이부프로펜)_(1.8g/90mL),643900911,,
,,,,급여,,,ibuprofen,172835ASY,고령자일수록 위장관계 이상반응 발생 가능성은 증가할 수 있음.,(주)대웅제약,,,대웅이부펜시럽(이부프로펜)(수출명:SOTSTOPsyrup)_(2g/100mL),641600851,,
,,,,급여,,,ibuprofen,172836ASY,고령자일수록 위장관계 이상반응 발생 가능성은 증가할 수 있음.,일동제약(주),,,캐롤시럽(이부프로펜)_(10g/500mL),642902032,,
,,,,급여,,,ibuprofen,172836ASY,고령자일수록 위장관계 이상반응 발생 가능성은 증가할 수 있음.,한미약품(주),,,이부서스펜시럽(이부프로펜)_(10g/500mL),643502184,,
,,,,급여,,,ibuprofen,172836ASY,고령자일수록 위장관계 이상반응 발생 가능성은 증가할 수 있음.,대우제약(주),,,어린이알리펜시럽(이부프로펜)(수출명:이부돌시럽)_(20g/500mL),649601603,,
,,,,급여,,,ibuprofen,172836ASY,고령자일수록 위장관계 이상반응 발생 가능성은 증가할 수 있음.,(주)팜젠사이언스,,,이부날시럽(이부프로펜)_(10g/500mL),670101712,,
,,,,급여,,,ibuprofen,172836ASY,고령자일수록 위장관계 이상반응 발생 가능성은 증가할 수 있음.,(주)보령바이오파마,,,비알이부펜시럽(이부프로펜)_(10g/500mL),670500591,,
,,,,급여,,,ibuprofen,172837ASY,고령자일수록 위장관계 이상반응 발생 가능성은 증가할 수 있음.,한미약품(주),,,이부서스펜시럽(이부프로펜)_(20g/1000mL),643502185,,
,,,,급여,,,ibuprofen,172837ASY,고령자일수록 위장관계 이상반응 발생 가능성은 증가할 수 있음.,삼일제약(주),,,어린이부루펜시럽(이부프로펜)_(20g/1000mL),643900912,,
,,,,급여,,,ibuprofen,172837ASY,고령자일수록 위장관계 이상반응 발생 가능성은 증가할 수 있음.,대우제약(주),,,어린이알리펜시럽(이부프로펜)(수출명:이부돌시럽)_(20g/1000mL),649601602,,
,,,,급여,,,ibuprofen,172838ASY,고령자일수록 위장관계 이상반응 발생 가능성은 증가할 수 있음.,삼아제약(주),,,이브듀오시럽(이부프로펜)_(20g/500mL),645701041,,
,,,,급여,,,ketoprofen,179731BIJ,고령자는 중대한 위장관계 이상반응의 위험이 더 클 수 있으며 특히 위장관 출혈과 치명적일 수 있는 천공의 발생 빈도 증가. 고령자에서는 심각한 이상반응이 나타나기 쉬우므로 저용량에서 투여를 시작하고 가능한 한 짧은 기간 동안 투여하는 등 환자의 상태를 관찰하면서 신중히 투여.,부광약품(주),,,부광케토프로펜주100밀리그램_(0.1g/2mL),642201001,,
,,,,급여,,,ketoprofen,179731BIJ,고령자는 중대한 위장관계 이상반응의 위험이 더 클 수 있으며 특히 위장관 출혈과 치명적일 수 있는 천공의 발생 빈도 증가. 고령자에서는 심각한 이상반응이 나타나기 쉬우므로 저용량에서 투여를 시작하고 가능한 한 짧은 기간 동안 투여하는 등 환자의 상태를 관찰하면서 신중히 투여.,삼천당제약(주),,,삼천당케토프로펜주100밀리그람(수출명:케페인주)_(0.1g/2mL),651200931,,
,,,,급여,,,ketorolac tromethamine,180001ATB,"고령자는 중대한 위장관계 이상반응의 위험이 더 클 수 있음. 고령자는 비스테로이드성 소염진통제의 신장에 대한 이상반응에 더 민감하며 위장관 출혈 및 천공의 이상반응의 발현이 증가할 수 있음. 또한, 고령자에서 이 약의 혈장 반감기가 증가하고 혈장 청소율이 감소하므로 이 약을 고령자에게 투여하는 경우에는 특별한 주의를 기울여야 하며, 최소 유효량만 투여하거나 투여간격을 늘림.",동국제약(주),,,케토라신정(케토롤락트로메타민)_(10mg/1정),653400910,,
,,,,급여,,,ketorolac tromethamine,180033BIJ,"고령자는 중대한 위장관계 이상반응의 위험이 더 클 수 있음. 고령자는 비스테로이드성 소염진통제의 신장에 대한 이상반응에 더 민감하며 위장관 출혈 및 천공의 이상반응의 발현이 증가할 수 있음. 또한, 고령자에서 이 약의 혈장 반감기가 증가하고 혈장 청소율이 감소하므로 이 약을 고령자에게 투여하는 경우에는 특별한 주의를 기울여야 하며, 최소 유효량만 투여하거나 투여간격을 늘림.",지피테라퓨틱스코리아주식회사,,,타라신주(케토롤락트로메타민)_(30mg/1mL),57200121,,
,,,,급여,,,ketorolac tromethamine,180033BIJ,"고령자는 중대한 위장관계 이상반응의 위험이 더 클 수 있음. 고령자는 비스테로이드성 소염진통제의 신장에 대한 이상반응에 더 민감하며 위장관 출혈 및 천공의 이상반응의 발현이 증가할 수 있음. 또한, 고령자에서 이 약의 혈장 반감기가 증가하고 혈장 청소율이 감소하므로 이 약을 고령자에게 투여하는 경우에는 특별한 주의를 기울여야 하며, 최소 유효량만 투여하거나 투여간격을 늘림.",동광제약(주),,,케로라주(케토롤락트로메타민염)_(30mg/1mL),645902651,,
,,,,급여,,,ketorolac tromethamine,180033BIJ,"고령자는 중대한 위장관계 이상반응의 위험이 더 클 수 있음. 고령자는 비스테로이드성 소염진통제의 신장에 대한 이상반응에 더 민감하며 위장관 출혈 및 천공의 이상반응의 발현이 증가할 수 있음. 또한, 고령자에서 이 약의 혈장 반감기가 증가하고 혈장 청소율이 감소하므로 이 약을 고령자에게 투여하는 경우에는 특별한 주의를 기울여야 하며, 최소 유효량만 투여하거나 투여간격을 늘림.",(주)메디카코리아,,,타벨주(케토롤락트로메타민염)_(30mg/1mL),646002281,,
,,,,급여,,,ketorolac tromethamine,180033BIJ,"고령자는 중대한 위장관계 이상반응의 위험이 더 클 수 있음. 고령자는 비스테로이드성 소염진통제의 신장에 대한 이상반응에 더 민감하며 위장관 출혈 및 천공의 이상반응의 발현이 증가할 수 있음. 또한, 고령자에서 이 약의 혈장 반감기가 증가하고 혈장 청소율이 감소하므로 이 약을 고령자에게 투여하는 경우에는 특별한 주의를 기울여야 하며, 최소 유효량만 투여하거나 투여간격을 늘림.",삼진제약(주),,,케라신주(케토롤락트로메타민)_(30mg/1mL),647804481,,
,,,,급여,,,ketorolac tromethamine,180033BIJ,"고령자는 중대한 위장관계 이상반응의 위험이 더 클 수 있음. 고령자는 비스테로이드성 소염진통제의 신장에 대한 이상반응에 더 민감하며 위장관 출혈 및 천공의 이상반응의 발현이 증가할 수 있음. 또한, 고령자에서 이 약의 혈장 반감기가 증가하고 혈장 청소율이 감소하므로 이 약을 고령자에게 투여하는 경우에는 특별한 주의를 기울여야 하며, 최소 유효량만 투여하거나 투여간격을 늘림.",경동제약(주),,,케토란주(케토롤락트로메타민)_(30mg/1mL),648102001,,
,,,,급여,,,ketorolac tromethamine,180033BIJ,"고령자는 중대한 위장관계 이상반응의 위험이 더 클 수 있음. 고령자는 비스테로이드성 소염진통제의 신장에 대한 이상반응에 더 민감하며 위장관 출혈 및 천공의 이상반응의 발현이 증가할 수 있음. 또한, 고령자에서 이 약의 혈장 반감기가 증가하고 혈장 청소율이 감소하므로 이 약을 고령자에게 투여하는 경우에는 특별한 주의를 기울여야 하며, 최소 유효량만 투여하거나 투여간격을 늘림.",명문제약(주),,,"케토신주사(케토롤락트로메타민염)(수출명:뉴케토신주사,NEWKETOCININJ)_(30mg/1mL)",649802851,,
,,,,급여,,,ketorolac tromethamine,180033BIJ,"고령자는 중대한 위장관계 이상반응의 위험이 더 클 수 있음. 고령자는 비스테로이드성 소염진통제의 신장에 대한 이상반응에 더 민감하며 위장관 출혈 및 천공의 이상반응의 발현이 증가할 수 있음. 또한, 고령자에서 이 약의 혈장 반감기가 증가하고 혈장 청소율이 감소하므로 이 약을 고령자에게 투여하는 경우에는 특별한 주의를 기울여야 하며, 최소 유효량만 투여하거나 투여간격을 늘림.",환인제약(주),,,트롤락주(케토롤락트로메타민염)_(30mg/1mL),657200821,,
,,,,급여,,,ketorolac tromethamine,180033BIJ,"고령자는 중대한 위장관계 이상반응의 위험이 더 클 수 있음. 고령자는 비스테로이드성 소염진통제의 신장에 대한 이상반응에 더 민감하며 위장관 출혈 및 천공의 이상반응의 발현이 증가할 수 있음. 또한, 고령자에서 이 약의 혈장 반감기가 증가하고 혈장 청소율이 감소하므로 이 약을 고령자에게 투여하는 경우에는 특별한 주의를 기울여야 하며, 최소 유효량만 투여하거나 투여간격을 늘림.",하나제약(주),,,케로민주사(케토롤락트로메타민염)_(30mg/1mL),657801801,,
,,,,급여,,,ketorolac tromethamine,180033BIJ,"고령자는 중대한 위장관계 이상반응의 위험이 더 클 수 있음. 고령자는 비스테로이드성 소염진통제의 신장에 대한 이상반응에 더 민감하며 위장관 출혈 및 천공의 이상반응의 발현이 증가할 수 있음. 또한, 고령자에서 이 약의 혈장 반감기가 증가하고 혈장 청소율이 감소하므로 이 약을 고령자에게 투여하는 경우에는 특별한 주의를 기울여야 하며, 최소 유효량만 투여하거나 투여간격을 늘림.",이연제약(주),,,케톨민주(케토롤락트로메타민)_(30mg/1mL),658603171,,
,,,,급여,,,ketorolac tromethamine,180033BIJ,"고령자는 중대한 위장관계 이상반응의 위험이 더 클 수 있음. 고령자는 비스테로이드성 소염진통제의 신장에 대한 이상반응에 더 민감하며 위장관 출혈 및 천공의 이상반응의 발현이 증가할 수 있음. 또한, 고령자에서 이 약의 혈장 반감기가 증가하고 혈장 청소율이 감소하므로 이 약을 고령자에게 투여하는 경우에는 특별한 주의를 기울여야 하며, 최소 유효량만 투여하거나 투여간격을 늘림.",한국유니온제약(주),,,유니온케토롤락주(케토롤락트로메타민염)_(30mg/1mL),665507731,,
,,,,급여,,,loxoprofen sodium hydrate (as loxoprofen sodium),186101ATB,고령자는 중대한 위장관계 이상반응의 위험이 더 클 수 있음. 고령자에게 이 약을 투여 시 주의.,(주)휴온스생명과학,,,케록시드정(록소프로펜나트륨수화물)_(68.1mg/1정),52700650,,
,,,,급여,,,loxoprofen sodium hydrate (as loxoprofen sodium),186101ATB,고령자는 중대한 위장관계 이상반응의 위험이 더 클 수 있음. 고령자에게 이 약을 투여 시 주의.,(주)중헌제약,,,록소정(록소프로펜나트륨수화물)_(68.1mg/1정),53300610,,
,,,,급여,,,loxoprofen sodium hydrate (as loxoprofen sodium),186101ATB,고령자는 중대한 위장관계 이상반응의 위험이 더 클 수 있음. 고령자에게 이 약을 투여 시 주의.,오스템파마주식회사,,,록소리펜정(록소프로펜나트륨수화물)_(68.1mg/1정),53500050,,
,,,,급여,,,loxoprofen sodium hydrate (as loxoprofen sodium),186101ATB,고령자는 중대한 위장관계 이상반응의 위험이 더 클 수 있음. 고령자에게 이 약을 투여 시 주의.,안국뉴팜(주),,,뉴록소로나정(록소프로펜나트륨수화물)_(68.1mg/1정),53600160,,
,,,,급여,,,loxoprofen sodium hydrate (as loxoprofen sodium),186101ATB,고령자는 중대한 위장관계 이상반응의 위험이 더 클 수 있음. 고령자에게 이 약을 투여 시 주의.,엔비케이제약(주),,,로포닌정(록소프로펜나트륨수화물)_(68.1mg/1정),54800850,,
,,,,급여,,,loxoprofen sodium hydrate (as loxoprofen sodium),186101ATB,고령자는 중대한 위장관계 이상반응의 위험이 더 클 수 있음. 고령자에게 이 약을 투여 시 주의.,코스맥스파마(주),,,엘소펜정60밀리그램(록소프로펜나트륨수화물)_(68.1mg/1정),55102250,,
,,,,급여,,,loxoprofen sodium hydrate (as loxoprofen sodium),186101ATB,고령자는 중대한 위장관계 이상반응의 위험이 더 클 수 있음. 고령자에게 이 약을 투여 시 주의.,주식회사 더유제약,,,록소포펜정(록소프로펜나트륨수화물)_(68.1mg/1정),57000120,,
,,,,급여,,,loxoprofen sodium hydrate (as loxoprofen sodium),186101ATB,고령자는 중대한 위장관계 이상반응의 위험이 더 클 수 있음. 고령자에게 이 약을 투여 시 주의.,대원바이오텍주식회사,,,록소원정(록소프로펜나트륨)_(68.1mg/1정),57600660,,
,,,,급여,,,loxoprofen sodium hydrate (as loxoprofen sodium),186101ATB,고령자는 중대한 위장관계 이상반응의 위험이 더 클 수 있음. 고령자에게 이 약을 투여 시 주의.,독립바이오제약(주),,,록소나린정(록소프로펜나트륨)_(68.1mg/1정),57700380,,
,,,,급여,,,loxoprofen sodium hydrate (as loxoprofen sodium),186101ATB,고령자는 중대한 위장관계 이상반응의 위험이 더 클 수 있음. 고령자에게 이 약을 투여 시 주의.,(주)아리제약,,,아록핀정60밀리그램(록소프로펜나트륨수화물)_(68.1mg/1정),58200160,,
,,,,급여,,,loxoprofen sodium hydrate (as loxoprofen sodium),186101ATB,고령자는 중대한 위장관계 이상반응의 위험이 더 클 수 있음. 고령자에게 이 약을 투여 시 주의.,(주)유앤생명과학,,,록소프펜정(록소프로펜나트륨)_(68.1mg/1정),58800170,,
,,,,급여,,,loxoprofen sodium hydrate (as loxoprofen sodium),186101ATB,고령자는 중대한 위장관계 이상반응의 위험이 더 클 수 있음. 고령자에게 이 약을 투여 시 주의.,주식회사케이에스제약,,,록소프로정(록소프로펜나트륨수화물)_(68.1mg/1정),59000130,,
,,,,급여,,,loxoprofen sodium hydrate (as loxoprofen sodium),186101ATB,고령자는 중대한 위장관계 이상반응의 위험이 더 클 수 있음. 고령자에게 이 약을 투여 시 주의.,(주)킴스제약,,,프로록소정(록소프로펜나트륨수화물)_(68.1mg/1정),59600230,,
,,,,급여,,,loxoprofen sodium hydrate (as loxoprofen sodium),186101ATB,고령자는 중대한 위장관계 이상반응의 위험이 더 클 수 있음. 고령자에게 이 약을 투여 시 주의.,(주)엘앤씨바이오,,,메가록소펜정(록소프로펜나트륨수화물)_(68.1mg/1정),60500410,,
,,,,급여,,,loxoprofen sodium hydrate (as loxoprofen sodium),186101ATB,고령자는 중대한 위장관계 이상반응의 위험이 더 클 수 있음. 고령자에게 이 약을 투여 시 주의.,(주)한국파비스제약,,,록소진정(록소프로펜나트륨수화물)_(68.1mg/1정),621802050,,
,,,,급여,,,loxoprofen sodium hydrate (as loxoprofen sodium),186101ATB,고령자는 중대한 위장관계 이상반응의 위험이 더 클 수 있음. 고령자에게 이 약을 투여 시 주의.,(주)마더스제약,,,락소펜엠정(록소프로펜나트륨수화물)_(68.1mg/1정),622801610,,
,,,,급여,,,loxoprofen sodium hydrate (as loxoprofen sodium),186101ATB,고령자는 중대한 위장관계 이상반응의 위험이 더 클 수 있음. 고령자에게 이 약을 투여 시 주의.,한국신텍스제약(주),,,록소프론정60밀리그램(록소프로펜나트륨수화물)_(68.1mg/1정),623005810,,
,,,,급여,,,loxoprofen sodium hydrate (as loxoprofen sodium),186101ATB,고령자는 중대한 위장관계 이상반응의 위험이 더 클 수 있음. 고령자에게 이 약을 투여 시 주의.,(주)화이트생명과학,,,록소쿨정(록소프로펜나트륨수화물)_(68.1mg/1정),625200060,,
,,,,급여,,,loxoprofen sodium hydrate (as loxoprofen sodium),186101ATB,고령자는 중대한 위장관계 이상반응의 위험이 더 클 수 있음. 고령자에게 이 약을 투여 시 주의.,(주)휴비스트제약,,,휴록스정(록소프로펜나트륨수화물)_(68.1mg/1정),628800170,,
,,,,급여,,,loxoprofen sodium hydrate (as loxoprofen sodium),186101ATB,고령자는 중대한 위장관계 이상반응의 위험이 더 클 수 있음. 고령자에게 이 약을 투여 시 주의.,(주)이든파마,,,로나펜정(록소프로펜나트륨수화물)_(68.1mg/1정),628901000,,
,,,,급여,,,loxoprofen sodium hydrate (as loxoprofen sodium),186101ATB,고령자는 중대한 위장관계 이상반응의 위험이 더 클 수 있음. 고령자에게 이 약을 투여 시 주의.,(주)오스코리아제약,,,록스코정(록소프로펜나트륨수화물)_(68.1mg/1정),629700540,,
,,,,급여,,,loxoprofen sodium hydrate (as loxoprofen sodium),186101ATB,고령자는 중대한 위장관계 이상반응의 위험이 더 클 수 있음. 고령자에게 이 약을 투여 시 주의.,(주)일화,,,록스로펜정(록소프로펜나트륨수화물)_(68.1mg/1정),640902440,,
,,,,급여,,,loxoprofen sodium hydrate (as loxoprofen sodium),186101ATB,고령자는 중대한 위장관계 이상반응의 위험이 더 클 수 있음. 고령자에게 이 약을 투여 시 주의.,맥널티제약(주),,,록프란정(록소프로펜나트륨수화물)_(68.1mg/1정),641501820,,
,,,,급여,,,loxoprofen sodium hydrate (as loxoprofen sodium),186101ATB,고령자는 중대한 위장관계 이상반응의 위험이 더 클 수 있음. 고령자에게 이 약을 투여 시 주의.,일양약품(주),,,로바펜정(록소프로펜나트륨)_(60mg/1정),641700320,,
,,,,급여,,,loxoprofen sodium hydrate (as loxoprofen sodium),186101ATB,고령자는 중대한 위장관계 이상반응의 위험이 더 클 수 있음. 고령자에게 이 약을 투여 시 주의.,광동제약(주),,,광동록소프로펜나트륨수화물정_(68.1mg/1정),641805410,,
,,,,급여,,,loxoprofen sodium hydrate (as loxoprofen sodium),186101ATB,고령자는 중대한 위장관계 이상반응의 위험이 더 클 수 있음. 고령자에게 이 약을 투여 시 주의.,현대약품(주),,,현대록소프로펜나트륨수화물정_(68.1mg/1정),642004390,,
,,,,급여,,,loxoprofen sodium hydrate (as loxoprofen sodium),186101ATB,고령자는 중대한 위장관계 이상반응의 위험이 더 클 수 있음. 고령자에게 이 약을 투여 시 주의.,삼성제약(주),,,삼성록소프로펜나트륨정(록소프로펜나트륨수화물)_(68.1mg/1정),642306400,,
,,,,급여,,,loxoprofen sodium hydrate (as loxoprofen sodium),186101ATB,고령자는 중대한 위장관계 이상반응의 위험이 더 클 수 있음. 고령자에게 이 약을 투여 시 주의.,동화약품(주),,,동화록소닌정(록소프로펜나트륨수화물)_(68.1mg/1정),642700370,,
,,,,급여,,,loxoprofen sodium hydrate (as loxoprofen sodium),186101ATB,고령자는 중대한 위장관계 이상반응의 위험이 더 클 수 있음. 고령자에게 이 약을 투여 시 주의.,일동제약(주),,,레녹스정(록소프로펜나트륨수화물)_(68.1mg/1정),642900220,,
,,,,급여,,,loxoprofen sodium hydrate (as loxoprofen sodium),186101ATB,고령자는 중대한 위장관계 이상반응의 위험이 더 클 수 있음. 고령자에게 이 약을 투여 시 주의.,(주)바이넥스,,,록소스타정(록소프로펜나트륨수화물)_(68.1mg/1정),643103340,,
,,,,급여,,,loxoprofen sodium hydrate (as loxoprofen sodium),186101ATB,고령자는 중대한 위장관계 이상반응의 위험이 더 클 수 있음. 고령자에게 이 약을 투여 시 주의.,동성제약(주),,,록소앤정(록소프로펜나트륨수화물)_(68.1mg/1정),643202830,,
,,,,급여,,,loxoprofen sodium hydrate (as loxoprofen sodium),186101ATB,고령자는 중대한 위장관계 이상반응의 위험이 더 클 수 있음. 고령자에게 이 약을 투여 시 주의.,한미약품(주),,,록소드펜정60밀리그램(록소프로펜나트륨수화물)_(68.1mg/1정),643500600,,
,,,,급여,,,loxoprofen sodium hydrate (as loxoprofen sodium),186101ATB,고령자는 중대한 위장관계 이상반응의 위험이 더 클 수 있음. 고령자에게 이 약을 투여 시 주의.,국제약품(주),,,아나록소정(록소프로펜나트륨수화물)_(68.1mg/1정),643701530,,
,,,,급여,,,loxoprofen sodium hydrate (as loxoprofen sodium),186101ATB,고령자는 중대한 위장관계 이상반응의 위험이 더 클 수 있음. 고령자에게 이 약을 투여 시 주의.,삼익제약(주),,,로페닌정(록소프로펜나트륨)(수출명:Lopenin Tabs.)_(60mg/1정),644000300,,
,,,,급여,,,loxoprofen sodium hydrate (as loxoprofen sodium),186101ATB,고령자는 중대한 위장관계 이상반응의 위험이 더 클 수 있음. 고령자에게 이 약을 투여 시 주의.,제이더블유신약(주),,,록프로펜정(록소프로펜나트륨수화물)_(68.1mg/1정),644102220,,
,,,,급여,,,loxoprofen sodium hydrate (as loxoprofen sodium),186101ATB,고령자는 중대한 위장관계 이상반응의 위험이 더 클 수 있음. 고령자에게 이 약을 투여 시 주의.,한국유나이티드제약(주),,,록스핀정(록소프로펜나트륨수화물)_(68.1mg/1정),644308400,,
,,,,급여,,,loxoprofen sodium hydrate (as loxoprofen sodium),186101ATB,고령자는 중대한 위장관계 이상반응의 위험이 더 클 수 있음. 고령자에게 이 약을 투여 시 주의.,조아제약(주),,,록소아펜정(록소프로펜나트륨수화물)_(68.1mg/1정),644602990,,
,,,,급여,,,loxoprofen sodium hydrate (as loxoprofen sodium),186101ATB,고령자는 중대한 위장관계 이상반응의 위험이 더 클 수 있음. 고령자에게 이 약을 투여 시 주의.,태극제약(주),,,로소펜정(록소프로펜나트륨수화물)_(68.1mg/1정),644806000,,
,,,,급여,,,loxoprofen sodium hydrate (as loxoprofen sodium),186101ATB,고령자는 중대한 위장관계 이상반응의 위험이 더 클 수 있음. 고령자에게 이 약을 투여 시 주의.,(주)에이프로젠바이오로직스,,,록소프렌정(록소프로펜나트륨수화물)_(68.1mg/1정),645200620,,
,,,,급여,,,loxoprofen sodium hydrate (as loxoprofen sodium),186101ATB,고령자는 중대한 위장관계 이상반응의 위험이 더 클 수 있음. 고령자에게 이 약을 투여 시 주의.,한림제약(주),,,록페날정(록소프로펜나트륨수화물)_(68.1mg/1정),645300430,,
,,,,급여,,,loxoprofen sodium hydrate (as loxoprofen sodium),186101ATB,고령자는 중대한 위장관계 이상반응의 위험이 더 클 수 있음. 고령자에게 이 약을 투여 시 주의.,제일약품(주),,,젠스펜정(록소프로펜나트륨수화물)_(68.1mg/1정),645405240,,
,,,,급여,,,loxoprofen sodium hydrate (as loxoprofen sodium),186101ATB,고령자는 중대한 위장관계 이상반응의 위험이 더 클 수 있음. 고령자에게 이 약을 투여 시 주의.,대화제약(주),,,록사트론정(록소프로펜나트륨수화물)_(68.1mg/1정),645600850,,
,,,,급여,,,loxoprofen sodium hydrate (as loxoprofen sodium),186101ATB,고령자는 중대한 위장관계 이상반응의 위험이 더 클 수 있음. 고령자에게 이 약을 투여 시 주의.,삼아제약(주),,,로부펜정(록소프로펜나트륨수화물)_(68.1mg/1정),645701500,,
,,,,급여,,,loxoprofen sodium hydrate (as loxoprofen sodium),186101ATB,고령자는 중대한 위장관계 이상반응의 위험이 더 클 수 있음. 고령자에게 이 약을 투여 시 주의.,동광제약(주),,,동광록소프로펜정(록소프로펜나트륨수화물)_(68.1mg/1정),645900370,,
,,,,급여,,,loxoprofen sodium hydrate (as loxoprofen sodium),186101ATB,고령자는 중대한 위장관계 이상반응의 위험이 더 클 수 있음. 고령자에게 이 약을 투여 시 주의.,(주)메디카코리아,,,록펜정(록소프로펜나트륨)_(60mg/1정),646000510,,
,,,,급여,,,loxoprofen sodium hydrate (as loxoprofen sodium),186101ATB,고령자는 중대한 위장관계 이상반응의 위험이 더 클 수 있음. 고령자에게 이 약을 투여 시 주의.,(주)뉴젠팜,,,록소젠정(록소프로펜나트륨수화물)_(68.1mg/1정),646200690,,
,,,,급여,,,loxoprofen sodium hydrate (as loxoprofen sodium),186101ATB,고령자는 중대한 위장관계 이상반응의 위험이 더 클 수 있음. 고령자에게 이 약을 투여 시 주의.,한국코러스(주),,,로페날정(록소프로펜나트륨수화물)_(68.1mg/1정),647204160,,
,,,,급여,,,loxoprofen sodium hydrate (as loxoprofen sodium),186101ATB,고령자는 중대한 위장관계 이상반응의 위험이 더 클 수 있음. 고령자에게 이 약을 투여 시 주의.,에이치엘비제약(주),,,펜렉스정(록소프로펜나트륨수화물)_(68.1mg/1정),647301150,,
,,,,급여,,,loxoprofen sodium hydrate (as loxoprofen sodium),186101ATB,고령자는 중대한 위장관계 이상반응의 위험이 더 클 수 있음. 고령자에게 이 약을 투여 시 주의.,경동제약(주),,,록소날정(록소프로펜나트륨)_(60mg/1정),648100560,,
,,,,급여,,,loxoprofen sodium hydrate (as loxoprofen sodium),186101ATB,고령자는 중대한 위장관계 이상반응의 위험이 더 클 수 있음. 고령자에게 이 약을 투여 시 주의.,(주)유영제약,,,류스펜정(록소프로펜나트륨수화물)_(68.1mg/1정),648203690,,
,,,,급여,,,loxoprofen sodium hydrate (as loxoprofen sodium),186101ATB,고령자는 중대한 위장관계 이상반응의 위험이 더 클 수 있음. 고령자에게 이 약을 투여 시 주의.,신풍제약(주),,,록스펜정(록소프로펜나트륨)_(60mg/1정),648500640,,
,,,,급여,,,loxoprofen sodium hydrate (as loxoprofen sodium),186101ATB,고령자는 중대한 위장관계 이상반응의 위험이 더 클 수 있음. 고령자에게 이 약을 투여 시 주의.,(주)씨엠지제약,,,록소탄정(록소프로펜나트륨)_(60mg/1정),648600370,,
,,,,급여,,,loxoprofen sodium hydrate (as loxoprofen sodium),186101ATB,고령자는 중대한 위장관계 이상반응의 위험이 더 클 수 있음. 고령자에게 이 약을 투여 시 주의.,풍림무약(주),,,로로펜정60밀리그램(록소프로펜나트륨수화물)_(68.1mg/1정),649001840,,
,,,,급여,,,loxoprofen sodium hydrate (as loxoprofen sodium),186101ATB,고령자는 중대한 위장관계 이상반응의 위험이 더 클 수 있음. 고령자에게 이 약을 투여 시 주의.,한국휴텍스제약(주),,,렉소팬정(록소프로펜나트륨)_(60mg/1정),649100180,,
,,,,급여,,,loxoprofen sodium hydrate (as loxoprofen sodium),186101ATB,고령자는 중대한 위장관계 이상반응의 위험이 더 클 수 있음. 고령자에게 이 약을 투여 시 주의.,영일제약(주),,,시원나정(록소프로펜나트륨수화물)_(68.1mg/1정),649404640,,
,,,,급여,,,loxoprofen sodium hydrate (as loxoprofen sodium),186101ATB,고령자는 중대한 위장관계 이상반응의 위험이 더 클 수 있음. 고령자에게 이 약을 투여 시 주의.,유니메드제약(주),,,아스라스정(록소프로펜나트륨수화물)_(68.1mg/1정),649507240,,
,,,,급여,,,loxoprofen sodium hydrate (as loxoprofen sodium),186101ATB,고령자는 중대한 위장관계 이상반응의 위험이 더 클 수 있음. 고령자에게 이 약을 투여 시 주의.,대우제약(주),,,"록세핀정(록소프로펜나트륨수화물)(수출명:대우록소프로펜나트륨정,펜락소정,비스몰탭정)_(68.1mg/1정)",649600860,,
,,,,급여,,,loxoprofen sodium hydrate (as loxoprofen sodium),186101ATB,고령자는 중대한 위장관계 이상반응의 위험이 더 클 수 있음. 고령자에게 이 약을 투여 시 주의.,지엘파마(주),,,록소페닌정(록소프로펜나트륨수화물)_(68.1mg/1정),649702090,,
,,,,급여,,,loxoprofen sodium hydrate (as loxoprofen sodium),186101ATB,고령자는 중대한 위장관계 이상반응의 위험이 더 클 수 있음. 고령자에게 이 약을 투여 시 주의.,명문제약(주),,,명문록소프로펜정(록소프로펜나트륨수화물)_(68.1mg/1정),649806570,,
,,,,급여,,,loxoprofen sodium hydrate (as loxoprofen sodium),186101ATB,고령자는 중대한 위장관계 이상반응의 위험이 더 클 수 있음. 고령자에게 이 약을 투여 시 주의.,안국약품(주),,,안국록소프로펜나트륨정_(60mg/1정),650201160,,
,,,,급여,,,loxoprofen sodium hydrate (as loxoprofen sodium),186101ATB,고령자는 중대한 위장관계 이상반응의 위험이 더 클 수 있음. 고령자에게 이 약을 투여 시 주의.,진양제약(주),,,로펜정60밀리그램(록소프로펜나트륨수화물)_(68.1mg/1정),650303190,,
,,,,급여,,,loxoprofen sodium hydrate (as loxoprofen sodium),186101ATB,고령자는 중대한 위장관계 이상반응의 위험이 더 클 수 있음. 고령자에게 이 약을 투여 시 주의.,삼천당제약(주),,,록소펜정60밀리그램(록소프로펜나트륨수화물)_(68.1mg/1정),651200360,,
,,,,급여,,,loxoprofen sodium hydrate (as loxoprofen sodium),186101ATB,고령자는 중대한 위장관계 이상반응의 위험이 더 클 수 있음. 고령자에게 이 약을 투여 시 주의.,(주)하원제약,,,록소푸로정(록소프로펜나트륨수화물)_(68.1mg/1정),651500390,,
,,,,급여,,,loxoprofen sodium hydrate (as loxoprofen sodium),186101ATB,고령자는 중대한 위장관계 이상반응의 위험이 더 클 수 있음. 고령자에게 이 약을 투여 시 주의.,한화제약(주),,,로소프린정(록소프로펜나트륨수화물)_(68.1mg/1정),651601610,,
,,,,급여,,,loxoprofen sodium hydrate (as loxoprofen sodium),186101ATB,고령자는 중대한 위장관계 이상반응의 위험이 더 클 수 있음. 고령자에게 이 약을 투여 시 주의.,알보젠코리아(주),,,록프라정(록소프로펜나트륨수화물)_(68.1mg/1정),652603750,,
,,,,급여,,,loxoprofen sodium hydrate (as loxoprofen sodium),186101ATB,고령자는 중대한 위장관계 이상반응의 위험이 더 클 수 있음. 고령자에게 이 약을 투여 시 주의.,(주)서울제약,,,에스록펜정(록소프로펜나트륨수화물)_(68.1mg/1정),652904330,,
,,,,급여,,,loxoprofen sodium hydrate (as loxoprofen sodium),186101ATB,고령자는 중대한 위장관계 이상반응의 위험이 더 클 수 있음. 고령자에게 이 약을 투여 시 주의.,(주)한국파마,,,리록스정(록소프로펜나트륨수화물)_(68.1mg/1정),653005060,,
,,,,급여,,,loxoprofen sodium hydrate (as loxoprofen sodium),186101ATB,고령자는 중대한 위장관계 이상반응의 위험이 더 클 수 있음. 고령자에게 이 약을 투여 시 주의.,(주)비씨월드제약,,,비씨록소프로펜나트륨수화물정_(68.1mg/1정),653102810,,
,,,,급여,,,loxoprofen sodium hydrate (as loxoprofen sodium),186101ATB,고령자는 중대한 위장관계 이상반응의 위험이 더 클 수 있음. 고령자에게 이 약을 투여 시 주의.,동국제약(주),,,록페린정(록소프로펜나트륨수화물)_(68.1mg/1정),653402930,,
,,,,급여,,,loxoprofen sodium hydrate (as loxoprofen sodium),186101ATB,고령자는 중대한 위장관계 이상반응의 위험이 더 클 수 있음. 고령자에게 이 약을 투여 시 주의.,아주약품(주),,,아주록손정(록소프로펜나트륨수화물)_(68.1mg/1정),654004180,,
,,,,급여,,,loxoprofen sodium hydrate (as loxoprofen sodium),186101ATB,고령자는 중대한 위장관계 이상반응의 위험이 더 클 수 있음. 고령자에게 이 약을 투여 시 주의.,오스틴제약(주),,,옥소펜정(록소프로펜나트륨수화물)_(68.1mg/1정),654302150,,
,,,,급여,,,loxoprofen sodium hydrate (as loxoprofen sodium),186101ATB,고령자는 중대한 위장관계 이상반응의 위험이 더 클 수 있음. 고령자에게 이 약을 투여 시 주의.,케이엠에스제약(주),,,아소로펜정(록소프로펜나트륨수화물)_(68.1mg/1정),654700430,,
,,,,급여,,,loxoprofen sodium hydrate (as loxoprofen sodium),186101ATB,고령자는 중대한 위장관계 이상반응의 위험이 더 클 수 있음. 고령자에게 이 약을 투여 시 주의.,일성아이에스(주),,,일성록소프로펜나트륨수화물정60밀리그램_(68.1mg/1정),655404560,,
,,,,급여,,,loxoprofen sodium hydrate (as loxoprofen sodium),186101ATB,고령자는 중대한 위장관계 이상반응의 위험이 더 클 수 있음. 고령자에게 이 약을 투여 시 주의.,한올바이오파마(주),,,록스페닌정(록소프로펜나트륨)_(60mg/1정),655600450,,
,,,,급여,,,loxoprofen sodium hydrate (as loxoprofen sodium),186101ATB,고령자는 중대한 위장관계 이상반응의 위험이 더 클 수 있음. 고령자에게 이 약을 투여 시 주의.,알리코제약(주),,,록사펜정(록소프로펜나트륨수화물)_(68.1mg/1정),656000260,,
,,,,급여,,,loxoprofen sodium hydrate (as loxoprofen sodium),186101ATB,고령자는 중대한 위장관계 이상반응의 위험이 더 클 수 있음. 고령자에게 이 약을 투여 시 주의.,(주)바스칸바이오제약,,,록소켐정(록소프로펜나트륨수화물)_(68.1mg/1정),656202380,,
,,,,급여,,,loxoprofen sodium hydrate (as loxoprofen sodium),186101ATB,고령자는 중대한 위장관계 이상반응의 위험이 더 클 수 있음. 고령자에게 이 약을 투여 시 주의.,한국넬슨제약(주),,,록펜스정(록소프로펜나트륨수화물)_(68.1mg/1정),656702030,,
,,,,급여,,,loxoprofen sodium hydrate (as loxoprofen sodium),186101ATB,고령자는 중대한 위장관계 이상반응의 위험이 더 클 수 있음. 고령자에게 이 약을 투여 시 주의.,환인제약(주),,,로펜탁정60밀리그램(록소프로펜나트륨수화물)_(68.1mg/1정),657202370,,
,,,,급여,,,loxoprofen sodium hydrate (as loxoprofen sodium),186101ATB,고령자는 중대한 위장관계 이상반응의 위험이 더 클 수 있음. 고령자에게 이 약을 투여 시 주의.,(주)동구바이오제약,,,록소리스정(록소프로펜나트륨수화물)_(68.1mg/1정),657305840,,
,,,,급여,,,loxoprofen sodium hydrate (as loxoprofen sodium),186101ATB,고령자는 중대한 위장관계 이상반응의 위험이 더 클 수 있음. 고령자에게 이 약을 투여 시 주의.,미래바이오제약(주),,,무쏘펜정(록소프로펜나트륨수화물)_(68.1mg/1정),657502420,,
,,,,급여,,,loxoprofen sodium hydrate (as loxoprofen sodium),186101ATB,고령자는 중대한 위장관계 이상반응의 위험이 더 클 수 있음. 고령자에게 이 약을 투여 시 주의.,하나제약(주),,,러키펜정(록소프로펜나트륨수화물)_(68.1mg/1정),657800480,,
,,,,급여,,,loxoprofen sodium hydrate (as loxoprofen sodium),186101ATB,고령자는 중대한 위장관계 이상반응의 위험이 더 클 수 있음. 고령자에게 이 약을 투여 시 주의.,(유)한풍제약,,,록소핀정(록소프로펜나트륨)_(68.1mg/1정),658106780,,
,,,,급여,,,loxoprofen sodium hydrate (as loxoprofen sodium),186101ATB,고령자는 중대한 위장관계 이상반응의 위험이 더 클 수 있음. 고령자에게 이 약을 투여 시 주의.,(주)비보존제약,,,록소윈정(록소프로펜나트륨수화물)_(68.1mg/1정),658202900,,
,,,,급여,,,loxoprofen sodium hydrate (as loxoprofen sodium),186101ATB,고령자는 중대한 위장관계 이상반응의 위험이 더 클 수 있음. 고령자에게 이 약을 투여 시 주의.,익수제약(주),,,로프로펜정(록소프로펜나트륨수화물)_(68.1mg/1정),658501900,,
,,,,급여,,,loxoprofen sodium hydrate (as loxoprofen sodium),186101ATB,고령자는 중대한 위장관계 이상반응의 위험이 더 클 수 있음. 고령자에게 이 약을 투여 시 주의.,이연제약(주),,,이록펜정(록소프로펜나트륨)_(60mg/1정),658602710,,
,,,,급여,,,loxoprofen sodium hydrate (as loxoprofen sodium),186101ATB,고령자는 중대한 위장관계 이상반응의 위험이 더 클 수 있음. 고령자에게 이 약을 투여 시 주의.,위더스제약(주),,,소로펜정(록소프로펜나트륨수화물)_(68.1mg/1정),660700740,,
,,,,급여,,,loxoprofen sodium hydrate (as loxoprofen sodium),186101ATB,고령자는 중대한 위장관계 이상반응의 위험이 더 클 수 있음. 고령자에게 이 약을 투여 시 주의.,(주)알피바이오,,,알피록소펜정(록소프로펜나트륨수화물)_(68.1mg/1정),661604140,,
,,,,급여,,,loxoprofen sodium hydrate (as loxoprofen sodium),186101ATB,고령자는 중대한 위장관계 이상반응의 위험이 더 클 수 있음. 고령자에게 이 약을 투여 시 주의.,영풍제약(주),,,녹사펜정(록소프로펜나트륨수화물)_(68.1mg/1정),661900100,,
,,,,급여,,,loxoprofen sodium hydrate (as loxoprofen sodium),186101ATB,고령자는 중대한 위장관계 이상반응의 위험이 더 클 수 있음. 고령자에게 이 약을 투여 시 주의.,(주)넥스팜코리아,,,록소프린정(록소프로펜나트륨수화물)_(68.1mg/1정),662503170,,
,,,,급여,,,loxoprofen sodium hydrate (as loxoprofen sodium),186101ATB,고령자는 중대한 위장관계 이상반응의 위험이 더 클 수 있음. 고령자에게 이 약을 투여 시 주의.,한국프라임제약(주),,,록소로펜정(록소프로펜나트륨수화물)_(68.1mg/1정),663600400,,
,,,,급여,,,loxoprofen sodium hydrate (as loxoprofen sodium),186101ATB,고령자는 중대한 위장관계 이상반응의 위험이 더 클 수 있음. 고령자에게 이 약을 투여 시 주의.,성원애드콕제약(주),,,록소폰정(록소프로펜나트륨수화물)_(68.1mg/1정),664901130,,
,,,,급여,,,loxoprofen sodium hydrate (as loxoprofen sodium),186101ATB,고령자는 중대한 위장관계 이상반응의 위험이 더 클 수 있음. 고령자에게 이 약을 투여 시 주의.,(주)경보제약,,,경보록소프로펜나트륨수화물정_(68.1mg/1정),665001710,,
,,,,급여,,,loxoprofen sodium hydrate (as loxoprofen sodium),186101ATB,고령자는 중대한 위장관계 이상반응의 위험이 더 클 수 있음. 고령자에게 이 약을 투여 시 주의.,한국유니온제약(주),,,세록펜정(록소프로펜나트륨수화물)_(68.1mg/1정),665501480,,
,,,,급여,,,loxoprofen sodium hydrate (as loxoprofen sodium),186101ATB,고령자는 중대한 위장관계 이상반응의 위험이 더 클 수 있음. 고령자에게 이 약을 투여 시 주의.,(주)씨티씨바이오,,,록프로정(록소프로펜나트륨수화물)_(68.1mg/1정),669500140,,
,,,,급여,,,loxoprofen sodium hydrate (as loxoprofen sodium),186101ATB,고령자는 중대한 위장관계 이상반응의 위험이 더 클 수 있음. 고령자에게 이 약을 투여 시 주의.,(주)아이월드제약,,,록소필정(록소프로펜나트륨수화물)_(68.1mg/1정),669604560,,
,,,,급여,,,loxoprofen sodium hydrate (as loxoprofen sodium),186101ATB,고령자는 중대한 위장관계 이상반응의 위험이 더 클 수 있음. 고령자에게 이 약을 투여 시 주의.,에스피씨(주),,,알로펜정(록소프로펜나트륨수화물)_(68.1mg/1정),669700100,,
,,,,급여,,,loxoprofen sodium hydrate (as loxoprofen sodium),186101ATB,고령자는 중대한 위장관계 이상반응의 위험이 더 클 수 있음. 고령자에게 이 약을 투여 시 주의.,구주제약(주),,,룩펠정(록소프로펜나트륨수화물)_(68.1mg/1정),669800890,,
,,,,급여,,,loxoprofen sodium hydrate (as loxoprofen sodium),186101ATB,고령자는 중대한 위장관계 이상반응의 위험이 더 클 수 있음. 고령자에게 이 약을 투여 시 주의.,대한뉴팜(주),,,록스파인정(록소프로펜나트륨수화물)_(68.1mg/1정),669901120,,
,,,,급여,,,loxoprofen sodium hydrate (as loxoprofen sodium),186101ATB,고령자는 중대한 위장관계 이상반응의 위험이 더 클 수 있음. 고령자에게 이 약을 투여 시 주의.,(주)팜젠사이언스,,,록소론정(록소프로펜나트륨수화물)_(68.1mg/1정),670100330,,
,,,,급여,,,loxoprofen sodium hydrate (as loxoprofen sodium),186101ATB,고령자는 중대한 위장관계 이상반응의 위험이 더 클 수 있음. 고령자에게 이 약을 투여 시 주의.,(주)휴온스메디텍,,,휴니즈록소프로펜나트륨수화물정_(68.1mg/1정),670400780,,
,,,,급여,,,loxoprofen sodium hydrate (as loxoprofen sodium),186101ATB,고령자는 중대한 위장관계 이상반응의 위험이 더 클 수 있음. 고령자에게 이 약을 투여 시 주의.,(주)보령바이오파마,,,프로록소펜정(록소프로펜나트륨수화물)_(68.1mg/1정),670501340,,
,,,,급여,,,loxoprofen sodium hydrate (as loxoprofen sodium),186101ATB,고령자는 중대한 위장관계 이상반응의 위험이 더 클 수 있음. 고령자에게 이 약을 투여 시 주의.,(주)휴온스,,,휴로펜정(록소프로펜나트륨수화물)_(68.1mg/1정),670602780,,
,,,,급여,,,loxoprofen sodium hydrate (as loxoprofen sodium),186101ATB,고령자는 중대한 위장관계 이상반응의 위험이 더 클 수 있음. 고령자에게 이 약을 투여 시 주의.,주식회사제뉴원사이언스,,,제뉴원록소프로펜나트륨정(록소프로펜나트륨수화물)_(68.1mg/1정),671701890,,
,,,,급여,,,loxoprofen sodium hydrate (as loxoprofen sodium),186101ATB,고령자는 중대한 위장관계 이상반응의 위험이 더 클 수 있음. 고령자에게 이 약을 투여 시 주의.,대원제약(주),,,록프렌정(록소프로펜나트륨수화물)_(68.1mg/1정),671801450,,
,,,,급여,,,loxoprofen sodium hydrate (as loxoprofen sodium),186101ATB,고령자는 중대한 위장관계 이상반응의 위험이 더 클 수 있음. 고령자에게 이 약을 투여 시 주의.,주식회사큐엘파마,,,록소큐정(록소프로펜나트륨)_(68.1mg/1정),673400210,,
,,,,급여,,,loxoprofen sodium hydrate (as loxoprofen sodium),186101ATB,고령자는 중대한 위장관계 이상반응의 위험이 더 클 수 있음. 고령자에게 이 약을 투여 시 주의.,(주)옵투스제약,,,오노펜정(록소프로펜나트륨수화물)_(68.1mg/1정),674100980,,
,,,,급여,,,loxoprofen sodium hydrate (as loxoprofen sodium),186101ATB,고령자는 중대한 위장관계 이상반응의 위험이 더 클 수 있음. 고령자에게 이 약을 투여 시 주의.,아이큐어(주),,,록소프로진정60mg(록소프로펜나트륨수화물)_(68.1mg/1정),674400680,,
,,,,급여,,,loxoprofen sodium hydrate (as loxoprofen sodium),186101ATB,고령자는 중대한 위장관계 이상반응의 위험이 더 클 수 있음. 고령자에게 이 약을 투여 시 주의.,(주)다산제약,,,록소디엘정60밀리그램(록소프로펜나트륨수화물)_(68.1mg/1정),678600560,,
,,,,급여,,,loxoprofen sodium hydrate (as loxoprofen sodium),186101ATB,고령자는 중대한 위장관계 이상반응의 위험이 더 클 수 있음. 고령자에게 이 약을 투여 시 주의.,(주)서흥,,,록세린정(록소프로펜나트륨수화물)_(68.1mg/1정),679601190,,
,,,,급여,,,loxoprofen sodium hydrate (as loxoprofen sodium),186101ATB,고령자는 중대한 위장관계 이상반응의 위험이 더 클 수 있음. 고령자에게 이 약을 투여 시 주의.,(주)티디에스팜,,,록스로스정(록소프로펜나트륨수화물)_(68.1mg/1정),679801460,,
,,,,급여,,,loxoprofen sodium hydrate (as loxoprofen sodium),186101ATB,고령자는 중대한 위장관계 이상반응의 위험이 더 클 수 있음. 고령자에게 이 약을 투여 시 주의.,화일약품(주),,,화록소정(록소프로펜나트륨수화물)_(68.1mg/1정),684501180,,
,,,,급여,,,loxoprofen sodium hydrate (as loxoprofen sodium),186101ATB,고령자는 중대한 위장관계 이상반응의 위험이 더 클 수 있음. 고령자에게 이 약을 투여 시 주의.,(주)시어스제약,,,록소쿨펜정(록소프로펜나트륨수화물)_(68.1mg/1정),689000500,,
,,,,급여,,,loxoprofen sodium hydrate (as loxoprofen sodium),186101ATB,고령자는 중대한 위장관계 이상반응의 위험이 더 클 수 있음. 고령자에게 이 약을 투여 시 주의.,(주)라이트팜텍,,,라이트록소정(록소프로펜나트륨수화물)_(68.1mg/1정),690300530,,
,,,,급여,,,loxoprofen sodium hydrate (as loxoprofen sodium),186101ATB,고령자는 중대한 위장관계 이상반응의 위험이 더 클 수 있음. 고령자에게 이 약을 투여 시 주의.,(주)한국글로벌제약,,,록소팬정(록소프로펜나트륨수화물)_(68.1mg/1정),693200560,,
,,,,급여,,,loxoprofen sodium hydrate (as loxoprofen sodium),186101ATB,고령자는 중대한 위장관계 이상반응의 위험이 더 클 수 있음. 고령자에게 이 약을 투여 시 주의.,(주)셀트리온제약,,,록소디펜정(록소프로펜나트륨수화물)_(68.1mg/1정),693900370,,
,,,,급여,,,loxoprofen sodium hydrate (as loxoprofen sodium),186101ATB,고령자는 중대한 위장관계 이상반응의 위험이 더 클 수 있음. 고령자에게 이 약을 투여 시 주의.,대웅바이오(주),,,대웅바이오록소프로펜정(록소프로펜나트륨수화물)_(68.1mg/1정),694000680,,
,,,,급여,,,loxoprofen sodium hydrate (as loxoprofen sodium),186101ATB,고령자는 중대한 위장관계 이상반응의 위험이 더 클 수 있음. 고령자에게 이 약을 투여 시 주의.,정우신약(주),,,록소프정(록소프로펜나트륨수화물)_(68.1mg/1정),694204950,,
,,,,급여,,,loxoprofen sodium hydrate (as loxoprofen sodium),186101ATB,고령자는 중대한 위장관계 이상반응의 위험이 더 클 수 있음. 고령자에게 이 약을 투여 시 주의.,(주)한국피엠지제약,,,피엠지록소프로펜정(록소프로펜나트륨수화물)_(68.1mg/1정),697100310,,
,,,,급여,,,loxoprofen sodium hydrate (as loxoprofen sodium),186101ATB,고령자는 중대한 위장관계 이상반응의 위험이 더 클 수 있음. 고령자에게 이 약을 투여 시 주의.,(주)테라젠이텍스,,,로닌정(록소프로펜나트륨수화물)_(68.1mg/1정),698500100,,
,,,,급여,,,meloxicam,189701ACH,"위 또는 장관의 출혈, 궤양 및 천공을 포함한 중대한 위장관계 이상반응의 위험을 증가시킬 수 있으며, 이는 치명적일 수 있음. 이러한 이상반응은 중증의 위장관 질환 병력이나 전조증상의 유무에 관계없이 발생할 수 있음. 이런 증상은 일반적으로 고령자에서 더 심각하게 나타남. 고령자는 신기능, 간기능, 심장기능이 약하기 때문에 필요한 최소량으로 신중히 투여하고 이상반응의 발현에 특히 유의.",(주)인트로바이오파마,,,아멜록스캡슐7.5밀리그램(멜록시캄)_(7.5mg/1캡슐),52400540,,
,,,,급여,,,meloxicam,189701ACH,"위 또는 장관의 출혈, 궤양 및 천공을 포함한 중대한 위장관계 이상반응의 위험을 증가시킬 수 있으며, 이는 치명적일 수 있음. 이러한 이상반응은 중증의 위장관 질환 병력이나 전조증상의 유무에 관계없이 발생할 수 있음. 이런 증상은 일반적으로 고령자에서 더 심각하게 나타남. 고령자는 신기능, 간기능, 심장기능이 약하기 때문에 필요한 최소량으로 신중히 투여하고 이상반응의 발현에 특히 유의.",(주)휴온스생명과학,,,멜록신캡슐(멜록시캄)_(7.5mg/1캡슐),52700720,,
,,,,급여,,,meloxicam,189701ACH,"위 또는 장관의 출혈, 궤양 및 천공을 포함한 중대한 위장관계 이상반응의 위험을 증가시킬 수 있으며, 이는 치명적일 수 있음. 이러한 이상반응은 중증의 위장관 질환 병력이나 전조증상의 유무에 관계없이 발생할 수 있음. 이런 증상은 일반적으로 고령자에서 더 심각하게 나타남. 고령자는 신기능, 간기능, 심장기능이 약하기 때문에 필요한 최소량으로 신중히 투여하고 이상반응의 발현에 특히 유의.",(주)중헌제약,,,록캄캡슐(멜록시캄)_(7.5mg/1캡슐),53300170,,
,,,,급여,,,meloxicam,189701ACH,"위 또는 장관의 출혈, 궤양 및 천공을 포함한 중대한 위장관계 이상반응의 위험을 증가시킬 수 있으며, 이는 치명적일 수 있음. 이러한 이상반응은 중증의 위장관 질환 병력이나 전조증상의 유무에 관계없이 발생할 수 있음. 이런 증상은 일반적으로 고령자에서 더 심각하게 나타남. 고령자는 신기능, 간기능, 심장기능이 약하기 때문에 필요한 최소량으로 신중히 투여하고 이상반응의 발현에 특히 유의.",엔비케이제약(주),,,멜로틴캡슐7.5mg(멜록시캄)_(7.5mg/1캡슐),54801160,,
,,,,급여,,,meloxicam,189701ACH,"위 또는 장관의 출혈, 궤양 및 천공을 포함한 중대한 위장관계 이상반응의 위험을 증가시킬 수 있으며, 이는 치명적일 수 있음. 이러한 이상반응은 중증의 위장관 질환 병력이나 전조증상의 유무에 관계없이 발생할 수 있음. 이런 증상은 일반적으로 고령자에서 더 심각하게 나타남. 고령자는 신기능, 간기능, 심장기능이 약하기 때문에 필요한 최소량으로 신중히 투여하고 이상반응의 발현에 특히 유의.",코스맥스파마(주),,,메로윈캡슐7.5밀리그램(멜록시캄)_(7.5mg/1캡슐),55100440,,
,,,,급여,,,meloxicam,189701ACH,"위 또는 장관의 출혈, 궤양 및 천공을 포함한 중대한 위장관계 이상반응의 위험을 증가시킬 수 있으며, 이는 치명적일 수 있음. 이러한 이상반응은 중증의 위장관 질환 병력이나 전조증상의 유무에 관계없이 발생할 수 있음. 이런 증상은 일반적으로 고령자에서 더 심각하게 나타남. 고령자는 신기능, 간기능, 심장기능이 약하기 때문에 필요한 최소량으로 신중히 투여하고 이상반응의 발현에 특히 유의.",(주)셀비온,,,엔티시캄캡슐7.5밀리그램(멜록시캄)_(7.5mg/1캡슐),55800210,,
,,,,급여,,,meloxicam,189701ACH,"위 또는 장관의 출혈, 궤양 및 천공을 포함한 중대한 위장관계 이상반응의 위험을 증가시킬 수 있으며, 이는 치명적일 수 있음. 이러한 이상반응은 중증의 위장관 질환 병력이나 전조증상의 유무에 관계없이 발생할 수 있음. 이런 증상은 일반적으로 고령자에서 더 심각하게 나타남. 고령자는 신기능, 간기능, 심장기능이 약하기 때문에 필요한 최소량으로 신중히 투여하고 이상반응의 발현에 특히 유의.",(주)아리제약,,,아록시캄캡슐7.5밀리그램(멜록시캄)_(7.5mg/1캡슐),58200320,,
,,,,급여,,,meloxicam,189701ACH,"위 또는 장관의 출혈, 궤양 및 천공을 포함한 중대한 위장관계 이상반응의 위험을 증가시킬 수 있으며, 이는 치명적일 수 있음. 이러한 이상반응은 중증의 위장관 질환 병력이나 전조증상의 유무에 관계없이 발생할 수 있음. 이런 증상은 일반적으로 고령자에서 더 심각하게 나타남. 고령자는 신기능, 간기능, 심장기능이 약하기 때문에 필요한 최소량으로 신중히 투여하고 이상반응의 발현에 특히 유의.",(주)엘앤씨바이오,,,메가록시캄캡슐7.5밀리그램(멜록시캄)_(7.5mg/1캡슐),60500730,,
,,,,급여,,,meloxicam,189701ACH,"위 또는 장관의 출혈, 궤양 및 천공을 포함한 중대한 위장관계 이상반응의 위험을 증가시킬 수 있으며, 이는 치명적일 수 있음. 이러한 이상반응은 중증의 위장관 질환 병력이나 전조증상의 유무에 관계없이 발생할 수 있음. 이런 증상은 일반적으로 고령자에서 더 심각하게 나타남. 고령자는 신기능, 간기능, 심장기능이 약하기 때문에 필요한 최소량으로 신중히 투여하고 이상반응의 발현에 특히 유의.",(주)한국파비스제약,,,멜로칸캡슐(멜록시캄)_(7.5mg/1캡슐),621801940,,
,,,,급여,,,meloxicam,189701ACH,"위 또는 장관의 출혈, 궤양 및 천공을 포함한 중대한 위장관계 이상반응의 위험을 증가시킬 수 있으며, 이는 치명적일 수 있음. 이러한 이상반응은 중증의 위장관 질환 병력이나 전조증상의 유무에 관계없이 발생할 수 있음. 이런 증상은 일반적으로 고령자에서 더 심각하게 나타남. 고령자는 신기능, 간기능, 심장기능이 약하기 때문에 필요한 최소량으로 신중히 투여하고 이상반응의 발현에 특히 유의.",(주)화이트생명과학,,,이콕스캡슐(멜록시캄)_(7.5mg/1캡슐),625200140,,
,,,,급여,,,meloxicam,189701ACH,"위 또는 장관의 출혈, 궤양 및 천공을 포함한 중대한 위장관계 이상반응의 위험을 증가시킬 수 있으며, 이는 치명적일 수 있음. 이러한 이상반응은 중증의 위장관 질환 병력이나 전조증상의 유무에 관계없이 발생할 수 있음. 이런 증상은 일반적으로 고령자에서 더 심각하게 나타남. 고령자는 신기능, 간기능, 심장기능이 약하기 때문에 필요한 최소량으로 신중히 투여하고 이상반응의 발현에 특히 유의.",(주)이든파마,,,모비든캡슐(멜록시캄)_(7.5mg/1캡슐),628901060,,
,,,,급여,,,meloxicam,189701ACH,"위 또는 장관의 출혈, 궤양 및 천공을 포함한 중대한 위장관계 이상반응의 위험을 증가시킬 수 있으며, 이는 치명적일 수 있음. 이러한 이상반응은 중증의 위장관 질환 병력이나 전조증상의 유무에 관계없이 발생할 수 있음. 이런 증상은 일반적으로 고령자에서 더 심각하게 나타남. 고령자는 신기능, 간기능, 심장기능이 약하기 때문에 필요한 최소량으로 신중히 투여하고 이상반응의 발현에 특히 유의.",(주)오스코리아제약,,,모스캄캡슐(멜록시캄)_(7.5mg/1캡슐),629701460,,
,,,,급여,,,meloxicam,189701ACH,"위 또는 장관의 출혈, 궤양 및 천공을 포함한 중대한 위장관계 이상반응의 위험을 증가시킬 수 있으며, 이는 치명적일 수 있음. 이러한 이상반응은 중증의 위장관 질환 병력이나 전조증상의 유무에 관계없이 발생할 수 있음. 이런 증상은 일반적으로 고령자에서 더 심각하게 나타남. 고령자는 신기능, 간기능, 심장기능이 약하기 때문에 필요한 최소량으로 신중히 투여하고 이상반응의 발현에 특히 유의.",(주)유한양행,,,멜로캄캡슐7.5밀리그람(멜록시캄)(수출명:유한멜로캄캡슐7.5밀리그람)_(7.5mg/1캡슐),642100520,,
,,,,급여,,,meloxicam,189701ACH,"위 또는 장관의 출혈, 궤양 및 천공을 포함한 중대한 위장관계 이상반응의 위험을 증가시킬 수 있으며, 이는 치명적일 수 있음. 이러한 이상반응은 중증의 위장관 질환 병력이나 전조증상의 유무에 관계없이 발생할 수 있음. 이런 증상은 일반적으로 고령자에서 더 심각하게 나타남. 고령자는 신기능, 간기능, 심장기능이 약하기 때문에 필요한 최소량으로 신중히 투여하고 이상반응의 발현에 특히 유의.",동아에스티(주),,,메로콕스캡슐7.5밀리그램(멜록시캄)_(7.5mg/1캡슐),642501600,,
,,,,급여,,,meloxicam,189701ACH,"위 또는 장관의 출혈, 궤양 및 천공을 포함한 중대한 위장관계 이상반응의 위험을 증가시킬 수 있으며, 이는 치명적일 수 있음. 이러한 이상반응은 중증의 위장관 질환 병력이나 전조증상의 유무에 관계없이 발생할 수 있음. 이런 증상은 일반적으로 고령자에서 더 심각하게 나타남. 고령자는 신기능, 간기능, 심장기능이 약하기 때문에 필요한 최소량으로 신중히 투여하고 이상반응의 발현에 특히 유의.",일동제약(주),,,록시캄캡슐(멜록시캄)_(7.5mg/1캡슐),642900360,,
,,,,급여,,,meloxicam,189701ACH,"위 또는 장관의 출혈, 궤양 및 천공을 포함한 중대한 위장관계 이상반응의 위험을 증가시킬 수 있으며, 이는 치명적일 수 있음. 이러한 이상반응은 중증의 위장관 질환 병력이나 전조증상의 유무에 관계없이 발생할 수 있음. 이런 증상은 일반적으로 고령자에서 더 심각하게 나타남. 고령자는 신기능, 간기능, 심장기능이 약하기 때문에 필요한 최소량으로 신중히 투여하고 이상반응의 발현에 특히 유의.",(주)바이넥스,,,캄록스캡슐(멜록시캄)_(7.5mg/1캡슐),643102100,,
,,,,급여,,,meloxicam,189701ACH,"위 또는 장관의 출혈, 궤양 및 천공을 포함한 중대한 위장관계 이상반응의 위험을 증가시킬 수 있으며, 이는 치명적일 수 있음. 이러한 이상반응은 중증의 위장관 질환 병력이나 전조증상의 유무에 관계없이 발생할 수 있음. 이런 증상은 일반적으로 고령자에서 더 심각하게 나타남. 고령자는 신기능, 간기능, 심장기능이 약하기 때문에 필요한 최소량으로 신중히 투여하고 이상반응의 발현에 특히 유의.",(주)종근당,,,멜락스캡슐7.5밀리그램(멜록시캄)_(7.5mg/1캡슐),643300740,,
,,,,급여,,,meloxicam,189701ACH,"위 또는 장관의 출혈, 궤양 및 천공을 포함한 중대한 위장관계 이상반응의 위험을 증가시킬 수 있으며, 이는 치명적일 수 있음. 이러한 이상반응은 중증의 위장관 질환 병력이나 전조증상의 유무에 관계없이 발생할 수 있음. 이런 증상은 일반적으로 고령자에서 더 심각하게 나타남. 고령자는 신기능, 간기능, 심장기능이 약하기 때문에 필요한 최소량으로 신중히 투여하고 이상반응의 발현에 특히 유의.",한미약품(주),,,메록스캄캡슐7.5밀리그램(멜록시캄)_(7.5mg/1캡슐),643506140,,
,,,,급여,,,meloxicam,189701ACH,"위 또는 장관의 출혈, 궤양 및 천공을 포함한 중대한 위장관계 이상반응의 위험을 증가시킬 수 있으며, 이는 치명적일 수 있음. 이러한 이상반응은 중증의 위장관 질환 병력이나 전조증상의 유무에 관계없이 발생할 수 있음. 이런 증상은 일반적으로 고령자에서 더 심각하게 나타남. 고령자는 신기능, 간기능, 심장기능이 약하기 때문에 필요한 최소량으로 신중히 투여하고 이상반응의 발현에 특히 유의.",국제약품(주),,,멜록시펜캡슐(멜록시캄)(수출명:국제메펜캡슐)_(7.5mg/1캡슐),643701200,,
,,,,급여,,,meloxicam,189701ACH,"위 또는 장관의 출혈, 궤양 및 천공을 포함한 중대한 위장관계 이상반응의 위험을 증가시킬 수 있으며, 이는 치명적일 수 있음. 이러한 이상반응은 중증의 위장관 질환 병력이나 전조증상의 유무에 관계없이 발생할 수 있음. 이런 증상은 일반적으로 고령자에서 더 심각하게 나타남. 고령자는 신기능, 간기능, 심장기능이 약하기 때문에 필요한 최소량으로 신중히 투여하고 이상반응의 발현에 특히 유의.",삼일제약(주),,,멜로덱스캡슐7.5밀리그램(멜록시캄)_(7.5mg/1캡슐),643903480,,
,,,,급여,,,meloxicam,189701ACH,"위 또는 장관의 출혈, 궤양 및 천공을 포함한 중대한 위장관계 이상반응의 위험을 증가시킬 수 있으며, 이는 치명적일 수 있음. 이러한 이상반응은 중증의 위장관 질환 병력이나 전조증상의 유무에 관계없이 발생할 수 있음. 이런 증상은 일반적으로 고령자에서 더 심각하게 나타남. 고령자는 신기능, 간기능, 심장기능이 약하기 때문에 필요한 최소량으로 신중히 투여하고 이상반응의 발현에 특히 유의.",삼익제약(주),,,"아모리아캡슐(멜록시캄)(수출명 : Amolex Cap., Mepedo Cap.)_(7.5mg/1캡슐)",644001130,,
,,,,급여,,,meloxicam,189701ACH,"위 또는 장관의 출혈, 궤양 및 천공을 포함한 중대한 위장관계 이상반응의 위험을 증가시킬 수 있으며, 이는 치명적일 수 있음. 이러한 이상반응은 중증의 위장관 질환 병력이나 전조증상의 유무에 관계없이 발생할 수 있음. 이런 증상은 일반적으로 고령자에서 더 심각하게 나타남. 고령자는 신기능, 간기능, 심장기능이 약하기 때문에 필요한 최소량으로 신중히 투여하고 이상반응의 발현에 특히 유의.",조아제약(주),,,멜록캡슐7.5mg(멜록시캄)_(7.5mg/1캡슐),644603170,,
,,,,급여,,,meloxicam,189701ACH,"위 또는 장관의 출혈, 궤양 및 천공을 포함한 중대한 위장관계 이상반응의 위험을 증가시킬 수 있으며, 이는 치명적일 수 있음. 이러한 이상반응은 중증의 위장관 질환 병력이나 전조증상의 유무에 관계없이 발생할 수 있음. 이런 증상은 일반적으로 고령자에서 더 심각하게 나타남. 고령자는 신기능, 간기능, 심장기능이 약하기 때문에 필요한 최소량으로 신중히 투여하고 이상반응의 발현에 특히 유의.",(주)에이프로젠바이오로직스,,,에이프로젠멜록시캄캡슐_(7.5mg/1캡슐),645201300,,
,,,,급여,,,meloxicam,189701ACH,"위 또는 장관의 출혈, 궤양 및 천공을 포함한 중대한 위장관계 이상반응의 위험을 증가시킬 수 있으며, 이는 치명적일 수 있음. 이러한 이상반응은 중증의 위장관 질환 병력이나 전조증상의 유무에 관계없이 발생할 수 있음. 이런 증상은 일반적으로 고령자에서 더 심각하게 나타남. 고령자는 신기능, 간기능, 심장기능이 약하기 때문에 필요한 최소량으로 신중히 투여하고 이상반응의 발현에 특히 유의.",한림제약(주),,,류멜캡슐(멜록시캄)_(7.5mg/1캡슐),645300450,,
,,,,급여,,,meloxicam,189701ACH,"위 또는 장관의 출혈, 궤양 및 천공을 포함한 중대한 위장관계 이상반응의 위험을 증가시킬 수 있으며, 이는 치명적일 수 있음. 이러한 이상반응은 중증의 위장관 질환 병력이나 전조증상의 유무에 관계없이 발생할 수 있음. 이런 증상은 일반적으로 고령자에서 더 심각하게 나타남. 고령자는 신기능, 간기능, 심장기능이 약하기 때문에 필요한 최소량으로 신중히 투여하고 이상반응의 발현에 특히 유의.",제일약품(주),,,멜로시드캡슐7.5밀리그램(멜록시캄)_(7.5mg/1캡슐),645404010,,
,,,,급여,,,meloxicam,189701ACH,"위 또는 장관의 출혈, 궤양 및 천공을 포함한 중대한 위장관계 이상반응의 위험을 증가시킬 수 있으며, 이는 치명적일 수 있음. 이러한 이상반응은 중증의 위장관 질환 병력이나 전조증상의 유무에 관계없이 발생할 수 있음. 이런 증상은 일반적으로 고령자에서 더 심각하게 나타남. 고령자는 신기능, 간기능, 심장기능이 약하기 때문에 필요한 최소량으로 신중히 투여하고 이상반응의 발현에 특히 유의.",동광제약(주),,,멜콕시캡슐(멜록시캄)_(7.5mg/1캡슐),645901450,,
,,,,급여,,,meloxicam,189701ACH,"위 또는 장관의 출혈, 궤양 및 천공을 포함한 중대한 위장관계 이상반응의 위험을 증가시킬 수 있으며, 이는 치명적일 수 있음. 이러한 이상반응은 중증의 위장관 질환 병력이나 전조증상의 유무에 관계없이 발생할 수 있음. 이런 증상은 일반적으로 고령자에서 더 심각하게 나타남. 고령자는 신기능, 간기능, 심장기능이 약하기 때문에 필요한 최소량으로 신중히 투여하고 이상반응의 발현에 특히 유의.",(주)메디카코리아,,,멜록스캡슐(멜록시캄)_(7.5mg/1캡슐),646001040,,
,,,,급여,,,meloxicam,189701ACH,"위 또는 장관의 출혈, 궤양 및 천공을 포함한 중대한 위장관계 이상반응의 위험을 증가시킬 수 있으며, 이는 치명적일 수 있음. 이러한 이상반응은 중증의 위장관 질환 병력이나 전조증상의 유무에 관계없이 발생할 수 있음. 이런 증상은 일반적으로 고령자에서 더 심각하게 나타남. 고령자는 신기능, 간기능, 심장기능이 약하기 때문에 필요한 최소량으로 신중히 투여하고 이상반응의 발현에 특히 유의.",(주)뉴젠팜,,,멜록시젠캡슐(멜록시캄)(수출명:케이비캄캡슐)_(7.5mg/1캡슐),646200850,,
,,,,급여,,,meloxicam,189701ACH,"위 또는 장관의 출혈, 궤양 및 천공을 포함한 중대한 위장관계 이상반응의 위험을 증가시킬 수 있으며, 이는 치명적일 수 있음. 이러한 이상반응은 중증의 위장관 질환 병력이나 전조증상의 유무에 관계없이 발생할 수 있음. 이런 증상은 일반적으로 고령자에서 더 심각하게 나타남. 고령자는 신기능, 간기능, 심장기능이 약하기 때문에 필요한 최소량으로 신중히 투여하고 이상반응의 발현에 특히 유의.",한국코러스(주),,,멜록캄캡슐7.5밀리그램(멜록시캄)_(7.5mg/1캡슐),647204040,,
,,,,급여,,,meloxicam,189701ACH,"위 또는 장관의 출혈, 궤양 및 천공을 포함한 중대한 위장관계 이상반응의 위험을 증가시킬 수 있으며, 이는 치명적일 수 있음. 이러한 이상반응은 중증의 위장관 질환 병력이나 전조증상의 유무에 관계없이 발생할 수 있음. 이런 증상은 일반적으로 고령자에서 더 심각하게 나타남. 고령자는 신기능, 간기능, 심장기능이 약하기 때문에 필요한 최소량으로 신중히 투여하고 이상반응의 발현에 특히 유의.",에이치엘비제약(주),,,씨빅캡슐7.5밀리그램(멜록시캄)_(7.5mg/1캡슐),647302990,,
,,,,급여,,,meloxicam,189701ACH,"위 또는 장관의 출혈, 궤양 및 천공을 포함한 중대한 위장관계 이상반응의 위험을 증가시킬 수 있으며, 이는 치명적일 수 있음. 이러한 이상반응은 중증의 위장관 질환 병력이나 전조증상의 유무에 관계없이 발생할 수 있음. 이런 증상은 일반적으로 고령자에서 더 심각하게 나타남. 고령자는 신기능, 간기능, 심장기능이 약하기 때문에 필요한 최소량으로 신중히 투여하고 이상반응의 발현에 특히 유의.",경동제약(주),,,멜릭스캡슐(멜록시캄)_(7.5mg/1캡슐),648100760,,
,,,,급여,,,meloxicam,189701ACH,"위 또는 장관의 출혈, 궤양 및 천공을 포함한 중대한 위장관계 이상반응의 위험을 증가시킬 수 있으며, 이는 치명적일 수 있음. 이러한 이상반응은 중증의 위장관 질환 병력이나 전조증상의 유무에 관계없이 발생할 수 있음. 이런 증상은 일반적으로 고령자에서 더 심각하게 나타남. 고령자는 신기능, 간기능, 심장기능이 약하기 때문에 필요한 최소량으로 신중히 투여하고 이상반응의 발현에 특히 유의.",(주)유영제약,,,목시캄캡슐(멜록시캄)_(7.5mg/1캡슐),648200460,,
,,,,급여,,,meloxicam,189701ACH,"위 또는 장관의 출혈, 궤양 및 천공을 포함한 중대한 위장관계 이상반응의 위험을 증가시킬 수 있으며, 이는 치명적일 수 있음. 이러한 이상반응은 중증의 위장관 질환 병력이나 전조증상의 유무에 관계없이 발생할 수 있음. 이런 증상은 일반적으로 고령자에서 더 심각하게 나타남. 고령자는 신기능, 간기능, 심장기능이 약하기 때문에 필요한 최소량으로 신중히 투여하고 이상반응의 발현에 특히 유의.",신풍제약(주),,,뉴시캄캡슐7.5밀리그램(멜록시캄)_(7.5mg/1캡슐),648500150,,
,,,,급여,,,meloxicam,189701ACH,"위 또는 장관의 출혈, 궤양 및 천공을 포함한 중대한 위장관계 이상반응의 위험을 증가시킬 수 있으며, 이는 치명적일 수 있음. 이러한 이상반응은 중증의 위장관 질환 병력이나 전조증상의 유무에 관계없이 발생할 수 있음. 이런 증상은 일반적으로 고령자에서 더 심각하게 나타남. 고령자는 신기능, 간기능, 심장기능이 약하기 때문에 필요한 최소량으로 신중히 투여하고 이상반응의 발현에 특히 유의.",(주)씨엠지제약,,,씨엠지멜록시캄캡슐7.5mg_(7.5mg/1캡슐),648602770,,
,,,,급여,,,meloxicam,189701ACH,"위 또는 장관의 출혈, 궤양 및 천공을 포함한 중대한 위장관계 이상반응의 위험을 증가시킬 수 있으며, 이는 치명적일 수 있음. 이러한 이상반응은 중증의 위장관 질환 병력이나 전조증상의 유무에 관계없이 발생할 수 있음. 이런 증상은 일반적으로 고령자에서 더 심각하게 나타남. 고령자는 신기능, 간기능, 심장기능이 약하기 때문에 필요한 최소량으로 신중히 투여하고 이상반응의 발현에 특히 유의.",풍림무약(주),,,메로캄캡슐(멜록시캄)_(7.5mg/1캡슐),649000100,,
,,,,급여,,,meloxicam,189701ACH,"위 또는 장관의 출혈, 궤양 및 천공을 포함한 중대한 위장관계 이상반응의 위험을 증가시킬 수 있으며, 이는 치명적일 수 있음. 이러한 이상반응은 중증의 위장관 질환 병력이나 전조증상의 유무에 관계없이 발생할 수 있음. 이런 증상은 일반적으로 고령자에서 더 심각하게 나타남. 고령자는 신기능, 간기능, 심장기능이 약하기 때문에 필요한 최소량으로 신중히 투여하고 이상반응의 발현에 특히 유의.",한국휴텍스제약(주),,,모빅시캄캡슐(멜록시캄)_(7.5mg/1캡슐),649102120,,
,,,,급여,,,meloxicam,189701ACH,"위 또는 장관의 출혈, 궤양 및 천공을 포함한 중대한 위장관계 이상반응의 위험을 증가시킬 수 있으며, 이는 치명적일 수 있음. 이러한 이상반응은 중증의 위장관 질환 병력이나 전조증상의 유무에 관계없이 발생할 수 있음. 이런 증상은 일반적으로 고령자에서 더 심각하게 나타남. 고령자는 신기능, 간기능, 심장기능이 약하기 때문에 필요한 최소량으로 신중히 투여하고 이상반응의 발현에 특히 유의.",영일제약(주),,,메카론캡슐(멜록시캄)_(7.5mg/1캡슐),649400760,,
,,,,급여,,,meloxicam,189701ACH,"위 또는 장관의 출혈, 궤양 및 천공을 포함한 중대한 위장관계 이상반응의 위험을 증가시킬 수 있으며, 이는 치명적일 수 있음. 이러한 이상반응은 중증의 위장관 질환 병력이나 전조증상의 유무에 관계없이 발생할 수 있음. 이런 증상은 일반적으로 고령자에서 더 심각하게 나타남. 고령자는 신기능, 간기능, 심장기능이 약하기 때문에 필요한 최소량으로 신중히 투여하고 이상반응의 발현에 특히 유의.",유니메드제약(주),,,유니콕스캡슐7.5밀리그램(멜록시캄)_(7.5mg/1캡슐),649502850,,
,,,,급여,,,meloxicam,189701ACH,"위 또는 장관의 출혈, 궤양 및 천공을 포함한 중대한 위장관계 이상반응의 위험을 증가시킬 수 있으며, 이는 치명적일 수 있음. 이러한 이상반응은 중증의 위장관 질환 병력이나 전조증상의 유무에 관계없이 발생할 수 있음. 이런 증상은 일반적으로 고령자에서 더 심각하게 나타남. 고령자는 신기능, 간기능, 심장기능이 약하기 때문에 필요한 최소량으로 신중히 투여하고 이상반응의 발현에 특히 유의.",대우제약(주),,,모벡스캡슐(멜록시캄)_(7.5mg/1캡슐),649600990,,
,,,,급여,,,meloxicam,189701ACH,"위 또는 장관의 출혈, 궤양 및 천공을 포함한 중대한 위장관계 이상반응의 위험을 증가시킬 수 있으며, 이는 치명적일 수 있음. 이러한 이상반응은 중증의 위장관 질환 병력이나 전조증상의 유무에 관계없이 발생할 수 있음. 이런 증상은 일반적으로 고령자에서 더 심각하게 나타남. 고령자는 신기능, 간기능, 심장기능이 약하기 때문에 필요한 최소량으로 신중히 투여하고 이상반응의 발현에 특히 유의.",지엘파마(주),,,멜로딘캡슐(멜록시캄)_(7.5mg/1캡슐),649702150,,
,,,,급여,,,meloxicam,189701ACH,"위 또는 장관의 출혈, 궤양 및 천공을 포함한 중대한 위장관계 이상반응의 위험을 증가시킬 수 있으며, 이는 치명적일 수 있음. 이러한 이상반응은 중증의 위장관 질환 병력이나 전조증상의 유무에 관계없이 발생할 수 있음. 이런 증상은 일반적으로 고령자에서 더 심각하게 나타남. 고령자는 신기능, 간기능, 심장기능이 약하기 때문에 필요한 최소량으로 신중히 투여하고 이상반응의 발현에 특히 유의.",명문제약(주),,,메디콕스캡슐(멜록시캄)(수출명:마이멜록캡슐(MYMELOXECapsule))_(7.5mg/1캡슐),649800680,,
,,,,급여,,,meloxicam,189701ACH,"위 또는 장관의 출혈, 궤양 및 천공을 포함한 중대한 위장관계 이상반응의 위험을 증가시킬 수 있으며, 이는 치명적일 수 있음. 이러한 이상반응은 중증의 위장관 질환 병력이나 전조증상의 유무에 관계없이 발생할 수 있음. 이런 증상은 일반적으로 고령자에서 더 심각하게 나타남. 고령자는 신기능, 간기능, 심장기능이 약하기 때문에 필요한 최소량으로 신중히 투여하고 이상반응의 발현에 특히 유의.",진양제약(주),,,모리캄캡슐(멜록시캄)_(7.5mg/1캡슐),650300560,,
,,,,급여,,,meloxicam,189701ACH,"위 또는 장관의 출혈, 궤양 및 천공을 포함한 중대한 위장관계 이상반응의 위험을 증가시킬 수 있으며, 이는 치명적일 수 있음. 이러한 이상반응은 중증의 위장관 질환 병력이나 전조증상의 유무에 관계없이 발생할 수 있음. 이런 증상은 일반적으로 고령자에서 더 심각하게 나타남. 고령자는 신기능, 간기능, 심장기능이 약하기 때문에 필요한 최소량으로 신중히 투여하고 이상반응의 발현에 특히 유의.",(주)새한제약,,,트록시캄캡슐7.5밀리그램(멜록시캄)_(7.5mg/1캡슐),651300510,,
,,,,급여,,,meloxicam,189701ACH,"위 또는 장관의 출혈, 궤양 및 천공을 포함한 중대한 위장관계 이상반응의 위험을 증가시킬 수 있으며, 이는 치명적일 수 있음. 이러한 이상반응은 중증의 위장관 질환 병력이나 전조증상의 유무에 관계없이 발생할 수 있음. 이런 증상은 일반적으로 고령자에서 더 심각하게 나타남. 고령자는 신기능, 간기능, 심장기능이 약하기 때문에 필요한 최소량으로 신중히 투여하고 이상반응의 발현에 특히 유의.",(주)하원제약,,,콕시캄캡슐(멜록시캄)_(7.5mg/1캡슐),651501500,,
,,,,급여,,,meloxicam,189701ACH,"위 또는 장관의 출혈, 궤양 및 천공을 포함한 중대한 위장관계 이상반응의 위험을 증가시킬 수 있으며, 이는 치명적일 수 있음. 이러한 이상반응은 중증의 위장관 질환 병력이나 전조증상의 유무에 관계없이 발생할 수 있음. 이런 증상은 일반적으로 고령자에서 더 심각하게 나타남. 고령자는 신기능, 간기능, 심장기능이 약하기 때문에 필요한 최소량으로 신중히 투여하고 이상반응의 발현에 특히 유의.",알보젠코리아(주),,,맥캄캡슐(멜록시캄)_(7.5mg/1캡슐),652600720,,
,,,,급여,,,meloxicam,189701ACH,"위 또는 장관의 출혈, 궤양 및 천공을 포함한 중대한 위장관계 이상반응의 위험을 증가시킬 수 있으며, 이는 치명적일 수 있음. 이러한 이상반응은 중증의 위장관 질환 병력이나 전조증상의 유무에 관계없이 발생할 수 있음. 이런 증상은 일반적으로 고령자에서 더 심각하게 나타남. 고령자는 신기능, 간기능, 심장기능이 약하기 때문에 필요한 최소량으로 신중히 투여하고 이상반응의 발현에 특히 유의.",(주)한국파마,,,씨오엑스캡슐(멜록시캄)_(7.5mg/1캡슐),653001280,,
,,,,급여,,,meloxicam,189701ACH,"위 또는 장관의 출혈, 궤양 및 천공을 포함한 중대한 위장관계 이상반응의 위험을 증가시킬 수 있으며, 이는 치명적일 수 있음. 이러한 이상반응은 중증의 위장관 질환 병력이나 전조증상의 유무에 관계없이 발생할 수 있음. 이런 증상은 일반적으로 고령자에서 더 심각하게 나타남. 고령자는 신기능, 간기능, 심장기능이 약하기 때문에 필요한 최소량으로 신중히 투여하고 이상반응의 발현에 특히 유의.",동국제약(주),,,멜시빅캡슐7.5밀리그램(멜록시캄)_(7.5mg/1캡슐),653402650,,
,,,,급여,,,meloxicam,189701ACH,"위 또는 장관의 출혈, 궤양 및 천공을 포함한 중대한 위장관계 이상반응의 위험을 증가시킬 수 있으며, 이는 치명적일 수 있음. 이러한 이상반응은 중증의 위장관 질환 병력이나 전조증상의 유무에 관계없이 발생할 수 있음. 이런 증상은 일반적으로 고령자에서 더 심각하게 나타남. 고령자는 신기능, 간기능, 심장기능이 약하기 때문에 필요한 최소량으로 신중히 투여하고 이상반응의 발현에 특히 유의.",한국베링거인겔하임(주),,,모빅캡슐7.5밀리그램(멜록시캄)_(7.5mg/1캡슐),653500890,,
,,,,급여,,,meloxicam,189701ACH,"위 또는 장관의 출혈, 궤양 및 천공을 포함한 중대한 위장관계 이상반응의 위험을 증가시킬 수 있으며, 이는 치명적일 수 있음. 이러한 이상반응은 중증의 위장관 질환 병력이나 전조증상의 유무에 관계없이 발생할 수 있음. 이런 증상은 일반적으로 고령자에서 더 심각하게 나타남. 고령자는 신기능, 간기능, 심장기능이 약하기 때문에 필요한 최소량으로 신중히 투여하고 이상반응의 발현에 특히 유의.",신일제약(주),,,엑시캄캡슐7.5밀리그람(멜록시캄)_(7.5mg/1캡슐),653802160,,
,,,,급여,,,meloxicam,189701ACH,"위 또는 장관의 출혈, 궤양 및 천공을 포함한 중대한 위장관계 이상반응의 위험을 증가시킬 수 있으며, 이는 치명적일 수 있음. 이러한 이상반응은 중증의 위장관 질환 병력이나 전조증상의 유무에 관계없이 발생할 수 있음. 이런 증상은 일반적으로 고령자에서 더 심각하게 나타남. 고령자는 신기능, 간기능, 심장기능이 약하기 때문에 필요한 최소량으로 신중히 투여하고 이상반응의 발현에 특히 유의.",아주약품(주),,,보믹캡슐(멜록시캄)_(7.5mg/1캡슐),654000380,,
,,,,급여,,,meloxicam,189701ACH,"위 또는 장관의 출혈, 궤양 및 천공을 포함한 중대한 위장관계 이상반응의 위험을 증가시킬 수 있으며, 이는 치명적일 수 있음. 이러한 이상반응은 중증의 위장관 질환 병력이나 전조증상의 유무에 관계없이 발생할 수 있음. 이런 증상은 일반적으로 고령자에서 더 심각하게 나타남. 고령자는 신기능, 간기능, 심장기능이 약하기 때문에 필요한 최소량으로 신중히 투여하고 이상반응의 발현에 특히 유의.",오스틴제약(주),,,멕시캡슐(멜록시캄)(수출명: Momeloxe Cap.)_(7.5mg/1캡슐),654301070,,
,,,,급여,,,meloxicam,189701ACH,"위 또는 장관의 출혈, 궤양 및 천공을 포함한 중대한 위장관계 이상반응의 위험을 증가시킬 수 있으며, 이는 치명적일 수 있음. 이러한 이상반응은 중증의 위장관 질환 병력이나 전조증상의 유무에 관계없이 발생할 수 있음. 이런 증상은 일반적으로 고령자에서 더 심각하게 나타남. 고령자는 신기능, 간기능, 심장기능이 약하기 때문에 필요한 최소량으로 신중히 투여하고 이상반응의 발현에 특히 유의.",알리코제약(주),,,캠록스캡슐7.5밀리그램(멜록시캄)_(7.5mg/1캡슐),656001500,,
,,,,급여,,,meloxicam,189701ACH,"위 또는 장관의 출혈, 궤양 및 천공을 포함한 중대한 위장관계 이상반응의 위험을 증가시킬 수 있으며, 이는 치명적일 수 있음. 이러한 이상반응은 중증의 위장관 질환 병력이나 전조증상의 유무에 관계없이 발생할 수 있음. 이런 증상은 일반적으로 고령자에서 더 심각하게 나타남. 고령자는 신기능, 간기능, 심장기능이 약하기 때문에 필요한 최소량으로 신중히 투여하고 이상반응의 발현에 특히 유의.",(주)바스칸바이오제약,,,하모빅캡슐(멜록시캄)_(7.5mg/1캡슐),656202160,,
,,,,급여,,,meloxicam,189701ACH,"위 또는 장관의 출혈, 궤양 및 천공을 포함한 중대한 위장관계 이상반응의 위험을 증가시킬 수 있으며, 이는 치명적일 수 있음. 이러한 이상반응은 중증의 위장관 질환 병력이나 전조증상의 유무에 관계없이 발생할 수 있음. 이런 증상은 일반적으로 고령자에서 더 심각하게 나타남. 고령자는 신기능, 간기능, 심장기능이 약하기 때문에 필요한 최소량으로 신중히 투여하고 이상반응의 발현에 특히 유의.",(주)동구바이오제약,,,멜빅스캡슐(멜록시캄)(수출명:WONCOX Capsule)_(7.5mg/1캡슐),657301650,,
,,,,급여,,,meloxicam,189701ACH,"위 또는 장관의 출혈, 궤양 및 천공을 포함한 중대한 위장관계 이상반응의 위험을 증가시킬 수 있으며, 이는 치명적일 수 있음. 이러한 이상반응은 중증의 위장관 질환 병력이나 전조증상의 유무에 관계없이 발생할 수 있음. 이런 증상은 일반적으로 고령자에서 더 심각하게 나타남. 고령자는 신기능, 간기능, 심장기능이 약하기 때문에 필요한 최소량으로 신중히 투여하고 이상반응의 발현에 특히 유의.",미래바이오제약(주),,,멜캄캡슐(멜록시캄)_(7.5mg/1캡슐),657500410,,
,,,,급여,,,meloxicam,189701ACH,"위 또는 장관의 출혈, 궤양 및 천공을 포함한 중대한 위장관계 이상반응의 위험을 증가시킬 수 있으며, 이는 치명적일 수 있음. 이러한 이상반응은 중증의 위장관 질환 병력이나 전조증상의 유무에 관계없이 발생할 수 있음. 이런 증상은 일반적으로 고령자에서 더 심각하게 나타남. 고령자는 신기능, 간기능, 심장기능이 약하기 때문에 필요한 최소량으로 신중히 투여하고 이상반응의 발현에 특히 유의.",하나제약(주),,,메모빅캡슐7.5밀리그람(멜록시캄)_(7.5mg/1캡슐),657800630,,
,,,,급여,,,meloxicam,189701ACH,"위 또는 장관의 출혈, 궤양 및 천공을 포함한 중대한 위장관계 이상반응의 위험을 증가시킬 수 있으며, 이는 치명적일 수 있음. 이러한 이상반응은 중증의 위장관 질환 병력이나 전조증상의 유무에 관계없이 발생할 수 있음. 이런 증상은 일반적으로 고령자에서 더 심각하게 나타남. 고령자는 신기능, 간기능, 심장기능이 약하기 때문에 필요한 최소량으로 신중히 투여하고 이상반응의 발현에 특히 유의.",(주)비보존제약,,,멜빅캄캡슐7.5밀리그램(멜록시캄)_(7.5mg/1캡슐),658203090,,
,,,,급여,,,meloxicam,189701ACH,"위 또는 장관의 출혈, 궤양 및 천공을 포함한 중대한 위장관계 이상반응의 위험을 증가시킬 수 있으며, 이는 치명적일 수 있음. 이러한 이상반응은 중증의 위장관 질환 병력이나 전조증상의 유무에 관계없이 발생할 수 있음. 이런 증상은 일반적으로 고령자에서 더 심각하게 나타남. 고령자는 신기능, 간기능, 심장기능이 약하기 때문에 필요한 최소량으로 신중히 투여하고 이상반응의 발현에 특히 유의.",이연제약(주),,,메록심캡슐(멜록시캄)_(7.5mg/1캡슐),658600320,,
,,,,급여,,,meloxicam,189701ACH,"위 또는 장관의 출혈, 궤양 및 천공을 포함한 중대한 위장관계 이상반응의 위험을 증가시킬 수 있으며, 이는 치명적일 수 있음. 이러한 이상반응은 중증의 위장관 질환 병력이나 전조증상의 유무에 관계없이 발생할 수 있음. 이런 증상은 일반적으로 고령자에서 더 심각하게 나타남. 고령자는 신기능, 간기능, 심장기능이 약하기 때문에 필요한 최소량으로 신중히 투여하고 이상반응의 발현에 특히 유의.",위더스제약(주),,,모비록캄캡슐7.5mg(멜록시캄)_(7.5mg/1캡슐),660702660,,
,,,,급여,,,meloxicam,189701ACH,"위 또는 장관의 출혈, 궤양 및 천공을 포함한 중대한 위장관계 이상반응의 위험을 증가시킬 수 있으며, 이는 치명적일 수 있음. 이러한 이상반응은 중증의 위장관 질환 병력이나 전조증상의 유무에 관계없이 발생할 수 있음. 이런 증상은 일반적으로 고령자에서 더 심각하게 나타남. 고령자는 신기능, 간기능, 심장기능이 약하기 때문에 필요한 최소량으로 신중히 투여하고 이상반응의 발현에 특히 유의.",영풍제약(주),,,모빅스캄캡슐(멜록시캄)_(7.5mg/1캡슐),661904360,,
,,,,급여,,,meloxicam,189701ACH,"위 또는 장관의 출혈, 궤양 및 천공을 포함한 중대한 위장관계 이상반응의 위험을 증가시킬 수 있으며, 이는 치명적일 수 있음. 이러한 이상반응은 중증의 위장관 질환 병력이나 전조증상의 유무에 관계없이 발생할 수 있음. 이런 증상은 일반적으로 고령자에서 더 심각하게 나타남. 고령자는 신기능, 간기능, 심장기능이 약하기 때문에 필요한 최소량으로 신중히 투여하고 이상반응의 발현에 특히 유의.",한국프라임제약(주),,,모르빅캡슐(멜록시캄)_(7.5mg/1캡슐),663600580,,
,,,,급여,,,meloxicam,189701ACH,"위 또는 장관의 출혈, 궤양 및 천공을 포함한 중대한 위장관계 이상반응의 위험을 증가시킬 수 있으며, 이는 치명적일 수 있음. 이러한 이상반응은 중증의 위장관 질환 병력이나 전조증상의 유무에 관계없이 발생할 수 있음. 이런 증상은 일반적으로 고령자에서 더 심각하게 나타남. 고령자는 신기능, 간기능, 심장기능이 약하기 때문에 필요한 최소량으로 신중히 투여하고 이상반응의 발현에 특히 유의.",하이플생명과학(주),,,모록시캄캡슐(멜록시캄)_(7.5mg/1캡슐),664102630,,
,,,,급여,,,meloxicam,189701ACH,"위 또는 장관의 출혈, 궤양 및 천공을 포함한 중대한 위장관계 이상반응의 위험을 증가시킬 수 있으며, 이는 치명적일 수 있음. 이러한 이상반응은 중증의 위장관 질환 병력이나 전조증상의 유무에 관계없이 발생할 수 있음. 이런 증상은 일반적으로 고령자에서 더 심각하게 나타남. 고령자는 신기능, 간기능, 심장기능이 약하기 때문에 필요한 최소량으로 신중히 투여하고 이상반응의 발현에 특히 유의.",성원애드콕제약(주),,,모빅캄캡슐(멜록시캄)_(7.5mg/1캡슐),664901030,,
,,,,급여,,,meloxicam,189701ACH,"위 또는 장관의 출혈, 궤양 및 천공을 포함한 중대한 위장관계 이상반응의 위험을 증가시킬 수 있으며, 이는 치명적일 수 있음. 이러한 이상반응은 중증의 위장관 질환 병력이나 전조증상의 유무에 관계없이 발생할 수 있음. 이런 증상은 일반적으로 고령자에서 더 심각하게 나타남. 고령자는 신기능, 간기능, 심장기능이 약하기 때문에 필요한 최소량으로 신중히 투여하고 이상반응의 발현에 특히 유의.",(주)경보제약,,,케이빅캡슐7.5밀리그램(멜록시캄)_(7.5mg/1캡슐),665000650,,
,,,,급여,,,meloxicam,189701ACH,"위 또는 장관의 출혈, 궤양 및 천공을 포함한 중대한 위장관계 이상반응의 위험을 증가시킬 수 있으며, 이는 치명적일 수 있음. 이러한 이상반응은 중증의 위장관 질환 병력이나 전조증상의 유무에 관계없이 발생할 수 있음. 이런 증상은 일반적으로 고령자에서 더 심각하게 나타남. 고령자는 신기능, 간기능, 심장기능이 약하기 때문에 필요한 최소량으로 신중히 투여하고 이상반응의 발현에 특히 유의.",한국유니온제약(주),,,유니캄캡슐7.5밀리그램(멜록시캄)_(7.5mg/1캡슐),665507600,,
,,,,급여,,,meloxicam,189701ACH,"위 또는 장관의 출혈, 궤양 및 천공을 포함한 중대한 위장관계 이상반응의 위험을 증가시킬 수 있으며, 이는 치명적일 수 있음. 이러한 이상반응은 중증의 위장관 질환 병력이나 전조증상의 유무에 관계없이 발생할 수 있음. 이런 증상은 일반적으로 고령자에서 더 심각하게 나타남. 고령자는 신기능, 간기능, 심장기능이 약하기 때문에 필요한 최소량으로 신중히 투여하고 이상반응의 발현에 특히 유의.",(주)씨티씨바이오,,,멜로빅캡슐7.5mg(멜록시캄)_(7.5mg/1캡슐),669501600,,
,,,,급여,,,meloxicam,189701ACH,"위 또는 장관의 출혈, 궤양 및 천공을 포함한 중대한 위장관계 이상반응의 위험을 증가시킬 수 있으며, 이는 치명적일 수 있음. 이러한 이상반응은 중증의 위장관 질환 병력이나 전조증상의 유무에 관계없이 발생할 수 있음. 이런 증상은 일반적으로 고령자에서 더 심각하게 나타남. 고령자는 신기능, 간기능, 심장기능이 약하기 때문에 필요한 최소량으로 신중히 투여하고 이상반응의 발현에 특히 유의.",에스피씨(주),,,이노시캄캡슐(멜록시캄)_(7.5mg/1캡슐),669700080,,
,,,,급여,,,meloxicam,189701ACH,"위 또는 장관의 출혈, 궤양 및 천공을 포함한 중대한 위장관계 이상반응의 위험을 증가시킬 수 있으며, 이는 치명적일 수 있음. 이러한 이상반응은 중증의 위장관 질환 병력이나 전조증상의 유무에 관계없이 발생할 수 있음. 이런 증상은 일반적으로 고령자에서 더 심각하게 나타남. 고령자는 신기능, 간기능, 심장기능이 약하기 때문에 필요한 최소량으로 신중히 투여하고 이상반응의 발현에 특히 유의.",구주제약(주),,,모비드캡슐(멜록시캄)_(7.5mg/1캡슐),669801110,,
,,,,급여,,,meloxicam,189701ACH,"위 또는 장관의 출혈, 궤양 및 천공을 포함한 중대한 위장관계 이상반응의 위험을 증가시킬 수 있으며, 이는 치명적일 수 있음. 이러한 이상반응은 중증의 위장관 질환 병력이나 전조증상의 유무에 관계없이 발생할 수 있음. 이런 증상은 일반적으로 고령자에서 더 심각하게 나타남. 고령자는 신기능, 간기능, 심장기능이 약하기 때문에 필요한 최소량으로 신중히 투여하고 이상반응의 발현에 특히 유의.",대한뉴팜(주),,,메록캄캡슐(멜록시캄)_(7.5mg/1캡슐),669905880,,
,,,,급여,,,meloxicam,189701ACH,"위 또는 장관의 출혈, 궤양 및 천공을 포함한 중대한 위장관계 이상반응의 위험을 증가시킬 수 있으며, 이는 치명적일 수 있음. 이러한 이상반응은 중증의 위장관 질환 병력이나 전조증상의 유무에 관계없이 발생할 수 있음. 이런 증상은 일반적으로 고령자에서 더 심각하게 나타남. 고령자는 신기능, 간기능, 심장기능이 약하기 때문에 필요한 최소량으로 신중히 투여하고 이상반응의 발현에 특히 유의.",(주)팜젠사이언스,,,멜리카캡슐(멜록시캄)_(7.5mg/1캡슐),670100440,,
,,,,급여,,,meloxicam,189701ACH,"위 또는 장관의 출혈, 궤양 및 천공을 포함한 중대한 위장관계 이상반응의 위험을 증가시킬 수 있으며, 이는 치명적일 수 있음. 이러한 이상반응은 중증의 위장관 질환 병력이나 전조증상의 유무에 관계없이 발생할 수 있음. 이런 증상은 일반적으로 고령자에서 더 심각하게 나타남. 고령자는 신기능, 간기능, 심장기능이 약하기 때문에 필요한 최소량으로 신중히 투여하고 이상반응의 발현에 특히 유의.",(주)휴온스메디텍,,,휴니즈멜록시캄캡슐7.5mg_(7.5mg/1캡슐),670400870,,
,,,,급여,,,meloxicam,189701ACH,"위 또는 장관의 출혈, 궤양 및 천공을 포함한 중대한 위장관계 이상반응의 위험을 증가시킬 수 있으며, 이는 치명적일 수 있음. 이러한 이상반응은 중증의 위장관 질환 병력이나 전조증상의 유무에 관계없이 발생할 수 있음. 이런 증상은 일반적으로 고령자에서 더 심각하게 나타남. 고령자는 신기능, 간기능, 심장기능이 약하기 때문에 필요한 최소량으로 신중히 투여하고 이상반응의 발현에 특히 유의.",(주)보령바이오파마,,,멜록시카캡슐7.5밀리그램(멜록시캄)_(7.5mg/1캡슐),670501620,,
,,,,급여,,,meloxicam,189701ACH,"위 또는 장관의 출혈, 궤양 및 천공을 포함한 중대한 위장관계 이상반응의 위험을 증가시킬 수 있으며, 이는 치명적일 수 있음. 이러한 이상반응은 중증의 위장관 질환 병력이나 전조증상의 유무에 관계없이 발생할 수 있음. 이런 증상은 일반적으로 고령자에서 더 심각하게 나타남. 고령자는 신기능, 간기능, 심장기능이 약하기 때문에 필요한 최소량으로 신중히 투여하고 이상반응의 발현에 특히 유의.",(주)휴온스,,,"모콕스캡슐7.5밀리그람(멜록시캄)(수출명:HULOKAMCap.,HUONSHULOKAMCAPSULE)_(7.5mg/1캡슐)",670600840,,
,,,,급여,,,meloxicam,189701ACH,"위 또는 장관의 출혈, 궤양 및 천공을 포함한 중대한 위장관계 이상반응의 위험을 증가시킬 수 있으며, 이는 치명적일 수 있음. 이러한 이상반응은 중증의 위장관 질환 병력이나 전조증상의 유무에 관계없이 발생할 수 있음. 이런 증상은 일반적으로 고령자에서 더 심각하게 나타남. 고령자는 신기능, 간기능, 심장기능이 약하기 때문에 필요한 최소량으로 신중히 투여하고 이상반응의 발현에 특히 유의.",아이큐어(주),,,메로시캡슐7.5밀리그램(멜록시캄)_(7.5mg/1캡슐),674401170,,
,,,,급여,,,meloxicam,189701ACH,"위 또는 장관의 출혈, 궤양 및 천공을 포함한 중대한 위장관계 이상반응의 위험을 증가시킬 수 있으며, 이는 치명적일 수 있음. 이러한 이상반응은 중증의 위장관 질환 병력이나 전조증상의 유무에 관계없이 발생할 수 있음. 이런 증상은 일반적으로 고령자에서 더 심각하게 나타남. 고령자는 신기능, 간기능, 심장기능이 약하기 때문에 필요한 최소량으로 신중히 투여하고 이상반응의 발현에 특히 유의.",(주)다산제약,,,뉴록시캄캡슐7.5밀리그램(멜록시캄)_(7.5mg/1캡슐),678601320,,
,,,,급여,,,meloxicam,189701ACH,"위 또는 장관의 출혈, 궤양 및 천공을 포함한 중대한 위장관계 이상반응의 위험을 증가시킬 수 있으며, 이는 치명적일 수 있음. 이러한 이상반응은 중증의 위장관 질환 병력이나 전조증상의 유무에 관계없이 발생할 수 있음. 이런 증상은 일반적으로 고령자에서 더 심각하게 나타남. 고령자는 신기능, 간기능, 심장기능이 약하기 때문에 필요한 최소량으로 신중히 투여하고 이상반응의 발현에 특히 유의.",화일약품(주),,,록시칼캡슐(멜록시캄)_(7.5mg/1캡슐),684501070,,
,,,,급여,,,meloxicam,189701ACH,"위 또는 장관의 출혈, 궤양 및 천공을 포함한 중대한 위장관계 이상반응의 위험을 증가시킬 수 있으며, 이는 치명적일 수 있음. 이러한 이상반응은 중증의 위장관 질환 병력이나 전조증상의 유무에 관계없이 발생할 수 있음. 이런 증상은 일반적으로 고령자에서 더 심각하게 나타남. 고령자는 신기능, 간기능, 심장기능이 약하기 때문에 필요한 최소량으로 신중히 투여하고 이상반응의 발현에 특히 유의.",(주)시어스제약,,,멜로그린캡슐7.5밀리그램(멜록시캄)_(7.5mg/1캡슐),689000830,,
,,,,급여,,,meloxicam,189701ACH,"위 또는 장관의 출혈, 궤양 및 천공을 포함한 중대한 위장관계 이상반응의 위험을 증가시킬 수 있으며, 이는 치명적일 수 있음. 이러한 이상반응은 중증의 위장관 질환 병력이나 전조증상의 유무에 관계없이 발생할 수 있음. 이런 증상은 일반적으로 고령자에서 더 심각하게 나타남. 고령자는 신기능, 간기능, 심장기능이 약하기 때문에 필요한 최소량으로 신중히 투여하고 이상반응의 발현에 특히 유의.",(주)라이트팜텍,,,멜록시엠캡슐7.5밀리그램(멜록시캄)_(7.5mg/1캡슐),690302080,,
,,,,급여,,,meloxicam,189701ACH,"위 또는 장관의 출혈, 궤양 및 천공을 포함한 중대한 위장관계 이상반응의 위험을 증가시킬 수 있으며, 이는 치명적일 수 있음. 이러한 이상반응은 중증의 위장관 질환 병력이나 전조증상의 유무에 관계없이 발생할 수 있음. 이런 증상은 일반적으로 고령자에서 더 심각하게 나타남. 고령자는 신기능, 간기능, 심장기능이 약하기 때문에 필요한 최소량으로 신중히 투여하고 이상반응의 발현에 특히 유의.",(주)한국글로벌제약,,,멜록삼캡슐(멜록시캄)_(7.5mg/1캡슐),693200020,,
,,,,급여,,,meloxicam,189701ACH,"위 또는 장관의 출혈, 궤양 및 천공을 포함한 중대한 위장관계 이상반응의 위험을 증가시킬 수 있으며, 이는 치명적일 수 있음. 이러한 이상반응은 중증의 위장관 질환 병력이나 전조증상의 유무에 관계없이 발생할 수 있음. 이런 증상은 일반적으로 고령자에서 더 심각하게 나타남. 고령자는 신기능, 간기능, 심장기능이 약하기 때문에 필요한 최소량으로 신중히 투여하고 이상반응의 발현에 특히 유의.",(주)셀트리온제약,,,메로빅캡슐(멜록시캄)_(7.5mg/1캡슐),693900580,,
,,,,급여,,,meloxicam,189701ACH,"위 또는 장관의 출혈, 궤양 및 천공을 포함한 중대한 위장관계 이상반응의 위험을 증가시킬 수 있으며, 이는 치명적일 수 있음. 이러한 이상반응은 중증의 위장관 질환 병력이나 전조증상의 유무에 관계없이 발생할 수 있음. 이런 증상은 일반적으로 고령자에서 더 심각하게 나타남. 고령자는 신기능, 간기능, 심장기능이 약하기 때문에 필요한 최소량으로 신중히 투여하고 이상반응의 발현에 특히 유의.",대웅바이오(주),,,대웅바이오멜록시캄캡슐7.5밀리그램_(7.5mg/1캡슐),694000470,,
,,,,급여,,,meloxicam,189701ACH,"위 또는 장관의 출혈, 궤양 및 천공을 포함한 중대한 위장관계 이상반응의 위험을 증가시킬 수 있으며, 이는 치명적일 수 있음. 이러한 이상반응은 중증의 위장관 질환 병력이나 전조증상의 유무에 관계없이 발생할 수 있음. 이런 증상은 일반적으로 고령자에서 더 심각하게 나타남. 고령자는 신기능, 간기능, 심장기능이 약하기 때문에 필요한 최소량으로 신중히 투여하고 이상반응의 발현에 특히 유의.",정우신약(주),,,모아캄시캡슐7.5mg(멜록시캄)_(7.5mg/1캡슐),694204780,,
,,,,급여,,,meloxicam,189701ACH,"위 또는 장관의 출혈, 궤양 및 천공을 포함한 중대한 위장관계 이상반응의 위험을 증가시킬 수 있으며, 이는 치명적일 수 있음. 이러한 이상반응은 중증의 위장관 질환 병력이나 전조증상의 유무에 관계없이 발생할 수 있음. 이런 증상은 일반적으로 고령자에서 더 심각하게 나타남. 고령자는 신기능, 간기능, 심장기능이 약하기 때문에 필요한 최소량으로 신중히 투여하고 이상반응의 발현에 특히 유의.",일양바이오팜(주),,,멜로캅캡슐7.5밀리그램(멜록시캄)_(7.5mg/1캡슐),696601830,,
,,,,급여,,,meloxicam,189701ACH,"위 또는 장관의 출혈, 궤양 및 천공을 포함한 중대한 위장관계 이상반응의 위험을 증가시킬 수 있으며, 이는 치명적일 수 있음. 이러한 이상반응은 중증의 위장관 질환 병력이나 전조증상의 유무에 관계없이 발생할 수 있음. 이런 증상은 일반적으로 고령자에서 더 심각하게 나타남. 고령자는 신기능, 간기능, 심장기능이 약하기 때문에 필요한 최소량으로 신중히 투여하고 이상반응의 발현에 특히 유의.",(주)한국피엠지제약,,,모릭스캡슐7.5밀리그램(멜록시캄)_(7.5mg/1캡슐),697100720,,
,,,,급여,,,meloxicam,189701ACH,"위 또는 장관의 출혈, 궤양 및 천공을 포함한 중대한 위장관계 이상반응의 위험을 증가시킬 수 있으며, 이는 치명적일 수 있음. 이러한 이상반응은 중증의 위장관 질환 병력이나 전조증상의 유무에 관계없이 발생할 수 있음. 이런 증상은 일반적으로 고령자에서 더 심각하게 나타남. 고령자는 신기능, 간기능, 심장기능이 약하기 때문에 필요한 최소량으로 신중히 투여하고 이상반응의 발현에 특히 유의.",(주)테라젠이텍스,,,멜로텍스캡슐 7.5mg(멜록시캄)_(7.5mg/1캡슐),698502500,,
,,,,급여,,,meloxicam,189701ATB,"위 또는 장관의 출혈, 궤양 및 천공을 포함한 중대한 위장관계 이상반응의 위험을 증가시킬 수 있으며, 이는 치명적일 수 있음. 이러한 이상반응은 중증의 위장관 질환 병력이나 전조증상의 유무에 관계없이 발생할 수 있음. 이런 증상은 일반적으로 고령자에서 더 심각하게 나타남. 고령자는 신기능, 간기능, 심장기능이 약하기 때문에 필요한 최소량으로 신중히 투여하고 이상반응의 발현에 특히 유의.",영진약품(주),,,멜브렉스정7.5밀리그람(멜록시캄)_(7.5mg/1정),642400350,,
,,,,급여,,,meloxicam,189701ATD,"위 또는 장관의 출혈, 궤양 및 천공을 포함한 중대한 위장관계 이상반응의 위험을 증가시킬 수 있으며, 이는 치명적일 수 있음. 이러한 이상반응은 중증의 위장관 질환 병력이나 전조증상의 유무에 관계없이 발생할 수 있음. 이런 증상은 일반적으로 고령자에서 더 심각하게 나타남. 고령자는 신기능, 간기능, 심장기능이 약하기 때문에 필요한 최소량으로 신중히 투여하고 이상반응의 발현에 특히 유의.",(주)엔엠제약,,,멜로디구강붕해정7.5밀리그램(멜로시캄)_(7.5mg/1정),685900100,,
,,,,급여,,,meloxicam,189702ACH,"위 또는 장관의 출혈, 궤양 및 천공을 포함한 중대한 위장관계 이상반응의 위험을 증가시킬 수 있으며, 이는 치명적일 수 있음. 이러한 이상반응은 중증의 위장관 질환 병력이나 전조증상의 유무에 관계없이 발생할 수 있음. 이런 증상은 일반적으로 고령자에서 더 심각하게 나타남. 고령자는 신기능, 간기능, 심장기능이 약하기 때문에 필요한 최소량으로 신중히 투여하고 이상반응의 발현에 특히 유의.",(주)화이트생명과학,,,이콕스캡슐15밀리그램(멜록시캄)_(15mg/1캡슐),625201190,,
,,,,급여,,,meloxicam,189702ACH,"위 또는 장관의 출혈, 궤양 및 천공을 포함한 중대한 위장관계 이상반응의 위험을 증가시킬 수 있으며, 이는 치명적일 수 있음. 이러한 이상반응은 중증의 위장관 질환 병력이나 전조증상의 유무에 관계없이 발생할 수 있음. 이런 증상은 일반적으로 고령자에서 더 심각하게 나타남. 고령자는 신기능, 간기능, 심장기능이 약하기 때문에 필요한 최소량으로 신중히 투여하고 이상반응의 발현에 특히 유의.",(주)유한양행,,,멜로캄캡슐15밀리그람(멜록시캄)(수출명:유한멜로캄캡슐15밀리그람)_(15mg/1캡슐),642100530,,
,,,,급여,,,meloxicam,189702ACH,"위 또는 장관의 출혈, 궤양 및 천공을 포함한 중대한 위장관계 이상반응의 위험을 증가시킬 수 있으며, 이는 치명적일 수 있음. 이러한 이상반응은 중증의 위장관 질환 병력이나 전조증상의 유무에 관계없이 발생할 수 있음. 이런 증상은 일반적으로 고령자에서 더 심각하게 나타남. 고령자는 신기능, 간기능, 심장기능이 약하기 때문에 필요한 최소량으로 신중히 투여하고 이상반응의 발현에 특히 유의.",동아에스티(주),,,메로콕스캡슐15밀리그램(멜록시캄)_(15mg/1캡슐),642501610,,
,,,,급여,,,meloxicam,189702ACH,"위 또는 장관의 출혈, 궤양 및 천공을 포함한 중대한 위장관계 이상반응의 위험을 증가시킬 수 있으며, 이는 치명적일 수 있음. 이러한 이상반응은 중증의 위장관 질환 병력이나 전조증상의 유무에 관계없이 발생할 수 있음. 이런 증상은 일반적으로 고령자에서 더 심각하게 나타남. 고령자는 신기능, 간기능, 심장기능이 약하기 때문에 필요한 최소량으로 신중히 투여하고 이상반응의 발현에 특히 유의.",(주)종근당,,,멜락스캡슐15밀리그램(멜록시캄)_(15mg/1캡슐),643300750,,
,,,,급여,,,meloxicam,189702ACH,"위 또는 장관의 출혈, 궤양 및 천공을 포함한 중대한 위장관계 이상반응의 위험을 증가시킬 수 있으며, 이는 치명적일 수 있음. 이러한 이상반응은 중증의 위장관 질환 병력이나 전조증상의 유무에 관계없이 발생할 수 있음. 이런 증상은 일반적으로 고령자에서 더 심각하게 나타남. 고령자는 신기능, 간기능, 심장기능이 약하기 때문에 필요한 최소량으로 신중히 투여하고 이상반응의 발현에 특히 유의.",한미약품(주),,,메록스캄캡슐15밀리그램(멜록시캄)_(15mg/1캡슐),643500950,,
,,,,급여,,,meloxicam,189702ACH,"위 또는 장관의 출혈, 궤양 및 천공을 포함한 중대한 위장관계 이상반응의 위험을 증가시킬 수 있으며, 이는 치명적일 수 있음. 이러한 이상반응은 중증의 위장관 질환 병력이나 전조증상의 유무에 관계없이 발생할 수 있음. 이런 증상은 일반적으로 고령자에서 더 심각하게 나타남. 고령자는 신기능, 간기능, 심장기능이 약하기 때문에 필요한 최소량으로 신중히 투여하고 이상반응의 발현에 특히 유의.",국제약품(주),,,멜록시펜캡슐15밀리그람(멜록시캄)_(15mg/1캡슐),643701210,,
,,,,급여,,,meloxicam,189702ACH,"위 또는 장관의 출혈, 궤양 및 천공을 포함한 중대한 위장관계 이상반응의 위험을 증가시킬 수 있으며, 이는 치명적일 수 있음. 이러한 이상반응은 중증의 위장관 질환 병력이나 전조증상의 유무에 관계없이 발생할 수 있음. 이런 증상은 일반적으로 고령자에서 더 심각하게 나타남. 고령자는 신기능, 간기능, 심장기능이 약하기 때문에 필요한 최소량으로 신중히 투여하고 이상반응의 발현에 특히 유의.",삼일제약(주),,,멜로덱스캡슐15밀리그램(멜록시캄)_(15mg/1캡슐),643903490,,
,,,,급여,,,meloxicam,189702ACH,"위 또는 장관의 출혈, 궤양 및 천공을 포함한 중대한 위장관계 이상반응의 위험을 증가시킬 수 있으며, 이는 치명적일 수 있음. 이러한 이상반응은 중증의 위장관 질환 병력이나 전조증상의 유무에 관계없이 발생할 수 있음. 이런 증상은 일반적으로 고령자에서 더 심각하게 나타남. 고령자는 신기능, 간기능, 심장기능이 약하기 때문에 필요한 최소량으로 신중히 투여하고 이상반응의 발현에 특히 유의.",한림제약(주),,,류멜캡슐15밀리그램(멜록시캄)_(15mg/1캡슐),645304550,,
,,,,급여,,,meloxicam,189702ACH,"위 또는 장관의 출혈, 궤양 및 천공을 포함한 중대한 위장관계 이상반응의 위험을 증가시킬 수 있으며, 이는 치명적일 수 있음. 이러한 이상반응은 중증의 위장관 질환 병력이나 전조증상의 유무에 관계없이 발생할 수 있음. 이런 증상은 일반적으로 고령자에서 더 심각하게 나타남. 고령자는 신기능, 간기능, 심장기능이 약하기 때문에 필요한 최소량으로 신중히 투여하고 이상반응의 발현에 특히 유의.",제일약품(주),,,멜로시드캡슐15밀리그램(멜록시캄)_(15mg/1캡슐),645404000,,
,,,,급여,,,meloxicam,189702ACH,"위 또는 장관의 출혈, 궤양 및 천공을 포함한 중대한 위장관계 이상반응의 위험을 증가시킬 수 있으며, 이는 치명적일 수 있음. 이러한 이상반응은 중증의 위장관 질환 병력이나 전조증상의 유무에 관계없이 발생할 수 있음. 이런 증상은 일반적으로 고령자에서 더 심각하게 나타남. 고령자는 신기능, 간기능, 심장기능이 약하기 때문에 필요한 최소량으로 신중히 투여하고 이상반응의 발현에 특히 유의.",진양제약(주),,,모리캄캡슐15mg(멜록시캄)_(15mg/1캡슐),650300570,,
,,,,급여,,,meloxicam,189702ACH,"위 또는 장관의 출혈, 궤양 및 천공을 포함한 중대한 위장관계 이상반응의 위험을 증가시킬 수 있으며, 이는 치명적일 수 있음. 이러한 이상반응은 중증의 위장관 질환 병력이나 전조증상의 유무에 관계없이 발생할 수 있음. 이런 증상은 일반적으로 고령자에서 더 심각하게 나타남. 고령자는 신기능, 간기능, 심장기능이 약하기 때문에 필요한 최소량으로 신중히 투여하고 이상반응의 발현에 특히 유의.",동국제약(주),,,멜시빅캡슐15밀리그램(멜록시캄)_(15mg/1캡슐),653402660,,
,,,,급여,,,meloxicam,189702ACH,"위 또는 장관의 출혈, 궤양 및 천공을 포함한 중대한 위장관계 이상반응의 위험을 증가시킬 수 있으며, 이는 치명적일 수 있음. 이러한 이상반응은 중증의 위장관 질환 병력이나 전조증상의 유무에 관계없이 발생할 수 있음. 이런 증상은 일반적으로 고령자에서 더 심각하게 나타남. 고령자는 신기능, 간기능, 심장기능이 약하기 때문에 필요한 최소량으로 신중히 투여하고 이상반응의 발현에 특히 유의.",한국베링거인겔하임(주),,,모빅캡슐15밀리그램(멜록시캄)_(15mg/1캡슐),653500900,,
,,,,급여,,,meloxicam,189702ACH,"위 또는 장관의 출혈, 궤양 및 천공을 포함한 중대한 위장관계 이상반응의 위험을 증가시킬 수 있으며, 이는 치명적일 수 있음. 이러한 이상반응은 중증의 위장관 질환 병력이나 전조증상의 유무에 관계없이 발생할 수 있음. 이런 증상은 일반적으로 고령자에서 더 심각하게 나타남. 고령자는 신기능, 간기능, 심장기능이 약하기 때문에 필요한 최소량으로 신중히 투여하고 이상반응의 발현에 특히 유의.",(주)셀트리온제약,,,메로빅캡슐15밀리그램(멜록시캄)_(15mg/1캡슐),693902100,,
,,,,급여,,,meloxicam,189702ACH,"위 또는 장관의 출혈, 궤양 및 천공을 포함한 중대한 위장관계 이상반응의 위험을 증가시킬 수 있으며, 이는 치명적일 수 있음. 이러한 이상반응은 중증의 위장관 질환 병력이나 전조증상의 유무에 관계없이 발생할 수 있음. 이런 증상은 일반적으로 고령자에서 더 심각하게 나타남. 고령자는 신기능, 간기능, 심장기능이 약하기 때문에 필요한 최소량으로 신중히 투여하고 이상반응의 발현에 특히 유의.",대웅바이오(주),,,대웅바이오멜록시캄캡슐15밀리그램_(15mg/1캡슐),694000480,,
,,,,급여,,,meloxicam,189702ACH,"위 또는 장관의 출혈, 궤양 및 천공을 포함한 중대한 위장관계 이상반응의 위험을 증가시킬 수 있으며, 이는 치명적일 수 있음. 이러한 이상반응은 중증의 위장관 질환 병력이나 전조증상의 유무에 관계없이 발생할 수 있음. 이런 증상은 일반적으로 고령자에서 더 심각하게 나타남. 고령자는 신기능, 간기능, 심장기능이 약하기 때문에 필요한 최소량으로 신중히 투여하고 이상반응의 발현에 특히 유의.",(주)제뉴파마,,,파마빅캡슐15밀리그램(멜록시캄)_(15mg/1캡슐),698002050,,
,,,,급여,,,meloxicam,189702ATD,"위 또는 장관의 출혈, 궤양 및 천공을 포함한 중대한 위장관계 이상반응의 위험을 증가시킬 수 있으며, 이는 치명적일 수 있음. 이러한 이상반응은 중증의 위장관 질환 병력이나 전조증상의 유무에 관계없이 발생할 수 있음. 이런 증상은 일반적으로 고령자에서 더 심각하게 나타남. 고령자는 신기능, 간기능, 심장기능이 약하기 때문에 필요한 최소량으로 신중히 투여하고 이상반응의 발현에 특히 유의.",(주)엔엠제약,,,멜로디구강붕해정15밀리그램(멜로시캄)_(15mg/1정),685900090,,
,,,,급여,,,nabumetone,198102ATB,"고령자에게 이 약을 투여하는 경우 위장관 출혈, 천공의 이상반응의 발현의 위험이 높으니 주의하고, 필요 시 최소량을 투여하고 처음 4주 동안 위장관 출혈을 모니터링하도록 함.",(주)중헌제약,,,나메린정(나부메톤)_(0.5g/1정),53300040,,
,,,,급여,,,nabumetone,198102ATB,"고령자에게 이 약을 투여하는 경우 위장관 출혈, 천공의 이상반응의 발현의 위험이 높으니 주의하고, 필요 시 최소량을 투여하고 처음 4주 동안 위장관 출혈을 모니터링하도록 함.",동성제약(주),,,나부톤정500mg(나부메톤)(수출명: 큐레페인정)_(0.5g/1정),643200040,,
,,,,급여,,,nabumetone,198102ATB,"고령자에게 이 약을 투여하는 경우 위장관 출혈, 천공의 이상반응의 발현의 위험이 높으니 주의하고, 필요 시 최소량을 투여하고 처음 4주 동안 위장관 출혈을 모니터링하도록 함.",한림제약(주),,,메부톤정(나부메톤)_(0.5g/1정),645300520,,
,,,,급여,,,nabumetone,198102ATB,"고령자에게 이 약을 투여하는 경우 위장관 출혈, 천공의 이상반응의 발현의 위험이 높으니 주의하고, 필요 시 최소량을 투여하고 처음 4주 동안 위장관 출혈을 모니터링하도록 함.",동광제약(주),,,유니메톤정(나부메톤)_(0.5g/1정),645902450,,
,,,,급여,,,nabumetone,198102ATB,"고령자에게 이 약을 투여하는 경우 위장관 출혈, 천공의 이상반응의 발현의 위험이 높으니 주의하고, 필요 시 최소량을 투여하고 처음 4주 동안 위장관 출혈을 모니터링하도록 함.",(주)메디카코리아,,,프록톤정(나부메톤)_(0.5g/1정),646002540,,
,,,,급여,,,nabumetone,198102ATB,"고령자에게 이 약을 투여하는 경우 위장관 출혈, 천공의 이상반응의 발현의 위험이 높으니 주의하고, 필요 시 최소량을 투여하고 처음 4주 동안 위장관 출혈을 모니터링하도록 함.",한국코러스(주),,,"코러스나부메톤정(수출명:TamenbunTablet, KORUME TAB.)_(0.5g/1정)",647200660,,
,,,,급여,,,nabumetone,198102ATB,"고령자에게 이 약을 투여하는 경우 위장관 출혈, 천공의 이상반응의 발현의 위험이 높으니 주의하고, 필요 시 최소량을 투여하고 처음 4주 동안 위장관 출혈을 모니터링하도록 함.",명문제약(주),,,오스메톤정(나부메톤)(수출명:오스부톤정OSBUTONEtablet)_(0.5g/1정),649802600,,
,,,,급여,,,nabumetone,198102ATB,"고령자에게 이 약을 투여하는 경우 위장관 출혈, 천공의 이상반응의 발현의 위험이 높으니 주의하고, 필요 시 최소량을 투여하고 처음 4주 동안 위장관 출혈을 모니터링하도록 함.",(주)한독,,,한독렐라펜정(나부메톤)_(0.5g/1정),652101610,,
,,,,급여,,,nabumetone,198102ATB,"고령자에게 이 약을 투여하는 경우 위장관 출혈, 천공의 이상반응의 발현의 위험이 높으니 주의하고, 필요 시 최소량을 투여하고 처음 4주 동안 위장관 출혈을 모니터링하도록 함.",초당약품공업(주),,,프로닥정(나부메톤)_(0.5g/1정),670701170,,
,,,,급여,,,nabumetone,198102ATB,"고령자에게 이 약을 투여하는 경우 위장관 출혈, 천공의 이상반응의 발현의 위험이 높으니 주의하고, 필요 시 최소량을 투여하고 처음 4주 동안 위장관 출혈을 모니터링하도록 함.",주식회사제뉴원사이언스,,,나메톤정(나부메톤)_(0.5g/1정),671700010,,
,,,,급여,,,nabumetone,198102ATB,"고령자에게 이 약을 투여하는 경우 위장관 출혈, 천공의 이상반응의 발현의 위험이 높으니 주의하고, 필요 시 최소량을 투여하고 처음 4주 동안 위장관 출혈을 모니터링하도록 함.",일양바이오팜(주),,,일양바이오나부메톤정_(0.5g/1정),696600080,,
,,,,급여,,,nabumetone,198102ATB,"고령자에게 이 약을 투여하는 경우 위장관 출혈, 천공의 이상반응의 발현의 위험이 높으니 주의하고, 필요 시 최소량을 투여하고 처음 4주 동안 위장관 출혈을 모니터링하도록 함.",(주)한국피엠지제약,,,세나톤정(나부메톤)_(0.5g/1정),697100100,,
,,,,급여,,,nabumetone,198102ATB,"고령자에게 이 약을 투여하는 경우 위장관 출혈, 천공의 이상반응의 발현의 위험이 높으니 주의하고, 필요 시 최소량을 투여하고 처음 4주 동안 위장관 출혈을 모니터링하도록 함.",(주)테라젠이텍스,,,이텍스나부메톤정500mg_(0.5g/1정),698500350,,
,,,,급여,,,naproxen,199401ATR,"고령자는 중대한 위장관계 이상반응의 위험이 더 클 수 있음. 일반적으로 고령자는 소염진통제에 의한 소화관의 궤양, 출혈 등의 발현이 높으므로 소량부터 투여를 시작하여 필요한 최소량으로 투여하고 이상반응의 발현에 특히 유의하는 등 환자의 상태를 관찰하면서 신중히 투여.",(주)종근당,,,낙센에프서방정1000밀리그램(나프록센)_(1g/1정),643300100,,
,,,,급여,,,naproxen,199404ATB,"고령자는 중대한 위장관계 이상반응의 위험이 더 클 수 있음. 일반적으로 고령자는 소염진통제에 의한 소화관의 궤양, 출혈 등의 발현이 높으므로 소량부터 투여를 시작하여 필요한 최소량으로 투여하고 이상반응의 발현에 특히 유의하는 등 환자의 상태를 관찰하면서 신중히 투여.",(주)종근당,,,낙센에프정(나프록센)_(0.5g/1정),643300110,,
,,,,급여,,,naproxen sodium,199501ATB,"고령자는 중대한 위장관계 이상반응의 위험이 더 클 수 있음. 일반적으로 고령자는 소염진통제에 의한 소화관의 궤양, 출혈 등의 발현이 높으므로 소량부터 투여를 시작하여 필요한 최소량으로 투여하고 이상반응의 발현에 특히 유의하는 등 환자의 상태를 관찰하면서 신중히 투여.",오스템파마주식회사,,,나프록소정(나프록센나트륨)_(0.275g/1정),53500020,,
,,,,급여,,,naproxen sodium,199501ATB,"고령자는 중대한 위장관계 이상반응의 위험이 더 클 수 있음. 일반적으로 고령자는 소염진통제에 의한 소화관의 궤양, 출혈 등의 발현이 높으므로 소량부터 투여를 시작하여 필요한 최소량으로 투여하고 이상반응의 발현에 특히 유의하는 등 환자의 상태를 관찰하면서 신중히 투여.",(주)한국파비스제약,,,스노핀정275밀리그람(나프록센나트륨)_(0.275g/1정),621800250,,
,,,,급여,,,naproxen sodium,199501ATB,"고령자는 중대한 위장관계 이상반응의 위험이 더 클 수 있음. 일반적으로 고령자는 소염진통제에 의한 소화관의 궤양, 출혈 등의 발현이 높으므로 소량부터 투여를 시작하여 필요한 최소량으로 투여하고 이상반응의 발현에 특히 유의하는 등 환자의 상태를 관찰하면서 신중히 투여.",(주)일화,,,나프노펜정(나프록센나트륨)_(0.275g/1정),640900140,,
,,,,급여,,,naproxen sodium,199501ATB,"고령자는 중대한 위장관계 이상반응의 위험이 더 클 수 있음. 일반적으로 고령자는 소염진통제에 의한 소화관의 궤양, 출혈 등의 발현이 높으므로 소량부터 투여를 시작하여 필요한 최소량으로 투여하고 이상반응의 발현에 특히 유의하는 등 환자의 상태를 관찰하면서 신중히 투여.",(주)종근당,,,아나프록스정(나프록센나트륨)_(0.275g/1정),643301620,,
,,,,급여,,,naproxen sodium,199501ATB,"고령자는 중대한 위장관계 이상반응의 위험이 더 클 수 있음. 일반적으로 고령자는 소염진통제에 의한 소화관의 궤양, 출혈 등의 발현이 높으므로 소량부터 투여를 시작하여 필요한 최소량으로 투여하고 이상반응의 발현에 특히 유의하는 등 환자의 상태를 관찰하면서 신중히 투여.",태극제약(주),,,태극나렉신정(나프록센나트륨)(수출명 : NAPRONEW TABLET)_(0.275g/1정),644801940,,
,,,,급여,,,naproxen sodium,199501ATB,"고령자는 중대한 위장관계 이상반응의 위험이 더 클 수 있음. 일반적으로 고령자는 소염진통제에 의한 소화관의 궤양, 출혈 등의 발현이 높으므로 소량부터 투여를 시작하여 필요한 최소량으로 투여하고 이상반응의 발현에 특히 유의하는 등 환자의 상태를 관찰하면서 신중히 투여.",(주)씨엠지제약,,,프리나정(나프록센나트륨)_(0.275g/1정),648601840,,
,,,,급여,,,naproxen sodium,199501ATB,"고령자는 중대한 위장관계 이상반응의 위험이 더 클 수 있음. 일반적으로 고령자는 소염진통제에 의한 소화관의 궤양, 출혈 등의 발현이 높으므로 소량부터 투여를 시작하여 필요한 최소량으로 투여하고 이상반응의 발현에 특히 유의하는 등 환자의 상태를 관찰하면서 신중히 투여.",지엘파마(주),,,알삭센정(나프록센나트륨)_(0.275g/1정),649700390,,
,,,,급여,,,naproxen sodium,199501ATB,"고령자는 중대한 위장관계 이상반응의 위험이 더 클 수 있음. 일반적으로 고령자는 소염진통제에 의한 소화관의 궤양, 출혈 등의 발현이 높으므로 소량부터 투여를 시작하여 필요한 최소량으로 투여하고 이상반응의 발현에 특히 유의하는 등 환자의 상태를 관찰하면서 신중히 투여.",명인제약(주),,,폭센정275밀리그람(나프록센나트륨)_(0.275g/1정),651902320,,
,,,,급여,,,naproxen sodium,199501ATB,"고령자는 중대한 위장관계 이상반응의 위험이 더 클 수 있음. 일반적으로 고령자는 소염진통제에 의한 소화관의 궤양, 출혈 등의 발현이 높으므로 소량부터 투여를 시작하여 필요한 최소량으로 투여하고 이상반응의 발현에 특히 유의하는 등 환자의 상태를 관찰하면서 신중히 투여.",신일제약(주),,,나프롱정(나프록센나트륨)_(0.275g/1정),653800090,,
,,,,급여,,,naproxen sodium,199501ATB,"고령자는 중대한 위장관계 이상반응의 위험이 더 클 수 있음. 일반적으로 고령자는 소염진통제에 의한 소화관의 궤양, 출혈 등의 발현이 높으므로 소량부터 투여를 시작하여 필요한 최소량으로 투여하고 이상반응의 발현에 특히 유의하는 등 환자의 상태를 관찰하면서 신중히 투여.",오스틴제약(주),,,나로펜정(나프록센나트륨)_(0.275g/1정),654300100,,
,,,,급여,,,naproxen sodium,199501ATB,"고령자는 중대한 위장관계 이상반응의 위험이 더 클 수 있음. 일반적으로 고령자는 소염진통제에 의한 소화관의 궤양, 출혈 등의 발현이 높으므로 소량부터 투여를 시작하여 필요한 최소량으로 투여하고 이상반응의 발현에 특히 유의하는 등 환자의 상태를 관찰하면서 신중히 투여.",환인제약(주),,,아낙스정(나프록센나트륨)_(0.275g/1정),657200430,,
,,,,급여,,,naproxen sodium,199501ATB,"고령자는 중대한 위장관계 이상반응의 위험이 더 클 수 있음. 일반적으로 고령자는 소염진통제에 의한 소화관의 궤양, 출혈 등의 발현이 높으므로 소량부터 투여를 시작하여 필요한 최소량으로 투여하고 이상반응의 발현에 특히 유의하는 등 환자의 상태를 관찰하면서 신중히 투여.",미래바이오제약(주),,,미래나프록센나트륨정_(0.275g/1정),657500440,,
,,,,급여,,,naproxen sodium,199501ATB,"고령자는 중대한 위장관계 이상반응의 위험이 더 클 수 있음. 일반적으로 고령자는 소염진통제에 의한 소화관의 궤양, 출혈 등의 발현이 높으므로 소량부터 투여를 시작하여 필요한 최소량으로 투여하고 이상반응의 발현에 특히 유의하는 등 환자의 상태를 관찰하면서 신중히 투여.",영풍제약(주),,,세록센정(나프록센나트륨)_(0.275g/1정),661900590,,
,,,,급여,,,naproxen sodium,199501ATB,"고령자는 중대한 위장관계 이상반응의 위험이 더 클 수 있음. 일반적으로 고령자는 소염진통제에 의한 소화관의 궤양, 출혈 등의 발현이 높으므로 소량부터 투여를 시작하여 필요한 최소량으로 투여하고 이상반응의 발현에 특히 유의하는 등 환자의 상태를 관찰하면서 신중히 투여.",코오롱제약(주),,,프로트린정(나프록센나트륨)_(0.275g/1정),670301980,,
,,,,급여,,,nimesulide,201801ATB,고령자는 중대한 위장관계 이상반응의 위험이 더 클 수 있음. 다른 비스테로이드성 소염진통제와 마찬가지로 고령자에게 이 약을 투여 시 주의.,제이더블유중외제약(주),,,메수리드정(니메술리드)_(0.1g/1정),644902540,,
,,,,급여,,,nimesulide,201801ATB,고령자는 중대한 위장관계 이상반응의 위험이 더 클 수 있음. 다른 비스테로이드성 소염진통제와 마찬가지로 고령자에게 이 약을 투여 시 주의.,한국코러스(주),,,"코러스니메술리드정(수출명:Pacisulide Tab, Nimed Tab.)_(0.1g/1정)",647200670,,
,,,,급여,,,piroxicam,214001ACH,고령자는 중대한 위장관계 이상반응의 위험이 더 클 수 있음. 중증의 위장관계 이상반응을 일으킬 위험은 연령에 따라 증가함. 70세 이상의 고령자에서는 이상반응 위험이 높음. 따라서 고령자에 있어서 필요한 최소량으로 신중히 투여하고 이상반응의 발현에 특히 유의함.,지엘파마(주),,,지엘피록시캄캡슐10밀리그램_(10mg/1캡슐),649700860,,
,,,,급여,,,piroxicam,214001ATB,고령자는 중대한 위장관계 이상반응의 위험이 더 클 수 있음. 중증의 위장관계 이상반응을 일으킬 위험은 연령에 따라 증가함. 70세 이상의 고령자에서는 이상반응 위험이 높음. 따라서 고령자에 있어서 필요한 최소량으로 신중히 투여하고 이상반응의 발현에 특히 유의함.,(주)제뉴파마,,,필로젠정10밀리그람(피록시캄)_(10mg/1정),698000340,,
,,,,급여,,,piroxicam,214004ACH,고령자는 중대한 위장관계 이상반응의 위험이 더 클 수 있음. 중증의 위장관계 이상반응을 일으킬 위험은 연령에 따라 증가함. 70세 이상의 고령자에서는 이상반응 위험이 높음. 따라서 고령자에 있어서 필요한 최소량으로 신중히 투여하고 이상반응의 발현에 특히 유의함.,지엘파마(주),,,지엘피록시캄캡슐20밀리그램_(20mg/1캡슐),649700870,,
,,,,급여,,,piroxicam,214004ATB,고령자는 중대한 위장관계 이상반응의 위험이 더 클 수 있음. 중증의 위장관계 이상반응을 일으킬 위험은 연령에 따라 증가함. 70세 이상의 고령자에서는 이상반응 위험이 높음. 따라서 고령자에 있어서 필요한 최소량으로 신중히 투여하고 이상반응의 발현에 특히 유의함.,(주)제뉴파마,,,필로젠정(피록시캄)_(20mg/1정),698000110,,
,,,,급여,,,piroxicam,214031BIJ,고령자는 중대한 위장관계 이상반응의 위험이 더 클 수 있음. 중증의 위장관계 이상반응을 일으킬 위험은 연령에 따라 증가함. 70세 이상의 고령자에서는 이상반응 위험이 높음. 따라서 고령자에 있어서 필요한 최소량으로 신중히 투여하고 이상반응의 발현에 특히 유의함.,대한약품공업(주),,,대한피록시캄주_(20mg/1mL),645102841,,
,,,,급여,,,piroxicam,214031BIJ,고령자는 중대한 위장관계 이상반응의 위험이 더 클 수 있음. 중증의 위장관계 이상반응을 일으킬 위험은 연령에 따라 증가함. 70세 이상의 고령자에서는 이상반응 위험이 높음. 따라서 고령자에 있어서 필요한 최소량으로 신중히 투여하고 이상반응의 발현에 특히 유의함.,대화제약(주),,,대화피록시캄주(피록시캄)(수출명:PIC-20INJ.)_(20mg/1mL),645600471,,
,,,,급여,,,piroxicam,214031BIJ,고령자는 중대한 위장관계 이상반응의 위험이 더 클 수 있음. 중증의 위장관계 이상반응을 일으킬 위험은 연령에 따라 증가함. 70세 이상의 고령자에서는 이상반응 위험이 높음. 따라서 고령자에 있어서 필요한 최소량으로 신중히 투여하고 이상반응의 발현에 특히 유의함.,동광제약(주),,,로감주사(피록시캄)_(20mg/1mL),645901271,,
,,,,급여,,,piroxicam,214031BIJ,고령자는 중대한 위장관계 이상반응의 위험이 더 클 수 있음. 중증의 위장관계 이상반응을 일으킬 위험은 연령에 따라 증가함. 70세 이상의 고령자에서는 이상반응 위험이 높음. 따라서 고령자에 있어서 필요한 최소량으로 신중히 투여하고 이상반응의 발현에 특히 유의함.,신풍제약(주),,,로시덴주(피록시캄)_(20mg/1mL),648500531,,
,,,,급여,,,piroxicam,214031BIJ,고령자는 중대한 위장관계 이상반응의 위험이 더 클 수 있음. 중증의 위장관계 이상반응을 일으킬 위험은 연령에 따라 증가함. 70세 이상의 고령자에서는 이상반응 위험이 높음. 따라서 고령자에 있어서 필요한 최소량으로 신중히 투여하고 이상반응의 발현에 특히 유의함.,위더스제약(주),,,위더스피록시캄주사액_(20mg/1mL),660701401,,
,,,,급여,,,piroxicam,214031BIJ,고령자는 중대한 위장관계 이상반응의 위험이 더 클 수 있음. 중증의 위장관계 이상반응을 일으킬 위험은 연령에 따라 증가함. 70세 이상의 고령자에서는 이상반응 위험이 높음. 따라서 고령자에 있어서 필요한 최소량으로 신중히 투여하고 이상반응의 발현에 특히 유의함.,한국유니온제약(주),,,"유니온피록시캄주(수출명:PROXID Inj., UNIXICAM Inj.)_(20mg/1mL)",665503221,,
,,,,급여,,,piroxicam,214031BIJ,고령자는 중대한 위장관계 이상반응의 위험이 더 클 수 있음. 중증의 위장관계 이상반응을 일으킬 위험은 연령에 따라 증가함. 70세 이상의 고령자에서는 이상반응 위험이 높음. 따라서 고령자에 있어서 필요한 최소량으로 신중히 투여하고 이상반응의 발현에 특히 유의함.,(주)휴온스,,,"휴온스피록시캄근육주사(수출명:CAMADOLinj.,CAMROX20mgInj.)_(20mg/1mL)",670603871,,
,,,,급여,,,piroxicam potassium (as piroxicam),214130BIJ,고령자는 중대한 위장관계 이상반응의 위험이 더 클 수 있음. 중증의 위장관계 이상반응을 일으킬 위험은 연령에 따라 증가함. 70세 이상의 고령자에서는 이상반응 위험이 높음. 따라서 고령자에 있어서 필요한 최소량으로 신중히 투여하고 이상반응의 발현에 특히 유의함.,삼성제약(주),,,료마주(피록시캄칼륨)_(22.3mg/1mL),642300591,,
,,,,급여,,,piroxicam potassium (as piroxicam),214130BIJ,고령자는 중대한 위장관계 이상반응의 위험이 더 클 수 있음. 중증의 위장관계 이상반응을 일으킬 위험은 연령에 따라 증가함. 70세 이상의 고령자에서는 이상반응 위험이 높음. 따라서 고령자에 있어서 필요한 최소량으로 신중히 투여하고 이상반응의 발현에 특히 유의함.,이연제약(주),,,피로브이주(피록시캄칼륨)_(22.3mg/1mL),658602631,,
,,,,급여,,,piroxicam β-cyclodextrin (as piroxicam),214202ATB,고령자는 중대한 위장관계 이상반응의 위험이 더 클 수 있음. 중증의 위장관계 이상반응을 일으킬 위험은 연령에 따라 증가함. 70세 이상의 고령자에서는 이상반응 위험이 높음. 따라서 고령자에 있어서 필요한 최소량으로 신중히 투여하고 이상반응의 발현에 특히 유의함.,코오롱제약(주),,,코오롱브렉신정10밀리그램(피록시캄베타사이클로덱스트린)_(95.6mg/1정),670301540,,
,,,,급여,,,proglumetacin maleate,218602ATB,고령자는 중대한 위장관계 이상반응의 위험이 더 클 수 있음. 고령자에 있어서 필요한 최소량으로 투여하고 이상반응의 발현에 특히 유의하는 등 신중히 투여.,한올바이오파마(주),,,한올아푸록산정300밀리그램(프로글루메타신말레산염)_(0.3g/1정),655602820,,
,,,,급여,,,talniflumate,234401ATB,고령자는 중대한 위장관계 이상반응의 위험이 더 클 수 있음. 고령자에 있어서 필요한 최소량을 신중히 투여하고 이상반응의 발현에 특히 유의함.,(주)휴비스트제약,,,휴리트정(탈니플루메이트)_(0.37g/1정),628800130,,
,,,,급여,,,talniflumate,234401ATB,고령자는 중대한 위장관계 이상반응의 위험이 더 클 수 있음. 고령자에 있어서 필요한 최소량을 신중히 투여하고 이상반응의 발현에 특히 유의함.,(주)일화,,,타리마겐정(탈니플루메이트)_(0.37g/1정),640901170,,
,,,,급여,,,talniflumate,234401ATB,고령자는 중대한 위장관계 이상반응의 위험이 더 클 수 있음. 고령자에 있어서 필요한 최소량을 신중히 투여하고 이상반응의 발현에 특히 유의함.,동성제약(주),,,앤세이드정(탈니플루메이트)_(0.37g/1정),643200740,,
,,,,급여,,,talniflumate,234401ATB,고령자는 중대한 위장관계 이상반응의 위험이 더 클 수 있음. 고령자에 있어서 필요한 최소량을 신중히 투여하고 이상반응의 발현에 특히 유의함.,태극제약(주),,,탈루메트정(탈니플루메이트)_(0.37g/1정),644801920,,
,,,,급여,,,talniflumate,234401ATB,고령자는 중대한 위장관계 이상반응의 위험이 더 클 수 있음. 고령자에 있어서 필요한 최소량을 신중히 투여하고 이상반응의 발현에 특히 유의함.,삼진제약(주),,,크리마인정(탈니플루메이트)_(0.37g/1정),647802240,,
,,,,급여,,,talniflumate,234401ATB,고령자는 중대한 위장관계 이상반응의 위험이 더 클 수 있음. 고령자에 있어서 필요한 최소량을 신중히 투여하고 이상반응의 발현에 특히 유의함.,(주)유영제약,,,타프로스정(탈니플루메이트)_(0.37g/1정),648201770,,
,,,,급여,,,talniflumate,234401ATB,고령자는 중대한 위장관계 이상반응의 위험이 더 클 수 있음. 고령자에 있어서 필요한 최소량을 신중히 투여하고 이상반응의 발현에 특히 유의함.,한국휴텍스제약(주),,,휴말겐정(탈니플루메이트)_(0.37g/1정),649102000,,
,,,,급여,,,talniflumate,234401ATB,고령자는 중대한 위장관계 이상반응의 위험이 더 클 수 있음. 고령자에 있어서 필요한 최소량을 신중히 투여하고 이상반응의 발현에 특히 유의함.,대우제약(주),,,탈멘정(탈니플루메이트)_(0.37g/1정),649602250,,
,,,,급여,,,talniflumate,234401ATB,고령자는 중대한 위장관계 이상반응의 위험이 더 클 수 있음. 고령자에 있어서 필요한 최소량을 신중히 투여하고 이상반응의 발현에 특히 유의함.,명문제약(주),,,후루마정(탈니플루메이트)_(0.37g/1정),649803780,,
,,,,급여,,,talniflumate,234401ATB,고령자는 중대한 위장관계 이상반응의 위험이 더 클 수 있음. 고령자에 있어서 필요한 최소량을 신중히 투여하고 이상반응의 발현에 특히 유의함.,(주)하원제약,,,하원탈니플루메이트정_(0.37g/1정),651502330,,
,,,,급여,,,talniflumate,234401ATB,고령자는 중대한 위장관계 이상반응의 위험이 더 클 수 있음. 고령자에 있어서 필요한 최소량을 신중히 투여하고 이상반응의 발현에 특히 유의함.,알보젠코리아(주),,,소말겐정(탈니플루메이트)_(0.37g/1정),652600250,,
,,,,급여,,,talniflumate,234401ATB,고령자는 중대한 위장관계 이상반응의 위험이 더 클 수 있음. 고령자에 있어서 필요한 최소량을 신중히 투여하고 이상반응의 발현에 특히 유의함.,아주약품(주),,,탈로신정(탈니플루메이트)_(0.37g/1정),654001620,,
,,,,급여,,,talniflumate,234401ATB,고령자는 중대한 위장관계 이상반응의 위험이 더 클 수 있음. 고령자에 있어서 필요한 최소량을 신중히 투여하고 이상반응의 발현에 특히 유의함.,오스틴제약(주),,,플루마겐정(탈니플루메이트)_(0.37g/1정),654303190,,
,,,,급여,,,talniflumate,234401ATB,고령자는 중대한 위장관계 이상반응의 위험이 더 클 수 있음. 고령자에 있어서 필요한 최소량을 신중히 투여하고 이상반응의 발현에 특히 유의함.,알리코제약(주),,,메이트정(탈니플루메이트)_(0.37g/1정),656000330,,
,,,,급여,,,talniflumate,234401ATB,고령자는 중대한 위장관계 이상반응의 위험이 더 클 수 있음. 고령자에 있어서 필요한 최소량을 신중히 투여하고 이상반응의 발현에 특히 유의함.,(주)동구바이오제약,,,리메이트정(탈니플루메이트)_(0.37g/1정),657301400,,
,,,,급여,,,talniflumate,234401ATB,고령자는 중대한 위장관계 이상반응의 위험이 더 클 수 있음. 고령자에 있어서 필요한 최소량을 신중히 투여하고 이상반응의 발현에 특히 유의함.,미래바이오제약(주),,,솔라메트정(탈니플루메이트)_(0.37g/1정),657500640,,
,,,,급여,,,talniflumate,234401ATB,고령자는 중대한 위장관계 이상반응의 위험이 더 클 수 있음. 고령자에 있어서 필요한 최소량을 신중히 투여하고 이상반응의 발현에 특히 유의함.,하나제약(주),,,후루겐정(탈니플루메이트)_(0.37g/1정),657803040,,
,,,,급여,,,talniflumate,234401ATB,고령자는 중대한 위장관계 이상반응의 위험이 더 클 수 있음. 고령자에 있어서 필요한 최소량을 신중히 투여하고 이상반응의 발현에 특히 유의함.,위더스제약(주),,,탈푸린정(탈니플루메이트)_(0.37g/1정),660701780,,
,,,,급여,,,talniflumate,234401ATB,고령자는 중대한 위장관계 이상반응의 위험이 더 클 수 있음. 고령자에 있어서 필요한 최소량을 신중히 투여하고 이상반응의 발현에 특히 유의함.,(주)넥스팜코리아,,,탈루메이트정(탈니플루메이트)_(0.37g/1정),662501690,,
,,,,급여,,,talniflumate,234401ATB,고령자는 중대한 위장관계 이상반응의 위험이 더 클 수 있음. 고령자에 있어서 필요한 최소량을 신중히 투여하고 이상반응의 발현에 특히 유의함.,한국유니온제약(주),,,유니온탈니플루메이트정_(0.37g/1정),665503170,,
,,,,급여,,,talniflumate,234401ATB,고령자는 중대한 위장관계 이상반응의 위험이 더 클 수 있음. 고령자에 있어서 필요한 최소량을 신중히 투여하고 이상반응의 발현에 특히 유의함.,(주)휴온스,,,휴온스탈니플루메이트정_(0.37g/1정),670600080,,
,,,,급여,,,talniflumate,234401ATB,고령자는 중대한 위장관계 이상반응의 위험이 더 클 수 있음. 고령자에 있어서 필요한 최소량을 신중히 투여하고 이상반응의 발현에 특히 유의함.,주식회사제뉴원사이언스,,,제뉴원탈니플루메이트정_(0.37g/1정),671702000,,
,,,,급여,,,talniflumate,234401ATB,고령자는 중대한 위장관계 이상반응의 위험이 더 클 수 있음. 고령자에 있어서 필요한 최소량을 신중히 투여하고 이상반응의 발현에 특히 유의함.,(주)한국글로벌제약,,,트리메정(탈니플루메이트)_(0.37g/1정),693200150,,
,,,,급여,,,talniflumate,234401ATB,고령자는 중대한 위장관계 이상반응의 위험이 더 클 수 있음. 고령자에 있어서 필요한 최소량을 신중히 투여하고 이상반응의 발현에 특히 유의함.,대웅바이오(주),,,베아겐정(탈니플루메이트)_(0.37g/1정),694000360,,
,,,,급여,,,talniflumate,234401ATB,고령자는 중대한 위장관계 이상반응의 위험이 더 클 수 있음. 고령자에 있어서 필요한 최소량을 신중히 투여하고 이상반응의 발현에 특히 유의함.,(주)테라젠이텍스,,,타말겐정(탈니플루메이트)_(0.37g/1정),698500190,,
,,,,급여,,,zaltoprofen,249901ATB,"고령자는 중대한 위장관계 이상반응의 위험이 더 클 수 있음. 고령자는 혈장 알부민이 감소하거나 신기능이 저하되어 높은 혈중농도가 유지될 우려가 있으므로 소화기능상태, 환자의 상태를 관찰하면서 투여횟수의 감소(잘토프로펜으로서 1회 80mg, 1일 2회), 휴약하는 등 신중히 투여.",코스맥스파마(주),,,잘토맥스정(잘토프로펜)_(80mg/1정),55101060,,
,,,,급여,,,zaltoprofen,249901ATB,"고령자는 중대한 위장관계 이상반응의 위험이 더 클 수 있음. 고령자는 혈장 알부민이 감소하거나 신기능이 저하되어 높은 혈중농도가 유지될 우려가 있으므로 소화기능상태, 환자의 상태를 관찰하면서 투여횟수의 감소(잘토프로펜으로서 1회 80mg, 1일 2회), 휴약하는 등 신중히 투여.",건일바이오팜주식회사,,,잘프펜정(잘토프로펜)_(80mg/1정),73000660,,
,,,,급여,,,zaltoprofen,249901ATB,"고령자는 중대한 위장관계 이상반응의 위험이 더 클 수 있음. 고령자는 혈장 알부민이 감소하거나 신기능이 저하되어 높은 혈중농도가 유지될 우려가 있으므로 소화기능상태, 환자의 상태를 관찰하면서 투여횟수의 감소(잘토프로펜으로서 1회 80mg, 1일 2회), 휴약하는 등 신중히 투여.",에이치케이이노엔(주),,,솔레톤정(잘토프로펜)_(80mg/1정),640000920,,
,,,,급여,,,zaltoprofen,249901ATB,"고령자는 중대한 위장관계 이상반응의 위험이 더 클 수 있음. 고령자는 혈장 알부민이 감소하거나 신기능이 저하되어 높은 혈중농도가 유지될 우려가 있으므로 소화기능상태, 환자의 상태를 관찰하면서 투여횟수의 감소(잘토프로펜으로서 1회 80mg, 1일 2회), 휴약하는 등 신중히 투여.",맥널티제약(주),,,잘토맥정(잘토프로펜))_(80mg/1정),641502920,,
,,,,급여,,,zaltoprofen,249901ATB,"고령자는 중대한 위장관계 이상반응의 위험이 더 클 수 있음. 고령자는 혈장 알부민이 감소하거나 신기능이 저하되어 높은 혈중농도가 유지될 우려가 있으므로 소화기능상태, 환자의 상태를 관찰하면서 투여횟수의 감소(잘토프로펜으로서 1회 80mg, 1일 2회), 휴약하는 등 신중히 투여.",삼성제약(주),,,삼성잘토프로펜정_(80mg/1정),642307190,,
,,,,급여,,,zaltoprofen,249901ATB,"고령자는 중대한 위장관계 이상반응의 위험이 더 클 수 있음. 고령자는 혈장 알부민이 감소하거나 신기능이 저하되어 높은 혈중농도가 유지될 우려가 있으므로 소화기능상태, 환자의 상태를 관찰하면서 투여횟수의 감소(잘토프로펜으로서 1회 80mg, 1일 2회), 휴약하는 등 신중히 투여.",대화제약(주),,,잘트론정(잘토프로펜)_(80mg/1정),645601610,,
,,,,급여,,,zaltoprofen,249901ATB,"고령자는 중대한 위장관계 이상반응의 위험이 더 클 수 있음. 고령자는 혈장 알부민이 감소하거나 신기능이 저하되어 높은 혈중농도가 유지될 우려가 있으므로 소화기능상태, 환자의 상태를 관찰하면서 투여횟수의 감소(잘토프로펜으로서 1회 80mg, 1일 2회), 휴약하는 등 신중히 투여.",(주)유영제약,,,자이로펜정(잘토프로펜)_(80mg/1정),648201630,,
,,,,급여,,,zaltoprofen,249901ATB,"고령자는 중대한 위장관계 이상반응의 위험이 더 클 수 있음. 고령자는 혈장 알부민이 감소하거나 신기능이 저하되어 높은 혈중농도가 유지될 우려가 있으므로 소화기능상태, 환자의 상태를 관찰하면서 투여횟수의 감소(잘토프로펜으로서 1회 80mg, 1일 2회), 휴약하는 등 신중히 투여.",지엘파마(주),,,지엘잘토프로펜정_(80mg/1정),649702160,,
,,,,급여,,,zaltoprofen,249901ATB,"고령자는 중대한 위장관계 이상반응의 위험이 더 클 수 있음. 고령자는 혈장 알부민이 감소하거나 신기능이 저하되어 높은 혈중농도가 유지될 우려가 있으므로 소화기능상태, 환자의 상태를 관찰하면서 투여횟수의 감소(잘토프로펜으로서 1회 80mg, 1일 2회), 휴약하는 등 신중히 투여.",삼천당제약(주),,,라보펜정(잘토프로펜)_(80mg/1정),651200170,,
,,,,급여,,,zaltoprofen,249901ATB,"고령자는 중대한 위장관계 이상반응의 위험이 더 클 수 있음. 고령자는 혈장 알부민이 감소하거나 신기능이 저하되어 높은 혈중농도가 유지될 우려가 있으므로 소화기능상태, 환자의 상태를 관찰하면서 투여횟수의 감소(잘토프로펜으로서 1회 80mg, 1일 2회), 휴약하는 등 신중히 투여.",(주)새한제약,,,잘토젠정(잘토프로펜)_(80mg/1정),651300730,,
,,,,급여,,,zaltoprofen,249901ATB,"고령자는 중대한 위장관계 이상반응의 위험이 더 클 수 있음. 고령자는 혈장 알부민이 감소하거나 신기능이 저하되어 높은 혈중농도가 유지될 우려가 있으므로 소화기능상태, 환자의 상태를 관찰하면서 투여횟수의 감소(잘토프로펜으로서 1회 80mg, 1일 2회), 휴약하는 등 신중히 투여.",일성아이에스(주),,,일성잘토프로펜정80밀리그램_(80mg/1정),655404420,,
,,,,급여,,,zaltoprofen,249901ATB,"고령자는 중대한 위장관계 이상반응의 위험이 더 클 수 있음. 고령자는 혈장 알부민이 감소하거나 신기능이 저하되어 높은 혈중농도가 유지될 우려가 있으므로 소화기능상태, 환자의 상태를 관찰하면서 투여횟수의 감소(잘토프로펜으로서 1회 80mg, 1일 2회), 휴약하는 등 신중히 투여.",익수제약(주),,,잘프로펜정(잘토프로펜)_(80mg/1정),658502170,,
,,,,급여,,,zaltoprofen,249901ATB,"고령자는 중대한 위장관계 이상반응의 위험이 더 클 수 있음. 고령자는 혈장 알부민이 감소하거나 신기능이 저하되어 높은 혈중농도가 유지될 우려가 있으므로 소화기능상태, 환자의 상태를 관찰하면서 투여횟수의 감소(잘토프로펜으로서 1회 80mg, 1일 2회), 휴약하는 등 신중히 투여.",이연제약(주),,,잘토프정(잘토프로펜)_(80mg/1정),658603200,,
,,,,급여,,,zaltoprofen,249901ATB,"고령자는 중대한 위장관계 이상반응의 위험이 더 클 수 있음. 고령자는 혈장 알부민이 감소하거나 신기능이 저하되어 높은 혈중농도가 유지될 우려가 있으므로 소화기능상태, 환자의 상태를 관찰하면서 투여횟수의 감소(잘토프로펜으로서 1회 80mg, 1일 2회), 휴약하는 등 신중히 투여.",(주)셀트리온제약,,,잘레톤정(잘토프로펜)_(80mg/1정),693902200,,
,,,,급여,,,zaltoprofen,249901ATB,"고령자는 중대한 위장관계 이상반응의 위험이 더 클 수 있음. 고령자는 혈장 알부민이 감소하거나 신기능이 저하되어 높은 혈중농도가 유지될 우려가 있으므로 소화기능상태, 환자의 상태를 관찰하면서 투여횟수의 감소(잘토프로펜으로서 1회 80mg, 1일 2회), 휴약하는 등 신중히 투여.",(주)한국피엠지제약,,,유러펜정(잘토프로펜)_(80mg/1정),697100170,,
,,,,급여,,,celecoxib,347701ACH,"고령자는 신기능, 간기능 및 특히 심기능이 저하되어 있을 가능성이 높으므로 고령자에게 이 약을 투여하는 경우 적절한 관찰이 요구됨. 시판후 조사에 의하면, 와파린과 이 약을 병용 투여한 환자에서 치명적일 수도 있는 프로트롬빈 시간의 연장과 관련된 중대한 출혈이 보고된 바 있으며, 특히 고령자에서 더 많이 보고됨.",(주)인트로바이오파마,,,메디브렉스캡슐200mg(세레콕시브)_(0.2g/1캡슐),52400970,,
,,,,급여,,,celecoxib,347701ACH,"고령자는 신기능, 간기능 및 특히 심기능이 저하되어 있을 가능성이 높으므로 고령자에게 이 약을 투여하는 경우 적절한 관찰이 요구됨. 시판후 조사에 의하면, 와파린과 이 약을 병용 투여한 환자에서 치명적일 수도 있는 프로트롬빈 시간의 연장과 관련된 중대한 출혈이 보고된 바 있으며, 특히 고령자에서 더 많이 보고됨.",(주)휴온스생명과학,,,세로콕캡슐200밀리그램(세레콕시브)_(0.2g/1캡슐),52700190,,
,,,,급여,,,celecoxib,347701ACH,"고령자는 신기능, 간기능 및 특히 심기능이 저하되어 있을 가능성이 높으므로 고령자에게 이 약을 투여하는 경우 적절한 관찰이 요구됨. 시판후 조사에 의하면, 와파린과 이 약을 병용 투여한 환자에서 치명적일 수도 있는 프로트롬빈 시간의 연장과 관련된 중대한 출혈이 보고된 바 있으며, 특히 고령자에서 더 많이 보고됨.",(주)중헌제약,,,콕시원캡슐200밀리그램(세레콕시브)_(0.2g/1캡슐),53300150,,
,,,,급여,,,celecoxib,347701ACH,"고령자는 신기능, 간기능 및 특히 심기능이 저하되어 있을 가능성이 높으므로 고령자에게 이 약을 투여하는 경우 적절한 관찰이 요구됨. 시판후 조사에 의하면, 와파린과 이 약을 병용 투여한 환자에서 치명적일 수도 있는 프로트롬빈 시간의 연장과 관련된 중대한 출혈이 보고된 바 있으며, 특히 고령자에서 더 많이 보고됨.",안국뉴팜(주),,,쎄라펜캡슐200밀리그램(세레콕시브)_(0.2g/1캡슐),53601530,,
,,,,급여,,,celecoxib,347701ACH,"고령자는 신기능, 간기능 및 특히 심기능이 저하되어 있을 가능성이 높으므로 고령자에게 이 약을 투여하는 경우 적절한 관찰이 요구됨. 시판후 조사에 의하면, 와파린과 이 약을 병용 투여한 환자에서 치명적일 수도 있는 프로트롬빈 시간의 연장과 관련된 중대한 출혈이 보고된 바 있으며, 특히 고령자에서 더 많이 보고됨.",엔비케이제약(주),,,세비콕캡슐200밀리그램(세레콕시브)_(0.2g/1캡슐),54800790,,
,,,,급여,,,celecoxib,347701ACH,"고령자는 신기능, 간기능 및 특히 심기능이 저하되어 있을 가능성이 높으므로 고령자에게 이 약을 투여하는 경우 적절한 관찰이 요구됨. 시판후 조사에 의하면, 와파린과 이 약을 병용 투여한 환자에서 치명적일 수도 있는 프로트롬빈 시간의 연장과 관련된 중대한 출혈이 보고된 바 있으며, 특히 고령자에서 더 많이 보고됨.",대원바이오텍주식회사,,,진브렉스캡슐200밀리그램(세레콕시브)_(0.2g/1캡슐),57600510,,
,,,,급여,,,celecoxib,347701ACH,"고령자는 신기능, 간기능 및 특히 심기능이 저하되어 있을 가능성이 높으므로 고령자에게 이 약을 투여하는 경우 적절한 관찰이 요구됨. 시판후 조사에 의하면, 와파린과 이 약을 병용 투여한 환자에서 치명적일 수도 있는 프로트롬빈 시간의 연장과 관련된 중대한 출혈이 보고된 바 있으며, 특히 고령자에서 더 많이 보고됨.",(주)아리제약,,,아세레캡슐200밀리그램(세레콕시브)_(0.2g/1캡슐),58200600,,
,,,,급여,,,celecoxib,347701ACH,"고령자는 신기능, 간기능 및 특히 심기능이 저하되어 있을 가능성이 높으므로 고령자에게 이 약을 투여하는 경우 적절한 관찰이 요구됨. 시판후 조사에 의하면, 와파린과 이 약을 병용 투여한 환자에서 치명적일 수도 있는 프로트롬빈 시간의 연장과 관련된 중대한 출혈이 보고된 바 있으며, 특히 고령자에서 더 많이 보고됨.",(주)유앤생명과학,,,쎄레코브캡슐200밀리그램(세레콕시브)_(0.2g/1캡슐),58800080,,
,,,,급여,,,celecoxib,347701ACH,"고령자는 신기능, 간기능 및 특히 심기능이 저하되어 있을 가능성이 높으므로 고령자에게 이 약을 투여하는 경우 적절한 관찰이 요구됨. 시판후 조사에 의하면, 와파린과 이 약을 병용 투여한 환자에서 치명적일 수도 있는 프로트롬빈 시간의 연장과 관련된 중대한 출혈이 보고된 바 있으며, 특히 고령자에서 더 많이 보고됨.",주식회사케이에스제약,,,세레윈캡슐200밀리그램(세레콕시브)_(0.2g/1캡슐),59000470,,
,,,,급여,,,celecoxib,347701ACH,"고령자는 신기능, 간기능 및 특히 심기능이 저하되어 있을 가능성이 높으므로 고령자에게 이 약을 투여하는 경우 적절한 관찰이 요구됨. 시판후 조사에 의하면, 와파린과 이 약을 병용 투여한 환자에서 치명적일 수도 있는 프로트롬빈 시간의 연장과 관련된 중대한 출혈이 보고된 바 있으며, 특히 고령자에서 더 많이 보고됨.",(주)킴스제약,,,세콕시아캡슐200mg(세레콕시브)_(0.2g/1캡슐),59600080,,
,,,,급여,,,celecoxib,347701ACH,"고령자는 신기능, 간기능 및 특히 심기능이 저하되어 있을 가능성이 높으므로 고령자에게 이 약을 투여하는 경우 적절한 관찰이 요구됨. 시판후 조사에 의하면, 와파린과 이 약을 병용 투여한 환자에서 치명적일 수도 있는 프로트롬빈 시간의 연장과 관련된 중대한 출혈이 보고된 바 있으며, 특히 고령자에서 더 많이 보고됨.",(주)엘앤씨바이오,,,메가콕시브캡슐200밀리그램(세레콕시브)_(0.2g/1캡슐),60500690,,
,,,,급여,,,celecoxib,347701ACH,"고령자는 신기능, 간기능 및 특히 심기능이 저하되어 있을 가능성이 높으므로 고령자에게 이 약을 투여하는 경우 적절한 관찰이 요구됨. 시판후 조사에 의하면, 와파린과 이 약을 병용 투여한 환자에서 치명적일 수도 있는 프로트롬빈 시간의 연장과 관련된 중대한 출혈이 보고된 바 있으며, 특히 고령자에서 더 많이 보고됨.",건일바이오팜주식회사,,,세레트캡슐200mg(세레콕시브)_(0.2g/1캡슐),73001160,,
,,,,급여,,,celecoxib,347701ACH,"고령자는 신기능, 간기능 및 특히 심기능이 저하되어 있을 가능성이 높으므로 고령자에게 이 약을 투여하는 경우 적절한 관찰이 요구됨. 시판후 조사에 의하면, 와파린과 이 약을 병용 투여한 환자에서 치명적일 수도 있는 프로트롬빈 시간의 연장과 관련된 중대한 출혈이 보고된 바 있으며, 특히 고령자에서 더 많이 보고됨.",비아트리스코리아(주),,,쎄레브렉스캡슐200밀리그램(세레콕시브)_(0.2g/1캡슐),73400280,,
,,,,급여,,,celecoxib,347701ACH,"고령자는 신기능, 간기능 및 특히 심기능이 저하되어 있을 가능성이 높으므로 고령자에게 이 약을 투여하는 경우 적절한 관찰이 요구됨. 시판후 조사에 의하면, 와파린과 이 약을 병용 투여한 환자에서 치명적일 수도 있는 프로트롬빈 시간의 연장과 관련된 중대한 출혈이 보고된 바 있으며, 특히 고령자에서 더 많이 보고됨.",(주)한국파비스제약,,,세레비스캡슐(세레콕시브)_(0.2g/1캡슐),621802610,,
,,,,급여,,,celecoxib,347701ACH,"고령자는 신기능, 간기능 및 특히 심기능이 저하되어 있을 가능성이 높으므로 고령자에게 이 약을 투여하는 경우 적절한 관찰이 요구됨. 시판후 조사에 의하면, 와파린과 이 약을 병용 투여한 환자에서 치명적일 수도 있는 프로트롬빈 시간의 연장과 관련된 중대한 출혈이 보고된 바 있으며, 특히 고령자에서 더 많이 보고됨.",(주)마더스제약,,,세렉캡슐(세레콕시브)_(0.2g/1캡슐),622802400,,
,,,,급여,,,celecoxib,347701ACH,"고령자는 신기능, 간기능 및 특히 심기능이 저하되어 있을 가능성이 높으므로 고령자에게 이 약을 투여하는 경우 적절한 관찰이 요구됨. 시판후 조사에 의하면, 와파린과 이 약을 병용 투여한 환자에서 치명적일 수도 있는 프로트롬빈 시간의 연장과 관련된 중대한 출혈이 보고된 바 있으며, 특히 고령자에서 더 많이 보고됨.",(주)화이트생명과학,,,쎄콕스캡슐200밀리그램(세레콕시브)_(0.2g/1캡슐),625200920,,
,,,,급여,,,celecoxib,347701ACH,"고령자는 신기능, 간기능 및 특히 심기능이 저하되어 있을 가능성이 높으므로 고령자에게 이 약을 투여하는 경우 적절한 관찰이 요구됨. 시판후 조사에 의하면, 와파린과 이 약을 병용 투여한 환자에서 치명적일 수도 있는 프로트롬빈 시간의 연장과 관련된 중대한 출혈이 보고된 바 있으며, 특히 고령자에서 더 많이 보고됨.",(주)텔콘알에프제약,,,셀티브캡슐200밀리그램(세레콕시브)_(0.2g/1캡슐),625500310,,
,,,,급여,,,celecoxib,347701ACH,"고령자는 신기능, 간기능 및 특히 심기능이 저하되어 있을 가능성이 높으므로 고령자에게 이 약을 투여하는 경우 적절한 관찰이 요구됨. 시판후 조사에 의하면, 와파린과 이 약을 병용 투여한 환자에서 치명적일 수도 있는 프로트롬빈 시간의 연장과 관련된 중대한 출혈이 보고된 바 있으며, 특히 고령자에서 더 많이 보고됨.",(주)휴비스트제약,,,휴렉스캡슐(세레콕시브)_(0.2g/1캡슐),628800350,,
,,,,급여,,,celecoxib,347701ACH,"고령자는 신기능, 간기능 및 특히 심기능이 저하되어 있을 가능성이 높으므로 고령자에게 이 약을 투여하는 경우 적절한 관찰이 요구됨. 시판후 조사에 의하면, 와파린과 이 약을 병용 투여한 환자에서 치명적일 수도 있는 프로트롬빈 시간의 연장과 관련된 중대한 출혈이 보고된 바 있으며, 특히 고령자에서 더 많이 보고됨.",(주)이든파마,,,쎄렉스타캡슐200mg(세레콕시브)_(0.2g/1캡슐),628900410,,
,,,,급여,,,celecoxib,347701ACH,"고령자는 신기능, 간기능 및 특히 심기능이 저하되어 있을 가능성이 높으므로 고령자에게 이 약을 투여하는 경우 적절한 관찰이 요구됨. 시판후 조사에 의하면, 와파린과 이 약을 병용 투여한 환자에서 치명적일 수도 있는 프로트롬빈 시간의 연장과 관련된 중대한 출혈이 보고된 바 있으며, 특히 고령자에서 더 많이 보고됨.",(주)오스코리아제약,,,오스브렉스캡슐(세레콕시브)_(0.2g/1캡슐),629701560,,
,,,,급여,,,celecoxib,347701ACH,"고령자는 신기능, 간기능 및 특히 심기능이 저하되어 있을 가능성이 높으므로 고령자에게 이 약을 투여하는 경우 적절한 관찰이 요구됨. 시판후 조사에 의하면, 와파린과 이 약을 병용 투여한 환자에서 치명적일 수도 있는 프로트롬빈 시간의 연장과 관련된 중대한 출혈이 보고된 바 있으며, 특히 고령자에서 더 많이 보고됨.",에이치케이이노엔(주),,,콕스케어캡슐200밀리그램(세레콕시브)_(0.2g/1캡슐),640006810,,
,,,,급여,,,celecoxib,347701ACH,"고령자는 신기능, 간기능 및 특히 심기능이 저하되어 있을 가능성이 높으므로 고령자에게 이 약을 투여하는 경우 적절한 관찰이 요구됨. 시판후 조사에 의하면, 와파린과 이 약을 병용 투여한 환자에서 치명적일 수도 있는 프로트롬빈 시간의 연장과 관련된 중대한 출혈이 보고된 바 있으며, 특히 고령자에서 더 많이 보고됨.",(주)일화,,,쎄콕시브캡슐200밀리그램(세레콕시브)_(0.2g/1캡슐),640902940,,
,,,,급여,,,celecoxib,347701ACH,"고령자는 신기능, 간기능 및 특히 심기능이 저하되어 있을 가능성이 높으므로 고령자에게 이 약을 투여하는 경우 적절한 관찰이 요구됨. 시판후 조사에 의하면, 와파린과 이 약을 병용 투여한 환자에서 치명적일 수도 있는 프로트롬빈 시간의 연장과 관련된 중대한 출혈이 보고된 바 있으며, 특히 고령자에서 더 많이 보고됨.",맥널티제약(주),,,쎄르펜캡슐(세레콕시브)_(0.2g/1캡슐),641501600,,
,,,,급여,,,celecoxib,347701ACH,"고령자는 신기능, 간기능 및 특히 심기능이 저하되어 있을 가능성이 높으므로 고령자에게 이 약을 투여하는 경우 적절한 관찰이 요구됨. 시판후 조사에 의하면, 와파린과 이 약을 병용 투여한 환자에서 치명적일 수도 있는 프로트롬빈 시간의 연장과 관련된 중대한 출혈이 보고된 바 있으며, 특히 고령자에서 더 많이 보고됨.",(주)대웅제약,,,쎄레노직캡슐200밀리그램(세레콕시브)_(0.2g/1캡슐),641606020,,
,,,,급여,,,celecoxib,347701ACH,"고령자는 신기능, 간기능 및 특히 심기능이 저하되어 있을 가능성이 높으므로 고령자에게 이 약을 투여하는 경우 적절한 관찰이 요구됨. 시판후 조사에 의하면, 와파린과 이 약을 병용 투여한 환자에서 치명적일 수도 있는 프로트롬빈 시간의 연장과 관련된 중대한 출혈이 보고된 바 있으며, 특히 고령자에서 더 많이 보고됨.",일양약품(주),,,투콕시브캡슐200mg(세레콕시브)_(0.2g/1캡슐),641704940,,
,,,,급여,,,celecoxib,347701ACH,"고령자는 신기능, 간기능 및 특히 심기능이 저하되어 있을 가능성이 높으므로 고령자에게 이 약을 투여하는 경우 적절한 관찰이 요구됨. 시판후 조사에 의하면, 와파린과 이 약을 병용 투여한 환자에서 치명적일 수도 있는 프로트롬빈 시간의 연장과 관련된 중대한 출혈이 보고된 바 있으며, 특히 고령자에서 더 많이 보고됨.",광동제약(주),,,셀비콕스캡슐200밀리그램(세레콕시브)_(0.2g/1캡슐),641805780,,
,,,,급여,,,celecoxib,347701ACH,"고령자는 신기능, 간기능 및 특히 심기능이 저하되어 있을 가능성이 높으므로 고령자에게 이 약을 투여하는 경우 적절한 관찰이 요구됨. 시판후 조사에 의하면, 와파린과 이 약을 병용 투여한 환자에서 치명적일 수도 있는 프로트롬빈 시간의 연장과 관련된 중대한 출혈이 보고된 바 있으며, 특히 고령자에서 더 많이 보고됨.",(주)유한양행,,,유콕스캡슐200밀리그램(세레콕시브)_(0.2g/1캡슐),642104640,,
,,,,급여,,,celecoxib,347701ACH,"고령자는 신기능, 간기능 및 특히 심기능이 저하되어 있을 가능성이 높으므로 고령자에게 이 약을 투여하는 경우 적절한 관찰이 요구됨. 시판후 조사에 의하면, 와파린과 이 약을 병용 투여한 환자에서 치명적일 수도 있는 프로트롬빈 시간의 연장과 관련된 중대한 출혈이 보고된 바 있으며, 특히 고령자에서 더 많이 보고됨.",삼성제약(주),,,삼성세레콕시브캡슐200밀리그램_(0.2g/1캡슐),642306600,,
,,,,급여,,,celecoxib,347701ACH,"고령자는 신기능, 간기능 및 특히 심기능이 저하되어 있을 가능성이 높으므로 고령자에게 이 약을 투여하는 경우 적절한 관찰이 요구됨. 시판후 조사에 의하면, 와파린과 이 약을 병용 투여한 환자에서 치명적일 수도 있는 프로트롬빈 시간의 연장과 관련된 중대한 출혈이 보고된 바 있으며, 특히 고령자에서 더 많이 보고됨.",동아에스티(주),,,셀베스타캡슐(세레콕시브)_(0.2g/1캡슐),642507200,,
,,,,급여,,,celecoxib,347701ACH,"고령자는 신기능, 간기능 및 특히 심기능이 저하되어 있을 가능성이 높으므로 고령자에게 이 약을 투여하는 경우 적절한 관찰이 요구됨. 시판후 조사에 의하면, 와파린과 이 약을 병용 투여한 환자에서 치명적일 수도 있는 프로트롬빈 시간의 연장과 관련된 중대한 출혈이 보고된 바 있으며, 특히 고령자에서 더 많이 보고됨.",고려제약(주),,,쎌브릭캡슐(세레콕시브)_(0.2g/1캡슐),642802730,,
,,,,급여,,,celecoxib,347701ACH,"고령자는 신기능, 간기능 및 특히 심기능이 저하되어 있을 가능성이 높으므로 고령자에게 이 약을 투여하는 경우 적절한 관찰이 요구됨. 시판후 조사에 의하면, 와파린과 이 약을 병용 투여한 환자에서 치명적일 수도 있는 프로트롬빈 시간의 연장과 관련된 중대한 출혈이 보고된 바 있으며, 특히 고령자에서 더 많이 보고됨.",(주)바이넥스,,,클록시브캡슐(세레콕시브)_(0.2g/1캡슐),643103910,,
,,,,급여,,,celecoxib,347701ACH,"고령자는 신기능, 간기능 및 특히 심기능이 저하되어 있을 가능성이 높으므로 고령자에게 이 약을 투여하는 경우 적절한 관찰이 요구됨. 시판후 조사에 의하면, 와파린과 이 약을 병용 투여한 환자에서 치명적일 수도 있는 프로트롬빈 시간의 연장과 관련된 중대한 출혈이 보고된 바 있으며, 특히 고령자에서 더 많이 보고됨.",(주)종근당,,,콕스비토캡슐200밀리그램(세레콕시브)_(0.2g/1캡슐),643305850,,
,,,,급여,,,celecoxib,347701ACH,"고령자는 신기능, 간기능 및 특히 심기능이 저하되어 있을 가능성이 높으므로 고령자에게 이 약을 투여하는 경우 적절한 관찰이 요구됨. 시판후 조사에 의하면, 와파린과 이 약을 병용 투여한 환자에서 치명적일 수도 있는 프로트롬빈 시간의 연장과 관련된 중대한 출혈이 보고된 바 있으며, 특히 고령자에서 더 많이 보고됨.",한미약품(주),,,콕시브캡슐200밀리그램(세레콕시브)_(0.2g/1캡슐),643505650,,
,,,,급여,,,celecoxib,347701ACH,"고령자는 신기능, 간기능 및 특히 심기능이 저하되어 있을 가능성이 높으므로 고령자에게 이 약을 투여하는 경우 적절한 관찰이 요구됨. 시판후 조사에 의하면, 와파린과 이 약을 병용 투여한 환자에서 치명적일 수도 있는 프로트롬빈 시간의 연장과 관련된 중대한 출혈이 보고된 바 있으며, 특히 고령자에서 더 많이 보고됨.",국제약품(주),,,셀렉시브캡슐(세레콕시브)_(0.2g/1캡슐),643703640,,
,,,,급여,,,celecoxib,347701ACH,"고령자는 신기능, 간기능 및 특히 심기능이 저하되어 있을 가능성이 높으므로 고령자에게 이 약을 투여하는 경우 적절한 관찰이 요구됨. 시판후 조사에 의하면, 와파린과 이 약을 병용 투여한 환자에서 치명적일 수도 있는 프로트롬빈 시간의 연장과 관련된 중대한 출혈이 보고된 바 있으며, 특히 고령자에서 더 많이 보고됨.",신신제약(주),,,쎄레콕스타캡슐(세레콕시브)_(0.2g/1캡슐),643802820,,
,,,,급여,,,celecoxib,347701ACH,"고령자는 신기능, 간기능 및 특히 심기능이 저하되어 있을 가능성이 높으므로 고령자에게 이 약을 투여하는 경우 적절한 관찰이 요구됨. 시판후 조사에 의하면, 와파린과 이 약을 병용 투여한 환자에서 치명적일 수도 있는 프로트롬빈 시간의 연장과 관련된 중대한 출혈이 보고된 바 있으며, 특히 고령자에서 더 많이 보고됨.",삼익제약(주),,,쎄르파캡슐(세레콕시브)_(0.2g/1캡슐),644003530,,
,,,,급여,,,celecoxib,347701ACH,"고령자는 신기능, 간기능 및 특히 심기능이 저하되어 있을 가능성이 높으므로 고령자에게 이 약을 투여하는 경우 적절한 관찰이 요구됨. 시판후 조사에 의하면, 와파린과 이 약을 병용 투여한 환자에서 치명적일 수도 있는 프로트롬빈 시간의 연장과 관련된 중대한 출혈이 보고된 바 있으며, 특히 고령자에서 더 많이 보고됨.",한국유나이티드제약(주),,,셀레콕스캡슐(세레콕시브)_(0.2g/1캡슐),644308390,,
,,,,급여,,,celecoxib,347701ACH,"고령자는 신기능, 간기능 및 특히 심기능이 저하되어 있을 가능성이 높으므로 고령자에게 이 약을 투여하는 경우 적절한 관찰이 요구됨. 시판후 조사에 의하면, 와파린과 이 약을 병용 투여한 환자에서 치명적일 수도 있는 프로트롬빈 시간의 연장과 관련된 중대한 출혈이 보고된 바 있으며, 특히 고령자에서 더 많이 보고됨.",조아제약(주),,,조아세레콕시브캡슐200밀리그램_(0.2g/1캡슐),644603020,,
,,,,급여,,,celecoxib,347701ACH,"고령자는 신기능, 간기능 및 특히 심기능이 저하되어 있을 가능성이 높으므로 고령자에게 이 약을 투여하는 경우 적절한 관찰이 요구됨. 시판후 조사에 의하면, 와파린과 이 약을 병용 투여한 환자에서 치명적일 수도 있는 프로트롬빈 시간의 연장과 관련된 중대한 출혈이 보고된 바 있으며, 특히 고령자에서 더 많이 보고됨.",에스케이케미칼(주),,,쎌스크캡슐200밀리그램(세레콕시브)_(0.2g/1캡슐),644703740,,
,,,,급여,,,celecoxib,347701ACH,"고령자는 신기능, 간기능 및 특히 심기능이 저하되어 있을 가능성이 높으므로 고령자에게 이 약을 투여하는 경우 적절한 관찰이 요구됨. 시판후 조사에 의하면, 와파린과 이 약을 병용 투여한 환자에서 치명적일 수도 있는 프로트롬빈 시간의 연장과 관련된 중대한 출혈이 보고된 바 있으며, 특히 고령자에서 더 많이 보고됨.",태극제약(주),,,쎄레스콕캡슐200mg(세레콕시브)_(0.2g/1캡슐),644805130,,
,,,,급여,,,celecoxib,347701ACH,"고령자는 신기능, 간기능 및 특히 심기능이 저하되어 있을 가능성이 높으므로 고령자에게 이 약을 투여하는 경우 적절한 관찰이 요구됨. 시판후 조사에 의하면, 와파린과 이 약을 병용 투여한 환자에서 치명적일 수도 있는 프로트롬빈 시간의 연장과 관련된 중대한 출혈이 보고된 바 있으며, 특히 고령자에서 더 많이 보고됨.",제이더블유중외제약(주),,,제이브렉스캡슐200밀리그램(세레콕시브)_(0.2g/1캡슐),644913860,,
,,,,급여,,,celecoxib,347701ACH,"고령자는 신기능, 간기능 및 특히 심기능이 저하되어 있을 가능성이 높으므로 고령자에게 이 약을 투여하는 경우 적절한 관찰이 요구됨. 시판후 조사에 의하면, 와파린과 이 약을 병용 투여한 환자에서 치명적일 수도 있는 프로트롬빈 시간의 연장과 관련된 중대한 출혈이 보고된 바 있으며, 특히 고령자에서 더 많이 보고됨.",(주)에이프로젠바이오로직스,,,쎄레코캡슐200mg(세레콕시브)_(0.2g/1캡슐),645208580,,
,,,,급여,,,celecoxib,347701ACH,"고령자는 신기능, 간기능 및 특히 심기능이 저하되어 있을 가능성이 높으므로 고령자에게 이 약을 투여하는 경우 적절한 관찰이 요구됨. 시판후 조사에 의하면, 와파린과 이 약을 병용 투여한 환자에서 치명적일 수도 있는 프로트롬빈 시간의 연장과 관련된 중대한 출혈이 보고된 바 있으며, 특히 고령자에서 더 많이 보고됨.",한림제약(주),,,쎄레브이캡슐200밀리그램(세레콕시브)_(0.2g/1캡슐),645304990,,
,,,,급여,,,celecoxib,347701ACH,"고령자는 신기능, 간기능 및 특히 심기능이 저하되어 있을 가능성이 높으므로 고령자에게 이 약을 투여하는 경우 적절한 관찰이 요구됨. 시판후 조사에 의하면, 와파린과 이 약을 병용 투여한 환자에서 치명적일 수도 있는 프로트롬빈 시간의 연장과 관련된 중대한 출혈이 보고된 바 있으며, 특히 고령자에서 더 많이 보고됨.",대화제약(주),,,콕스렌캡슐(세레콕시브)_(0.2g/1캡슐),645604490,,
,,,,급여,,,celecoxib,347701ACH,"고령자는 신기능, 간기능 및 특히 심기능이 저하되어 있을 가능성이 높으므로 고령자에게 이 약을 투여하는 경우 적절한 관찰이 요구됨. 시판후 조사에 의하면, 와파린과 이 약을 병용 투여한 환자에서 치명적일 수도 있는 프로트롬빈 시간의 연장과 관련된 중대한 출혈이 보고된 바 있으며, 특히 고령자에서 더 많이 보고됨.",동광제약(주),,,동광세레콕시브캡슐200mg_(0.2g/1캡슐),645905690,,
,,,,급여,,,celecoxib,347701ACH,"고령자는 신기능, 간기능 및 특히 심기능이 저하되어 있을 가능성이 높으므로 고령자에게 이 약을 투여하는 경우 적절한 관찰이 요구됨. 시판후 조사에 의하면, 와파린과 이 약을 병용 투여한 환자에서 치명적일 수도 있는 프로트롬빈 시간의 연장과 관련된 중대한 출혈이 보고된 바 있으며, 특히 고령자에서 더 많이 보고됨.",(주)메디카코리아,,,셀콕스캡슐200밀리그램(세레콕시브)_(0.2g/1캡슐),646003630,,
,,,,급여,,,celecoxib,347701ACH,"고령자는 신기능, 간기능 및 특히 심기능이 저하되어 있을 가능성이 높으므로 고령자에게 이 약을 투여하는 경우 적절한 관찰이 요구됨. 시판후 조사에 의하면, 와파린과 이 약을 병용 투여한 환자에서 치명적일 수도 있는 프로트롬빈 시간의 연장과 관련된 중대한 출혈이 보고된 바 있으며, 특히 고령자에서 더 많이 보고됨.",(주)뉴젠팜,,,쎄레젠캡슐200mg(세레콕시브)_(0.2g/1캡슐),646203810,,
,,,,급여,,,celecoxib,347701ACH,"고령자는 신기능, 간기능 및 특히 심기능이 저하되어 있을 가능성이 높으므로 고령자에게 이 약을 투여하는 경우 적절한 관찰이 요구됨. 시판후 조사에 의하면, 와파린과 이 약을 병용 투여한 환자에서 치명적일 수도 있는 프로트롬빈 시간의 연장과 관련된 중대한 출혈이 보고된 바 있으며, 특히 고령자에서 더 많이 보고됨.",건일제약(주),,,쎌브록스캡슐200mg(세레콕시브)_(0.2g/1캡슐),646802680,,
,,,,급여,,,celecoxib,347701ACH,"고령자는 신기능, 간기능 및 특히 심기능이 저하되어 있을 가능성이 높으므로 고령자에게 이 약을 투여하는 경우 적절한 관찰이 요구됨. 시판후 조사에 의하면, 와파린과 이 약을 병용 투여한 환자에서 치명적일 수도 있는 프로트롬빈 시간의 연장과 관련된 중대한 출혈이 보고된 바 있으며, 특히 고령자에서 더 많이 보고됨.",한국코러스(주),,,쎄레브린캡슐200밀리그램(세레콕시브)_(0.2g/1캡슐),647203830,,
,,,,급여,,,celecoxib,347701ACH,"고령자는 신기능, 간기능 및 특히 심기능이 저하되어 있을 가능성이 높으므로 고령자에게 이 약을 투여하는 경우 적절한 관찰이 요구됨. 시판후 조사에 의하면, 와파린과 이 약을 병용 투여한 환자에서 치명적일 수도 있는 프로트롬빈 시간의 연장과 관련된 중대한 출혈이 보고된 바 있으며, 특히 고령자에서 더 많이 보고됨.",에이치엘비제약(주),,,씨트렉스캡슐200밀리그램(세레콕시브)_(0.2g/1캡슐),647302920,,
,,,,급여,,,celecoxib,347701ACH,"고령자는 신기능, 간기능 및 특히 심기능이 저하되어 있을 가능성이 높으므로 고령자에게 이 약을 투여하는 경우 적절한 관찰이 요구됨. 시판후 조사에 의하면, 와파린과 이 약을 병용 투여한 환자에서 치명적일 수도 있는 프로트롬빈 시간의 연장과 관련된 중대한 출혈이 보고된 바 있으며, 특히 고령자에서 더 많이 보고됨.",삼진제약(주),,,크리콕스캡슐200밀리그램(세레콕시브)_(0.2g/1캡슐),647803470,,
,,,,급여,,,celecoxib,347701ACH,"고령자는 신기능, 간기능 및 특히 심기능이 저하되어 있을 가능성이 높으므로 고령자에게 이 약을 투여하는 경우 적절한 관찰이 요구됨. 시판후 조사에 의하면, 와파린과 이 약을 병용 투여한 환자에서 치명적일 수도 있는 프로트롬빈 시간의 연장과 관련된 중대한 출혈이 보고된 바 있으며, 특히 고령자에서 더 많이 보고됨.",(주)유영제약,,,쎄레시브캡슐200mg(세레콕시브)_(0.2g/1캡슐),648203780,,
,,,,급여,,,celecoxib,347701ACH,"고령자는 신기능, 간기능 및 특히 심기능이 저하되어 있을 가능성이 높으므로 고령자에게 이 약을 투여하는 경우 적절한 관찰이 요구됨. 시판후 조사에 의하면, 와파린과 이 약을 병용 투여한 환자에서 치명적일 수도 있는 프로트롬빈 시간의 연장과 관련된 중대한 출혈이 보고된 바 있으며, 특히 고령자에서 더 많이 보고됨.",신풍제약(주),,,바로콕스캡슐200밀리그램(세레콕시브)_(0.2g/1캡슐),648507290,,
,,,,급여,,,celecoxib,347701ACH,"고령자는 신기능, 간기능 및 특히 심기능이 저하되어 있을 가능성이 높으므로 고령자에게 이 약을 투여하는 경우 적절한 관찰이 요구됨. 시판후 조사에 의하면, 와파린과 이 약을 병용 투여한 환자에서 치명적일 수도 있는 프로트롬빈 시간의 연장과 관련된 중대한 출혈이 보고된 바 있으며, 특히 고령자에서 더 많이 보고됨.",(주)씨엠지제약,,,씨콕스캡슐200mg(세레콕시브)_(0.2g/1캡슐),648603000,,
,,,,급여,,,celecoxib,347701ACH,"고령자는 신기능, 간기능 및 특히 심기능이 저하되어 있을 가능성이 높으므로 고령자에게 이 약을 투여하는 경우 적절한 관찰이 요구됨. 시판후 조사에 의하면, 와파린과 이 약을 병용 투여한 환자에서 치명적일 수도 있는 프로트롬빈 시간의 연장과 관련된 중대한 출혈이 보고된 바 있으며, 특히 고령자에서 더 많이 보고됨.",풍림무약(주),,,세렉시브캡슐200밀리그램(세레콕시브)_(0.2g/1캡슐),649002210,,
,,,,급여,,,celecoxib,347701ACH,"고령자는 신기능, 간기능 및 특히 심기능이 저하되어 있을 가능성이 높으므로 고령자에게 이 약을 투여하는 경우 적절한 관찰이 요구됨. 시판후 조사에 의하면, 와파린과 이 약을 병용 투여한 환자에서 치명적일 수도 있는 프로트롬빈 시간의 연장과 관련된 중대한 출혈이 보고된 바 있으며, 특히 고령자에서 더 많이 보고됨.",한국휴텍스제약(주),,,싸이브렉스캡슐(세레콕시브)_(0.2g/1캡슐),649102590,,
,,,,급여,,,celecoxib,347701ACH,"고령자는 신기능, 간기능 및 특히 심기능이 저하되어 있을 가능성이 높으므로 고령자에게 이 약을 투여하는 경우 적절한 관찰이 요구됨. 시판후 조사에 의하면, 와파린과 이 약을 병용 투여한 환자에서 치명적일 수도 있는 프로트롬빈 시간의 연장과 관련된 중대한 출혈이 보고된 바 있으며, 특히 고령자에서 더 많이 보고됨.",영일제약(주),,,쎄렉시브캡슐200mg(세레콕시브)_(0.2g/1캡슐),649404810,,
,,,,급여,,,celecoxib,347701ACH,"고령자는 신기능, 간기능 및 특히 심기능이 저하되어 있을 가능성이 높으므로 고령자에게 이 약을 투여하는 경우 적절한 관찰이 요구됨. 시판후 조사에 의하면, 와파린과 이 약을 병용 투여한 환자에서 치명적일 수도 있는 프로트롬빈 시간의 연장과 관련된 중대한 출혈이 보고된 바 있으며, 특히 고령자에서 더 많이 보고됨.",유니메드제약(주),,,콕스2캡슐(세레콕시브)_(0.2g/1캡슐),649506000,,
,,,,급여,,,celecoxib,347701ACH,"고령자는 신기능, 간기능 및 특히 심기능이 저하되어 있을 가능성이 높으므로 고령자에게 이 약을 투여하는 경우 적절한 관찰이 요구됨. 시판후 조사에 의하면, 와파린과 이 약을 병용 투여한 환자에서 치명적일 수도 있는 프로트롬빈 시간의 연장과 관련된 중대한 출혈이 보고된 바 있으며, 특히 고령자에서 더 많이 보고됨.",대우제약(주),,,쎌레브캡슐200밀리그램(세레콕시브)_(0.2g/1캡슐),649604440,,
,,,,급여,,,celecoxib,347701ACH,"고령자는 신기능, 간기능 및 특히 심기능이 저하되어 있을 가능성이 높으므로 고령자에게 이 약을 투여하는 경우 적절한 관찰이 요구됨. 시판후 조사에 의하면, 와파린과 이 약을 병용 투여한 환자에서 치명적일 수도 있는 프로트롬빈 시간의 연장과 관련된 중대한 출혈이 보고된 바 있으며, 특히 고령자에서 더 많이 보고됨.",지엘파마(주),,,세레콕신캡슐(세레콕시브)_(0.2g/1캡슐),649702170,,
,,,,급여,,,celecoxib,347701ACH,"고령자는 신기능, 간기능 및 특히 심기능이 저하되어 있을 가능성이 높으므로 고령자에게 이 약을 투여하는 경우 적절한 관찰이 요구됨. 시판후 조사에 의하면, 와파린과 이 약을 병용 투여한 환자에서 치명적일 수도 있는 프로트롬빈 시간의 연장과 관련된 중대한 출혈이 보고된 바 있으며, 특히 고령자에서 더 많이 보고됨.",명문제약(주),,,세레콕스캡슐(세레콕시브)_(0.2g/1캡슐),649806780,,
,,,,급여,,,celecoxib,347701ACH,"고령자는 신기능, 간기능 및 특히 심기능이 저하되어 있을 가능성이 높으므로 고령자에게 이 약을 투여하는 경우 적절한 관찰이 요구됨. 시판후 조사에 의하면, 와파린과 이 약을 병용 투여한 환자에서 치명적일 수도 있는 프로트롬빈 시간의 연장과 관련된 중대한 출혈이 보고된 바 있으며, 특히 고령자에서 더 많이 보고됨.",진양제약(주),,,쎄브렉스캡슐200밀리그램(세레콕시브)_(0.2g/1캡슐),650303280,,
,,,,급여,,,celecoxib,347701ACH,"고령자는 신기능, 간기능 및 특히 심기능이 저하되어 있을 가능성이 높으므로 고령자에게 이 약을 투여하는 경우 적절한 관찰이 요구됨. 시판후 조사에 의하면, 와파린과 이 약을 병용 투여한 환자에서 치명적일 수도 있는 프로트롬빈 시간의 연장과 관련된 중대한 출혈이 보고된 바 있으며, 특히 고령자에서 더 많이 보고됨.",삼천당제약(주),,,쎄레캅캡슐200밀리그램(세레콕시브)_(0.2g/1캡슐),651203580,,
,,,,급여,,,celecoxib,347701ACH,"고령자는 신기능, 간기능 및 특히 심기능이 저하되어 있을 가능성이 높으므로 고령자에게 이 약을 투여하는 경우 적절한 관찰이 요구됨. 시판후 조사에 의하면, 와파린과 이 약을 병용 투여한 환자에서 치명적일 수도 있는 프로트롬빈 시간의 연장과 관련된 중대한 출혈이 보고된 바 있으며, 특히 고령자에서 더 많이 보고됨.",(주)하원제약,,,세렉스캡슐(세레콕시브)_(0.2g/1캡슐),651503570,,
,,,,급여,,,celecoxib,347701ACH,"고령자는 신기능, 간기능 및 특히 심기능이 저하되어 있을 가능성이 높으므로 고령자에게 이 약을 투여하는 경우 적절한 관찰이 요구됨. 시판후 조사에 의하면, 와파린과 이 약을 병용 투여한 환자에서 치명적일 수도 있는 프로트롬빈 시간의 연장과 관련된 중대한 출혈이 보고된 바 있으며, 특히 고령자에서 더 많이 보고됨.",한화제약(주),,,콕스낙캡슐200mg(세레콕시브)_(0.2g/1캡슐),651601800,,
,,,,급여,,,celecoxib,347701ACH,"고령자는 신기능, 간기능 및 특히 심기능이 저하되어 있을 가능성이 높으므로 고령자에게 이 약을 투여하는 경우 적절한 관찰이 요구됨. 시판후 조사에 의하면, 와파린과 이 약을 병용 투여한 환자에서 치명적일 수도 있는 프로트롬빈 시간의 연장과 관련된 중대한 출혈이 보고된 바 있으며, 특히 고령자에서 더 많이 보고됨.",(주)한독,,,쎄렉스캡슐200밀리그램(세레콕시브)_(0.2g/1캡슐),652104850,,
,,,,급여,,,celecoxib,347701ACH,"고령자는 신기능, 간기능 및 특히 심기능이 저하되어 있을 가능성이 높으므로 고령자에게 이 약을 투여하는 경우 적절한 관찰이 요구됨. 시판후 조사에 의하면, 와파린과 이 약을 병용 투여한 환자에서 치명적일 수도 있는 프로트롬빈 시간의 연장과 관련된 중대한 출혈이 보고된 바 있으며, 특히 고령자에서 더 많이 보고됨.",알보젠코리아(주),,,쎌빅캡슐(세레콕시브)_(0.2g/1캡슐),652604120,,
,,,,급여,,,celecoxib,347701ACH,"고령자는 신기능, 간기능 및 특히 심기능이 저하되어 있을 가능성이 높으므로 고령자에게 이 약을 투여하는 경우 적절한 관찰이 요구됨. 시판후 조사에 의하면, 와파린과 이 약을 병용 투여한 환자에서 치명적일 수도 있는 프로트롬빈 시간의 연장과 관련된 중대한 출혈이 보고된 바 있으며, 특히 고령자에서 더 많이 보고됨.",(주)서울제약,,,셀록스캡슐(세레콕시브)_(0.2g/1캡슐),652903540,,
,,,,급여,,,celecoxib,347701ACH,"고령자는 신기능, 간기능 및 특히 심기능이 저하되어 있을 가능성이 높으므로 고령자에게 이 약을 투여하는 경우 적절한 관찰이 요구됨. 시판후 조사에 의하면, 와파린과 이 약을 병용 투여한 환자에서 치명적일 수도 있는 프로트롬빈 시간의 연장과 관련된 중대한 출혈이 보고된 바 있으며, 특히 고령자에서 더 많이 보고됨.",(주)한국파마,,,파마세레콕시브캡슐200mg_(0.2g/1캡슐),653005600,,
,,,,급여,,,celecoxib,347701ACH,"고령자는 신기능, 간기능 및 특히 심기능이 저하되어 있을 가능성이 높으므로 고령자에게 이 약을 투여하는 경우 적절한 관찰이 요구됨. 시판후 조사에 의하면, 와파린과 이 약을 병용 투여한 환자에서 치명적일 수도 있는 프로트롬빈 시간의 연장과 관련된 중대한 출혈이 보고된 바 있으며, 특히 고령자에서 더 많이 보고됨.",(주)비씨월드제약,,,쎄레티스캡슐200밀리그램(세레콕시브)_(0.2g/1캡슐),653102940,,
,,,,급여,,,celecoxib,347701ACH,"고령자는 신기능, 간기능 및 특히 심기능이 저하되어 있을 가능성이 높으므로 고령자에게 이 약을 투여하는 경우 적절한 관찰이 요구됨. 시판후 조사에 의하면, 와파린과 이 약을 병용 투여한 환자에서 치명적일 수도 있는 프로트롬빈 시간의 연장과 관련된 중대한 출혈이 보고된 바 있으며, 특히 고령자에서 더 많이 보고됨.",동국제약(주),,,셀브렉캡슐(세레콕시브)_(0.2g/1캡슐),653402450,,
,,,,급여,,,celecoxib,347701ACH,"고령자는 신기능, 간기능 및 특히 심기능이 저하되어 있을 가능성이 높으므로 고령자에게 이 약을 투여하는 경우 적절한 관찰이 요구됨. 시판후 조사에 의하면, 와파린과 이 약을 병용 투여한 환자에서 치명적일 수도 있는 프로트롬빈 시간의 연장과 관련된 중대한 출혈이 보고된 바 있으며, 특히 고령자에서 더 많이 보고됨.",신일제약(주),,,셀코빅스캡슐200밀리그램(세레콕시브)_(0.2g/1캡슐),653805250,,
,,,,급여,,,celecoxib,347701ACH,"고령자는 신기능, 간기능 및 특히 심기능이 저하되어 있을 가능성이 높으므로 고령자에게 이 약을 투여하는 경우 적절한 관찰이 요구됨. 시판후 조사에 의하면, 와파린과 이 약을 병용 투여한 환자에서 치명적일 수도 있는 프로트롬빈 시간의 연장과 관련된 중대한 출혈이 보고된 바 있으며, 특히 고령자에서 더 많이 보고됨.",아주약품(주),,,아나콕스캡슐200밀리그램(세레콕시브)_(0.2g/1캡슐),654004520,,
,,,,급여,,,celecoxib,347701ACH,"고령자는 신기능, 간기능 및 특히 심기능이 저하되어 있을 가능성이 높으므로 고령자에게 이 약을 투여하는 경우 적절한 관찰이 요구됨. 시판후 조사에 의하면, 와파린과 이 약을 병용 투여한 환자에서 치명적일 수도 있는 프로트롬빈 시간의 연장과 관련된 중대한 출혈이 보고된 바 있으며, 특히 고령자에서 더 많이 보고됨.",오스틴제약(주),,,뉴셀콕캡슐200mg(세레콕시브)_(0.2g/1캡슐),654305140,,
,,,,급여,,,celecoxib,347701ACH,"고령자는 신기능, 간기능 및 특히 심기능이 저하되어 있을 가능성이 높으므로 고령자에게 이 약을 투여하는 경우 적절한 관찰이 요구됨. 시판후 조사에 의하면, 와파린과 이 약을 병용 투여한 환자에서 치명적일 수도 있는 프로트롬빈 시간의 연장과 관련된 중대한 출혈이 보고된 바 있으며, 특히 고령자에서 더 많이 보고됨.",케이엠에스제약(주),,,켈콕시브캡슐200밀리그램(세레콕시브)_(0.2g/1캡슐),654701940,,
,,,,급여,,,celecoxib,347701ACH,"고령자는 신기능, 간기능 및 특히 심기능이 저하되어 있을 가능성이 높으므로 고령자에게 이 약을 투여하는 경우 적절한 관찰이 요구됨. 시판후 조사에 의하면, 와파린과 이 약을 병용 투여한 환자에서 치명적일 수도 있는 프로트롬빈 시간의 연장과 관련된 중대한 출혈이 보고된 바 있으며, 특히 고령자에서 더 많이 보고됨.",한올바이오파마(주),,,한콕스캡슐200mg(세레콕시브)_(0.2g/1캡슐),655604680,,
,,,,급여,,,celecoxib,347701ACH,"고령자는 신기능, 간기능 및 특히 심기능이 저하되어 있을 가능성이 높으므로 고령자에게 이 약을 투여하는 경우 적절한 관찰이 요구됨. 시판후 조사에 의하면, 와파린과 이 약을 병용 투여한 환자에서 치명적일 수도 있는 프로트롬빈 시간의 연장과 관련된 중대한 출혈이 보고된 바 있으며, 특히 고령자에서 더 많이 보고됨.",알리코제약(주),,,셀코브렉스캡슐200mg(세레콕시브)_(0.2g/1캡슐),656003920,,
,,,,급여,,,celecoxib,347701ACH,"고령자는 신기능, 간기능 및 특히 심기능이 저하되어 있을 가능성이 높으므로 고령자에게 이 약을 투여하는 경우 적절한 관찰이 요구됨. 시판후 조사에 의하면, 와파린과 이 약을 병용 투여한 환자에서 치명적일 수도 있는 프로트롬빈 시간의 연장과 관련된 중대한 출혈이 보고된 바 있으며, 특히 고령자에서 더 많이 보고됨.",(주)바스칸바이오제약,,,쎄브렉캡슐200밀리그램(세레콕시브)_(0.2g/1캡슐),656204600,,
,,,,급여,,,celecoxib,347701ACH,"고령자는 신기능, 간기능 및 특히 심기능이 저하되어 있을 가능성이 높으므로 고령자에게 이 약을 투여하는 경우 적절한 관찰이 요구됨. 시판후 조사에 의하면, 와파린과 이 약을 병용 투여한 환자에서 치명적일 수도 있는 프로트롬빈 시간의 연장과 관련된 중대한 출혈이 보고된 바 있으며, 특히 고령자에서 더 많이 보고됨.",한국넬슨제약(주),,,넬슨세레콕시브캡슐200밀리그램(세레콕시브)_(0.2g/1캡슐),656701950,,
,,,,급여,,,celecoxib,347701ACH,"고령자는 신기능, 간기능 및 특히 심기능이 저하되어 있을 가능성이 높으므로 고령자에게 이 약을 투여하는 경우 적절한 관찰이 요구됨. 시판후 조사에 의하면, 와파린과 이 약을 병용 투여한 환자에서 치명적일 수도 있는 프로트롬빈 시간의 연장과 관련된 중대한 출혈이 보고된 바 있으며, 특히 고령자에서 더 많이 보고됨.",(주)동구바이오제약,,,셀빅스캡슐(세레콕시브)_(0.2g/1캡슐),657306600,,
,,,,급여,,,celecoxib,347701ACH,"고령자는 신기능, 간기능 및 특히 심기능이 저하되어 있을 가능성이 높으므로 고령자에게 이 약을 투여하는 경우 적절한 관찰이 요구됨. 시판후 조사에 의하면, 와파린과 이 약을 병용 투여한 환자에서 치명적일 수도 있는 프로트롬빈 시간의 연장과 관련된 중대한 출혈이 보고된 바 있으며, 특히 고령자에서 더 많이 보고됨.",미래바이오제약(주),,,세리브콕스캡슐200mg(세레콕시브)_(0.2g/1캡슐),657502910,,
,,,,급여,,,celecoxib,347701ACH,"고령자는 신기능, 간기능 및 특히 심기능이 저하되어 있을 가능성이 높으므로 고령자에게 이 약을 투여하는 경우 적절한 관찰이 요구됨. 시판후 조사에 의하면, 와파린과 이 약을 병용 투여한 환자에서 치명적일 수도 있는 프로트롬빈 시간의 연장과 관련된 중대한 출혈이 보고된 바 있으며, 특히 고령자에서 더 많이 보고됨.",하나제약(주),,,쎌비트캡슐200밀리그램(세레콕시브)_(0.2g/1캡슐),657804680,,
,,,,급여,,,celecoxib,347701ACH,"고령자는 신기능, 간기능 및 특히 심기능이 저하되어 있을 가능성이 높으므로 고령자에게 이 약을 투여하는 경우 적절한 관찰이 요구됨. 시판후 조사에 의하면, 와파린과 이 약을 병용 투여한 환자에서 치명적일 수도 있는 프로트롬빈 시간의 연장과 관련된 중대한 출혈이 보고된 바 있으며, 특히 고령자에서 더 많이 보고됨.",(유)한풍제약,,,세레스캡슐200밀리그램(세레콕시브)_(0.2g/1캡슐),658107250,,
,,,,급여,,,celecoxib,347701ACH,"고령자는 신기능, 간기능 및 특히 심기능이 저하되어 있을 가능성이 높으므로 고령자에게 이 약을 투여하는 경우 적절한 관찰이 요구됨. 시판후 조사에 의하면, 와파린과 이 약을 병용 투여한 환자에서 치명적일 수도 있는 프로트롬빈 시간의 연장과 관련된 중대한 출혈이 보고된 바 있으며, 특히 고령자에서 더 많이 보고됨.",(주)비보존제약,,,셀레록스캡슐200mg(세레콕시브)_(0.2g/1캡슐),658202760,,
,,,,급여,,,celecoxib,347701ACH,"고령자는 신기능, 간기능 및 특히 심기능이 저하되어 있을 가능성이 높으므로 고령자에게 이 약을 투여하는 경우 적절한 관찰이 요구됨. 시판후 조사에 의하면, 와파린과 이 약을 병용 투여한 환자에서 치명적일 수도 있는 프로트롬빈 시간의 연장과 관련된 중대한 출혈이 보고된 바 있으며, 특히 고령자에서 더 많이 보고됨.",익수제약(주),,,픽콕스캡슐200mg(세레콕시브)_(0.2g/1캡슐),658501940,,
,,,,급여,,,celecoxib,347701ACH,"고령자는 신기능, 간기능 및 특히 심기능이 저하되어 있을 가능성이 높으므로 고령자에게 이 약을 투여하는 경우 적절한 관찰이 요구됨. 시판후 조사에 의하면, 와파린과 이 약을 병용 투여한 환자에서 치명적일 수도 있는 프로트롬빈 시간의 연장과 관련된 중대한 출혈이 보고된 바 있으며, 특히 고령자에서 더 많이 보고됨.",이연제약(주),,,셀브캡슐200밀리그램(세레콕시브)_(0.2g/1캡슐),658603810,,
,,,,급여,,,celecoxib,347701ACH,"고령자는 신기능, 간기능 및 특히 심기능이 저하되어 있을 가능성이 높으므로 고령자에게 이 약을 투여하는 경우 적절한 관찰이 요구됨. 시판후 조사에 의하면, 와파린과 이 약을 병용 투여한 환자에서 치명적일 수도 있는 프로트롬빈 시간의 연장과 관련된 중대한 출혈이 보고된 바 있으며, 특히 고령자에서 더 많이 보고됨.",위더스제약(주),,,위더콕스캡슐200밀리그램(세레콕시브)_(0.2g/1캡슐),660702800,,
,,,,급여,,,celecoxib,347701ACH,"고령자는 신기능, 간기능 및 특히 심기능이 저하되어 있을 가능성이 높으므로 고령자에게 이 약을 투여하는 경우 적절한 관찰이 요구됨. 시판후 조사에 의하면, 와파린과 이 약을 병용 투여한 환자에서 치명적일 수도 있는 프로트롬빈 시간의 연장과 관련된 중대한 출혈이 보고된 바 있으며, 특히 고령자에서 더 많이 보고됨.",영풍제약(주),,,쎄레콕스캡슐200밀리그램(세레콕시브)_(0.2g/1캡슐),661903990,,
,,,,급여,,,celecoxib,347701ACH,"고령자는 신기능, 간기능 및 특히 심기능이 저하되어 있을 가능성이 높으므로 고령자에게 이 약을 투여하는 경우 적절한 관찰이 요구됨. 시판후 조사에 의하면, 와파린과 이 약을 병용 투여한 환자에서 치명적일 수도 있는 프로트롬빈 시간의 연장과 관련된 중대한 출혈이 보고된 바 있으며, 특히 고령자에서 더 많이 보고됨.",(주)넥스팜코리아,,,쎄넥스캡슐(세레콕시브)_(0.2g/1캡슐),662502710,,
,,,,급여,,,celecoxib,347701ACH,"고령자는 신기능, 간기능 및 특히 심기능이 저하되어 있을 가능성이 높으므로 고령자에게 이 약을 투여하는 경우 적절한 관찰이 요구됨. 시판후 조사에 의하면, 와파린과 이 약을 병용 투여한 환자에서 치명적일 수도 있는 프로트롬빈 시간의 연장과 관련된 중대한 출혈이 보고된 바 있으며, 특히 고령자에서 더 많이 보고됨.",한국프라임제약(주),,,세레벡스캡슐(세레콕시브)_(0.2g/1캡슐),663606520,,
,,,,급여,,,celecoxib,347701ACH,"고령자는 신기능, 간기능 및 특히 심기능이 저하되어 있을 가능성이 높으므로 고령자에게 이 약을 투여하는 경우 적절한 관찰이 요구됨. 시판후 조사에 의하면, 와파린과 이 약을 병용 투여한 환자에서 치명적일 수도 있는 프로트롬빈 시간의 연장과 관련된 중대한 출혈이 보고된 바 있으며, 특히 고령자에서 더 많이 보고됨.",성원애드콕제약(주),,,세렉실캡슐(세레콕시브)_(0.2g/1캡슐),664901090,,
,,,,급여,,,celecoxib,347701ACH,"고령자는 신기능, 간기능 및 특히 심기능이 저하되어 있을 가능성이 높으므로 고령자에게 이 약을 투여하는 경우 적절한 관찰이 요구됨. 시판후 조사에 의하면, 와파린과 이 약을 병용 투여한 환자에서 치명적일 수도 있는 프로트롬빈 시간의 연장과 관련된 중대한 출혈이 보고된 바 있으며, 특히 고령자에서 더 많이 보고됨.",(주)경보제약,,,브렉시브캡슐(세레콕시브)_(0.2g/1캡슐),665001910,,
,,,,급여,,,celecoxib,347701ACH,"고령자는 신기능, 간기능 및 특히 심기능이 저하되어 있을 가능성이 높으므로 고령자에게 이 약을 투여하는 경우 적절한 관찰이 요구됨. 시판후 조사에 의하면, 와파린과 이 약을 병용 투여한 환자에서 치명적일 수도 있는 프로트롬빈 시간의 연장과 관련된 중대한 출혈이 보고된 바 있으며, 특히 고령자에서 더 많이 보고됨.",한국유니온제약(주),,,유니브렉스캡슐(세레콕시브)_(0.2g/1캡슐),665506650,,
,,,,급여,,,celecoxib,347701ACH,"고령자는 신기능, 간기능 및 특히 심기능이 저하되어 있을 가능성이 높으므로 고령자에게 이 약을 투여하는 경우 적절한 관찰이 요구됨. 시판후 조사에 의하면, 와파린과 이 약을 병용 투여한 환자에서 치명적일 수도 있는 프로트롬빈 시간의 연장과 관련된 중대한 출혈이 보고된 바 있으며, 특히 고령자에서 더 많이 보고됨.",(주)씨티씨바이오,,,셀콕브렉스캡슐200mg(세레콕시브)_(0.2g/1캡슐),669502520,,
,,,,급여,,,celecoxib,347701ACH,"고령자는 신기능, 간기능 및 특히 심기능이 저하되어 있을 가능성이 높으므로 고령자에게 이 약을 투여하는 경우 적절한 관찰이 요구됨. 시판후 조사에 의하면, 와파린과 이 약을 병용 투여한 환자에서 치명적일 수도 있는 프로트롬빈 시간의 연장과 관련된 중대한 출혈이 보고된 바 있으며, 특히 고령자에서 더 많이 보고됨.",(주)아이월드제약,,,아이셀콕캡슐200밀리그램(세레콕시브)_(0.2g/1캡슐),669604780,,
,,,,급여,,,celecoxib,347701ACH,"고령자는 신기능, 간기능 및 특히 심기능이 저하되어 있을 가능성이 높으므로 고령자에게 이 약을 투여하는 경우 적절한 관찰이 요구됨. 시판후 조사에 의하면, 와파린과 이 약을 병용 투여한 환자에서 치명적일 수도 있는 프로트롬빈 시간의 연장과 관련된 중대한 출혈이 보고된 바 있으며, 특히 고령자에서 더 많이 보고됨.",구주제약(주),,,쎄레메드캡슐(세레콕시브)_(0.2g/1캡슐),669804490,,
,,,,급여,,,celecoxib,347701ACH,"고령자는 신기능, 간기능 및 특히 심기능이 저하되어 있을 가능성이 높으므로 고령자에게 이 약을 투여하는 경우 적절한 관찰이 요구됨. 시판후 조사에 의하면, 와파린과 이 약을 병용 투여한 환자에서 치명적일 수도 있는 프로트롬빈 시간의 연장과 관련된 중대한 출혈이 보고된 바 있으며, 특히 고령자에서 더 많이 보고됨.",대한뉴팜(주),,,셀렉콕캡슐200mg(세레콕시브)_(0.2g/1캡슐),669906100,,
,,,,급여,,,celecoxib,347701ACH,"고령자는 신기능, 간기능 및 특히 심기능이 저하되어 있을 가능성이 높으므로 고령자에게 이 약을 투여하는 경우 적절한 관찰이 요구됨. 시판후 조사에 의하면, 와파린과 이 약을 병용 투여한 환자에서 치명적일 수도 있는 프로트롬빈 시간의 연장과 관련된 중대한 출혈이 보고된 바 있으며, 특히 고령자에서 더 많이 보고됨.",(주)팜젠사이언스,,,쎌레코캡슐(세레콕시브)_(0.2g/1캡슐),670103680,,
,,,,급여,,,celecoxib,347701ACH,"고령자는 신기능, 간기능 및 특히 심기능이 저하되어 있을 가능성이 높으므로 고령자에게 이 약을 투여하는 경우 적절한 관찰이 요구됨. 시판후 조사에 의하면, 와파린과 이 약을 병용 투여한 환자에서 치명적일 수도 있는 프로트롬빈 시간의 연장과 관련된 중대한 출혈이 보고된 바 있으며, 특히 고령자에서 더 많이 보고됨.",코오롱제약(주),,,셀레코캡슐200밀리그램(세레콕시브)_(0.2g/1캡슐),670304750,,
,,,,급여,,,celecoxib,347701ACH,"고령자는 신기능, 간기능 및 특히 심기능이 저하되어 있을 가능성이 높으므로 고령자에게 이 약을 투여하는 경우 적절한 관찰이 요구됨. 시판후 조사에 의하면, 와파린과 이 약을 병용 투여한 환자에서 치명적일 수도 있는 프로트롬빈 시간의 연장과 관련된 중대한 출혈이 보고된 바 있으며, 특히 고령자에서 더 많이 보고됨.",(주)보령바이오파마,,,씨엘콕스캡슐200밀리그램(세레콕시브)_(0.2g/1캡슐),670501470,,
,,,,급여,,,celecoxib,347701ACH,"고령자는 신기능, 간기능 및 특히 심기능이 저하되어 있을 가능성이 높으므로 고령자에게 이 약을 투여하는 경우 적절한 관찰이 요구됨. 시판후 조사에 의하면, 와파린과 이 약을 병용 투여한 환자에서 치명적일 수도 있는 프로트롬빈 시간의 연장과 관련된 중대한 출혈이 보고된 바 있으며, 특히 고령자에서 더 많이 보고됨.",(주)휴온스,,,세레온캡슐(세레콕시브)_(0.2g/1캡슐),670607090,,
,,,,급여,,,celecoxib,347701ACH,"고령자는 신기능, 간기능 및 특히 심기능이 저하되어 있을 가능성이 높으므로 고령자에게 이 약을 투여하는 경우 적절한 관찰이 요구됨. 시판후 조사에 의하면, 와파린과 이 약을 병용 투여한 환자에서 치명적일 수도 있는 프로트롬빈 시간의 연장과 관련된 중대한 출혈이 보고된 바 있으며, 특히 고령자에서 더 많이 보고됨.",초당약품공업(주),,,쎄레프로캡슐200mg(세레콕시브)_(0.2g/1캡슐),670701790,,
,,,,급여,,,celecoxib,347701ACH,"고령자는 신기능, 간기능 및 특히 심기능이 저하되어 있을 가능성이 높으므로 고령자에게 이 약을 투여하는 경우 적절한 관찰이 요구됨. 시판후 조사에 의하면, 와파린과 이 약을 병용 투여한 환자에서 치명적일 수도 있는 프로트롬빈 시간의 연장과 관련된 중대한 출혈이 보고된 바 있으며, 특히 고령자에서 더 많이 보고됨.",주식회사제뉴원사이언스,,,제뉴원세레콕시브캡슐200밀리그램(세레콕시브)_(0.2g/1캡슐),671703310,,
,,,,급여,,,celecoxib,347701ACH,"고령자는 신기능, 간기능 및 특히 심기능이 저하되어 있을 가능성이 높으므로 고령자에게 이 약을 투여하는 경우 적절한 관찰이 요구됨. 시판후 조사에 의하면, 와파린과 이 약을 병용 투여한 환자에서 치명적일 수도 있는 프로트롬빈 시간의 연장과 관련된 중대한 출혈이 보고된 바 있으며, 특히 고령자에서 더 많이 보고됨.",대원제약(주),,,엔쎄콕캡슐200mg(세레콕시브)_(0.2g/1캡슐),671805020,,
,,,,급여,,,celecoxib,347701ACH,"고령자는 신기능, 간기능 및 특히 심기능이 저하되어 있을 가능성이 높으므로 고령자에게 이 약을 투여하는 경우 적절한 관찰이 요구됨. 시판후 조사에 의하면, 와파린과 이 약을 병용 투여한 환자에서 치명적일 수도 있는 프로트롬빈 시간의 연장과 관련된 중대한 출혈이 보고된 바 있으며, 특히 고령자에서 더 많이 보고됨.",아이큐어(주),,,세코브캡슐200밀리그램(세레콕시브)_(0.2g/1캡슐),674400860,,
,,,,급여,,,celecoxib,347701ACH,"고령자는 신기능, 간기능 및 특히 심기능이 저하되어 있을 가능성이 높으므로 고령자에게 이 약을 투여하는 경우 적절한 관찰이 요구됨. 시판후 조사에 의하면, 와파린과 이 약을 병용 투여한 환자에서 치명적일 수도 있는 프로트롬빈 시간의 연장과 관련된 중대한 출혈이 보고된 바 있으며, 특히 고령자에서 더 많이 보고됨.",(주)다산제약,,,세레코브캡슐200밀리그램(세레콕시브)_(0.2g/1캡슐),678601080,,
,,,,급여,,,celecoxib,347701ACH,"고령자는 신기능, 간기능 및 특히 심기능이 저하되어 있을 가능성이 높으므로 고령자에게 이 약을 투여하는 경우 적절한 관찰이 요구됨. 시판후 조사에 의하면, 와파린과 이 약을 병용 투여한 환자에서 치명적일 수도 있는 프로트롬빈 시간의 연장과 관련된 중대한 출혈이 보고된 바 있으며, 특히 고령자에서 더 많이 보고됨.",화일약품(주),,,뉴브렉스캡슐200mg(세레콕시브)_(0.2g/1캡슐),684501190,,
,,,,급여,,,celecoxib,347701ACH,"고령자는 신기능, 간기능 및 특히 심기능이 저하되어 있을 가능성이 높으므로 고령자에게 이 약을 투여하는 경우 적절한 관찰이 요구됨. 시판후 조사에 의하면, 와파린과 이 약을 병용 투여한 환자에서 치명적일 수도 있는 프로트롬빈 시간의 연장과 관련된 중대한 출혈이 보고된 바 있으며, 특히 고령자에서 더 많이 보고됨.",(주)시어스제약,,,델콕스캡슐200밀리그램(세레콕시브)_(0.2g/1캡슐),689000640,,
,,,,급여,,,celecoxib,347701ACH,"고령자는 신기능, 간기능 및 특히 심기능이 저하되어 있을 가능성이 높으므로 고령자에게 이 약을 투여하는 경우 적절한 관찰이 요구됨. 시판후 조사에 의하면, 와파린과 이 약을 병용 투여한 환자에서 치명적일 수도 있는 프로트롬빈 시간의 연장과 관련된 중대한 출혈이 보고된 바 있으며, 특히 고령자에서 더 많이 보고됨.",(주)한국글로벌제약,,,콕스그린캡슐200밀리그램(세레콕시브)_(0.2g/1캡슐),693201510,,
,,,,급여,,,celecoxib,347701ACH,"고령자는 신기능, 간기능 및 특히 심기능이 저하되어 있을 가능성이 높으므로 고령자에게 이 약을 투여하는 경우 적절한 관찰이 요구됨. 시판후 조사에 의하면, 와파린과 이 약을 병용 투여한 환자에서 치명적일 수도 있는 프로트롬빈 시간의 연장과 관련된 중대한 출혈이 보고된 바 있으며, 특히 고령자에서 더 많이 보고됨.",(주)셀트리온제약,,,세레브캡슐200밀리그램(세레콕시브)_(0.2g/1캡슐),693901400,,
,,,,급여,,,celecoxib,347701ACH,"고령자는 신기능, 간기능 및 특히 심기능이 저하되어 있을 가능성이 높으므로 고령자에게 이 약을 투여하는 경우 적절한 관찰이 요구됨. 시판후 조사에 의하면, 와파린과 이 약을 병용 투여한 환자에서 치명적일 수도 있는 프로트롬빈 시간의 연장과 관련된 중대한 출혈이 보고된 바 있으며, 특히 고령자에서 더 많이 보고됨.",대웅바이오(주),,,베아콕시브캡슐200밀리그램(세레콕시브)_(0.2g/1캡슐),694000820,,
,,,,급여,,,celecoxib,347701ACH,"고령자는 신기능, 간기능 및 특히 심기능이 저하되어 있을 가능성이 높으므로 고령자에게 이 약을 투여하는 경우 적절한 관찰이 요구됨. 시판후 조사에 의하면, 와파린과 이 약을 병용 투여한 환자에서 치명적일 수도 있는 프로트롬빈 시간의 연장과 관련된 중대한 출혈이 보고된 바 있으며, 특히 고령자에서 더 많이 보고됨.",일양바이오팜(주),,,일양바이오세레콕시브캡슐200밀리그램_(0.2g/1캡슐),696601120,,
,,,,급여,,,celecoxib,347701ACH,"고령자는 신기능, 간기능 및 특히 심기능이 저하되어 있을 가능성이 높으므로 고령자에게 이 약을 투여하는 경우 적절한 관찰이 요구됨. 시판후 조사에 의하면, 와파린과 이 약을 병용 투여한 환자에서 치명적일 수도 있는 프로트롬빈 시간의 연장과 관련된 중대한 출혈이 보고된 바 있으며, 특히 고령자에서 더 많이 보고됨.",(주)한국피엠지제약,,,랙시브캡슐200밀리그램(세레콕시브)_(0.2g/1캡슐),697100660,,
,,,,급여,,,celecoxib,347701ACH,"고령자는 신기능, 간기능 및 특히 심기능이 저하되어 있을 가능성이 높으므로 고령자에게 이 약을 투여하는 경우 적절한 관찰이 요구됨. 시판후 조사에 의하면, 와파린과 이 약을 병용 투여한 환자에서 치명적일 수도 있는 프로트롬빈 시간의 연장과 관련된 중대한 출혈이 보고된 바 있으며, 특히 고령자에서 더 많이 보고됨.",(주)테라젠이텍스,,,쎄레민캡슐(세레콕시브)_(0.2g/1캡슐),698502870,,
,,,,급여,,,celecoxib,347701ATB,"고령자는 신기능, 간기능 및 특히 심기능이 저하되어 있을 가능성이 높으므로 고령자에게 이 약을 투여하는 경우 적절한 관찰이 요구됨. 시판후 조사에 의하면, 와파린과 이 약을 병용 투여한 환자에서 치명적일 수도 있는 프로트롬빈 시간의 연장과 관련된 중대한 출혈이 보고된 바 있으며, 특히 고령자에서 더 많이 보고됨.",영진약품(주),,,쎄레본정200밀리그램(세레콕시브)_(0.2g/1정),642403940,,
,,,,급여,,,celecoxib,347701ATB,"고령자는 신기능, 간기능 및 특히 심기능이 저하되어 있을 가능성이 높으므로 고령자에게 이 약을 투여하는 경우 적절한 관찰이 요구됨. 시판후 조사에 의하면, 와파린과 이 약을 병용 투여한 환자에서 치명적일 수도 있는 프로트롬빈 시간의 연장과 관련된 중대한 출혈이 보고된 바 있으며, 특히 고령자에서 더 많이 보고됨.",일동제약(주),,,쎄레원정200밀리그램(세레콕시브)_(0.2g/1정),642905310,,
,,,,급여,,,celecoxib,347701ATB,"고령자는 신기능, 간기능 및 특히 심기능이 저하되어 있을 가능성이 높으므로 고령자에게 이 약을 투여하는 경우 적절한 관찰이 요구됨. 시판후 조사에 의하면, 와파린과 이 약을 병용 투여한 환자에서 치명적일 수도 있는 프로트롬빈 시간의 연장과 관련된 중대한 출혈이 보고된 바 있으며, 특히 고령자에서 더 많이 보고됨.",한림제약(주),,,쎄레브이정200밀리그램(세레콕시브)_(0.2g/1정),645305160,,
,,,,급여,,,celecoxib,347701ATB,"고령자는 신기능, 간기능 및 특히 심기능이 저하되어 있을 가능성이 높으므로 고령자에게 이 약을 투여하는 경우 적절한 관찰이 요구됨. 시판후 조사에 의하면, 와파린과 이 약을 병용 투여한 환자에서 치명적일 수도 있는 프로트롬빈 시간의 연장과 관련된 중대한 출혈이 보고된 바 있으며, 특히 고령자에서 더 많이 보고됨.",경동제약(주),,,셀렉카정200밀리그램(세레콕시브)_(0.2g/1정),648103540,,
,,,,급여,,,celecoxib,347701ATB,"고령자는 신기능, 간기능 및 특히 심기능이 저하되어 있을 가능성이 높으므로 고령자에게 이 약을 투여하는 경우 적절한 관찰이 요구됨. 시판후 조사에 의하면, 와파린과 이 약을 병용 투여한 환자에서 치명적일 수도 있는 프로트롬빈 시간의 연장과 관련된 중대한 출혈이 보고된 바 있으며, 특히 고령자에서 더 많이 보고됨.",(주)새한제약,,,뉴콕시브정200밀리그램(세레콕시브)_(0.2g/1정),651300820,,
,,,,급여,,,celecoxib,347701ATB,"고령자는 신기능, 간기능 및 특히 심기능이 저하되어 있을 가능성이 높으므로 고령자에게 이 약을 투여하는 경우 적절한 관찰이 요구됨. 시판후 조사에 의하면, 와파린과 이 약을 병용 투여한 환자에서 치명적일 수도 있는 프로트롬빈 시간의 연장과 관련된 중대한 출혈이 보고된 바 있으며, 특히 고령자에서 더 많이 보고됨.",환인제약(주),,,쎌콕정200밀리그램(세레콕시브)_(0.2g/1정),657202780,,
,,,,급여,,,celecoxib,347702ACH,"고령자는 신기능, 간기능 및 특히 심기능이 저하되어 있을 가능성이 높으므로 고령자에게 이 약을 투여하는 경우 적절한 관찰이 요구됨. 시판후 조사에 의하면, 와파린과 이 약을 병용 투여한 환자에서 치명적일 수도 있는 프로트롬빈 시간의 연장과 관련된 중대한 출혈이 보고된 바 있으며, 특히 고령자에서 더 많이 보고됨.",(주)인트로바이오파마,,,메디브렉스캡슐100mg(세레콕시브)_(0.1g/1캡슐),52400960,,
,,,,급여,,,celecoxib,347702ACH,"고령자는 신기능, 간기능 및 특히 심기능이 저하되어 있을 가능성이 높으므로 고령자에게 이 약을 투여하는 경우 적절한 관찰이 요구됨. 시판후 조사에 의하면, 와파린과 이 약을 병용 투여한 환자에서 치명적일 수도 있는 프로트롬빈 시간의 연장과 관련된 중대한 출혈이 보고된 바 있으며, 특히 고령자에서 더 많이 보고됨.",(주)중헌제약,,,콕시원캡슐100밀리그램(세레콕시브)_(0.1g/1캡슐),53301130,,
,,,,급여,,,celecoxib,347702ACH,"고령자는 신기능, 간기능 및 특히 심기능이 저하되어 있을 가능성이 높으므로 고령자에게 이 약을 투여하는 경우 적절한 관찰이 요구됨. 시판후 조사에 의하면, 와파린과 이 약을 병용 투여한 환자에서 치명적일 수도 있는 프로트롬빈 시간의 연장과 관련된 중대한 출혈이 보고된 바 있으며, 특히 고령자에서 더 많이 보고됨.",엔비케이제약(주),,,세비콕캡슐100밀리그램(세레콕시브)_(0.1g/1캡슐),54800780,,
,,,,급여,,,celecoxib,347702ACH,"고령자는 신기능, 간기능 및 특히 심기능이 저하되어 있을 가능성이 높으므로 고령자에게 이 약을 투여하는 경우 적절한 관찰이 요구됨. 시판후 조사에 의하면, 와파린과 이 약을 병용 투여한 환자에서 치명적일 수도 있는 프로트롬빈 시간의 연장과 관련된 중대한 출혈이 보고된 바 있으며, 특히 고령자에서 더 많이 보고됨.",대원바이오텍주식회사,,,진브렉스캡슐100밀리그램(세레콕시브)_(0.1g/1캡슐),57600710,,
,,,,급여,,,celecoxib,347702ACH,"고령자는 신기능, 간기능 및 특히 심기능이 저하되어 있을 가능성이 높으므로 고령자에게 이 약을 투여하는 경우 적절한 관찰이 요구됨. 시판후 조사에 의하면, 와파린과 이 약을 병용 투여한 환자에서 치명적일 수도 있는 프로트롬빈 시간의 연장과 관련된 중대한 출혈이 보고된 바 있으며, 특히 고령자에서 더 많이 보고됨.",주식회사케이에스제약,,,세레윈캡슐100밀리그램(세레콕시브)_(0.1g/1캡슐),59000480,,
,,,,급여,,,celecoxib,347702ACH,"고령자는 신기능, 간기능 및 특히 심기능이 저하되어 있을 가능성이 높으므로 고령자에게 이 약을 투여하는 경우 적절한 관찰이 요구됨. 시판후 조사에 의하면, 와파린과 이 약을 병용 투여한 환자에서 치명적일 수도 있는 프로트롬빈 시간의 연장과 관련된 중대한 출혈이 보고된 바 있으며, 특히 고령자에서 더 많이 보고됨.",(주)킴스제약,,,세콕시아캡슐100mg(세레콕시브)_(0.1g/1캡슐),59600490,,
,,,,급여,,,celecoxib,347702ACH,"고령자는 신기능, 간기능 및 특히 심기능이 저하되어 있을 가능성이 높으므로 고령자에게 이 약을 투여하는 경우 적절한 관찰이 요구됨. 시판후 조사에 의하면, 와파린과 이 약을 병용 투여한 환자에서 치명적일 수도 있는 프로트롬빈 시간의 연장과 관련된 중대한 출혈이 보고된 바 있으며, 특히 고령자에서 더 많이 보고됨.",(주)엘앤씨바이오,,,메가콕시브캡슐100밀리그램(세레콕시브)_(0.1g/1캡슐),60500530,,
,,,,급여,,,celecoxib,347702ACH,"고령자는 신기능, 간기능 및 특히 심기능이 저하되어 있을 가능성이 높으므로 고령자에게 이 약을 투여하는 경우 적절한 관찰이 요구됨. 시판후 조사에 의하면, 와파린과 이 약을 병용 투여한 환자에서 치명적일 수도 있는 프로트롬빈 시간의 연장과 관련된 중대한 출혈이 보고된 바 있으며, 특히 고령자에서 더 많이 보고됨.",비아트리스코리아(주),,,쎄레브렉스캡슐100밀리그램(세레콕시브)_(0.1g/1캡슐),73400290,,
,,,,급여,,,celecoxib,347702ACH,"고령자는 신기능, 간기능 및 특히 심기능이 저하되어 있을 가능성이 높으므로 고령자에게 이 약을 투여하는 경우 적절한 관찰이 요구됨. 시판후 조사에 의하면, 와파린과 이 약을 병용 투여한 환자에서 치명적일 수도 있는 프로트롬빈 시간의 연장과 관련된 중대한 출혈이 보고된 바 있으며, 특히 고령자에서 더 많이 보고됨.",(주)이든파마,,,쎄렉스타캡슐100mg(세레콕시브)_(0.1g/1캡슐),628900540,,
,,,,급여,,,celecoxib,347702ACH,"고령자는 신기능, 간기능 및 특히 심기능이 저하되어 있을 가능성이 높으므로 고령자에게 이 약을 투여하는 경우 적절한 관찰이 요구됨. 시판후 조사에 의하면, 와파린과 이 약을 병용 투여한 환자에서 치명적일 수도 있는 프로트롬빈 시간의 연장과 관련된 중대한 출혈이 보고된 바 있으며, 특히 고령자에서 더 많이 보고됨.",(주)대웅제약,,,쎄레노직캡슐100밀리그램(세레콕시브)_(0.1g/1캡슐),641606180,,
,,,,급여,,,celecoxib,347702ACH,"고령자는 신기능, 간기능 및 특히 심기능이 저하되어 있을 가능성이 높으므로 고령자에게 이 약을 투여하는 경우 적절한 관찰이 요구됨. 시판후 조사에 의하면, 와파린과 이 약을 병용 투여한 환자에서 치명적일 수도 있는 프로트롬빈 시간의 연장과 관련된 중대한 출혈이 보고된 바 있으며, 특히 고령자에서 더 많이 보고됨.",(주)종근당,,,콕스비토캡슐100밀리그램(세레콕시브)_(0.1g/1캡슐),643306910,,
,,,,급여,,,celecoxib,347702ACH,"고령자는 신기능, 간기능 및 특히 심기능이 저하되어 있을 가능성이 높으므로 고령자에게 이 약을 투여하는 경우 적절한 관찰이 요구됨. 시판후 조사에 의하면, 와파린과 이 약을 병용 투여한 환자에서 치명적일 수도 있는 프로트롬빈 시간의 연장과 관련된 중대한 출혈이 보고된 바 있으며, 특히 고령자에서 더 많이 보고됨.",한미약품(주),,,콕시브캡슐100밀리그램(세레콕시브)_(0.1g/1캡슐),643507070,,
,,,,급여,,,celecoxib,347702ACH,"고령자는 신기능, 간기능 및 특히 심기능이 저하되어 있을 가능성이 높으므로 고령자에게 이 약을 투여하는 경우 적절한 관찰이 요구됨. 시판후 조사에 의하면, 와파린과 이 약을 병용 투여한 환자에서 치명적일 수도 있는 프로트롬빈 시간의 연장과 관련된 중대한 출혈이 보고된 바 있으며, 특히 고령자에서 더 많이 보고됨.",국제약품(주),,,셀렉시브캡슐100mg(세레콕시브)_(0.1g/1캡슐),643704670,,
,,,,급여,,,celecoxib,347702ACH,"고령자는 신기능, 간기능 및 특히 심기능이 저하되어 있을 가능성이 높으므로 고령자에게 이 약을 투여하는 경우 적절한 관찰이 요구됨. 시판후 조사에 의하면, 와파린과 이 약을 병용 투여한 환자에서 치명적일 수도 있는 프로트롬빈 시간의 연장과 관련된 중대한 출혈이 보고된 바 있으며, 특히 고령자에서 더 많이 보고됨.",제이더블유중외제약(주),,,제이브렉스캡슐100밀리그램(세레콕시브)_(0.1g/1캡슐),644914180,,
,,,,급여,,,celecoxib,347702ACH,"고령자는 신기능, 간기능 및 특히 심기능이 저하되어 있을 가능성이 높으므로 고령자에게 이 약을 투여하는 경우 적절한 관찰이 요구됨. 시판후 조사에 의하면, 와파린과 이 약을 병용 투여한 환자에서 치명적일 수도 있는 프로트롬빈 시간의 연장과 관련된 중대한 출혈이 보고된 바 있으며, 특히 고령자에서 더 많이 보고됨.",한림제약(주),,,쎄레브이캡슐100밀리그램(세레콕시브)_(0.1g/1캡슐),645305870,,
,,,,급여,,,celecoxib,347702ACH,"고령자는 신기능, 간기능 및 특히 심기능이 저하되어 있을 가능성이 높으므로 고령자에게 이 약을 투여하는 경우 적절한 관찰이 요구됨. 시판후 조사에 의하면, 와파린과 이 약을 병용 투여한 환자에서 치명적일 수도 있는 프로트롬빈 시간의 연장과 관련된 중대한 출혈이 보고된 바 있으며, 특히 고령자에서 더 많이 보고됨.",동광제약(주),,,동광세레콕시브캡슐100mg_(0.1g/1캡슐),645906760,,
,,,,급여,,,celecoxib,347702ACH,"고령자는 신기능, 간기능 및 특히 심기능이 저하되어 있을 가능성이 높으므로 고령자에게 이 약을 투여하는 경우 적절한 관찰이 요구됨. 시판후 조사에 의하면, 와파린과 이 약을 병용 투여한 환자에서 치명적일 수도 있는 프로트롬빈 시간의 연장과 관련된 중대한 출혈이 보고된 바 있으며, 특히 고령자에서 더 많이 보고됨.",(주)메디카코리아,,,셀콕스캡슐100밀리그램(세레콕시브)_(0.1g/1캡슐),646004970,,
,,,,급여,,,celecoxib,347702ACH,"고령자는 신기능, 간기능 및 특히 심기능이 저하되어 있을 가능성이 높으므로 고령자에게 이 약을 투여하는 경우 적절한 관찰이 요구됨. 시판후 조사에 의하면, 와파린과 이 약을 병용 투여한 환자에서 치명적일 수도 있는 프로트롬빈 시간의 연장과 관련된 중대한 출혈이 보고된 바 있으며, 특히 고령자에서 더 많이 보고됨.",에이치엘비제약(주),,,씨트렉스캡슐100밀리그램(세레콕시브)_(0.1g/1캡슐),647304120,,
,,,,급여,,,celecoxib,347702ACH,"고령자는 신기능, 간기능 및 특히 심기능이 저하되어 있을 가능성이 높으므로 고령자에게 이 약을 투여하는 경우 적절한 관찰이 요구됨. 시판후 조사에 의하면, 와파린과 이 약을 병용 투여한 환자에서 치명적일 수도 있는 프로트롬빈 시간의 연장과 관련된 중대한 출혈이 보고된 바 있으며, 특히 고령자에서 더 많이 보고됨.",삼진제약(주),,,크리콕스캡슐100밀리그램(세레콕시브)_(0.1g/1캡슐),647804260,,
,,,,급여,,,celecoxib,347702ACH,"고령자는 신기능, 간기능 및 특히 심기능이 저하되어 있을 가능성이 높으므로 고령자에게 이 약을 투여하는 경우 적절한 관찰이 요구됨. 시판후 조사에 의하면, 와파린과 이 약을 병용 투여한 환자에서 치명적일 수도 있는 프로트롬빈 시간의 연장과 관련된 중대한 출혈이 보고된 바 있으며, 특히 고령자에서 더 많이 보고됨.",(주)유영제약,,,쎄레시브캡슐100밀리그램(세레콕시브)_(0.1g/1캡슐),648204310,,
,,,,급여,,,celecoxib,347702ACH,"고령자는 신기능, 간기능 및 특히 심기능이 저하되어 있을 가능성이 높으므로 고령자에게 이 약을 투여하는 경우 적절한 관찰이 요구됨. 시판후 조사에 의하면, 와파린과 이 약을 병용 투여한 환자에서 치명적일 수도 있는 프로트롬빈 시간의 연장과 관련된 중대한 출혈이 보고된 바 있으며, 특히 고령자에서 더 많이 보고됨.",풍림무약(주),,,세렉시브캡슐100밀리그램(세레콕시브)_(0.1g/1캡슐),649002200,,
,,,,급여,,,celecoxib,347702ACH,"고령자는 신기능, 간기능 및 특히 심기능이 저하되어 있을 가능성이 높으므로 고령자에게 이 약을 투여하는 경우 적절한 관찰이 요구됨. 시판후 조사에 의하면, 와파린과 이 약을 병용 투여한 환자에서 치명적일 수도 있는 프로트롬빈 시간의 연장과 관련된 중대한 출혈이 보고된 바 있으며, 특히 고령자에서 더 많이 보고됨.",한국휴텍스제약(주),,,싸이브렉스캡슐100mg(세레콕시브)_(0.1g/1캡슐),649103090,,
,,,,급여,,,celecoxib,347702ACH,"고령자는 신기능, 간기능 및 특히 심기능이 저하되어 있을 가능성이 높으므로 고령자에게 이 약을 투여하는 경우 적절한 관찰이 요구됨. 시판후 조사에 의하면, 와파린과 이 약을 병용 투여한 환자에서 치명적일 수도 있는 프로트롬빈 시간의 연장과 관련된 중대한 출혈이 보고된 바 있으며, 특히 고령자에서 더 많이 보고됨.",유니메드제약(주),,,콕스2캡슐100밀리그램(세레콕시브)_(0.1g/1캡슐),649507920,,
,,,,급여,,,celecoxib,347702ACH,"고령자는 신기능, 간기능 및 특히 심기능이 저하되어 있을 가능성이 높으므로 고령자에게 이 약을 투여하는 경우 적절한 관찰이 요구됨. 시판후 조사에 의하면, 와파린과 이 약을 병용 투여한 환자에서 치명적일 수도 있는 프로트롬빈 시간의 연장과 관련된 중대한 출혈이 보고된 바 있으며, 특히 고령자에서 더 많이 보고됨.",진양제약(주),,,쎄브렉스캡슐100밀리그램(세레콕시브)_(0.1g/1캡슐),650304040,,
,,,,급여,,,celecoxib,347702ACH,"고령자는 신기능, 간기능 및 특히 심기능이 저하되어 있을 가능성이 높으므로 고령자에게 이 약을 투여하는 경우 적절한 관찰이 요구됨. 시판후 조사에 의하면, 와파린과 이 약을 병용 투여한 환자에서 치명적일 수도 있는 프로트롬빈 시간의 연장과 관련된 중대한 출혈이 보고된 바 있으며, 특히 고령자에서 더 많이 보고됨.",(주)서울제약,,,셀록스캡슐100mg(세레콕시브)_(0.1g/1캡슐),652904470,,
,,,,급여,,,celecoxib,347702ACH,"고령자는 신기능, 간기능 및 특히 심기능이 저하되어 있을 가능성이 높으므로 고령자에게 이 약을 투여하는 경우 적절한 관찰이 요구됨. 시판후 조사에 의하면, 와파린과 이 약을 병용 투여한 환자에서 치명적일 수도 있는 프로트롬빈 시간의 연장과 관련된 중대한 출혈이 보고된 바 있으며, 특히 고령자에서 더 많이 보고됨.",동국제약(주),,,셀브렉캡슐100밀리그램(세레콕시브)_(0.1g/1캡슐),653403880,,
,,,,급여,,,celecoxib,347702ACH,"고령자는 신기능, 간기능 및 특히 심기능이 저하되어 있을 가능성이 높으므로 고령자에게 이 약을 투여하는 경우 적절한 관찰이 요구됨. 시판후 조사에 의하면, 와파린과 이 약을 병용 투여한 환자에서 치명적일 수도 있는 프로트롬빈 시간의 연장과 관련된 중대한 출혈이 보고된 바 있으며, 특히 고령자에서 더 많이 보고됨.",아주약품(주),,,아나콕스캡슐100밀리그램(세레콕시브)_(0.1g/1캡슐),654005560,,
,,,,급여,,,celecoxib,347702ACH,"고령자는 신기능, 간기능 및 특히 심기능이 저하되어 있을 가능성이 높으므로 고령자에게 이 약을 투여하는 경우 적절한 관찰이 요구됨. 시판후 조사에 의하면, 와파린과 이 약을 병용 투여한 환자에서 치명적일 수도 있는 프로트롬빈 시간의 연장과 관련된 중대한 출혈이 보고된 바 있으며, 특히 고령자에서 더 많이 보고됨.",오스틴제약(주),,,뉴셀콕캡슐(세레콕시브)_(0.1g/1캡슐),654305130,,
,,,,급여,,,celecoxib,347702ACH,"고령자는 신기능, 간기능 및 특히 심기능이 저하되어 있을 가능성이 높으므로 고령자에게 이 약을 투여하는 경우 적절한 관찰이 요구됨. 시판후 조사에 의하면, 와파린과 이 약을 병용 투여한 환자에서 치명적일 수도 있는 프로트롬빈 시간의 연장과 관련된 중대한 출혈이 보고된 바 있으며, 특히 고령자에서 더 많이 보고됨.",알리코제약(주),,,셀코브렉스캡슐100밀리그램(세레콕시브)_(0.1g/1캡슐),656004110,,
,,,,급여,,,celecoxib,347702ACH,"고령자는 신기능, 간기능 및 특히 심기능이 저하되어 있을 가능성이 높으므로 고령자에게 이 약을 투여하는 경우 적절한 관찰이 요구됨. 시판후 조사에 의하면, 와파린과 이 약을 병용 투여한 환자에서 치명적일 수도 있는 프로트롬빈 시간의 연장과 관련된 중대한 출혈이 보고된 바 있으며, 특히 고령자에서 더 많이 보고됨.",(주)바스칸바이오제약,,,쎄브렉캡슐100밀리그램(세레콕시브)_(0.1g/1캡슐),656204990,,
,,,,급여,,,celecoxib,347702ACH,"고령자는 신기능, 간기능 및 특히 심기능이 저하되어 있을 가능성이 높으므로 고령자에게 이 약을 투여하는 경우 적절한 관찰이 요구됨. 시판후 조사에 의하면, 와파린과 이 약을 병용 투여한 환자에서 치명적일 수도 있는 프로트롬빈 시간의 연장과 관련된 중대한 출혈이 보고된 바 있으며, 특히 고령자에서 더 많이 보고됨.",하나제약(주),,,쎌비트캡슐100밀리그램(세레콕시브)_(0.1g/1캡슐),657806460,,
,,,,급여,,,celecoxib,347702ACH,"고령자는 신기능, 간기능 및 특히 심기능이 저하되어 있을 가능성이 높으므로 고령자에게 이 약을 투여하는 경우 적절한 관찰이 요구됨. 시판후 조사에 의하면, 와파린과 이 약을 병용 투여한 환자에서 치명적일 수도 있는 프로트롬빈 시간의 연장과 관련된 중대한 출혈이 보고된 바 있으며, 특히 고령자에서 더 많이 보고됨.",(유)한풍제약,,,세레스캡슐100밀리그램(세레콕시브)_(0.1g/1캡슐),658107550,,
,,,,급여,,,celecoxib,347702ACH,"고령자는 신기능, 간기능 및 특히 심기능이 저하되어 있을 가능성이 높으므로 고령자에게 이 약을 투여하는 경우 적절한 관찰이 요구됨. 시판후 조사에 의하면, 와파린과 이 약을 병용 투여한 환자에서 치명적일 수도 있는 프로트롬빈 시간의 연장과 관련된 중대한 출혈이 보고된 바 있으며, 특히 고령자에서 더 많이 보고됨.",(주)비보존제약,,,셀레록스캡슐100mg(세레콕시브)_(0.1g/1캡슐),658204270,,
,,,,급여,,,celecoxib,347702ACH,"고령자는 신기능, 간기능 및 특히 심기능이 저하되어 있을 가능성이 높으므로 고령자에게 이 약을 투여하는 경우 적절한 관찰이 요구됨. 시판후 조사에 의하면, 와파린과 이 약을 병용 투여한 환자에서 치명적일 수도 있는 프로트롬빈 시간의 연장과 관련된 중대한 출혈이 보고된 바 있으며, 특히 고령자에서 더 많이 보고됨.",이연제약(주),,,셀브캡슐100밀리그램(세레콕시브)_(0.1g/1캡슐),658603800,,
,,,,급여,,,celecoxib,347702ACH,"고령자는 신기능, 간기능 및 특히 심기능이 저하되어 있을 가능성이 높으므로 고령자에게 이 약을 투여하는 경우 적절한 관찰이 요구됨. 시판후 조사에 의하면, 와파린과 이 약을 병용 투여한 환자에서 치명적일 수도 있는 프로트롬빈 시간의 연장과 관련된 중대한 출혈이 보고된 바 있으며, 특히 고령자에서 더 많이 보고됨.",위더스제약(주),,,위더콕스캡슐100밀리그램(세레콕시브)_(0.1g/1캡슐),660703530,,
,,,,급여,,,celecoxib,347702ACH,"고령자는 신기능, 간기능 및 특히 심기능이 저하되어 있을 가능성이 높으므로 고령자에게 이 약을 투여하는 경우 적절한 관찰이 요구됨. 시판후 조사에 의하면, 와파린과 이 약을 병용 투여한 환자에서 치명적일 수도 있는 프로트롬빈 시간의 연장과 관련된 중대한 출혈이 보고된 바 있으며, 특히 고령자에서 더 많이 보고됨.",(주)넥스팜코리아,,,쎄넥스캡슐100mg(세레콕시브)_(0.1g/1캡슐),662503340,,
,,,,급여,,,celecoxib,347702ACH,"고령자는 신기능, 간기능 및 특히 심기능이 저하되어 있을 가능성이 높으므로 고령자에게 이 약을 투여하는 경우 적절한 관찰이 요구됨. 시판후 조사에 의하면, 와파린과 이 약을 병용 투여한 환자에서 치명적일 수도 있는 프로트롬빈 시간의 연장과 관련된 중대한 출혈이 보고된 바 있으며, 특히 고령자에서 더 많이 보고됨.",한국프라임제약(주),,,세레벡스캡슐100밀리그램(세레콕시브)_(0.1g/1캡슐),663607640,,
,,,,급여,,,celecoxib,347702ACH,"고령자는 신기능, 간기능 및 특히 심기능이 저하되어 있을 가능성이 높으므로 고령자에게 이 약을 투여하는 경우 적절한 관찰이 요구됨. 시판후 조사에 의하면, 와파린과 이 약을 병용 투여한 환자에서 치명적일 수도 있는 프로트롬빈 시간의 연장과 관련된 중대한 출혈이 보고된 바 있으며, 특히 고령자에서 더 많이 보고됨.",(주)경보제약,,,브렉시브캡슐100밀리그램(세레콕시브)_(0.1g/1캡슐),665002920,,
,,,,급여,,,celecoxib,347702ACH,"고령자는 신기능, 간기능 및 특히 심기능이 저하되어 있을 가능성이 높으므로 고령자에게 이 약을 투여하는 경우 적절한 관찰이 요구됨. 시판후 조사에 의하면, 와파린과 이 약을 병용 투여한 환자에서 치명적일 수도 있는 프로트롬빈 시간의 연장과 관련된 중대한 출혈이 보고된 바 있으며, 특히 고령자에서 더 많이 보고됨.",한국유니온제약(주),,,유니브렉스캡슐100밀리그램(세레콕시브)_(0.1g/1캡슐),665508560,,
,,,,급여,,,celecoxib,347702ACH,"고령자는 신기능, 간기능 및 특히 심기능이 저하되어 있을 가능성이 높으므로 고령자에게 이 약을 투여하는 경우 적절한 관찰이 요구됨. 시판후 조사에 의하면, 와파린과 이 약을 병용 투여한 환자에서 치명적일 수도 있는 프로트롬빈 시간의 연장과 관련된 중대한 출혈이 보고된 바 있으며, 특히 고령자에서 더 많이 보고됨.",(주)아이월드제약,,,아이셀콕캡슐100밀리그램(세레콕시브)_(0.1g/1캡슐),669604770,,
,,,,급여,,,celecoxib,347702ACH,"고령자는 신기능, 간기능 및 특히 심기능이 저하되어 있을 가능성이 높으므로 고령자에게 이 약을 투여하는 경우 적절한 관찰이 요구됨. 시판후 조사에 의하면, 와파린과 이 약을 병용 투여한 환자에서 치명적일 수도 있는 프로트롬빈 시간의 연장과 관련된 중대한 출혈이 보고된 바 있으며, 특히 고령자에서 더 많이 보고됨.",구주제약(주),,,쎄레메드캡슐100mg(세레콕시브)_(0.1g/1캡슐),669805150,,
,,,,급여,,,celecoxib,347702ACH,"고령자는 신기능, 간기능 및 특히 심기능이 저하되어 있을 가능성이 높으므로 고령자에게 이 약을 투여하는 경우 적절한 관찰이 요구됨. 시판후 조사에 의하면, 와파린과 이 약을 병용 투여한 환자에서 치명적일 수도 있는 프로트롬빈 시간의 연장과 관련된 중대한 출혈이 보고된 바 있으며, 특히 고령자에서 더 많이 보고됨.",(주)팜젠사이언스,,,쎌레코캡슐100밀리그램(세레콕시브)_(0.1g/1캡슐),670104680,,
,,,,급여,,,celecoxib,347702ACH,"고령자는 신기능, 간기능 및 특히 심기능이 저하되어 있을 가능성이 높으므로 고령자에게 이 약을 투여하는 경우 적절한 관찰이 요구됨. 시판후 조사에 의하면, 와파린과 이 약을 병용 투여한 환자에서 치명적일 수도 있는 프로트롬빈 시간의 연장과 관련된 중대한 출혈이 보고된 바 있으며, 특히 고령자에서 더 많이 보고됨.",(주)보령바이오파마,,,씨엘콕스캡슐100밀리그램(세레콕시브)_(0.1g/1캡슐),670501930,,
,,,,급여,,,celecoxib,347702ACH,"고령자는 신기능, 간기능 및 특히 심기능이 저하되어 있을 가능성이 높으므로 고령자에게 이 약을 투여하는 경우 적절한 관찰이 요구됨. 시판후 조사에 의하면, 와파린과 이 약을 병용 투여한 환자에서 치명적일 수도 있는 프로트롬빈 시간의 연장과 관련된 중대한 출혈이 보고된 바 있으며, 특히 고령자에서 더 많이 보고됨.",아이큐어(주),,,세코브캡슐100밀리그램(세레콕시브)_(0.1g/1캡슐),674401640,,
,,,,급여,,,celecoxib,347702ACH,"고령자는 신기능, 간기능 및 특히 심기능이 저하되어 있을 가능성이 높으므로 고령자에게 이 약을 투여하는 경우 적절한 관찰이 요구됨. 시판후 조사에 의하면, 와파린과 이 약을 병용 투여한 환자에서 치명적일 수도 있는 프로트롬빈 시간의 연장과 관련된 중대한 출혈이 보고된 바 있으며, 특히 고령자에서 더 많이 보고됨.",(주)한국글로벌제약,,,콕스그린캡슐100밀리그램(세레콕시브)_(0.1g/1캡슐),693202210,,
,,,,급여,,,celecoxib,347702ACH,"고령자는 신기능, 간기능 및 특히 심기능이 저하되어 있을 가능성이 높으므로 고령자에게 이 약을 투여하는 경우 적절한 관찰이 요구됨. 시판후 조사에 의하면, 와파린과 이 약을 병용 투여한 환자에서 치명적일 수도 있는 프로트롬빈 시간의 연장과 관련된 중대한 출혈이 보고된 바 있으며, 특히 고령자에서 더 많이 보고됨.",대웅바이오(주),,,베아콕시브캡슐100밀리그램(세레콕시브)_(0.1g/1캡슐),694003770,,
,,,,급여,,,celecoxib,347702ACH,"고령자는 신기능, 간기능 및 특히 심기능이 저하되어 있을 가능성이 높으므로 고령자에게 이 약을 투여하는 경우 적절한 관찰이 요구됨. 시판후 조사에 의하면, 와파린과 이 약을 병용 투여한 환자에서 치명적일 수도 있는 프로트롬빈 시간의 연장과 관련된 중대한 출혈이 보고된 바 있으며, 특히 고령자에서 더 많이 보고됨.",(주)한국피엠지제약,,,랙시브캡슐100밀리그램(세레콕시브)_(0.1g/1캡슐),697100730,,
,,,,급여,,,celecoxib,347702ACH,"고령자는 신기능, 간기능 및 특히 심기능이 저하되어 있을 가능성이 높으므로 고령자에게 이 약을 투여하는 경우 적절한 관찰이 요구됨. 시판후 조사에 의하면, 와파린과 이 약을 병용 투여한 환자에서 치명적일 수도 있는 프로트롬빈 시간의 연장과 관련된 중대한 출혈이 보고된 바 있으며, 특히 고령자에서 더 많이 보고됨.",(주)테라젠이텍스,,,쎄레민캡슐100밀리그램(세레콕시브)_(0.1g/1캡슐),698504420,,
,,,,급여,,,celecoxib,347702ATB,"고령자는 신기능, 간기능 및 특히 심기능이 저하되어 있을 가능성이 높으므로 고령자에게 이 약을 투여하는 경우 적절한 관찰이 요구됨. 시판후 조사에 의하면, 와파린과 이 약을 병용 투여한 환자에서 치명적일 수도 있는 프로트롬빈 시간의 연장과 관련된 중대한 출혈이 보고된 바 있으며, 특히 고령자에서 더 많이 보고됨.",한림제약(주),,,쎄레브이정100밀리그램(세레콕시브)_(0.1g/1정),645306190,,
,,,,급여,,,celecoxib,347702ATB,"고령자는 신기능, 간기능 및 특히 심기능이 저하되어 있을 가능성이 높으므로 고령자에게 이 약을 투여하는 경우 적절한 관찰이 요구됨. 시판후 조사에 의하면, 와파린과 이 약을 병용 투여한 환자에서 치명적일 수도 있는 프로트롬빈 시간의 연장과 관련된 중대한 출혈이 보고된 바 있으며, 특히 고령자에서 더 많이 보고됨.",환인제약(주),,,쎌콕정100밀리그램(세레콕시브)_(0.1g/1정),657202900,,
,,,,급여,,,celecoxib,347702ATB,"고령자는 신기능, 간기능 및 특히 심기능이 저하되어 있을 가능성이 높으므로 고령자에게 이 약을 투여하는 경우 적절한 관찰이 요구됨. 시판후 조사에 의하면, 와파린과 이 약을 병용 투여한 환자에서 치명적일 수도 있는 프로트롬빈 시간의 연장과 관련된 중대한 출혈이 보고된 바 있으며, 특히 고령자에서 더 많이 보고됨.",(주)한국피엠지제약,,,랙시브정100밀리그램(세레콕시브)_(0.1g/1정),697100960,,
,,,,급여,,,celecoxib,347703ACH,"고령자는 신기능, 간기능 및 특히 심기능이 저하되어 있을 가능성이 높으므로 고령자에게 이 약을 투여하는 경우 적절한 관찰이 요구됨. 시판후 조사에 의하면, 와파린과 이 약을 병용 투여한 환자에서 치명적일 수도 있는 프로트롬빈 시간의 연장과 관련된 중대한 출혈이 보고된 바 있으며, 특히 고령자에서 더 많이 보고됨.",비아트리스코리아(주),,,쎄레브렉스캡슐400밀리그램(세레콕시브)_(0.4g/1캡슐),73400300,,
,,,,급여,,,celecoxib,347703ACH,"고령자는 신기능, 간기능 및 특히 심기능이 저하되어 있을 가능성이 높으므로 고령자에게 이 약을 투여하는 경우 적절한 관찰이 요구됨. 시판후 조사에 의하면, 와파린과 이 약을 병용 투여한 환자에서 치명적일 수도 있는 프로트롬빈 시간의 연장과 관련된 중대한 출혈이 보고된 바 있으며, 특히 고령자에서 더 많이 보고됨.",삼진제약(주),,,크리콕스캡슐400밀리그램(세레콕시브)_(0.4g/1캡슐),647804410,,
,,,,급여,,,celecoxib,347703ACH,"고령자는 신기능, 간기능 및 특히 심기능이 저하되어 있을 가능성이 높으므로 고령자에게 이 약을 투여하는 경우 적절한 관찰이 요구됨. 시판후 조사에 의하면, 와파린과 이 약을 병용 투여한 환자에서 치명적일 수도 있는 프로트롬빈 시간의 연장과 관련된 중대한 출혈이 보고된 바 있으며, 특히 고령자에서 더 많이 보고됨.",(주)넥스팜코리아,,,쎄넥스캡슐400밀리그램(세레콕시브)_(0.4g/1캡슐),662504540,,
,,,,급여,,,dexketoprofen trometamol (as dexketoprofen),454330BIJ,고령자 및 쇠약한 환자는 중대한 이상반응의 위험이 더 클 수 있음.,한국메나리니(주),,,케랄주(덱스케토프로펜트로메타몰)_(73.8mg/2mL),674900451,,
,,,,급여,,,morniflumate,458402ATB,고령자는 중대한 위장관계 이상반응의 위험이 더 클 수 있으며 더 나쁜 결과를 나타낼 수 있음. 고령자는 이상반응이 나타나기 쉬우므로 소량에서 투여를 시작하여 필요한 최소량으로 투여하고 이상반응 발현에 특히 유의하면서 환자의 상태를 관찰하는 등 신중히 투여.,(주)일화,,,모니마겐정350밀리그램(모니플루메이트)_(0.35g/1정),640902870,,
,,,,급여,,,morniflumate,458402ATB,고령자는 중대한 위장관계 이상반응의 위험이 더 클 수 있으며 더 나쁜 결과를 나타낼 수 있음. 고령자는 이상반응이 나타나기 쉬우므로 소량에서 투여를 시작하여 필요한 최소량으로 투여하고 이상반응 발현에 특히 유의하면서 환자의 상태를 관찰하는 등 신중히 투여.,맥널티제약(주),,,모니맥정(모니플루메이트)_(0.35g/1정),641501190,,
,,,,급여,,,morniflumate,458402ATB,고령자는 중대한 위장관계 이상반응의 위험이 더 클 수 있으며 더 나쁜 결과를 나타낼 수 있음. 고령자는 이상반응이 나타나기 쉬우므로 소량에서 투여를 시작하여 필요한 최소량으로 투여하고 이상반응 발현에 특히 유의하면서 환자의 상태를 관찰하는 등 신중히 투여.,삼성제약(주),,,삼성모니플루메이트정350밀리그램_(0.35g/1정),642306640,,
,,,,급여,,,morniflumate,458402ATB,고령자는 중대한 위장관계 이상반응의 위험이 더 클 수 있으며 더 나쁜 결과를 나타낼 수 있음. 고령자는 이상반응이 나타나기 쉬우므로 소량에서 투여를 시작하여 필요한 최소량으로 투여하고 이상반응 발현에 특히 유의하면서 환자의 상태를 관찰하는 등 신중히 투여.,(주)바이넥스,,,바이넥스모니플루메이트정_(0.35g/1정),643103950,,
,,,,급여,,,morniflumate,458402ATB,고령자는 중대한 위장관계 이상반응의 위험이 더 클 수 있으며 더 나쁜 결과를 나타낼 수 있음. 고령자는 이상반응이 나타나기 쉬우므로 소량에서 투여를 시작하여 필요한 최소량으로 투여하고 이상반응 발현에 특히 유의하면서 환자의 상태를 관찰하는 등 신중히 투여.,동성제약(주),,,플로맥스정(모니플루메이트)_(0.35g/1정),643202600,,
,,,,급여,,,morniflumate,458402ATB,고령자는 중대한 위장관계 이상반응의 위험이 더 클 수 있으며 더 나쁜 결과를 나타낼 수 있음. 고령자는 이상반응이 나타나기 쉬우므로 소량에서 투여를 시작하여 필요한 최소량으로 투여하고 이상반응 발현에 특히 유의하면서 환자의 상태를 관찰하는 등 신중히 투여.,제이더블유신약(주),,,모딤정350밀리그램(모니플루메이트)_(0.35g/1정),644101480,,
,,,,급여,,,morniflumate,458402ATB,고령자는 중대한 위장관계 이상반응의 위험이 더 클 수 있으며 더 나쁜 결과를 나타낼 수 있음. 고령자는 이상반응이 나타나기 쉬우므로 소량에서 투여를 시작하여 필요한 최소량으로 투여하고 이상반응 발현에 특히 유의하면서 환자의 상태를 관찰하는 등 신중히 투여.,경동제약(주),,,모니메이트정(모니플루메이트)_(0.35g/1정),648102910,,
,,,,급여,,,morniflumate,458402ATB,고령자는 중대한 위장관계 이상반응의 위험이 더 클 수 있으며 더 나쁜 결과를 나타낼 수 있음. 고령자는 이상반응이 나타나기 쉬우므로 소량에서 투여를 시작하여 필요한 최소량으로 투여하고 이상반응 발현에 특히 유의하면서 환자의 상태를 관찰하는 등 신중히 투여.,(주)하원제약,,,모니트정350밀리그램(모니플루메이트)_(0.35g/1정),651502670,,
,,,,급여,,,morniflumate,458402ATB,고령자는 중대한 위장관계 이상반응의 위험이 더 클 수 있으며 더 나쁜 결과를 나타낼 수 있음. 고령자는 이상반응이 나타나기 쉬우므로 소량에서 투여를 시작하여 필요한 최소량으로 투여하고 이상반응 발현에 특히 유의하면서 환자의 상태를 관찰하는 등 신중히 투여.,알리코제약(주),,,모니메르정(모니플루메이트)_(0.35g/1정),656002990,,
,,,,급여,,,morniflumate,458402ATB,고령자는 중대한 위장관계 이상반응의 위험이 더 클 수 있으며 더 나쁜 결과를 나타낼 수 있음. 고령자는 이상반응이 나타나기 쉬우므로 소량에서 투여를 시작하여 필요한 최소량으로 투여하고 이상반응 발현에 특히 유의하면서 환자의 상태를 관찰하는 등 신중히 투여.,(주)넥스팜코리아,,,모니플라정(모니플루메이트)_(0.35g/1정),662503160,,
,,,,급여,,,morniflumate,458402ATB,고령자는 중대한 위장관계 이상반응의 위험이 더 클 수 있으며 더 나쁜 결과를 나타낼 수 있음. 고령자는 이상반응이 나타나기 쉬우므로 소량에서 투여를 시작하여 필요한 최소량으로 투여하고 이상반응 발현에 특히 유의하면서 환자의 상태를 관찰하는 등 신중히 투여.,대한뉴팜(주),,,모루밍정(모니플루메이트)_(0.35g/1정),669906130,,
,,,,급여,,,morniflumate,458402ATB,고령자는 중대한 위장관계 이상반응의 위험이 더 클 수 있으며 더 나쁜 결과를 나타낼 수 있음. 고령자는 이상반응이 나타나기 쉬우므로 소량에서 투여를 시작하여 필요한 최소량으로 투여하고 이상반응 발현에 특히 유의하면서 환자의 상태를 관찰하는 등 신중히 투여.,코오롱제약(주),,,모니플루정350밀리그람(모니플루메이트)_(0.35g/1정),670300490,,
,,,,급여,,,morniflumate,458402ATB,고령자는 중대한 위장관계 이상반응의 위험이 더 클 수 있으며 더 나쁜 결과를 나타낼 수 있음. 고령자는 이상반응이 나타나기 쉬우므로 소량에서 투여를 시작하여 필요한 최소량으로 투여하고 이상반응 발현에 특히 유의하면서 환자의 상태를 관찰하는 등 신중히 투여.,(주)테라젠이텍스,,,모니필정350밀리그램(모니플루메이트)_(0.35g/1정),698500780,,
,,,,급여,,,pelubiprofen,493401ATB,고령자는 중대한 위장관계 이상반응의 위험이 더 클 수 있음. 고령자에서는 이상반응이 나타나기 쉽기 때문에 소량부터 투여를 개시하고 필요한 최소량으로 투여하며 투여간격에 유의하는 등 환자의 상태를 관찰하면서 신중히 투여.,영진약품(주),,,펠프스정(펠루비프로펜)_(30mg/1정),642404920,,
,,,,급여,,,pelubiprofen,493401ATB,고령자는 중대한 위장관계 이상반응의 위험이 더 클 수 있음. 고령자에서는 이상반응이 나타나기 쉽기 때문에 소량부터 투여를 개시하고 필요한 최소량으로 투여하며 투여간격에 유의하는 등 환자의 상태를 관찰하면서 신중히 투여.,(주)휴온스,,,펠로엔정(펠루비프로펜(미분화))_(30mg/1정),670608760,,
,,,,급여,,,pelubiprofen,493401ATB,고령자는 중대한 위장관계 이상반응의 위험이 더 클 수 있음. 고령자에서는 이상반응이 나타나기 쉽기 때문에 소량부터 투여를 개시하고 필요한 최소량으로 투여하며 투여간격에 유의하는 등 환자의 상태를 관찰하면서 신중히 투여.,대원제약(주),,,펠루비정(펠루비프로펜)_(30mg/1정),671803380,,
,,,,급여,,,pelubiprofen,493402ATR,고령자는 중대한 위장관계 이상반응의 위험이 더 클 수 있음. 고령자에서는 이상반응이 나타나기 쉽기 때문에 소량부터 투여를 개시하고 필요한 최소량으로 투여하며 투여간격에 유의하는 등 환자의 상태를 관찰하면서 신중히 투여.,대원제약(주),,,펠루비서방정(펠루비프로펜)_(45mg/1정),671805860,,
,,,,급여,,,polmacoxib,636401ACH,"고령자는 중대한 위장관계 이상반응의 위험이 더 클 수 있음. 고령자는 신기능, 간기능 및 특히 심기능이 저하되어 있을 가능성이 높으므로 고령자에게 이 약을 투여하는 경우 적절한 관찰이 요구됨. 70세 이상의 관절염 환자에서 이 약의 혈중 약물 농도는 40~69세의 관절염 환자에서의 혈중 약물 농도 보다 1.4배 높게 나타나 신중히 투여. 이 약의 임상시험 결과 프로트롬빈 시간 연장의 이상반응이 보고되었고, 선택성 COX-2 억제제와 와파린을 병용 투여한",크리스탈지노믹스(주),,,아셀렉스캡슐2밀리그램(폴마콕시브)_(2mg/1캡슐),50100010,,
,,,,급여,,,polmacoxib,636401ACH,"고령자는 중대한 위장관계 이상반응의 위험이 더 클 수 있음. 고령자는 신기능, 간기능 및 특히 심기능이 저하되어 있을 가능성이 높으므로 고령자에게 이 약을 투여하는 경우 적절한 관찰이 요구됨. 70세 이상의 관절염 환자에서 이 약의 혈중 약물 농도는 40~69세의 관절염 환자에서의 혈중 약물 농도 보다 1.4배 높게 나타나 신중히 투여. 이 약의 임상시험 결과 프로트롬빈 시간 연장의 이상반응이 보고되었고, 선택성 COX-2 억제제와 와파린을 병용 투여한",(주)휴온스생명과학,,,폴마렉스캡슐2밀리그램(폴마콕시브)_(2mg/1캡슐),52701440,,
,,,,급여,,,polmacoxib,636401ACH,"고령자는 중대한 위장관계 이상반응의 위험이 더 클 수 있음. 고령자는 신기능, 간기능 및 특히 심기능이 저하되어 있을 가능성이 높으므로 고령자에게 이 약을 투여하는 경우 적절한 관찰이 요구됨. 70세 이상의 관절염 환자에서 이 약의 혈중 약물 농도는 40~69세의 관절염 환자에서의 혈중 약물 농도 보다 1.4배 높게 나타나 신중히 투여. 이 약의 임상시험 결과 프로트롬빈 시간 연장의 이상반응이 보고되었고, 선택성 COX-2 억제제와 와파린을 병용 투여한",건일바이오팜주식회사,,,건폴렉스캡슐2밀리그램(폴마콕시브)_(2mg/1캡슐),73001310,,
,,,,급여,,,polmacoxib,636401ACH,"고령자는 중대한 위장관계 이상반응의 위험이 더 클 수 있음. 고령자는 신기능, 간기능 및 특히 심기능이 저하되어 있을 가능성이 높으므로 고령자에게 이 약을 투여하는 경우 적절한 관찰이 요구됨. 70세 이상의 관절염 환자에서 이 약의 혈중 약물 농도는 40~69세의 관절염 환자에서의 혈중 약물 농도 보다 1.4배 높게 나타나 신중히 투여. 이 약의 임상시험 결과 프로트롬빈 시간 연장의 이상반응이 보고되었고, 선택성 COX-2 억제제와 와파린을 병용 투여한",(주)이든파마,,,폴시브캡슐2밀리그램(폴마콕시브)_(2mg/1캡슐),628902120,,
,,,,급여,,,polmacoxib,636401ACH,"고령자는 중대한 위장관계 이상반응의 위험이 더 클 수 있음. 고령자는 신기능, 간기능 및 특히 심기능이 저하되어 있을 가능성이 높으므로 고령자에게 이 약을 투여하는 경우 적절한 관찰이 요구됨. 70세 이상의 관절염 환자에서 이 약의 혈중 약물 농도는 40~69세의 관절염 환자에서의 혈중 약물 농도 보다 1.4배 높게 나타나 신중히 투여. 이 약의 임상시험 결과 프로트롬빈 시간 연장의 이상반응이 보고되었고, 선택성 COX-2 억제제와 와파린을 병용 투여한",(주)일화,,,페콕시브캡슐2밀리그램(폴마콕시브)_(2mg/1캡슐),640904280,,
,,,,급여,,,polmacoxib,636401ACH,"고령자는 중대한 위장관계 이상반응의 위험이 더 클 수 있음. 고령자는 신기능, 간기능 및 특히 심기능이 저하되어 있을 가능성이 높으므로 고령자에게 이 약을 투여하는 경우 적절한 관찰이 요구됨. 70세 이상의 관절염 환자에서 이 약의 혈중 약물 농도는 40~69세의 관절염 환자에서의 혈중 약물 농도 보다 1.4배 높게 나타나 신중히 투여. 이 약의 임상시험 결과 프로트롬빈 시간 연장의 이상반응이 보고되었고, 선택성 COX-2 억제제와 와파린을 병용 투여한",(주)대웅제약,,,아셀콕스캡슐2밀리그램(폴마콕시브)_(2mg/1캡슐),641607700,,
,,,,급여,,,polmacoxib,636401ACH,"고령자는 중대한 위장관계 이상반응의 위험이 더 클 수 있음. 고령자는 신기능, 간기능 및 특히 심기능이 저하되어 있을 가능성이 높으므로 고령자에게 이 약을 투여하는 경우 적절한 관찰이 요구됨. 70세 이상의 관절염 환자에서 이 약의 혈중 약물 농도는 40~69세의 관절염 환자에서의 혈중 약물 농도 보다 1.4배 높게 나타나 신중히 투여. 이 약의 임상시험 결과 프로트롬빈 시간 연장의 이상반응이 보고되었고, 선택성 COX-2 억제제와 와파린을 병용 투여한",(주)씨엠지제약,,,폴마콕스캡슐2밀리그램(폴마콕시브)_(2mg/1캡슐),648604430,,
,,,,급여,,,polmacoxib,636401ACH,"고령자는 중대한 위장관계 이상반응의 위험이 더 클 수 있음. 고령자는 신기능, 간기능 및 특히 심기능이 저하되어 있을 가능성이 높으므로 고령자에게 이 약을 투여하는 경우 적절한 관찰이 요구됨. 70세 이상의 관절염 환자에서 이 약의 혈중 약물 농도는 40~69세의 관절염 환자에서의 혈중 약물 농도 보다 1.4배 높게 나타나 신중히 투여. 이 약의 임상시험 결과 프로트롬빈 시간 연장의 이상반응이 보고되었고, 선택성 COX-2 억제제와 와파린을 병용 투여한",한국휴텍스제약(주),,,폴렉스캡슐2밀리그램(폴마콕시브)_(2mg/1캡슐),649105560,,
,,,,급여,,,polmacoxib,636401ACH,"고령자는 중대한 위장관계 이상반응의 위험이 더 클 수 있음. 고령자는 신기능, 간기능 및 특히 심기능이 저하되어 있을 가능성이 높으므로 고령자에게 이 약을 투여하는 경우 적절한 관찰이 요구됨. 70세 이상의 관절염 환자에서 이 약의 혈중 약물 농도는 40~69세의 관절염 환자에서의 혈중 약물 농도 보다 1.4배 높게 나타나 신중히 투여. 이 약의 임상시험 결과 프로트롬빈 시간 연장의 이상반응이 보고되었고, 선택성 COX-2 억제제와 와파린을 병용 투여한",하나제약(주),,,폴비트캡슐2밀리그램(폴마콕시브)_(2mg/1캡슐),657807710,,
,,,,급여,,,polmacoxib,636401ATB,"고령자는 중대한 위장관계 이상반응의 위험이 더 클 수 있음. 고령자는 신기능, 간기능 및 특히 심기능이 저하되어 있을 가능성이 높으므로 고령자에게 이 약을 투여하는 경우 적절한 관찰이 요구됨. 70세 이상의 관절염 환자에서 이 약의 혈중 약물 농도는 40~69세의 관절염 환자에서의 혈중 약물 농도 보다 1.4배 높게 나타나 신중히 투여. 이 약의 임상시험 결과 프로트롬빈 시간 연장의 이상반응이 보고되었고, 선택성 COX-2 억제제와 와파린을 병용 투여한",크리스탈지노믹스(주),,,아셀렉스정2밀리그램(폴마콕시브)_(2mg/1정),50100020,,
,,,,급여,,,etoricoxib,636901ATB,"고령자는 중대한 위장관계 이상반응의 위험이 더 클 수 있음. 고령자는 신기능, 간기능 및 특히 심기능이 저하되어 있을 가능성이 높으므로 고령자에게 이 약을 투여하는 경우 적절한 관찰이 요구됨. 임상시험 결과, 고령자에서의 약동학은 젊은 피험자에서와 유사하였으나, 고령자에서 젊은 피험자보다 이상반응 발현율이 높게 나타났음. 일부 고령 환자에서의 높은 감수성을 배제할 수 없음. 선택성 COX-2 억제제와 와파린을 병용 투여한 환자의 경우 치명적일 수도 있는",한국오가논(주),,,알콕시아정30밀리그램(에토리콕시브)_(30mg/1정),73100310,,
,,,,급여,,,etoricoxib,636901ATB,"고령자는 중대한 위장관계 이상반응의 위험이 더 클 수 있음. 고령자는 신기능, 간기능 및 특히 심기능이 저하되어 있을 가능성이 높으므로 고령자에게 이 약을 투여하는 경우 적절한 관찰이 요구됨. 임상시험 결과, 고령자에서의 약동학은 젊은 피험자에서와 유사하였으나, 고령자에서 젊은 피험자보다 이상반응 발현율이 높게 나타났음. 일부 고령 환자에서의 높은 감수성을 배제할 수 없음. 선택성 COX-2 억제제와 와파린을 병용 투여한 환자의 경우 치명적일 수도 있는",삼일제약(주),,,뉴콕시아정30밀리그램(에토리콕시브)_(30mg/1정),643903870,,
,,,,급여,,,etoricoxib,636901ATB,"고령자는 중대한 위장관계 이상반응의 위험이 더 클 수 있음. 고령자는 신기능, 간기능 및 특히 심기능이 저하되어 있을 가능성이 높으므로 고령자에게 이 약을 투여하는 경우 적절한 관찰이 요구됨. 임상시험 결과, 고령자에서의 약동학은 젊은 피험자에서와 유사하였으나, 고령자에서 젊은 피험자보다 이상반응 발현율이 높게 나타났음. 일부 고령 환자에서의 높은 감수성을 배제할 수 없음. 선택성 COX-2 억제제와 와파린을 병용 투여한 환자의 경우 치명적일 수도 있는",한국휴텍스제약(주),,,알콕시브정30밀리그램(에토리콕시브)_(30mg/1정),649105280,,
,,,,급여,,,etoricoxib,636901ATB,"고령자는 중대한 위장관계 이상반응의 위험이 더 클 수 있음. 고령자는 신기능, 간기능 및 특히 심기능이 저하되어 있을 가능성이 높으므로 고령자에게 이 약을 투여하는 경우 적절한 관찰이 요구됨. 임상시험 결과, 고령자에서의 약동학은 젊은 피험자에서와 유사하였으나, 고령자에서 젊은 피험자보다 이상반응 발현율이 높게 나타났음. 일부 고령 환자에서의 높은 감수성을 배제할 수 없음. 선택성 COX-2 억제제와 와파린을 병용 투여한 환자의 경우 치명적일 수도 있는",아주약품(주),,,다나콕스정30밀리그램(에토리콕시브)_(30mg/1정),654005740,,
,,,,급여,,,etoricoxib,636901ATB,"고령자는 중대한 위장관계 이상반응의 위험이 더 클 수 있음. 고령자는 신기능, 간기능 및 특히 심기능이 저하되어 있을 가능성이 높으므로 고령자에게 이 약을 투여하는 경우 적절한 관찰이 요구됨. 임상시험 결과, 고령자에서의 약동학은 젊은 피험자에서와 유사하였으나, 고령자에서 젊은 피험자보다 이상반응 발현율이 높게 나타났음. 일부 고령 환자에서의 높은 감수성을 배제할 수 없음. 선택성 COX-2 억제제와 와파린을 병용 투여한 환자의 경우 치명적일 수도 있는",알리코제약(주),,,알리콕시브정30밀리그램(에토리콕시브)_(30mg/1정),656005240,,
,,,,급여,,,etoricoxib,636901ATB,"고령자는 중대한 위장관계 이상반응의 위험이 더 클 수 있음. 고령자는 신기능, 간기능 및 특히 심기능이 저하되어 있을 가능성이 높으므로 고령자에게 이 약을 투여하는 경우 적절한 관찰이 요구됨. 임상시험 결과, 고령자에서의 약동학은 젊은 피험자에서와 유사하였으나, 고령자에서 젊은 피험자보다 이상반응 발현율이 높게 나타났음. 일부 고령 환자에서의 높은 감수성을 배제할 수 없음. 선택성 COX-2 억제제와 와파린을 병용 투여한 환자의 경우 치명적일 수도 있는",하나제약(주),,,에톡시아정30밀리그램(에토리콕시브)_(30mg/1정),657807550,,
,,,,급여,,,etoricoxib,636901ATB,"고령자는 중대한 위장관계 이상반응의 위험이 더 클 수 있음. 고령자는 신기능, 간기능 및 특히 심기능이 저하되어 있을 가능성이 높으므로 고령자에게 이 약을 투여하는 경우 적절한 관찰이 요구됨. 임상시험 결과, 고령자에서의 약동학은 젊은 피험자에서와 유사하였으나, 고령자에서 젊은 피험자보다 이상반응 발현율이 높게 나타났음. 일부 고령 환자에서의 높은 감수성을 배제할 수 없음. 선택성 COX-2 억제제와 와파린을 병용 투여한 환자의 경우 치명적일 수도 있는",한국유니온제약(주),,,유콕시아정30밀리그램(에토리콕시브)_(30mg/1정),665508350,,
,,,,급여,,,etoricoxib,636901ATB,"고령자는 중대한 위장관계 이상반응의 위험이 더 클 수 있음. 고령자는 신기능, 간기능 및 특히 심기능이 저하되어 있을 가능성이 높으므로 고령자에게 이 약을 투여하는 경우 적절한 관찰이 요구됨. 임상시험 결과, 고령자에서의 약동학은 젊은 피험자에서와 유사하였으나, 고령자에서 젊은 피험자보다 이상반응 발현율이 높게 나타났음. 일부 고령 환자에서의 높은 감수성을 배제할 수 없음. 선택성 COX-2 억제제와 와파린을 병용 투여한 환자의 경우 치명적일 수도 있는",(주)테라젠이텍스,,,테라콕시브정30밀리그램(에토리콕시브)_(30mg/1정),698504570,,
,,,,급여,,,pelubiprofen tromethamine (as pelubiprofen),697701ATB,고령자는 중대한 위장관계 이상반응의 위험이 더 클 수 있음. 고령자에서는 이상반응이 나타나기 쉽기 때문에 소량부터 투여를 개시하고 필요한 최소량으로 투여하며 투여간격에 유의하는 등 환자의 상태를 관찰하면서 신중히 투여.,대원제약(주),,,펠루비에스정(펠루비프로펜트로메타민)_(36.73mg/1정),671807340,,
,,,,비급여,,,aspirin,110701ATE,"해열진통소염, 심혈관질환의 1차 예방 목적으로 사용 시 고령자에는 출혈위험 등 이상반응이 나타나기 쉬우므로 소량부터 투여를 시작하는 등 환자의 상태를 관찰하며선서 신중히 투여",성이바이오(주),,,와이투아스피린장용정100밀리그램(아스피린)_(0.1g/1정),72400130,,
,,,,비급여,,,aspirin lysine,110902BIJ,고령자에 있어서 필요한 최소량으로 신중히 투여하고 이상반응의 발현에 특히 유의함.,일양바이오팜(주),,,알타질주(주사용아스피린리신90%)_(1g/1병),696601891,,
,,,,비급여,,,clonixin lysinate,136601ACS,고령자는 중대한 위장관계 이상반응의 위험이 더 클 수 있음.,제일헬스사이언스(주),,,파인싹연질캡슐(클로닉신리시네이트)_(0.125g/1캡슐),54300210,,
,,,,비급여,,,clonixin lysinate,136601ACS,고령자는 중대한 위장관계 이상반응의 위험이 더 클 수 있음.,동화약품(주),,,클로나인연질캡슐(클로닉신리시네이트)_(0.125g/1캡슐),642706620,,
,,,,비급여,,,clonixin lysinate,136601ACS,고령자는 중대한 위장관계 이상반응의 위험이 더 클 수 있음.,에이프로젠제약(주),,,통클리어연질캡슐(클로닉신리시네이트)_(0.125g/1캡슐),645209650,,
,,,,비급여,,,clonixin lysinate,136601ACS,고령자는 중대한 위장관계 이상반응의 위험이 더 클 수 있음.,경남제약(주),,,파르펜연질캡슐(클로닉신리시네이트)_(0.125g/1캡슐),647603850,,
,,,,비급여,,,clonixin lysinate,136601ACS,고령자는 중대한 위장관계 이상반응의 위험이 더 클 수 있음.,동국제약(주),,,프리에스연질캡슐(클로닉신리시네이트)_(0.125g/1캡슐),653403970,,
,,,,비급여,,,clonixin lysinate,136601ACS,고령자는 중대한 위장관계 이상반응의 위험이 더 클 수 있음.,이연제약(주),,,크로씬탑연질캡슐(클로닉신리시네이트)_(0.125g/1캡슐),658603990,,
,,,,비급여,,,clonixin lysinate,136601ACS,고령자는 중대한 위장관계 이상반응의 위험이 더 클 수 있음.,위더스제약(주),,,크로쎈연질캡슐(클로닉신리시네이트)_(0.125g/1캡슐),660703180,,
,,,,비급여,,,clonixin lysinate,136601ACS,고령자는 중대한 위장관계 이상반응의 위험이 더 클 수 있음.,(주)테라젠이텍스,,,크로니신연질캡슐(클로닉신리시네이트)_(0.125g/1캡슐),698503750,,
,,,,비급여,,,clonixin lysinate,136601ATB,고령자는 중대한 위장관계 이상반응의 위험이 더 클 수 있음.,(주)화이트생명과학,,,화이트클로닉정(클로닉신리시네이트)_(0.125g/1정),625202080,,
,,,,비급여,,,clonixin lysinate,136601ATB,고령자는 중대한 위장관계 이상반응의 위험이 더 클 수 있음.,에이프로젠제약(주),,,바로닉신정125밀리그램(클로닉신리시네이트)_(0.125g/1정),645204110,,
,,,,비급여,,,clonixin lysinate,136601ATB,고령자는 중대한 위장관계 이상반응의 위험이 더 클 수 있음.,대화제약(주),,,디크로닉정(클로닉신리시네이트)_(0.125g/1정),645600710,,
,,,,비급여,,,clonixin lysinate,136601ATB,고령자는 중대한 위장관계 이상반응의 위험이 더 클 수 있음.,한솔신약(주),,,뉴클로정(클로닉신리시네이트)_(0.125g/1정),645801490,,
,,,,비급여,,,clonixin lysinate,136601ATB,고령자는 중대한 위장관계 이상반응의 위험이 더 클 수 있음.,영일제약(주),,,크로낙정(클로닉신리시네이트)_(0.125g/1정),649402410,,
,,,,비급여,,,clonixin lysinate,136601ATB,고령자는 중대한 위장관계 이상반응의 위험이 더 클 수 있음.,지엘파마(주),,,노리스정(클로닉신리시네이트)_(0.125g/1정),649700100,,
,,,,비급여,,,clonixin lysinate,136601ATB,고령자는 중대한 위장관계 이상반응의 위험이 더 클 수 있음.,명문제약(주),,,페릭신정(클로닉신리시네이트)_(0.125g/1정),649804010,,
,,,,비급여,,,clonixin lysinate,136601ATB,고령자는 중대한 위장관계 이상반응의 위험이 더 클 수 있음.,신일제약(주),,,신일클로닉신리시네이트정_(0.125g/1정),653801610,,
,,,,비급여,,,clonixin lysinate,136601ATB,고령자는 중대한 위장관계 이상반응의 위험이 더 클 수 있음.,알파제약(주),,,알파클로닉신리신정_(0.125g/1정),654201230,,
,,,,비급여,,,clonixin lysinate,136601ATB,고령자는 중대한 위장관계 이상반응의 위험이 더 클 수 있음.,오스틴제약(주),,,클리신정(클로닉신리시네이트)(수출명:CLICIN Tab)_(0.125g/1정),654302890,,
,,,,비급여,,,clonixin lysinate,136601ATB,고령자는 중대한 위장관계 이상반응의 위험이 더 클 수 있음.,미래바이오제약㈜,,,크로펜정(클로닉신리시네이트)_(0.125g/1정),657501080,,
,,,,비급여,,,clonixin lysinate,136601ATB,고령자는 중대한 위장관계 이상반응의 위험이 더 클 수 있음.,동인당제약(주),,,크레닉정125밀리그람(클로닉신리시네이트)_(0.125g/1정),664101380,,
,,,,비급여,,,clonixin lysinate,136601ATB,고령자는 중대한 위장관계 이상반응의 위험이 더 클 수 있음.,화일약품(주),,,클로닉정125밀리그램(클로닉신리시네이트)_(0.125g/1정),684501490,,
,,,,비급여,,,clonixin lysinate,136601ATB,고령자는 중대한 위장관계 이상반응의 위험이 더 클 수 있음.,(주)제뉴파마,,,"바르젠정(클로닉신리시네이트)(수출명:CLOCXINETab.Stocxine(Clonysinlysinate125),STOLXINE)_(0.125g/1정)",698000370,,
,,,,비급여,,,clonixin lysinate,136603ATB,고령자는 중대한 위장관계 이상반응의 위험이 더 클 수 있음.,(주)마더스제약,,,마더스클로닉신리신정250mg(클로닉신리시네이트)_(0.25g/1정),622800190,,
,,,,비급여,,,clonixin lysinate,136603ATB,고령자는 중대한 위장관계 이상반응의 위험이 더 클 수 있음.,대화제약(주),,,디크로닉정250밀리그램(클로닉신리시네이트)_(0.25g/1정),645600720,,
,,,,비급여,,,clonixin lysinate,136603ATB,고령자는 중대한 위장관계 이상반응의 위험이 더 클 수 있음.,진양제약(주),,,크록신정250밀리그램(클로닉신리시네이트)(수출명: 돌핀정)_(0.25g/1정),650301440,,
,,,,비급여,,,dexibuprofen,142301ACS,"고령자는 중대한 위장관계 이상반응의 위험이 더 클 수 있음. 고령자는 이상반응이 나타나기 쉬우므로 소량부터 투여를 개시하고 필요한 최소량으로 투여하며, 이상반응의 발현에 특히 유의하는 등 환자의 상태를 관찰하면서 신중히 투여.",제일헬스사이언스(주),,,덱시부펜연질캡슐(덱시부프로펜)_(0.3g/1캡슐),54300410,,
,,,,비급여,,,dexibuprofen,142301ACS,"고령자는 중대한 위장관계 이상반응의 위험이 더 클 수 있음. 고령자는 이상반응이 나타나기 쉬우므로 소량부터 투여를 개시하고 필요한 최소량으로 투여하며, 이상반응의 발현에 특히 유의하는 등 환자의 상태를 관찰하면서 신중히 투여.",(주)마더스제약,,,덱쎈연질캡슐(덱시부프로펜)_(0.3g/1캡슐),622801870,,
,,,,비급여,,,dexibuprofen,142301ACS,"고령자는 중대한 위장관계 이상반응의 위험이 더 클 수 있음. 고령자는 이상반응이 나타나기 쉬우므로 소량부터 투여를 개시하고 필요한 최소량으로 투여하며, 이상반응의 발현에 특히 유의하는 등 환자의 상태를 관찰하면서 신중히 투여.",동아제약(주),,,덱스원큐연질캡슐(덱시부프로펜)_(0.3g/1캡슐),626501310,,
,,,,비급여,,,dexibuprofen,142301ACS,"고령자는 중대한 위장관계 이상반응의 위험이 더 클 수 있음. 고령자는 이상반응이 나타나기 쉬우므로 소량부터 투여를 개시하고 필요한 최소량으로 투여하며, 이상반응의 발현에 특히 유의하는 등 환자의 상태를 관찰하면서 신중히 투여.",동아제약(주),,,덱스원큐에스연질캡슐(덱시부프로펜)_(0.3g/1캡슐),626501530,,
,,,,비급여,,,dexibuprofen,142301ACS,"고령자는 중대한 위장관계 이상반응의 위험이 더 클 수 있음. 고령자는 이상반응이 나타나기 쉬우므로 소량부터 투여를 개시하고 필요한 최소량으로 투여하며, 이상반응의 발현에 특히 유의하는 등 환자의 상태를 관찰하면서 신중히 투여.",일양약품(주),,,덱스쿨연질캡슐(덱시부프로펜)_(0.3g/1캡슐),641702950,,
,,,,비급여,,,dexibuprofen,142301ACS,"고령자는 중대한 위장관계 이상반응의 위험이 더 클 수 있음. 고령자는 이상반응이 나타나기 쉬우므로 소량부터 투여를 개시하고 필요한 최소량으로 투여하며, 이상반응의 발현에 특히 유의하는 등 환자의 상태를 관찰하면서 신중히 투여.",광동제약(주),,,굿스펜연질캡슐(덱시부프로펜)_(0.3g/1캡슐),641803890,,
,,,,비급여,,,dexibuprofen,142301ACS,"고령자는 중대한 위장관계 이상반응의 위험이 더 클 수 있음. 고령자는 이상반응이 나타나기 쉬우므로 소량부터 투여를 개시하고 필요한 최소량으로 투여하며, 이상반응의 발현에 특히 유의하는 등 환자의 상태를 관찰하면서 신중히 투여.",현대약품(주),,,솔루펜연질캡슐(덱시부프로펜)_(0.3g/1캡슐),642000590,,
,,,,비급여,,,dexibuprofen,142301ACS,"고령자는 중대한 위장관계 이상반응의 위험이 더 클 수 있음. 고령자는 이상반응이 나타나기 쉬우므로 소량부터 투여를 개시하고 필요한 최소량으로 투여하며, 이상반응의 발현에 특히 유의하는 등 환자의 상태를 관찰하면서 신중히 투여.",(주)유한양행,,,덱스피드연질캡슐(덱시부프로펜)_(0.3g/1캡슐),642104160,,
,,,,비급여,,,dexibuprofen,142301ACS,"고령자는 중대한 위장관계 이상반응의 위험이 더 클 수 있음. 고령자는 이상반응이 나타나기 쉬우므로 소량부터 투여를 개시하고 필요한 최소량으로 투여하며, 이상반응의 발현에 특히 유의하는 등 환자의 상태를 관찰하면서 신중히 투여.",부광약품(주),,,덱시프렌드연질캡슐(덱시부프로펜)_(0.3g/1캡슐),642203840,,
,,,,비급여,,,dexibuprofen,142301ACS,"고령자는 중대한 위장관계 이상반응의 위험이 더 클 수 있음. 고령자는 이상반응이 나타나기 쉬우므로 소량부터 투여를 개시하고 필요한 최소량으로 투여하며, 이상반응의 발현에 특히 유의하는 등 환자의 상태를 관찰하면서 신중히 투여.",영진약품(주),,,덱시푸루펜연질캡슐(덱시부프로펜)_(0.3g/1캡슐),642403350,,
,,,,비급여,,,dexibuprofen,142301ACS,"고령자는 중대한 위장관계 이상반응의 위험이 더 클 수 있음. 고령자는 이상반응이 나타나기 쉬우므로 소량부터 투여를 개시하고 필요한 최소량으로 투여하며, 이상반응의 발현에 특히 유의하는 등 환자의 상태를 관찰하면서 신중히 투여.",고려제약(주),,,펜스톱연질캡슐(덱시부프로펜)_(0.3g/1캡슐),642802830,,
,,,,비급여,,,dexibuprofen,142301ACS,"고령자는 중대한 위장관계 이상반응의 위험이 더 클 수 있음. 고령자는 이상반응이 나타나기 쉬우므로 소량부터 투여를 개시하고 필요한 최소량으로 투여하며, 이상반응의 발현에 특히 유의하는 등 환자의 상태를 관찰하면서 신중히 투여.",일동제약(주),,,캐롤디연질캡슐(덱시부프로펜)_(0.3g/1캡슐),642905370,,
,,,,비급여,,,dexibuprofen,142301ACS,"고령자는 중대한 위장관계 이상반응의 위험이 더 클 수 있음. 고령자는 이상반응이 나타나기 쉬우므로 소량부터 투여를 개시하고 필요한 최소량으로 투여하며, 이상반응의 발현에 특히 유의하는 등 환자의 상태를 관찰하면서 신중히 투여.",동성제약(주),,,디퓨텐연질캡슐(덱시부프로펜)_(0.3g/1캡슐),643201900,,
,,,,비급여,,,dexibuprofen,142301ACS,"고령자는 중대한 위장관계 이상반응의 위험이 더 클 수 있음. 고령자는 이상반응이 나타나기 쉬우므로 소량부터 투여를 개시하고 필요한 최소량으로 투여하며, 이상반응의 발현에 특히 유의하는 등 환자의 상태를 관찰하면서 신중히 투여.",(주)종근당,,,터논연질캡슐(덱시부프로펜)_(0.3g/1캡슐),643305780,,
,,,,비급여,,,dexibuprofen,142301ACS,"고령자는 중대한 위장관계 이상반응의 위험이 더 클 수 있음. 고령자는 이상반응이 나타나기 쉬우므로 소량부터 투여를 개시하고 필요한 최소량으로 투여하며, 이상반응의 발현에 특히 유의하는 등 환자의 상태를 관찰하면서 신중히 투여.",(주)녹십자,,,탁센덱시연질캡슐(덱시부프로펜)_(0.3g/1캡슐),643605860,,
,,,,비급여,,,dexibuprofen,142301ACS,"고령자는 중대한 위장관계 이상반응의 위험이 더 클 수 있음. 고령자는 이상반응이 나타나기 쉬우므로 소량부터 투여를 개시하고 필요한 최소량으로 투여하며, 이상반응의 발현에 특히 유의하는 등 환자의 상태를 관찰하면서 신중히 투여.",신신제약(주),,,이지펜연질캡슐(덱시부프로펜)_(0.3g/1캡슐),643802200,,
,,,,비급여,,,dexibuprofen,142301ACS,"고령자는 중대한 위장관계 이상반응의 위험이 더 클 수 있음. 고령자는 이상반응이 나타나기 쉬우므로 소량부터 투여를 개시하고 필요한 최소량으로 투여하며, 이상반응의 발현에 특히 유의하는 등 환자의 상태를 관찰하면서 신중히 투여.",(주)유유제약,,,바로소펜연질캡슐(덱시부프로펜)_(0.3g/1캡슐),644501870,,
,,,,비급여,,,dexibuprofen,142301ACS,"고령자는 중대한 위장관계 이상반응의 위험이 더 클 수 있음. 고령자는 이상반응이 나타나기 쉬우므로 소량부터 투여를 개시하고 필요한 최소량으로 투여하며, 이상반응의 발현에 특히 유의하는 등 환자의 상태를 관찰하면서 신중히 투여.",조아제약(주),,,다펜덱시연질캡슐(덱시부프로펜)_(0.3g/1캡슐),644604450,,
,,,,비급여,,,dexibuprofen,142301ACS,"고령자는 중대한 위장관계 이상반응의 위험이 더 클 수 있음. 고령자는 이상반응이 나타나기 쉬우므로 소량부터 투여를 개시하고 필요한 최소량으로 투여하며, 이상반응의 발현에 특히 유의하는 등 환자의 상태를 관찰하면서 신중히 투여.",에스케이케미칼(주),,,덱시엔연질캡슐(덱시부프로펜)_(0.3g/1캡슐),644702890,,
,,,,비급여,,,dexibuprofen,142301ACS,"고령자는 중대한 위장관계 이상반응의 위험이 더 클 수 있음. 고령자는 이상반응이 나타나기 쉬우므로 소량부터 투여를 개시하고 필요한 최소량으로 투여하며, 이상반응의 발현에 특히 유의하는 등 환자의 상태를 관찰하면서 신중히 투여.",태극제약(주),,,로노펜300연질캡슐(덱시부프로펜)_(0.3g/1캡슐),644804360,,
,,,,비급여,,,dexibuprofen,142301ACS,"고령자는 중대한 위장관계 이상반응의 위험이 더 클 수 있음. 고령자는 이상반응이 나타나기 쉬우므로 소량부터 투여를 개시하고 필요한 최소량으로 투여하며, 이상반응의 발현에 특히 유의하는 등 환자의 상태를 관찰하면서 신중히 투여.",제이더블유중외제약(주),,,페인엔젤-프로연질캡슐(덱시부프로펜)_(0.3g/1캡슐),644912810,,
,,,,비급여,,,dexibuprofen,142301ACS,"고령자는 중대한 위장관계 이상반응의 위험이 더 클 수 있음. 고령자는 이상반응이 나타나기 쉬우므로 소량부터 투여를 개시하고 필요한 최소량으로 투여하며, 이상반응의 발현에 특히 유의하는 등 환자의 상태를 관찰하면서 신중히 투여.",에이프로젠제약(주),,,맥시쿨펜연질캡슐(덱시부프로펜)_(0.3g/1캡슐),645203850,,
,,,,비급여,,,dexibuprofen,142301ACS,"고령자는 중대한 위장관계 이상반응의 위험이 더 클 수 있음. 고령자는 이상반응이 나타나기 쉬우므로 소량부터 투여를 개시하고 필요한 최소량으로 투여하며, 이상반응의 발현에 특히 유의하는 등 환자의 상태를 관찰하면서 신중히 투여.",한솔신약(주),,,에스빈연질캡슐(덱시부프로펜)_(0.3g/1캡슐),645801620,,
,,,,비급여,,,dexibuprofen,142301ACS,"고령자는 중대한 위장관계 이상반응의 위험이 더 클 수 있음. 고령자는 이상반응이 나타나기 쉬우므로 소량부터 투여를 개시하고 필요한 최소량으로 투여하며, 이상반응의 발현에 특히 유의하는 등 환자의 상태를 관찰하면서 신중히 투여.",한국코러스(주),,,덱시원연질캡슐(덱시부프로펜)_(0.3g/1캡슐),647202600,,
,,,,비급여,,,dexibuprofen,142301ACS,"고령자는 중대한 위장관계 이상반응의 위험이 더 클 수 있음. 고령자는 이상반응이 나타나기 쉬우므로 소량부터 투여를 개시하고 필요한 최소량으로 투여하며, 이상반응의 발현에 특히 유의하는 등 환자의 상태를 관찰하면서 신중히 투여.",경남제약(주),,,덱센펜연질캡슐(덱시부프로펜)_(0.3g/1캡슐),647604030,,
,,,,비급여,,,dexibuprofen,142301ACS,"고령자는 중대한 위장관계 이상반응의 위험이 더 클 수 있음. 고령자는 이상반응이 나타나기 쉬우므로 소량부터 투여를 개시하고 필요한 최소량으로 투여하며, 이상반응의 발현에 특히 유의하는 등 환자의 상태를 관찰하면서 신중히 투여.",삼진제약(주),,,이프렌에스연질캡슐(덱시부프로펜)_(0.3g/1캡슐),647803410,,
,,,,비급여,,,dexibuprofen,142301ACS,"고령자는 중대한 위장관계 이상반응의 위험이 더 클 수 있음. 고령자는 이상반응이 나타나기 쉬우므로 소량부터 투여를 개시하고 필요한 최소량으로 투여하며, 이상반응의 발현에 특히 유의하는 등 환자의 상태를 관찰하면서 신중히 투여.",경동제약(주),,,그날엔덱스연질캡슐(덱시부프로펜)_(0.3g/1캡슐),648104310,,
,,,,비급여,,,dexibuprofen,142301ACS,"고령자는 중대한 위장관계 이상반응의 위험이 더 클 수 있음. 고령자는 이상반응이 나타나기 쉬우므로 소량부터 투여를 개시하고 필요한 최소량으로 투여하며, 이상반응의 발현에 특히 유의하는 등 환자의 상태를 관찰하면서 신중히 투여.",(주)씨엠지제약,,,덱시센연질캡슐(덱시부프로펜)_(0.3g/1캡슐),648604930,,
,,,,비급여,,,dexibuprofen,142301ACS,"고령자는 중대한 위장관계 이상반응의 위험이 더 클 수 있음. 고령자는 이상반응이 나타나기 쉬우므로 소량부터 투여를 개시하고 필요한 최소량으로 투여하며, 이상반응의 발현에 특히 유의하는 등 환자의 상태를 관찰하면서 신중히 투여.",명문제약(주),,,리드펜플러스연질캡슐(덱시부프로펜)_(0.3g/1캡슐),649806650,,
,,,,비급여,,,dexibuprofen,142301ACS,"고령자는 중대한 위장관계 이상반응의 위험이 더 클 수 있음. 고령자는 이상반응이 나타나기 쉬우므로 소량부터 투여를 개시하고 필요한 최소량으로 투여하며, 이상반응의 발현에 특히 유의하는 등 환자의 상태를 관찰하면서 신중히 투여.",동국제약(주),,,프리엔연질캡슐(덱시부프로펜)_(0.3g/1캡슐),653402200,,
,,,,비급여,,,dexibuprofen,142301ACS,"고령자는 중대한 위장관계 이상반응의 위험이 더 클 수 있음. 고령자는 이상반응이 나타나기 쉬우므로 소량부터 투여를 개시하고 필요한 최소량으로 투여하며, 이상반응의 발현에 특히 유의하는 등 환자의 상태를 관찰하면서 신중히 투여.",신일제약(주),,,펜다나프로연질캡슐(덱시부프로펜)_(0.3g/1캡슐),653806410,,
,,,,비급여,,,dexibuprofen,142301ACS,"고령자는 중대한 위장관계 이상반응의 위험이 더 클 수 있음. 고령자는 이상반응이 나타나기 쉬우므로 소량부터 투여를 개시하고 필요한 최소량으로 투여하며, 이상반응의 발현에 특히 유의하는 등 환자의 상태를 관찰하면서 신중히 투여.",이연제약(주),,,팜페인프로연질캡슐(덱시부프로펜)_(0.3g/1캡슐),658604000,,
,,,,비급여,,,dexibuprofen,142301ACS,"고령자는 중대한 위장관계 이상반응의 위험이 더 클 수 있음. 고령자는 이상반응이 나타나기 쉬우므로 소량부터 투여를 개시하고 필요한 최소량으로 투여하며, 이상반응의 발현에 특히 유의하는 등 환자의 상태를 관찰하면서 신중히 투여.",경진제약(주),,,옵티제로연질캡슐(덱시부프로펜)_(0.3g/1캡슐),660402800,,
,,,,비급여,,,dexibuprofen,142301ACS,"고령자는 중대한 위장관계 이상반응의 위험이 더 클 수 있음. 고령자는 이상반응이 나타나기 쉬우므로 소량부터 투여를 개시하고 필요한 최소량으로 투여하며, 이상반응의 발현에 특히 유의하는 등 환자의 상태를 관찰하면서 신중히 투여.",경방신약(주),,,이지페인덱시연질캡슐(덱시부프로펜)_(0.3g/1캡슐),661307190,,
,,,,비급여,,,dexibuprofen,142301ACS,"고령자는 중대한 위장관계 이상반응의 위험이 더 클 수 있음. 고령자는 이상반응이 나타나기 쉬우므로 소량부터 투여를 개시하고 필요한 최소량으로 투여하며, 이상반응의 발현에 특히 유의하는 등 환자의 상태를 관찰하면서 신중히 투여.",구주제약(주),,,바이펜연질캡슐300mg(덱시부프로펜)_(0.3g/1캡슐),669805030,,
,,,,비급여,,,dexibuprofen,142301ACS,"고령자는 중대한 위장관계 이상반응의 위험이 더 클 수 있음. 고령자는 이상반응이 나타나기 쉬우므로 소량부터 투여를 개시하고 필요한 최소량으로 투여하며, 이상반응의 발현에 특히 유의하는 등 환자의 상태를 관찰하면서 신중히 투여.",(주)휴온스,,,휴덱시연질캡슐(덱시부프로펜)_(0.3g/1캡슐),670608120,,
,,,,비급여,,,dexibuprofen,142301ACS,"고령자는 중대한 위장관계 이상반응의 위험이 더 클 수 있음. 고령자는 이상반응이 나타나기 쉬우므로 소량부터 투여를 개시하고 필요한 최소량으로 투여하며, 이상반응의 발현에 특히 유의하는 등 환자의 상태를 관찰하면서 신중히 투여.",(주)서흥,,,프로펜디연질캡슐(덱시부프로펜)_(0.3g/1캡슐),679600620,,
,,,,비급여,,,dexibuprofen,142336ASY,"고령자는 중대한 위장관계 이상반응의 위험이 더 클 수 있음. 고령자는 이상반응이 나타나기 쉬우므로 소량부터 투여를 개시하고 필요한 최소량으로 투여하며, 이상반응의 발현에 특히 유의하는 등 환자의 상태를 관찰하면서 신중히 투여.",동화약품(주),,,판콜아이시럽(덱시부프로펜)_(72mg/6mL),642706591,,
,,,,비급여,,,dexibuprofen,142336ASY,"고령자는 중대한 위장관계 이상반응의 위험이 더 클 수 있음. 고령자는 이상반응이 나타나기 쉬우므로 소량부터 투여를 개시하고 필요한 최소량으로 투여하며, 이상반응의 발현에 특히 유의하는 등 환자의 상태를 관찰하면서 신중히 투여.",제이더블유중외제약(주),,,페인엔젤키즈시럽(덱시부프로펜)_(72mg/6mL),644914771,,
,,,,비급여,,,dexibuprofen,142336ASY,"고령자는 중대한 위장관계 이상반응의 위험이 더 클 수 있음. 고령자는 이상반응이 나타나기 쉬우므로 소량부터 투여를 개시하고 필요한 최소량으로 투여하며, 이상반응의 발현에 특히 유의하는 등 환자의 상태를 관찰하면서 신중히 투여.",(주)퍼슨,,,맥시부키즈시럽(덱시부프로펜)_(72mg/6mL),657401521,,
,,,,비급여,,,diclofenac sodium,143534BIJ,고령자는 중대한 위장관계 이상반응의 위험이 더 클 수 있음. 고령자에 있어서 필요한 최소량으로 신중히 투여하고 이상반응의 발현에 특히 유의함.,삼진제약(주),,,삼진디클로페낙나트륨주사_(75mg/3mL),647800771,,
,,,,비급여,,,flurbiprofen,161906ATO,고령자는 중대한 위장관계 이상반응의 위험이 더 클 수 있음.,(유)옥시레킷벤키저,,,스트렙실허니앤레몬트로키(플루르비프로펜)스트렙실오렌지트로키(플루르비프로펜)_(8.75mg/1정),640600100,,
,,,,비급여,,,flurbiprofen,161906ATO,고령자는 중대한 위장관계 이상반응의 위험이 더 클 수 있음.,동화약품(주),,,모가프텐트로키(플루르비프로펜)_(8.75mg/1정),642706580,,
,,,,비급여,,,flurbiprofen,161906ATO,고령자는 중대한 위장관계 이상반응의 위험이 더 클 수 있음.,경남제약(주),,,리놀에스트로키(플루르비프로펜)_(8.75mg/1정),647603650,,
,,,,비급여,,,flurbiprofen,161906ATO,고령자는 중대한 위장관계 이상반응의 위험이 더 클 수 있음.,지엘파마(주),,,"스로쿨트로키(멘톨앤페퍼민트향, 페퍼민트향, 레몬향)(플루르비프로펜)_(8.75mg/1정)",649701770,,
,,,,비급여,,,flurbiprofen,161906ATO,고령자는 중대한 위장관계 이상반응의 위험이 더 클 수 있음.,대원제약(주),,,요모겐트로키(플루르비프로펜)_(8.75mg/1정),671807160,,
,,,,비급여,,,ibuprofen,172802ACS,고령자일수록 위장관계 이상반응 발생 가능성은 증가할 수 있음.,(주)글락소스미스클라인컨슈머헬스케어코리아,,,애드빌리퀴겔연질캡슐(이부프로펜)_(0.2g/1캡슐),51600370,,
,,,,비급여,,,ibuprofen,172802ACS,고령자일수록 위장관계 이상반응 발생 가능성은 증가할 수 있음.,동아제약(주),,,이브원큐연질캡슐(이부프로펜)_(0.2g/1캡슐),626501220,,
,,,,비급여,,,ibuprofen,172802ACS,고령자일수록 위장관계 이상반응 발생 가능성은 증가할 수 있음.,동아제약(주),,,이브원큐에스연질캡슐(이부프로펜)_(0.2g/1캡슐),626501520,,
,,,,비급여,,,ibuprofen,172802ACS,고령자일수록 위장관계 이상반응 발생 가능성은 증가할 수 있음.,동화약품(주),,,트리스펜연질캡슐(이부프로펜)_(0.2g/1캡슐),642705830,,
,,,,비급여,,,ibuprofen,172802ACS,고령자일수록 위장관계 이상반응 발생 가능성은 증가할 수 있음.,한미약품(주),,,스피드펜연질캡슐200밀리그램(이부프로펜)_(0.2g/1캡슐),643501360,,
,,,,비급여,,,ibuprofen,172802ACS,고령자일수록 위장관계 이상반응 발생 가능성은 증가할 수 있음.,제이더블유중외제약(주),,,브레핀에스연질캡슐(이부프로펜)_(0.2g/1캡슐),644913360,,
,,,,비급여,,,ibuprofen,172802ACS,고령자일수록 위장관계 이상반응 발생 가능성은 증가할 수 있음.,한솔신약(주),,,한솔이부프로펜연질캡슐_(0.2g/1캡슐),645803480,,
,,,,비급여,,,ibuprofen,172802ACS,고령자일수록 위장관계 이상반응 발생 가능성은 증가할 수 있음.,(주)메디카코리아,,,리도펜연질캡슐(이부프로펜)_(0.2g/1캡슐),646000540,,
,,,,비급여,,,ibuprofen,172802ACS,고령자일수록 위장관계 이상반응 발생 가능성은 증가할 수 있음.,알리코제약(주),,,알코펜연질캡슐(이부프로펜)_(0.2g/1캡슐),656004900,,
,,,,비급여,,,ibuprofen,172802ACS,고령자일수록 위장관계 이상반응 발생 가능성은 증가할 수 있음.,이연제약(주),,,팜페인이부연질캡슐(이부프로펜)_(0.2g/1캡슐),658604010,,
,,,,비급여,,,ibuprofen,172802ACS,고령자일수록 위장관계 이상반응 발생 가능성은 증가할 수 있음.,경방신약(주),,,페인에리퀴드연질캡슐(이부프로펜)_(0.2g/1캡슐),661307050,,
,,,,비급여,,,ibuprofen,172802ACS,고령자일수록 위장관계 이상반응 발생 가능성은 증가할 수 있음.,(주)알피바이오,,,하이스펜연질캡슐(이부프로펜)_(0.2g/1캡슐),661603010,,
,,,,비급여,,,ibuprofen,172802ACS,고령자일수록 위장관계 이상반응 발생 가능성은 증가할 수 있음.,동방에프티엘(주),,,이부뉴펜연질캡슐(이부프로펜)_(0.2g/1캡슐),680500690,,
,,,,비급여,,,ibuprofen,172802ATB,고령자일수록 위장관계 이상반응 발생 가능성은 증가할 수 있음.,(주)글락소스미스클라인컨슈머헬스케어코리아,,,애드빌정(이부프로펜)_(0.2g/1정),51600330,,
,,,,비급여,,,ibuprofen,172806ACS,고령자일수록 위장관계 이상반응 발생 가능성은 증가할 수 있음.,코스맥스파마(주),,,이부로엔에스연질캡슐(이부프로펜)_(0.4g/1캡슐),55101850,,
,,,,비급여,,,ibuprofen,172806ACS,고령자일수록 위장관계 이상반응 발생 가능성은 증가할 수 있음.,동아제약(주),,,이브400원큐에스연질캡슐(이부프로펜)_(0.4g/1캡슐),626502050,,
,,,,비급여,,,ibuprofen,172806ACS,고령자일수록 위장관계 이상반응 발생 가능성은 증가할 수 있음.,광동제약(주),,,스피딕400연질캡슐(이부프로펜)_(0.4g/1캡슐),641805040,,
,,,,비급여,,,ibuprofen,172806ACS,고령자일수록 위장관계 이상반응 발생 가능성은 증가할 수 있음.,부광약품(주),,,타세놀이부연질캡슐400밀리그램(이부프로펜)_(0.4g/1캡슐),642204730,,
,,,,비급여,,,ibuprofen,172806ACS,고령자일수록 위장관계 이상반응 발생 가능성은 증가할 수 있음.,(주)녹십자,,,탁센400이부프로펜연질캡슐_(0.4g/1캡슐),643605190,,
,,,,비급여,,,ibuprofen,172806ACS,고령자일수록 위장관계 이상반응 발생 가능성은 증가할 수 있음.,조아제약(주),,,다펜-큐연질캡슐(이부프로펜)_(0.4g/1캡슐),644603050,,
,,,,비급여,,,ibuprofen,172806ACS,고령자일수록 위장관계 이상반응 발생 가능성은 증가할 수 있음.,에스케이케미칼(주),,,이부로엔연질캡슐(이부프로펜)_(0.4g/1캡슐),644704100,,
,,,,비급여,,,ibuprofen,172806ACS,고령자일수록 위장관계 이상반응 발생 가능성은 증가할 수 있음.,제이더블유중외제약(주),,,페인엔젤이부연질캡슐(이부프로펜)_(0.4g/1캡슐),644913750,,
,,,,비급여,,,ibuprofen,172806ACS,고령자일수록 위장관계 이상반응 발생 가능성은 증가할 수 있음.,건일제약(주),,,건일이부프로펜연질캡슐400밀리그램_(0.4g/1캡슐),646803220,,
,,,,비급여,,,ibuprofen,172806ACS,고령자일수록 위장관계 이상반응 발생 가능성은 증가할 수 있음.,(주)씨엠지제약,,,이부센연질캡슐(이부프로펜)_(0.4g/1캡슐),648604850,,
,,,,비급여,,,ibuprofen,172806ACS,고령자일수록 위장관계 이상반응 발생 가능성은 증가할 수 있음.,명문제약(주),,,이부콜벤연질캡슐400밀리그램(이부프로펜)_(0.4g/1캡슐),649808040,,
,,,,비급여,,,ibuprofen,172806ACS,고령자일수록 위장관계 이상반응 발생 가능성은 증가할 수 있음.,오스틴제약(주),,,큐센400이부프로펜연질캡슐_(0.4g/1캡슐),654305480,,
,,,,비급여,,,ibuprofen,172806ACS,고령자일수록 위장관계 이상반응 발생 가능성은 증가할 수 있음.,(주)바스칸바이오제약,,,루피엔연질캡슐(이부프로펜)_(0.4g/1캡슐),656205160,,
,,,,비급여,,,ibuprofen,172806ACS,고령자일수록 위장관계 이상반응 발생 가능성은 증가할 수 있음.,(주)알피바이오,,,미그펜400연질캡슐(이부프로펜)_(0.4g/1캡슐),661603570,,
,,,,비급여,,,ibuprofen,172806ACS,고령자일수록 위장관계 이상반응 발생 가능성은 증가할 수 있음.,구주제약(주),,,엘씨펜연질캡슐400mg(이부프로펜)_(0.4g/1캡슐),669805020,,
,,,,비급여,,,ibuprofen,172806ACS,고령자일수록 위장관계 이상반응 발생 가능성은 증가할 수 있음.,(주)팜젠사이언스,,,미가펜후레쉬연질캡슐(이부프로펜)_(0.4g/1캡슐),670104500,,
,,,,비급여,,,ibuprofen,172806ACS,고령자일수록 위장관계 이상반응 발생 가능성은 증가할 수 있음.,코오롱제약(주),,,마이펜이부400연질캡슐(이부프로펜)_(0.4g/1캡슐),670305000,,
,,,,비급여,,,ibuprofen,172806ATB,고령자일수록 위장관계 이상반응 발생 가능성은 증가할 수 있음.,(주)마더스제약,,,로그펜정400밀리그람(이부프로펜)_(0.4g/1정),622800560,,
,,,,비급여,,,ibuprofen,172806ATB,고령자일수록 위장관계 이상반응 발생 가능성은 증가할 수 있음.,(주)화이트생명과학,,,화이트이부프로펜정400밀리그램(이부프로펜)_(0.4g/1정),625202070,,
,,,,비급여,,,ibuprofen,172806ATB,고령자일수록 위장관계 이상반응 발생 가능성은 증가할 수 있음.,에이프로젠제약(주),,,스코펜정400밀리그램(이부프로펜)_(0.4g/1정),645204170,,
,,,,비급여,,,ibuprofen,172806ATB,고령자일수록 위장관계 이상반응 발생 가능성은 증가할 수 있음.,한솔신약(주),,,아이비에프정(이부프로펜)_(0.4g/1정),645801500,,
,,,,비급여,,,ibuprofen,172806ATB,고령자일수록 위장관계 이상반응 발생 가능성은 증가할 수 있음.,한국코러스(주),,,코러스이부프로펜정400밀리그람_(0.4g/1정),647201300,,
,,,,비급여,,,ibuprofen,172806ATB,고령자일수록 위장관계 이상반응 발생 가능성은 증가할 수 있음.,원광제약(주),,,원광이부프로펜정400밀리그램(이부프로펜)_(0.4g/1정),662601370,,
,,,,비급여,,,ibuprofen,172806ATB,고령자일수록 위장관계 이상반응 발생 가능성은 증가할 수 있음.,동인당제약(주),,,이바펜400밀리그람정(이부프로펜)_(0.4g/1정),664101190,,
,,,,비급여,,,ibuprofen,172835ASY,고령자일수록 위장관계 이상반응 발생 가능성은 증가할 수 있음.,맥널티제약(주),,,맥펜시럽(이부프로펜)(새콤한오렌지맛)_(2g/100mL),641500921,,
,,,,비급여,,,ibuprofen,172835ASY,고령자일수록 위장관계 이상반응 발생 가능성은 증가할 수 있음.,부광약품(주),,,코리투살에프시럽(이부프로펜)_(2g/100mL),642203541,,
,,,,비급여,,,ibuprofen,172835ASY,고령자일수록 위장관계 이상반응 발생 가능성은 증가할 수 있음.,(주)종근당,,,베비잘시럽(이부프로펜)_(2g/100mL),643300901,,
,,,,비급여,,,ibuprofen,172835ASY,고령자일수록 위장관계 이상반응 발생 가능성은 증가할 수 있음.,주식회사제뉴원사이언스,,,잼플이부펜시럽(이부프로펜)_(2g/100mL),671702411,,
,,,,비급여,,,ibuprofen,172840ASY,고령자일수록 위장관계 이상반응 발생 가능성은 증가할 수 있음.,동아제약(주),,,챔프이부펜시럽(이부프로펜)_(0.1g/5mL),626500901,,
,,,,비급여,,,ibuprofen,172840ASY,고령자일수록 위장관계 이상반응 발생 가능성은 증가할 수 있음.,광동제약(주),,,키즈앤펜시럽(이부프로펜)_(0.1g/5mL),641805831,,
,,,,비급여,,,ibuprofen,172840ASY,고령자일수록 위장관계 이상반응 발생 가능성은 증가할 수 있음.,동국제약(주),,,프리아이시럽(이부프로펜)_(0.1g/5mL),653404631,,
,,,,비급여,,,ibuprofen,172842BIJ,고령자일수록 위장관계 이상반응 발생 가능성은 증가할 수 있음. 고령자는 전반적으로 생리적 기능이 저하되어 있으므로 면밀히 모니터링 하면서 용량을 조절하여 투여해야 함.,동광제약㈜,,,동광이부프로펜주_(0.4g/4mL),645907371,,
,,,,비급여,,,ibuprofen,172842BIJ,고령자일수록 위장관계 이상반응 발생 가능성은 증가할 수 있음. 고령자는 전반적으로 생리적 기능이 저하되어 있으므로 면밀히 모니터링 하면서 용량을 조절하여 투여해야 함.,(주)휴온스,,,아모부로펜주(이부프로펜)_(0.4g/4mL),670607751,,
,,,,비급여,,,ibuprofen,172842BIJ,고령자일수록 위장관계 이상반응 발생 가능성은 증가할 수 있음. 고령자는 전반적으로 생리적 기능이 저하되어 있으므로 면밀히 모니터링 하면서 용량을 조절하여 투여해야 함.,(주)한국디비팜,,,칼도롤주사액(이부프로펜)_(0.4g/4mL),676700451,,
,,,,비급여,,,ibuprofen,172842BIJ,고령자일수록 위장관계 이상반응 발생 가능성은 증가할 수 있음. 고령자는 전반적으로 생리적 기능이 저하되어 있으므로 면밀히 모니터링 하면서 용량을 조절하여 투여해야 함.,(주)휴메딕스,,,이부펜주(이부프로펜)_(0.4g/4mL),683101291,,
,,,,비급여,,,ibuprofen,172844BIJ,고령자일수록 위장관계 이상반응 발생 가능성은 증가할 수 있음.,동광제약㈜,,,동광이부프로펜주_(0.8g/8mL),645907373,,
,,,,비급여,,,ibuprofen,172844BIJ,고령자일수록 위장관계 이상반응 발생 가능성은 증가할 수 있음.,(주)휴온스,,,아모부로펜주(이부프로펜)_(0.8g/8mL),670607761,,
,,,,비급여,,,ibuprofen,172844BIJ,고령자일수록 위장관계 이상반응 발생 가능성은 증가할 수 있음.,(주)한국디비팜,,,칼도롤주사액(이부프로펜)_(0.8g/8mL),676700471,,
,,,,비급여,,,ibuprofen,172844BIJ,고령자일수록 위장관계 이상반응 발생 가능성은 증가할 수 있음.,(주)휴메딕스,,,이부펜주(이부프로펜)_(0.8g/8mL),683101301,,
,,,,비급여,,,ibuprofen,172846ASY,고령자일수록 위장관계 이상반응 발생 가능성은 증가할 수 있음.,주식회사다나젠,,,콜대원제로이부펜시럽(이부프로펜)_(0.4g/20mL),57600061,,
,,,,비급여,,,ibuprofen,172847BIJ,고령자일수록 위장관계 이상반응 발생 가능성은 증가할 수 있음. 고령자는 전반적으로 생리적 기능이 저하되어 있으므로 면밀히 모니터링 하면서 용량을 조절하여 투여해야 함.,제이더블유신약(주),,,이부피펜프리믹스주(이부프로펜)_(0.4g/104mL),644103441,,
,,,,비급여,,,ibuprofen,172847BIJ,고령자일수록 위장관계 이상반응 발생 가능성은 증가할 수 있음. 고령자는 전반적으로 생리적 기능이 저하되어 있으므로 면밀히 모니터링 하면서 용량을 조절하여 투여해야 함.,(주)휴온스,,,아모부로펜프리믹스주(이부프로펜)_(0.4g/104mL),670608901,,
,,,,비급여,,,ibuprofen,172847BIJ,고령자일수록 위장관계 이상반응 발생 가능성은 증가할 수 있음. 고령자는 전반적으로 생리적 기능이 저하되어 있으므로 면밀히 모니터링 하면서 용량을 조절하여 투여해야 함.,제이더블유생명과학(주),,,프리브로펜주(이부프로펜)_(0.4g/104mL),678901281,,
,,,,비급여,,,ibuprofen,172848BIJ,고령자일수록 위장관계 이상반응 발생 가능성은 증가할 수 있음. 고령자는 전반적으로 생리적 기능이 저하되어 있으므로 면밀히 모니터링 하면서 용량을 조절하여 투여해야 함.,크리스탈생명과학(주),,,크리스탈이부프로펜주_(0.4g/100mL),52701431,,
,,,,비급여,,,ibuprofen,172848BIJ,고령자일수록 위장관계 이상반응 발생 가능성은 증가할 수 있음. 고령자는 전반적으로 생리적 기능이 저하되어 있으므로 면밀히 모니터링 하면서 용량을 조절하여 투여해야 함.,광동제약(주),,,이부케이주(이부프로펜)_(0.4g/100mL),641807141,,
,,,,비급여,,,ibuprofen,172848BIJ,고령자일수록 위장관계 이상반응 발생 가능성은 증가할 수 있음. 고령자는 전반적으로 생리적 기능이 저하되어 있으므로 면밀히 모니터링 하면서 용량을 조절하여 투여해야 함.,삼성제약(주),,,삼성이부프로펜프리믹스주_(0.4g/100mL),642308671,,
,,,,비급여,,,ibuprofen,172848BIJ,고령자일수록 위장관계 이상반응 발생 가능성은 증가할 수 있음. 고령자는 전반적으로 생리적 기능이 저하되어 있으므로 면밀히 모니터링 하면서 용량을 조절하여 투여해야 함.,영진약품(주),,,부펜솔주(이부프로펜)_(0.4g/100mL),642405021,,
,,,,비급여,,,ibuprofen,172848BIJ,고령자일수록 위장관계 이상반응 발생 가능성은 증가할 수 있음. 고령자는 전반적으로 생리적 기능이 저하되어 있으므로 면밀히 모니터링 하면서 용량을 조절하여 투여해야 함.,대우제약(주),,,알리펜프리믹스주(이부프로펜)_(0.4g/100mL),649606181,,
,,,,비급여,,,ibuprofen,172848BIJ,고령자일수록 위장관계 이상반응 발생 가능성은 증가할 수 있음. 고령자는 전반적으로 생리적 기능이 저하되어 있으므로 면밀히 모니터링 하면서 용량을 조절하여 투여해야 함.,하나제약(주),,,원부펜프리믹스주(이부프로펜)_(0.4g/100mL),657807701,,
,,,,비급여,,,ibuprofen,172848BIJ,고령자일수록 위장관계 이상반응 발생 가능성은 증가할 수 있음. 고령자는 전반적으로 생리적 기능이 저하되어 있으므로 면밀히 모니터링 하면서 용량을 조절하여 투여해야 함.,(주)보령바이오파마,,,이부로펜프리믹스주(이부프로펜)_(0.4g/100mL),670502501,,
,,,,비급여,,,ibuprofen,172848BIJ,고령자일수록 위장관계 이상반응 발생 가능성은 증가할 수 있음. 고령자는 전반적으로 생리적 기능이 저하되어 있으므로 면밀히 모니터링 하면서 용량을 조절하여 투여해야 함.,주식회사제뉴원사이언스,,,이브포프리믹스주(이부프로펜)_(0.4g/100mL),671706621,,
,,,,비급여,,,ibuprofen,172848BIJ,고령자일수록 위장관계 이상반응 발생 가능성은 증가할 수 있음. 고령자는 전반적으로 생리적 기능이 저하되어 있으므로 면밀히 모니터링 하면서 용량을 조절하여 투여해야 함.,(주)한국글로벌제약,,,글로펜주(이부프로펜)_(0.4g/100mL),693202481,,
,,,,비급여,,,ibuprofen,172849BIJ,고령자일수록 위장관계 이상반응 발생 가능성은 증가할 수 있음.,영진약품㈜,,,부펜솔주(이부프로펜)_(0.8g/200mL),642405081,,
,,,,비급여,,,ibuprofen,172849BIJ,고령자일수록 위장관계 이상반응 발생 가능성은 증가할 수 있음.,주식회사제뉴원사이언스,,,이브포프리믹스주(이부프로펜)_(0.8g/200mL),671706622,,
,,,,비급여,,,ibuprofen,172850BIJ,고령자일수록 위장관계 이상반응 발생 가능성은 증가할 수 있음. 고령자는 전반적으로 생리적 기능이 저하되어 있으므로 면밀히 모니터링 하면서 용량을 조절하여 투여해야 함.,제이더블유신약㈜,,,이부피펜프리믹스주(이부프로펜)_(0.8g/208mL),644103451,,
,,,,비급여,,,ibuprofen,172850BIJ,고령자일수록 위장관계 이상반응 발생 가능성은 증가할 수 있음. 고령자는 전반적으로 생리적 기능이 저하되어 있으므로 면밀히 모니터링 하면서 용량을 조절하여 투여해야 함.,㈜휴온스,,,아모부로펜프리믹스주(이부프로펜)_(0.8g/208mL),670608961,,
,,,,비급여,,,ibuprofen,172850BIJ,고령자일수록 위장관계 이상반응 발생 가능성은 증가할 수 있음. 고령자는 전반적으로 생리적 기능이 저하되어 있으므로 면밀히 모니터링 하면서 용량을 조절하여 투여해야 함.,제이더블유생명과학㈜,,,프리브로펜주(이부프로펜)_(0.8g/208mL),678901282,,
,,,,비급여,,,indomethacin,174803ACH,고령자는 중대한 위장관계 이상반응의 위험이 더 클 수 있음. 고령자에서는 이상반응이 나타나기 쉬우므로 소량부터 투여를 시작하는 등 환자의 상태를 관찰하면서 신중히 투여.,(주)한국피엠지제약,,,인도메타캡슐(인도메타신)_(25mg/1캡슐),697100190,,
,,,,비급여,,,ketoprofen,179731BIJ,고령자는 중대한 위장관계 이상반응의 위험이 더 클 수 있으며 특히 위장관 출혈과 치명적일 수 있는 천공의 발생 빈도 증가. 고령자에서는 심각한 이상반응이 나타나기 쉬우므로 저용량에서 투여를 시작하고 가능한 한 짧은 기간 동안 투여하는 등 환자의 상태를 관찰하면서 신중히 투여.,(주)제일제약,,,제일제약케토프로펜주_(0.1g/2mL),650500691,,
,,,,비급여,,,loxoprofen sodium hydrate (as loxoprofen sodium),186101ATB,고령자는 중대한 위장관계 이상반응의 위험이 더 클 수 있음. 고령자에게 이 약을 투여 시 주의.,성이바이오(주),,,와이투록소정60밀리그램(록소프로펜나트륨)_(68.1mg/1정),72400210,,
,,,,비급여,,,nabumetone,198102ATB,"고령자에게 이 약을 투여하는 경우 위장관 출혈, 천공의 이상반응의 발현의 위험이 높으니 주의하고, 필요 시 최소량을 투여하고 처음 4주 동안 위장관 출혈을 모니터링하도록 함.",대한뉴팜(주),,,조인정(나부메톤)(수출명:DaebumeTab.)_(0.5g/1정),669903350,,
,,,,비급여,,,naproxen,199402ACS,"고령자는 중대한 위장관계 이상반응의 위험이 더 클 수 있음. 일반적으로 고령자는 소염진통제에 의한 소화관의 궤양, 출혈 등의 발현이 높으므로 소량부터 투여를 시작하여 필요한 최소량으로 투여하고 이상반응의 발현에 특히 유의하는 등 환자의 상태를 관찰하면서 신중히 투여.",제일헬스사이언스(주),,,푸로싹연질캡슐(나프록센)_(0.25g/1캡슐),54300490,,
,,,,비급여,,,naproxen,199402ACS,"고령자는 중대한 위장관계 이상반응의 위험이 더 클 수 있음. 일반적으로 고령자는 소염진통제에 의한 소화관의 궤양, 출혈 등의 발현이 높으므로 소량부터 투여를 시작하여 필요한 최소량으로 투여하고 이상반응의 발현에 특히 유의하는 등 환자의 상태를 관찰하면서 신중히 투여.",코스맥스파마(주),,,맥쎈연질캡슐(나프록센)_(0.25g/1캡슐),55101610,,
,,,,비급여,,,naproxen,199402ACS,"고령자는 중대한 위장관계 이상반응의 위험이 더 클 수 있음. 일반적으로 고령자는 소염진통제에 의한 소화관의 궤양, 출혈 등의 발현이 높으므로 소량부터 투여를 시작하여 필요한 최소량으로 투여하고 이상반응의 발현에 특히 유의하는 등 환자의 상태를 관찰하면서 신중히 투여.",주식회사 노바엠헬스케어,,,훼밀리나프록센연질캡슐_(0.25g/1캡슐),73200680,,
,,,,비급여,,,naproxen,199402ACS,"고령자는 중대한 위장관계 이상반응의 위험이 더 클 수 있음. 일반적으로 고령자는 소염진통제에 의한 소화관의 궤양, 출혈 등의 발현이 높으므로 소량부터 투여를 시작하여 필요한 최소량으로 투여하고 이상반응의 발현에 특히 유의하는 등 환자의 상태를 관찰하면서 신중히 투여.",(주)마더스제약,,,나에겐연질캡슐(나프록센)_(0.25g/1캡슐),622801860,,
,,,,비급여,,,naproxen,199402ACS,"고령자는 중대한 위장관계 이상반응의 위험이 더 클 수 있음. 일반적으로 고령자는 소염진통제에 의한 소화관의 궤양, 출혈 등의 발현이 높으므로 소량부터 투여를 시작하여 필요한 최소량으로 투여하고 이상반응의 발현에 특히 유의하는 등 환자의 상태를 관찰하면서 신중히 투여.",동아제약(주),,,나프원큐연질캡슐(나프록센)_(0.25g/1캡슐),626501300,,
,,,,비급여,,,naproxen,199402ACS,"고령자는 중대한 위장관계 이상반응의 위험이 더 클 수 있음. 일반적으로 고령자는 소염진통제에 의한 소화관의 궤양, 출혈 등의 발현이 높으므로 소량부터 투여를 시작하여 필요한 최소량으로 투여하고 이상반응의 발현에 특히 유의하는 등 환자의 상태를 관찰하면서 신중히 투여.",동아제약(주),,,나프원큐에스연질캡슐(나프록센)_(0.25g/1캡슐),626501540,,
,,,,비급여,,,naproxen,199402ACS,"고령자는 중대한 위장관계 이상반응의 위험이 더 클 수 있음. 일반적으로 고령자는 소염진통제에 의한 소화관의 궤양, 출혈 등의 발현이 높으므로 소량부터 투여를 시작하여 필요한 최소량으로 투여하고 이상반응의 발현에 특히 유의하는 등 환자의 상태를 관찰하면서 신중히 투여.",(주)대웅제약,,,이지엔6스트롱연질캡슐(나프록센)_(0.25g/1캡슐),641606220,,
,,,,비급여,,,naproxen,199402ACS,"고령자는 중대한 위장관계 이상반응의 위험이 더 클 수 있음. 일반적으로 고령자는 소염진통제에 의한 소화관의 궤양, 출혈 등의 발현이 높으므로 소량부터 투여를 시작하여 필요한 최소량으로 투여하고 이상반응의 발현에 특히 유의하는 등 환자의 상태를 관찰하면서 신중히 투여.",광동제약(주),,,스피록센연질캡슐(나프록센)_(0.25g/1캡슐),641805610,,
,,,,비급여,,,naproxen,199402ACS,"고령자는 중대한 위장관계 이상반응의 위험이 더 클 수 있음. 일반적으로 고령자는 소염진통제에 의한 소화관의 궤양, 출혈 등의 발현이 높으므로 소량부터 투여를 시작하여 필요한 최소량으로 투여하고 이상반응의 발현에 특히 유의하는 등 환자의 상태를 관찰하면서 신중히 투여.",현대약품(주),,,솔루록센연질캡슐(나프록센)_(0.25g/1캡슐),642004270,,
,,,,비급여,,,naproxen,199402ACS,"고령자는 중대한 위장관계 이상반응의 위험이 더 클 수 있음. 일반적으로 고령자는 소염진통제에 의한 소화관의 궤양, 출혈 등의 발현이 높으므로 소량부터 투여를 시작하여 필요한 최소량으로 투여하고 이상반응의 발현에 특히 유의하는 등 환자의 상태를 관찰하면서 신중히 투여.",(주)유한양행,,,확펜연질캡슐(나프록센)_(0.25g/1캡슐),642104510,,
,,,,비급여,,,naproxen,199402ACS,"고령자는 중대한 위장관계 이상반응의 위험이 더 클 수 있음. 일반적으로 고령자는 소염진통제에 의한 소화관의 궤양, 출혈 등의 발현이 높으므로 소량부터 투여를 시작하여 필요한 최소량으로 투여하고 이상반응의 발현에 특히 유의하는 등 환자의 상태를 관찰하면서 신중히 투여.",부광약품(주),,,엔프렌드연질캡슐(나프록센)_(0.25g/1캡슐),642203850,,
,,,,비급여,,,naproxen,199402ACS,"고령자는 중대한 위장관계 이상반응의 위험이 더 클 수 있음. 일반적으로 고령자는 소염진통제에 의한 소화관의 궤양, 출혈 등의 발현이 높으므로 소량부터 투여를 시작하여 필요한 최소량으로 투여하고 이상반응의 발현에 특히 유의하는 등 환자의 상태를 관찰하면서 신중히 투여.",동화약품(주),,,센펜연질캡슐(나프록센)_(0.25g/1캡슐),642706900,,
,,,,비급여,,,naproxen,199402ACS,"고령자는 중대한 위장관계 이상반응의 위험이 더 클 수 있음. 일반적으로 고령자는 소염진통제에 의한 소화관의 궤양, 출혈 등의 발현이 높으므로 소량부터 투여를 시작하여 필요한 최소량으로 투여하고 이상반응의 발현에 특히 유의하는 등 환자의 상태를 관찰하면서 신중히 투여.",고려제약(주),,,자이날큐연질캡슐(나프록센)_(0.25g/1캡슐),642802630,,
,,,,비급여,,,naproxen,199402ACS,"고령자는 중대한 위장관계 이상반응의 위험이 더 클 수 있음. 일반적으로 고령자는 소염진통제에 의한 소화관의 궤양, 출혈 등의 발현이 높으므로 소량부터 투여를 시작하여 필요한 최소량으로 투여하고 이상반응의 발현에 특히 유의하는 등 환자의 상태를 관찰하면서 신중히 투여.",일동제약(주),,,캐롤엔연질캡슐(나프록센)_(0.25g/1캡슐),642904750,,
,,,,비급여,,,naproxen,199402ACS,"고령자는 중대한 위장관계 이상반응의 위험이 더 클 수 있음. 일반적으로 고령자는 소염진통제에 의한 소화관의 궤양, 출혈 등의 발현이 높으므로 소량부터 투여를 시작하여 필요한 최소량으로 투여하고 이상반응의 발현에 특히 유의하는 등 환자의 상태를 관찰하면서 신중히 투여.",(주)종근당,,,낙센연질캡슐(나프록센)_(0.25g/1캡슐),643306930,,
,,,,비급여,,,naproxen,199402ACS,"고령자는 중대한 위장관계 이상반응의 위험이 더 클 수 있음. 일반적으로 고령자는 소염진통제에 의한 소화관의 궤양, 출혈 등의 발현이 높으므로 소량부터 투여를 시작하여 필요한 최소량으로 투여하고 이상반응의 발현에 특히 유의하는 등 환자의 상태를 관찰하면서 신중히 투여.",(주)녹십자,,,탁센연질캡슐(나프록센)_(0.25g/1캡슐),643601670,,
,,,,비급여,,,naproxen,199402ACS,"고령자는 중대한 위장관계 이상반응의 위험이 더 클 수 있음. 일반적으로 고령자는 소염진통제에 의한 소화관의 궤양, 출혈 등의 발현이 높으므로 소량부터 투여를 시작하여 필요한 최소량으로 투여하고 이상반응의 발현에 특히 유의하는 등 환자의 상태를 관찰하면서 신중히 투여.",제이더블유중외제약(주),,,페인엔젤센연질캡슐(나프록센)_(0.25g/1캡슐),644913820,,
,,,,비급여,,,naproxen,199402ACS,"고령자는 중대한 위장관계 이상반응의 위험이 더 클 수 있음. 일반적으로 고령자는 소염진통제에 의한 소화관의 궤양, 출혈 등의 발현이 높으므로 소량부터 투여를 시작하여 필요한 최소량으로 투여하고 이상반응의 발현에 특히 유의하는 등 환자의 상태를 관찰하면서 신중히 투여.",에이프로젠제약(주),,,다나센연질캡슐(나프록센)_(0.25g/1캡슐),645208440,,
,,,,비급여,,,naproxen,199402ACS,"고령자는 중대한 위장관계 이상반응의 위험이 더 클 수 있음. 일반적으로 고령자는 소염진통제에 의한 소화관의 궤양, 출혈 등의 발현이 높으므로 소량부터 투여를 시작하여 필요한 최소량으로 투여하고 이상반응의 발현에 특히 유의하는 등 환자의 상태를 관찰하면서 신중히 투여.",한솔신약(주),,,한솔나프록센연질캡슐_(0.25g/1캡슐),645803980,,
,,,,비급여,,,naproxen,199402ACS,"고령자는 중대한 위장관계 이상반응의 위험이 더 클 수 있음. 일반적으로 고령자는 소염진통제에 의한 소화관의 궤양, 출혈 등의 발현이 높으므로 소량부터 투여를 시작하여 필요한 최소량으로 투여하고 이상반응의 발현에 특히 유의하는 등 환자의 상태를 관찰하면서 신중히 투여.",경남제약(주),,,경남나프록센연질캡슐_(0.25g/1캡슐),647603270,,
,,,,비급여,,,naproxen,199402ACS,"고령자는 중대한 위장관계 이상반응의 위험이 더 클 수 있음. 일반적으로 고령자는 소염진통제에 의한 소화관의 궤양, 출혈 등의 발현이 높으므로 소량부터 투여를 시작하여 필요한 최소량으로 투여하고 이상반응의 발현에 특히 유의하는 등 환자의 상태를 관찰하면서 신중히 투여.",(주)씨엠지제약,,,프리센연질캡슐(나프록센)_(0.25g/1캡슐),648602720,,
,,,,비급여,,,naproxen,199402ACS,"고령자는 중대한 위장관계 이상반응의 위험이 더 클 수 있음. 일반적으로 고령자는 소염진통제에 의한 소화관의 궤양, 출혈 등의 발현이 높으므로 소량부터 투여를 시작하여 필요한 최소량으로 투여하고 이상반응의 발현에 특히 유의하는 등 환자의 상태를 관찰하면서 신중히 투여.",명문제약(주),,,프로센골드연질캡슐(나프록센)_(0.25g/1캡슐),649806660,,
,,,,비급여,,,naproxen,199402ACS,"고령자는 중대한 위장관계 이상반응의 위험이 더 클 수 있음. 일반적으로 고령자는 소염진통제에 의한 소화관의 궤양, 출혈 등의 발현이 높으므로 소량부터 투여를 시작하여 필요한 최소량으로 투여하고 이상반응의 발현에 특히 유의하는 등 환자의 상태를 관찰하면서 신중히 투여.",동국제약(주),,,프리엔에프연질캡슐(나프록센)_(0.25g/1캡슐),653403920,,
,,,,비급여,,,naproxen,199402ACS,"고령자는 중대한 위장관계 이상반응의 위험이 더 클 수 있음. 일반적으로 고령자는 소염진통제에 의한 소화관의 궤양, 출혈 등의 발현이 높으므로 소량부터 투여를 시작하여 필요한 최소량으로 투여하고 이상반응의 발현에 특히 유의하는 등 환자의 상태를 관찰하면서 신중히 투여.",신일제약(주),,,나쎈연질캡슐(나프록센)_(0.25g/1캡슐),653804810,,
,,,,비급여,,,naproxen,199402ACS,"고령자는 중대한 위장관계 이상반응의 위험이 더 클 수 있음. 일반적으로 고령자는 소염진통제에 의한 소화관의 궤양, 출혈 등의 발현이 높으므로 소량부터 투여를 시작하여 필요한 최소량으로 투여하고 이상반응의 발현에 특히 유의하는 등 환자의 상태를 관찰하면서 신중히 투여.",오스틴제약(주),,,큐센연질캡슐(나프록센)_(0.25g/1캡슐),654305470,,
,,,,비급여,,,naproxen,199402ACS,"고령자는 중대한 위장관계 이상반응의 위험이 더 클 수 있음. 일반적으로 고령자는 소염진통제에 의한 소화관의 궤양, 출혈 등의 발현이 높으므로 소량부터 투여를 시작하여 필요한 최소량으로 투여하고 이상반응의 발현에 특히 유의하는 등 환자의 상태를 관찰하면서 신중히 투여.",경방신약(주),,,이지페인록센연질캡슐(나프록센)_(0.25g/1캡슐),661307040,,
,,,,비급여,,,naproxen,199402ACS,"고령자는 중대한 위장관계 이상반응의 위험이 더 클 수 있음. 일반적으로 고령자는 소염진통제에 의한 소화관의 궤양, 출혈 등의 발현이 높으므로 소량부터 투여를 시작하여 필요한 최소량으로 투여하고 이상반응의 발현에 특히 유의하는 등 환자의 상태를 관찰하면서 신중히 투여.",(주)알피바이오,,,에이스펜연질캡슐(나프록센)_(0.25g/1캡슐),661601060,,
,,,,비급여,,,naproxen,199402ACS,"고령자는 중대한 위장관계 이상반응의 위험이 더 클 수 있음. 일반적으로 고령자는 소염진통제에 의한 소화관의 궤양, 출혈 등의 발현이 높으므로 소량부터 투여를 시작하여 필요한 최소량으로 투여하고 이상반응의 발현에 특히 유의하는 등 환자의 상태를 관찰하면서 신중히 투여.",(주)경보제약,,,올나펜연질캡슐(나프록센)_(0.25g/1캡슐),665001880,,
,,,,비급여,,,naproxen,199402ACS,"고령자는 중대한 위장관계 이상반응의 위험이 더 클 수 있음. 일반적으로 고령자는 소염진통제에 의한 소화관의 궤양, 출혈 등의 발현이 높으므로 소량부터 투여를 시작하여 필요한 최소량으로 투여하고 이상반응의 발현에 특히 유의하는 등 환자의 상태를 관찰하면서 신중히 투여.",구주제약(주),,,팍쎈연질캡슐(나프록센)_(0.25g/1캡슐),669805750,,
,,,,비급여,,,naproxen,199402ACS,"고령자는 중대한 위장관계 이상반응의 위험이 더 클 수 있음. 일반적으로 고령자는 소염진통제에 의한 소화관의 궤양, 출혈 등의 발현이 높으므로 소량부터 투여를 시작하여 필요한 최소량으로 투여하고 이상반응의 발현에 특히 유의하는 등 환자의 상태를 관찰하면서 신중히 투여.",(주)팜젠사이언스,,,미가펜에스연질캡슐(나프록센)_(0.25g/1캡슐),670104480,,
,,,,비급여,,,naproxen,199402ACS,"고령자는 중대한 위장관계 이상반응의 위험이 더 클 수 있음. 일반적으로 고령자는 소염진통제에 의한 소화관의 궤양, 출혈 등의 발현이 높으므로 소량부터 투여를 시작하여 필요한 최소량으로 투여하고 이상반응의 발현에 특히 유의하는 등 환자의 상태를 관찰하면서 신중히 투여.",코오롱제약(주),,,여우엔연질캡슐(나프록센)_(0.25g/1캡슐),670303800,,
,,,,비급여,,,naproxen,199402ACS,"고령자는 중대한 위장관계 이상반응의 위험이 더 클 수 있음. 일반적으로 고령자는 소염진통제에 의한 소화관의 궤양, 출혈 등의 발현이 높으므로 소량부터 투여를 시작하여 필요한 최소량으로 투여하고 이상반응의 발현에 특히 유의하는 등 환자의 상태를 관찰하면서 신중히 투여.",주식회사제뉴원사이언스,,,나리센연질캡슐(나프록센)_(0.25g/1캡슐),671704340,,
,,,,비급여,,,naproxen,199402ACS,"고령자는 중대한 위장관계 이상반응의 위험이 더 클 수 있음. 일반적으로 고령자는 소염진통제에 의한 소화관의 궤양, 출혈 등의 발현이 높으므로 소량부터 투여를 시작하여 필요한 최소량으로 투여하고 이상반응의 발현에 특히 유의하는 등 환자의 상태를 관찰하면서 신중히 투여.",(주)서흥,,,에이프록센연질캡슐(나프록센)_(0.25g/1캡슐),679600880,,
,,,,비급여,,,naproxen,199402ACS,"고령자는 중대한 위장관계 이상반응의 위험이 더 클 수 있음. 일반적으로 고령자는 소염진통제에 의한 소화관의 궤양, 출혈 등의 발현이 높으므로 소량부터 투여를 시작하여 필요한 최소량으로 투여하고 이상반응의 발현에 특히 유의하는 등 환자의 상태를 관찰하면서 신중히 투여.",정우신약(주),,,로젠연질캡슐(나프록센)_(0.25g/1캡슐),694204970,,
,,,,비급여,,,naproxen,199402ACS,"고령자는 중대한 위장관계 이상반응의 위험이 더 클 수 있음. 일반적으로 고령자는 소염진통제에 의한 소화관의 궤양, 출혈 등의 발현이 높으므로 소량부터 투여를 시작하여 필요한 최소량으로 투여하고 이상반응의 발현에 특히 유의하는 등 환자의 상태를 관찰하면서 신중히 투여.",(주)테라젠이텍스,,,테라록센연질캡슐(나프록센)_(0.25/1캡슐),698504360,,
,,,,비급여,,,naproxen,199402ATB,"고령자는 중대한 위장관계 이상반응의 위험이 더 클 수 있음. 일반적으로 고령자는 소염진통제에 의한 소화관의 궤양, 출혈 등의 발현이 높으므로 소량부터 투여를 시작하여 필요한 최소량으로 투여하고 이상반응의 발현에 특히 유의하는 등 환자의 상태를 관찰하면서 신중히 투여.",(주)종근당,,,낙센정(나프록센)_(0.25g/1정),643300120,,
,,,,비급여,,,naproxen,199402ATB,"고령자는 중대한 위장관계 이상반응의 위험이 더 클 수 있음. 일반적으로 고령자는 소염진통제에 의한 소화관의 궤양, 출혈 등의 발현이 높으므로 소량부터 투여를 시작하여 필요한 최소량으로 투여하고 이상반응의 발현에 특히 유의하는 등 환자의 상태를 관찰하면서 신중히 투여.",(주)한국피엠지제약,,,신플랙스세미정(나프록센)_(0.25g/1정),697100470,,
,,,,비급여,,,naproxen,199408ASS,"고령자는 중대한 위장관계 이상반응의 위험이 더 클 수 있음. 일반적으로 고령자는 소염진통제에 의한 소화관의 궤양, 출혈 등의 발현이 높으므로 소량부터 투여를 시작하여 필요한 최소량으로 투여하고 이상반응의 발현에 특히 유의하는 등 환자의 상태를 관찰하면서 신중히 투여.",대원바이오텍주식회사,,,파인큐나프록센현탁액_(0.25g/10mL),57601011,,
,,,,비급여,,,naproxen sodium,199501ATB,"고령자는 중대한 위장관계 이상반응의 위험이 더 클 수 있음. 일반적으로 고령자는 소염진통제에 의한 소화관의 궤양, 출혈 등의 발현이 높으므로 소량부터 투여를 시작하여 필요한 최소량으로 투여하고 이상반응의 발현에 특히 유의하는 등 환자의 상태를 관찰하면서 신중히 투여.",주식회사 노바엠헬스케어,,,노바프록센정(나프록센나트륨)_(0.275g/1정),73200180,,
,,,,비급여,,,naproxen sodium,199501ATB,"고령자는 중대한 위장관계 이상반응의 위험이 더 클 수 있음. 일반적으로 고령자는 소염진통제에 의한 소화관의 궤양, 출혈 등의 발현이 높으므로 소량부터 투여를 시작하여 필요한 최소량으로 투여하고 이상반응의 발현에 특히 유의하는 등 환자의 상태를 관찰하면서 신중히 투여.",(주)마더스제약,,,아나탁심정(나프록센나트륨)_(0.275g/1정),622800100,,
,,,,비급여,,,naproxen sodium,199501ATB,"고령자는 중대한 위장관계 이상반응의 위험이 더 클 수 있음. 일반적으로 고령자는 소염진통제에 의한 소화관의 궤양, 출혈 등의 발현이 높으므로 소량부터 투여를 시작하여 필요한 최소량으로 투여하고 이상반응의 발현에 특히 유의하는 등 환자의 상태를 관찰하면서 신중히 투여.",일양약품(주),,,일양나프록센나트륨정_(0.275g/1정),641704810,,
,,,,비급여,,,naproxen sodium,199501ATB,"고령자는 중대한 위장관계 이상반응의 위험이 더 클 수 있음. 일반적으로 고령자는 소염진통제에 의한 소화관의 궤양, 출혈 등의 발현이 높으므로 소량부터 투여를 시작하여 필요한 최소량으로 투여하고 이상반응의 발현에 특히 유의하는 등 환자의 상태를 관찰하면서 신중히 투여.",에이프로젠제약(주),,,에이프로젠나프록센나트륨정_(0.275g/1정),645207290,,
,,,,비급여,,,naproxen sodium,199501ATB,"고령자는 중대한 위장관계 이상반응의 위험이 더 클 수 있음. 일반적으로 고령자는 소염진통제에 의한 소화관의 궤양, 출혈 등의 발현이 높으므로 소량부터 투여를 시작하여 필요한 최소량으로 투여하고 이상반응의 발현에 특히 유의하는 등 환자의 상태를 관찰하면서 신중히 투여.",한솔신약(주),,,엔에이피정(나프록센나트륨)_(0.275g/1정),645801510,,
,,,,비급여,,,naproxen sodium,199501ATB,"고령자는 중대한 위장관계 이상반응의 위험이 더 클 수 있음. 일반적으로 고령자는 소염진통제에 의한 소화관의 궤양, 출혈 등의 발현이 높으므로 소량부터 투여를 시작하여 필요한 최소량으로 투여하고 이상반응의 발현에 특히 유의하는 등 환자의 상태를 관찰하면서 신중히 투여.",한국코러스(주),,,다나프록센정(나프록센나트륨)_(0.275g/1정),647200630,,
,,,,비급여,,,naproxen sodium,199501ATB,"고령자는 중대한 위장관계 이상반응의 위험이 더 클 수 있음. 일반적으로 고령자는 소염진통제에 의한 소화관의 궤양, 출혈 등의 발현이 높으므로 소량부터 투여를 시작하여 필요한 최소량으로 투여하고 이상반응의 발현에 특히 유의하는 등 환자의 상태를 관찰하면서 신중히 투여.",동인당제약(주),,,동인당나프록센정(나프록센나트륨)_(0.275g/1정),664102390,,
,,,,비급여,,,piroxicam,214031BIJ,고령자는 중대한 위장관계 이상반응의 위험이 더 클 수 있음. 중증의 위장관계 이상반응을 일으킬 위험은 연령에 따라 증가함. 70세 이상의 고령자에서는 이상반응 위험이 높음. 따라서 고령자에 있어서 필요한 최소량으로 신중히 투여하고 이상반응의 발현에 특히 유의함.,대한뉴팜(주),,,헬렌주20mg(피록시캄)_(20mg/1mL),669904501,,
,,,,비급여,,,piroxicam potassium (as piroxicam),214130BIJ,고령자는 중대한 위장관계 이상반응의 위험이 더 클 수 있음. 중증의 위장관계 이상반응을 일으킬 위험은 연령에 따라 증가함. 70세 이상의 고령자에서는 이상반응 위험이 높음. 따라서 고령자에 있어서 필요한 최소량으로 신중히 투여하고 이상반응의 발현에 특히 유의함.,대한뉴팜(주),,,포타캄주(피록시캄칼륨)_(22.3mg/1mL),669905551,,
,,,,비급여,,,celecoxib,347701ACH,"고령자는 신기능, 간기능 및 특히 심기능이 저하되어 있을 가능성이 높으므로 고령자에게 이 약을 투여하는 경우 적절한 관찰이 요구됨. 시판후 조사에 의하면, 와파린과 이 약을 병용 투여한 환자에서 치명적일 수도 있는 프로트롬빈 시간의 연장과 관련된 중대한 출혈이 보고된 바 있으며, 특히 고령자에서 더 많이 보고됨.",성이바이오(주),,,와이투세레시브캡슐200밀리그램(세레콕시브)_(0.2g/1캡슐),72400200,,
,,,,비급여,,,celecoxib,347702ACH,"고령자는 신기능, 간기능 및 특히 심기능이 저하되어 있을 가능성이 높으므로 고령자에게 이 약을 투여하는 경우 적절한 관찰이 요구됨. 시판후 조사에 의하면, 와파린과 이 약을 병용 투여한 환자에서 치명적일 수도 있는 프로트롬빈 시간의 연장과 관련된 중대한 출혈이 보고된 바 있으며, 특히 고령자에서 더 많이 보고됨.",성이바이오(주),,,와이투세레시브캡슐100밀리그램(세레콕시브)_(0.1g/1캡슐),72400310,,
,,,,비급여,,,etoricoxib,636901ATB,"고령자는 중대한 위장관계 이상반응의 위험이 더 클 수 있음. 고령자는 신기능, 간기능 및 특히 심기능이 저하되어 있을 가능성이 높으므로 고령자에게 이 약을 투여하는 경우 적절한 관찰이 요구됨. 임상시험 결과, 고령자에서의 약동학은 젊은 피험자에서와 유사하였으나, 고령자에서 젊은 피험자보다 이상반응 발현율이 높게 나타났음. 일부 고령 환자에서의 높은 감수성을 배제할 수 없음. 선택성 COX-2 억제제와 와파린을 병용 투여한 환자의 경우 치명적일 수도 있는",지엘파마(주),,,엘콕시아정30밀리그램(에토리콕시브)_(30mg/1정),649702740,,
,,,,비급여,,,etoricoxib,636901ATB,"고령자는 중대한 위장관계 이상반응의 위험이 더 클 수 있음. 고령자는 신기능, 간기능 및 특히 심기능이 저하되어 있을 가능성이 높으므로 고령자에게 이 약을 투여하는 경우 적절한 관찰이 요구됨. 임상시험 결과, 고령자에서의 약동학은 젊은 피험자에서와 유사하였으나, 고령자에서 젊은 피험자보다 이상반응 발현율이 높게 나타났음. 일부 고령 환자에서의 높은 감수성을 배제할 수 없음. 선택성 COX-2 억제제와 와파린을 병용 투여한 환자의 경우 치명적일 수도 있는",이연제약(주),,,에콕시아정(에토리콕시브)_(30mg/1정),658604640,,
,,,,비급여,,,etoricoxib,636901ATB,"고령자는 중대한 위장관계 이상반응의 위험이 더 클 수 있음. 고령자는 신기능, 간기능 및 특히 심기능이 저하되어 있을 가능성이 높으므로 고령자에게 이 약을 투여하는 경우 적절한 관찰이 요구됨. 임상시험 결과, 고령자에서의 약동학은 젊은 피험자에서와 유사하였으나, 고령자에서 젊은 피험자보다 이상반응 발현율이 높게 나타났음. 일부 고령 환자에서의 높은 감수성을 배제할 수 없음. 선택성 COX-2 억제제와 와파린을 병용 투여한 환자의 경우 치명적일 수도 있는",구주제약(주),,,에토메드정30밀리그램(에토리콕시브)_(30mg/1정),669806090,,
,,,,비급여,,,ibuprofen arginine,D51001ATB,고령자일수록 위장관계 이상반응 발생 가능성은 증가할 수 있음.,(주)마더스제약,,,이부쎈에프정(이부프로펜아르기닌)_(0.3689g/1정),622802880,,
,,,,비급여,,,ibuprofen arginine (as ibuprofen),D51002ATB,고령자일수록 위장관계 이상반응 발생 가능성은 증가할 수 있음.,일동제약(주),,,캐롤에프정(이부프로펜아르기닌)_(0.3689g/1정),642902060,,
,,,,비급여,,,ibuprofen lysine (as ibuprofen),D79701ATB,고령자일수록 위장관계 이상반응 발생 가능성은 증가할 수 있음.,일양약품(주),,,일펜정(이부프로펜리신)_(0.684g/1정),641705350,,
20190041,2019-05-22,,,급여,,소아에서 생명에 치명적인 호흡 억제 및 사망 발생,"acetaminophen,tramadol hydrochloride",513000ATB,,,(주)인트로바이오파마,미만 (1),엘트라셋정_(1정),52400490,12,세 (3)
20190041,2019-05-22,,,급여,,소아에서 생명에 치명적인 호흡 억제 및 사망 발생,"acetaminophen,tramadol hydrochloride",480600ATB,,,(주)인트로바이오파마,미만 (1),엘트라셋세미정_(1정),52400500,12,세 (3)
20190041,2019-05-22,,,급여,,소아에서 생명에 치명적인 호흡 억제 및 사망 발생,"acetaminophen,tramadol hydrochloride",513000ATB,,,(주)휴온스생명과학,미만 (1),티오셋정_(1정),52700180,12,세 (3)
20190041,2019-05-22,,,급여,,소아에서 생명에 치명적인 호흡 억제 및 사망 발생,"acetaminophen,tramadol hydrochloride",480600ATB,,,(주)휴온스생명과학,미만 (1),티오셋세미정_(1정),52700520,12,세 (3)
20190041,2019-05-22,,,급여,,소아에서 생명에 치명적인 호흡 억제 및 사망 발생,"acetaminophen,tramadol hydrochloride",513000ATB,,,(주)중헌제약,미만 (1),듀얼셋정_(1정),53300230,12,세 (3)
20190041,2019-05-22,,,급여,,소아에서 생명에 치명적인 호흡 억제 및 사망 발생,"acetaminophen,tramadol hydrochloride",480600ATB,,,(주)중헌제약,미만 (1),듀얼셋세미정_(1정),53300240,12,세 (3)
20190041,2019-05-22,,,급여,,소아에서 생명에 치명적인 호흡 억제 및 사망 발생,"acetaminophen,tramadol hydrochloride",513000ATR,,,(주)중헌제약,미만 (1),듀얼셋세미서방정_(1정),53300900,12,세 (3)
20190041,2019-05-22,,,급여,,소아에서 생명에 치명적인 호흡 억제 및 사망 발생,"acetaminophen,tramadol hydrochloride",513000ATB,,,안국뉴팜(주),미만 (1),뉴트라정_(1정),53600230,12,세 (3)
20190041,2019-05-22,,,급여,,소아에서 생명에 치명적인 호흡 억제 및 사망 발생,"acetaminophen,tramadol hydrochloride",480600ATB,,,엔비케이제약(주),미만 (1),원트라셋세미정_(1정),54800230,12,세 (3)
20190041,2019-05-22,,,급여,,소아에서 생명에 치명적인 호흡 억제 및 사망 발생,"acetaminophen,tramadol hydrochloride",513000ATB,,,엔비케이제약(주),미만 (1),원트라셋정_(1정),54800240,12,세 (3)
20190041,2019-05-22,,,급여,,소아에서 생명에 치명적인 호흡 억제 및 사망 발생,"acetaminophen,tramadol hydrochloride",480600ATB,,,(주)셀비온,미만 (1),아스트라셋세미정_(1정),55800250,12,세 (3)
20190041,2019-05-22,,,급여,,소아에서 생명에 치명적인 호흡 억제 및 사망 발생,"acetaminophen,tramadol hydrochloride",513000ATB,,,주식회사 더유제약,미만 (1),소울트라정_(1정),57000740,12,세 (3)
20190041,2019-05-22,,,급여,,소아에서 생명에 치명적인 호흡 억제 및 사망 발생,"acetaminophen,tramadol hydrochloride",513000ATB,,,대원바이오텍주식회사,미만 (1),타노셋정_(1정),57600550,12,세 (3)
20190041,2019-05-22,,,급여,,소아에서 생명에 치명적인 호흡 억제 및 사망 발생,"acetaminophen,tramadol hydrochloride",480600ATB,,,대원바이오텍주식회사,미만 (1),타노셋세미정_(1정),57600560,12,세 (3)
20190041,2019-05-22,,,급여,,소아에서 생명에 치명적인 호흡 억제 및 사망 발생,"acetaminophen,tramadol hydrochloride",514100ATR,,,대원바이오텍주식회사,미만 (1),타노셋서방정_(1정),57600600,12,세 (3)
20190041,2019-05-22,,,급여,,소아에서 생명에 치명적인 호흡 억제 및 사망 발생,"acetaminophen,tramadol hydrochloride",513000ATR,,,대원바이오텍주식회사,미만 (1),타노셋세미서방정_(1정),57600610,12,세 (3)
20190041,2019-05-22,,,급여,,소아에서 생명에 치명적인 호흡 억제 및 사망 발생,"acetaminophen,tramadol hydrochloride",513000ATB,,,독립바이오제약(주),미만 (1),아세트라돌정_(1정),57700300,12,세 (3)
20190041,2019-05-22,,,급여,,소아에서 생명에 치명적인 호흡 억제 및 사망 발생,"acetaminophen,tramadol hydrochloride",480600ATB,,,독립바이오제약(주),미만 (1),아세트라돌세미정_(1정),57700430,12,세 (3)
20190041,2019-05-22,,,급여,,소아에서 생명에 치명적인 호흡 억제 및 사망 발생,"acetaminophen,tramadol hydrochloride",513000ATB,,,(주)아리제약,미만 (1),아트마셋정_(1정),58200480,12,세 (3)
20190041,2019-05-22,,,급여,,소아에서 생명에 치명적인 호흡 억제 및 사망 발생,"acetaminophen,tramadol hydrochloride",480600ATB,,,(주)아리제약,미만 (1),아트마셋세미정_(1정),58200520,12,세 (3)
20190041,2019-05-22,,,급여,,소아에서 생명에 치명적인 호흡 억제 및 사망 발생,"acetaminophen,tramadol hydrochloride",513000ATB,,,주식회사케이에스제약,미만 (1),케이셋정_(1정),59000950,12,세 (3)
20190041,2019-05-22,,,급여,,소아에서 생명에 치명적인 호흡 억제 및 사망 발생,"acetaminophen,tramadol hydrochloride",480600ATB,,,주식회사케이에스제약,미만 (1),케이셋세미정_(1정),59000960,12,세 (3)
20190041,2019-05-22,,,급여,,소아에서 생명에 치명적인 호흡 억제 및 사망 발생,"acetaminophen,tramadol hydrochloride",480600ATB,,,(주)킴스제약,미만 (1),업트라셋세미정_(1정),59600100,12,세 (3)
20190041,2019-05-22,,,급여,,소아에서 생명에 치명적인 호흡 억제 및 사망 발생,"acetaminophen,tramadol hydrochloride",513000ATB,,,(주)킴스제약,미만 (1),업트라셋정_(1정),59600180,12,세 (3)
20190041,2019-05-22,,,급여,,소아에서 생명에 치명적인 호흡 억제 및 사망 발생,"acetaminophen,tramadol hydrochloride",480600ATB,,,(주)엘앤씨바이오,미만 (1),메가아세돌세미정_(1정),60500290,12,세 (3)
20190041,2019-05-22,,,급여,,소아에서 생명에 치명적인 호흡 억제 및 사망 발생,"acetaminophen,tramadol hydrochloride",513000ATB,,,(주)엘앤씨바이오,미만 (1),메가아세돌정_(1정),60500320,12,세 (3)
20190041,2019-05-22,,,급여,,소아에서 생명에 치명적인 호흡 억제 및 사망 발생,"acetaminophen,tramadol hydrochloride",514100ATR,,,건일바이오팜주식회사,미만 (1),건트라셋서방정_(1정),73000340,12,세 (3)
20190041,2019-05-22,,,급여,,소아에서 생명에 치명적인 호흡 억제 및 사망 발생,"acetaminophen,tramadol hydrochloride",513000ATR,,,건일바이오팜주식회사,미만 (1),건트라셋세미서방정_(1정),73000350,12,세 (3)
20190041,2019-05-22,,,급여,,소아에서 생명에 치명적인 호흡 억제 및 사망 발생,"acetaminophen,tramadol hydrochloride",513000ATB,,,(주)한국파비스제약,미만 (1),아트라쿨정_(1정),621802220,12,세 (3)
20190041,2019-05-22,,,급여,,소아에서 생명에 치명적인 호흡 억제 및 사망 발생,"acetaminophen,tramadol hydrochloride",514100ATR,,,(주)한국파비스제약,미만 (1),아트라쿨서방정_(1정),621803580,12,세 (3)
20190041,2019-05-22,,,급여,,소아에서 생명에 치명적인 호흡 억제 및 사망 발생,"acetaminophen,tramadol hydrochloride",513000ATR,,,(주)한국파비스제약,미만 (1),아트라쿨세미서방정_(1정),621803590,12,세 (3)
20190041,2019-05-22,,,급여,,소아에서 생명에 치명적인 호흡 억제 및 사망 발생,"acetaminophen,tramadol hydrochloride",480600ATB,,,(주)한국파비스제약,미만 (1),아트라쿨세미정_(1정),621803710,12,세 (3)
20190041,2019-05-22,,,급여,,소아에서 생명에 치명적인 호흡 억제 및 사망 발생,"acetaminophen,tramadol hydrochloride",513000ATB,,,(주)씨엘팜,미만 (1),씨엘트라정_(1정),622600230,12,세 (3)
20190041,2019-05-22,,,급여,,소아에서 생명에 치명적인 호흡 억제 및 사망 발생,"acetaminophen,tramadol hydrochloride",480600ATB,,,(주)씨엘팜,미만 (1),씨엘트라세미정_(1정),622600240,12,세 (3)
20190041,2019-05-22,,,급여,,소아에서 생명에 치명적인 호흡 억제 및 사망 발생,"acetaminophen,tramadol hydrochloride",513000ATB,,,(주)마더스제약,미만 (1),트라플엠정_(1정),622801730,12,세 (3)
20190041,2019-05-22,,,급여,,소아에서 생명에 치명적인 호흡 억제 및 사망 발생,"acetaminophen,tramadol hydrochloride",480600ATB,,,(주)마더스제약,미만 (1),트라플엠세미정_(1정),622802150,12,세 (3)
20190041,2019-05-22,,,급여,,소아에서 생명에 치명적인 호흡 억제 및 사망 발생,"acetaminophen,tramadol hydrochloride",480600ATB,,,한국신텍스제약(주),미만 (1),아스트라셋세미정_(1정),623005310,12,세 (3)
20190041,2019-05-22,,,급여,,소아에서 생명에 치명적인 호흡 억제 및 사망 발생,"acetaminophen,tramadol hydrochloride",513000ATB,,,한국신텍스제약(주),미만 (1),아스트라셋정_(1정),623005320,12,세 (3)
20130047,2013-02-25,,,급여,,"안전성 및 유효성 미확립. 시판 후 조사에서 이 약을 투여 받은 신생아에서 무호흡, 서맥, 저혈압, 체온저하, 혼수상태, 졸음, 근긴장저하, 무기력, 창백, 호흡저하가 보고됨","brimonidine tartrate, timolol maleate (as timolol)",540900COS,,,한국애브비(주),미만 (1),콤비간점안액_(5mL),624900501,2,세 (3)
20190041,2019-05-22,,,급여,,소아에서 생명에 치명적인 호흡 억제 및 사망 발생,"acetaminophen,tramadol hydrochloride",513000ATB,,,(주)화이트생명과학,미만 (1),이트라펜정_(1정),625200220,12,세 (3)
20190041,2019-05-22,,,급여,,소아에서 생명에 치명적인 호흡 억제 및 사망 발생,"acetaminophen,tramadol hydrochloride",480600ATB,,,(주)화이트생명과학,미만 (1),이트라펜세미정_(1정),625200770,12,세 (3)
20190041,2019-05-22,,,급여,,소아에서 생명에 치명적인 호흡 억제 및 사망 발생,"acetaminophen,tramadol hydrochloride",513000ATB,,,(주)휴비스트제약,미만 (1),파인미정_(1정),628800140,12,세 (3)
20190041,2019-05-22,,,급여,,소아에서 생명에 치명적인 호흡 억제 및 사망 발생,"acetaminophen,tramadol hydrochloride",480600ATB,,,(주)휴비스트제약,미만 (1),파인미세미정_(1정),628800730,12,세 (3)
20190041,2019-05-22,,,급여,,소아에서 생명에 치명적인 호흡 억제 및 사망 발생,"acetaminophen,tramadol hydrochloride",480600ATB,,,(주)이든파마,미만 (1),아세돌세미정_(1정),628900230,12,세 (3)
20190041,2019-05-22,,,급여,,소아에서 생명에 치명적인 호흡 억제 및 사망 발생,"acetaminophen,tramadol hydrochloride",513000ATB,,,(주)이든파마,미만 (1),아세돌정_(1정),628900250,12,세 (3)
20190041,2019-05-22,,,급여,,소아에서 생명에 치명적인 호흡 억제 및 사망 발생,"acetaminophen,tramadol hydrochloride",513000ATB,,,(주)오스코리아제약,미만 (1),아세타돌정_(1정),629700710,12,세 (3)
20190041,2019-05-22,,,급여,,소아에서 생명에 치명적인 호흡 억제 및 사망 발생,"acetaminophen,tramadol hydrochloride",480600ATB,,,에이치케이이노엔(주),미만 (1),유토펜세미정_(1정),640004590,12,세 (3)
20190041,2019-05-22,,,급여,,소아에서 생명에 치명적인 호흡 억제 및 사망 발생,"acetaminophen,tramadol hydrochloride",513000ATB,,,에이치케이이노엔(주),미만 (1),유토펜정_(1정),640004600,12,세 (3)
20190041,2019-05-22,,,급여,,소아에서 생명에 치명적인 호흡 억제 및 사망 발생,"acetaminophen,tramadol hydrochloride",513000ATB,,,(주)일화,미만 (1),트라셋펜정_(1정),640901370,12,세 (3)
20190041,2019-05-22,,,급여,,소아에서 생명에 치명적인 호흡 억제 및 사망 발생,"acetaminophen,tramadol hydrochloride",480600ATB,,,(주)일화,미만 (1),트라셋펜세미정_(1정),640903990,12,세 (3)
20190041,2019-05-22,,,급여,,소아에서 생명에 치명적인 호흡 억제 및 사망 발생,"acetaminophen,tramadol hydrochloride",513000ATB,,,맥널티제약(주),미만 (1),울트라맥정_(1정),641500880,12,세 (3)
20190041,2019-05-22,,,급여,,소아에서 생명에 치명적인 호흡 억제 및 사망 발생,"acetaminophen,tramadol hydrochloride",480600ATB,,,맥널티제약(주),미만 (1),울트라맥세미정_(1정),641500910,12,세 (3)
20190041,2019-05-22,,,급여,,소아에서 생명에 치명적인 호흡 억제 및 사망 발생,"acetaminophen,tramadol hydrochloride",513000ATB,,,(주)대웅제약,미만 (1),트라세타정_(1정),641606950,12,세 (3)
20190041,2019-05-22,,,급여,,소아에서 생명에 치명적인 호흡 억제 및 사망 발생,"acetaminophen,tramadol hydrochloride",480600ATB,,,(주)대웅제약,미만 (1),트라세타세미정_(1정),641606960,12,세 (3)
20190041,2019-05-22,,,급여,,소아에서 생명에 치명적인 호흡 억제 및 사망 발생,"acetaminophen,tramadol hydrochloride",514100ATR,,,(주)대웅제약,미만 (1),트라세타서방정_(1정),641607030,12,세 (3)
20190041,2019-05-22,,,급여,,소아에서 생명에 치명적인 호흡 억제 및 사망 발생,"acetaminophen,tramadol hydrochloride",513000ATR,,,(주)대웅제약,미만 (1),트라세타세미서방정_(1정),641607040,12,세 (3)
20190041,2019-05-22,,,급여,,소아에서 생명에 치명적인 호흡 억제 및 사망 발생,"acetaminophen,tramadol hydrochloride",480600ATB,,,광동제약(주),미만 (1),돌트람셋세미정_(1정),641801210,12,세 (3)
20190041,2019-05-22,,,급여,,소아에서 생명에 치명적인 호흡 억제 및 사망 발생,"acetaminophen,tramadol hydrochloride",513000ATB,,,광동제약(주),미만 (1),돌트람셋정_(1정),641801220,12,세 (3)
20180088,2018-11-02,,,급여,,12세 미만 소아는 호흡억제 감수성이 큼. 12세 미만 소아에서 사망을 포함하는 중증 호흡억제 위험이 크다는 국외 보고 있음.,"caffeine anhydrous, chlorpheniramine maleate, dihydrocodeine tartrate, DL-methylephedrine hydrochloride",267400ATB,,,(주)보령,미만 (1),네오메디코푸정_(1정),641900090,12,세 (3)
20190041,2019-05-22,,,급여,,소아에서 생명에 치명적인 호흡 억제 및 사망 발생,"acetaminophen,tramadol hydrochloride",480600ATB,,,(주)보령,미만 (1),맥스노펜세미정_(1정),641904550,12,세 (3)
20190041,2019-05-22,,,급여,,소아에서 생명에 치명적인 호흡 억제 및 사망 발생,"acetaminophen,tramadol hydrochloride",513000ATB,,,(주)보령,미만 (1),맥스노펜정_(1정),641904560,12,세 (3)
20190041,2019-05-22,,,급여,,소아에서 생명에 치명적인 호흡 억제 및 사망 발생,"acetaminophen,tramadol hydrochloride",480600ATB,,,현대약품(주),미만 (1),펜큐어세미정_(1정),642001070,12,세 (3)
20190041,2019-05-22,,,급여,,소아에서 생명에 치명적인 호흡 억제 및 사망 발생,"acetaminophen,tramadol hydrochloride",513000ATB,,,현대약품(주),미만 (1),펜큐어정_(1정),642001080,12,세 (3)
20180088,2018-11-02,,,급여,,12세 미만 소아는 호흡억제 감수성이 큼. 12세 미만 소아에서 사망을 포함하는 중증 호흡억제 위험이 크다는 국외 보고 있음.,"ammonium chloride, chlorpheniramine maleate, dihydrocodeine tartrate, DL-methylephedrine hydrochloride",532500ASY,,,현대약품(주),미만 (1),코프원시럽_(20mL),642003611,12,세 (3)
20180088,2018-11-02,,,급여,,12세 미만 소아는 호흡억제 감수성이 큼. 12세 미만 소아에서 사망을 포함하는 중증 호흡억제 위험이 크다는 국외 보고 있음.,"ammonium chloride, chlorpheniramine maleate, dihydrocodeine tartrate, DL-methylephedrine hydrochloride",532600ASY,,,(주)유한양행,미만 (1),코푸시럽_(500mL),642102281,12,세 (3)
20180088,2018-11-02,,,급여,,12세 미만 소아는 호흡억제 감수성이 큼. 12세 미만 소아에서 사망을 포함하는 중증 호흡억제 위험이 크다는 국외 보고 있음.,"ammonium chloride, chlorpheniramine maleate, dihydrocodeine tartrate, DL-methylephedrine hydrochloride",532500ASY,,,(주)유한양행,미만 (1),코푸시럽_(20mL),642102282,12,세 (3)
20180088,2018-11-02,,,급여,,12세 미만 소아는 호흡억제 감수성이 큼. 12세 미만 소아에서 사망을 포함하는 중증 호흡억제 위험이 크다는 국외 보고 있음.,"chlorpheniramine maleate, dihydrocodeine tartrate, guaifenesin, DL-methylephedrine hydrochloride",268000ATB,,,(주)유한양행,미만 (1),코푸정_(1정),642102300,12,세 (3)
20180088,2018-11-02,,,급여,,12세 미만 소아는 호흡억제 감수성이 큼. 12세 미만 소아에서 사망을 포함하는 중증 호흡억제 위험이 크다는 국외 보고 있음.,"ammonium chloride,chlorpheniramine maleate,dihydrocodeine tartrate,DL-methylephedrine hydrochloride",677200ASY,,,(주)유한양행,미만 (1),코푸시럽_(13mL),642105881,12,세 (3)
20190041,2019-05-22,,,급여,,소아에서 생명에 치명적인 호흡 억제 및 사망 발생,"acetaminophen,tramadol hydrochloride",513000ATB,,,삼성제약(주),미만 (1),스트롱셋정_(1정),642304450,12,세 (3)
20190041,2019-05-22,,,급여,,소아에서 생명에 치명적인 호흡 억제 및 사망 발생,"acetaminophen,tramadol hydrochloride",480600ATB,,,삼성제약(주),미만 (1),스트롱셋세미정_(1정),642307790,12,세 (3)
20190041,2019-05-22,,,급여,,소아에서 생명에 치명적인 호흡 억제 및 사망 발생,"acetaminophen,tramadol hydrochloride",513000ATB,,,영진약품(주),미만 (1),영트라셋정_(1정),642401930,12,세 (3)
20180088,2018-11-02,,,급여,,12세 미만 소아는 호흡억제 감수성이 큼. 12세 미만 소아에서 사망을 포함하는 중증 호흡억제 위험이 크다는 국외 보고 있음.,"ammonium chloride, chlorpheniramine maleate, dihydrocodeine tartrate, DL-methylephedrine hydrochloride",532500ASY,,,영진약품(주),미만 (1),코디프로시럽_(20mL),642404021,12,세 (3)
20180088,2018-11-02,,,급여,,12세 미만 소아는 호흡억제 감수성이 큼. 12세 미만 소아에서 사망을 포함하는 중증 호흡억제 위험이 크다는 국외 보고 있음.,"ammonium chloride, chlorpheniramine maleate, dihydrocodeine tartrate, DL-methylephedrine hydrochloride",532600ASY,,,영진약품(주),미만 (1),코디프로시럽_(500mL),642404023,12,세 (3)
20190041,2019-05-22,,,급여,,소아에서 생명에 치명적인 호흡 억제 및 사망 발생,"acetaminophen,tramadol hydrochloride",513000ATB,,,동아에스티(주),미만 (1),파라마셋정_(1정),642505230,12,세 (3)
20190041,2019-05-22,,,급여,,소아에서 생명에 치명적인 호흡 억제 및 사망 발생,"acetaminophen,tramadol hydrochloride",480600ATB,,,동아에스티(주),미만 (1),파라마셋세미정_(1정),642505240,12,세 (3)
20190041,2019-05-22,,,급여,,소아에서 생명에 치명적인 호흡 억제 및 사망 발생,"acetaminophen,tramadol hydrochloride",514100ATR,,,동아에스티(주),미만 (1),파라마셋이알서방정_(1정),642507230,12,세 (3)
20190041,2019-05-22,,,급여,,소아에서 생명에 치명적인 호흡 억제 및 사망 발생,"acetaminophen,tramadol hydrochloride",513000ATR,,,동아에스티(주),미만 (1),파라마셋이알세미서방정_(1정),642507270,12,세 (3)
20190041,2019-05-22,,,급여,,소아에서 생명에 치명적인 호흡 억제 및 사망 발생,"acetaminophen,tramadol hydrochloride",480600ATB,,,동화약품(주),미만 (1),타라마돌세미정_(1정),642703040,12,세 (3)
20190041,2019-05-22,,,급여,,소아에서 생명에 치명적인 호흡 억제 및 사망 발생,"acetaminophen,tramadol hydrochloride",513000ATB,,,동화약품(주),미만 (1),타라마돌정_(1정),642703050,12,세 (3)
20190041,2019-05-22,,,급여,,소아에서 생명에 치명적인 호흡 억제 및 사망 발생,"acetaminophen,tramadol hydrochloride",480600ATB,,,고려제약(주),미만 (1),울트라메트세미정_(1정),642801070,12,세 (3)
20190041,2019-05-22,,,급여,,소아에서 생명에 치명적인 호흡 억제 및 사망 발생,"acetaminophen,tramadol hydrochloride",513000ATB,,,고려제약(주),미만 (1),울트라메트정_(1정),642801080,12,세 (3)
20190041,2019-05-22,,,급여,,소아에서 생명에 치명적인 호흡 억제 및 사망 발생,"acetaminophen,tramadol hydrochloride",513000ATB,,,일동제약(주),미만 (1),세타마돌정_(1정),642902710,12,세 (3)
20190041,2019-05-22,,,급여,,소아에서 생명에 치명적인 호흡 억제 및 사망 발생,"acetaminophen,tramadol hydrochloride",480600ATB,,,일동제약(주),미만 (1),세타마돌세미정_(1정),642902720,12,세 (3)
20190041,2019-05-22,,,급여,,소아에서 생명에 치명적인 호흡 억제 및 사망 발생,"acetaminophen,tramadol hydrochloride",480600ATB,,,(주)바이넥스,미만 (1),아세트람세미정_(1정),643102330,12,세 (3)
20190041,2019-05-22,,,급여,,소아에서 생명에 치명적인 호흡 억제 및 사망 발생,"acetaminophen,tramadol hydrochloride",513000ATB,,,동성제약(주),미만 (1),세타돌정_(1정),643200540,12,세 (3)
20190041,2019-05-22,,,급여,,소아에서 생명에 치명적인 호흡 억제 및 사망 발생,"acetaminophen,tramadol hydrochloride",480600ATB,,,동성제약(주),미만 (1),세타돌세미정_(1정),643202380,12,세 (3)
20190041,2019-05-22,,,급여,,소아에서 생명에 치명적인 호흡 억제 및 사망 발생,"acetaminophen,tramadol hydrochloride",480600ATB,,,(주)종근당,미만 (1),래피셋세미정_(1정),643303210,12,세 (3)
20190041,2019-05-22,,,급여,,소아에서 생명에 치명적인 호흡 억제 및 사망 발생,"acetaminophen,tramadol hydrochloride",513000ATB,,,(주)종근당,미만 (1),래피셋정_(1정),643303220,12,세 (3)
20180088,2018-11-02,,,급여,,12세 미만 소아는 호흡억제 감수성이 큼. 12세 미만 소아에서 사망을 포함하는 중증 호흡억제 위험이 크다는 국외 보고 있음.,"chlorpheniramine maleate, dihydrocodeine tartrate, guaifenesin, DL-methylephedrine hydrochloride",268000ATB,,,(주)종근당,미만 (1),코데닝정_(1정),643303510,12,세 (3)
20110110,2011-06-28,,,급여,,"안전성 및 유효성 미확립. 시판 후 조사에서 이 약을 투여 받은 신생아에서 무호흡, 서맥, 저혈압, 체온저하, 혼수상태, 졸음, 근긴장저하, 무기력, 창백, 호흡저하가 보고됨","brimonidine tartrate, timolol maleate (as timolol)",800200COS,,,(주)종근당,미만 (1),콤비벨라점안액(1회용)_(0.3mL),643308611,2,세 (3)
20190041,2019-05-22,,,급여,,소아에서 생명에 치명적인 호흡 억제 및 사망 발생,"acetaminophen,tramadol hydrochloride",513000ATB,,,한미약품(주),미만 (1),"트라스펜정(트라마돌,아세트아미노펜)_(1정)",643504220,12,세 (3)
20190041,2019-05-22,,,급여,,소아에서 생명에 치명적인 호흡 억제 및 사망 발생,"acetaminophen,tramadol hydrochloride",480600ATB,,,한미약품(주),미만 (1),"트라스펜세미정(트라마돌,아세트아미노펜)_(1정)",643504230,12,세 (3)
20190041,2019-05-22,,,급여,,소아에서 생명에 치명적인 호흡 억제 및 사망 발생,"acetaminophen,tramadol hydrochloride",480600ATB,,,국제약품(주),미만 (1),하이셋세미정_(1정),643702570,12,세 (3)
20190041,2019-05-22,,,급여,,소아에서 생명에 치명적인 호흡 억제 및 사망 발생,"acetaminophen,tramadol hydrochloride",513000ATB,,,국제약품(주),미만 (1),하이셋정_(1정),643702580,12,세 (3)
20080090,2008-08-25,,,급여,,고빌리루빈혈증을 일으킬 수 있음,"sulfamethoxazole, trimethoprim",311500ATB,,,삼일제약(주),미만 (1),셉트린정_(1정),643900680,2,개월 (2)
20180088,2018-11-02,,,급여,,소아에서 코르티코스테로이드 유발성 고안압증 위험이 더 높을 수 있고 성인보다 더 일찍 발생할 수 있음.,"dexamethasone, neomycin sulfate, polymixin B sulfate",539800COO,,,삼일제약(주),미만 (1),포러스안연고_(3.5g),643901601,4,주 (1)
20180088,2018-11-02,,,급여,,소아에서 코르티코스테로이드 유발성 고안압증 위험이 더 높을 수 있고 성인보다 더 일찍 발생할 수 있음.,"dexamethasone, neomycin sulfate, polymixin B sulfate",539900COO,,,삼일제약(주),미만 (1),포러스안연고_(5g),643901602,4,주 (1)
20180088,2018-11-02,,,급여,,소아에서 코르티코스테로이드 유발성 고안압증 위험이 더 높을 수 있고 성인보다 더 일찍 발생할 수 있음.,"dexamethasone, neomycin sulfate, polymixin B sulfate",540200COS,,,삼일제약(주),미만 (1),"포러스점안액(수출명:Forus 포러스, Pomxane 폼세인)_(10mL)",643901611,4,주 (1)
20190041,2019-05-22,,,급여,,소아에서 생명에 치명적인 호흡 억제 및 사망 발생,"acetaminophen,tramadol hydrochloride",513000ATB,,,삼익제약(주),미만 (1),타미트라정_(1정),644002040,12,세 (3)
20190041,2019-05-22,,,급여,,소아에서 생명에 치명적인 호흡 억제 및 사망 발생,"acetaminophen,tramadol hydrochloride",480600ATB,,,삼익제약(주),미만 (1),타미트라세미정_(1정),644003090,12,세 (3)
20190041,2019-05-22,,,급여,,소아에서 생명에 치명적인 호흡 억제 및 사망 발생,"acetaminophen,tramadol hydrochloride",513000ATB,,,제이더블유신약(주),미만 (1),트라마셋정_(1정),644102010,12,세 (3)
20180088,2018-11-02,,,급여,,12세 미만 소아는 호흡억제 감수성이 큼. 12세 미만 소아에서 사망을 포함하는 중증 호흡억제 위험이 크다는 국외 보고 있음.,"ammonium chloride, chlorpheniramine maleate, dihydrocodeine tartrate, DL-methylephedrine hydrochloride",532500ASY,,,제이더블유신약(주),미만 (1),코담시럽_(20mL/포(스틱)),644102563,12,세 (3)
20190041,2019-05-22,,,급여,,소아에서 생명에 치명적인 호흡 억제 및 사망 발생,"acetaminophen,tramadol hydrochloride",514100ATR,,,제이더블유신약(주),미만 (1),트라마셋서방정_(1정),644102690,12,세 (3)
20190041,2019-05-22,,,급여,,소아에서 생명에 치명적인 호흡 억제 및 사망 발생,"acetaminophen,tramadol hydrochloride",513000ATR,,,제이더블유신약(주),미만 (1),트라마셋세미서방정_(1정),644102740,12,세 (3)
20190041,2019-05-22,,,급여,,소아에서 생명에 치명적인 호흡 억제 및 사망 발생,"acetaminophen,tramadol hydrochloride",513000ATB,,,한국유나이티드제약(주),미만 (1),슈퍼셋정_(1정),644306010,12,세 (3)
20190041,2019-05-22,,,급여,,소아에서 생명에 치명적인 호흡 억제 및 사망 발생,"acetaminophen,tramadol hydrochloride",480600ATB,,,한국유나이티드제약(주),미만 (1),슈퍼셋세미정_(1정),644306140,12,세 (3)
20190041,2019-05-22,,,급여,,소아에서 생명에 치명적인 호흡 억제 및 사망 발생,"acetaminophen,tramadol hydrochloride",513000ATB,,,조아제약(주),미만 (1),젠트라셋정_(1정),644603270,12,세 (3)
20190041,2019-05-22,,,급여,,소아에서 생명에 치명적인 호흡 억제 및 사망 발생,"acetaminophen,tramadol hydrochloride",480600ATB,,,조아제약(주),미만 (1),젠트라셋세미정_(1정),644603280,12,세 (3)
20190041,2019-05-22,,,급여,,소아에서 생명에 치명적인 호흡 억제 및 사망 발생,"acetaminophen,tramadol hydrochloride",513000ATB,,,태극제약(주),미만 (1),스타리셋정_(1정),644803360,12,세 (3)
20070030,2007-04-11,,,급여,,안전성 및 유효성 미확립. 동물실험에서 벤세라지드에 의해 골격기형이 나타남,"benserazide hydrochloride (as benserazide), levodopa",256000ACR,,,(주)한국로슈,미만 (1),마도파에취비에스캅셀125_(1캡슐),645000170,25,세 (3)
20070030,2007-04-11,,,급여,,안전성 및 유효성 미확립. 동물실험에서 벤세라지드에 의해 골격기형이 나타남,"benserazide hydrochloride (as benserazide), levodopa",256000ATD,,,(주)한국로슈,미만 (1),마도파확산정125_(1정),645000210,25,세 (3)
20190041,2019-05-22,,,급여,,소아에서 생명에 치명적인 호흡 억제 및 사망 발생,"acetaminophen,tramadol hydrochloride",513000ATB,,,(주)에이프로젠바이오로직스,미만 (1),웰트라정_(1정),645203440,12,세 (3)
20190041,2019-05-22,,,급여,,소아에서 생명에 치명적인 호흡 억제 및 사망 발생,"acetaminophen,tramadol hydrochloride",480600ATB,,,(주)에이프로젠바이오로직스,미만 (1),웰트라세미정_(1정),645208780,12,세 (3)
20180088,2018-11-02,,,급여,,소아에서 코르티코스테로이드 유발성 고안압증 위험이 더 높을 수 있고 성인보다 더 일찍 발생할 수 있음.,"dexamethasone, neomycin sulfate, polymixin B sulfate",539900COO,,,한림제약(주),미만 (1),네오덱스안연고_(5g),645300053,4,주 (1)
20190041,2019-05-22,,,급여,,소아에서 생명에 치명적인 호흡 억제 및 사망 발생,"acetaminophen,tramadol hydrochloride",480600ATB,,,한림제약(주),미만 (1),엔시트라세미정_(1정),645301170,12,세 (3)
20190041,2019-05-22,,,급여,,소아에서 생명에 치명적인 호흡 억제 및 사망 발생,"acetaminophen,tramadol hydrochloride",513000ATB,,,한림제약(주),미만 (1),엔시트라정_(1정),645301180,12,세 (3)
20110110,2011-06-28,,,급여,,"안전성 및 유효성 미확립. 시판 후 조사에서 이 약을 투여 받은 신생아에서 무호흡, 서맥, 저혈압, 체온저하, 혼수상태, 졸음, 근긴장저하, 무기력, 창백, 호흡저하가 보고됨","brimonidine tartrate, timolol maleate (as timolol)",800200COS,,,한림제약(주),미만 (1),브리딘플러스점안액_(0.3mL),645305071,2,세 (3)
20130047,2013-02-25,,,급여,,"안전성 및 유효성 미확립. 시판 후 조사에서 이 약을 투여 받은 신생아에서 무호흡, 서맥, 저혈압, 체온저하, 혼수상태, 졸음, 근긴장저하, 무기력, 창백, 호흡저하가 보고됨","brimonidine tartrate, timolol maleate (as timolol)",540900COS,,,한림제약(주),미만 (1),브리딘플러스점안액_(5mL),645305131,2,세 (3)
20190041,2019-05-22,,,급여,,소아에서 생명에 치명적인 호흡 억제 및 사망 발생,"acetaminophen,tramadol hydrochloride",514100ATR,,,한림제약(주),미만 (1),엔시트라서방정_(1정),645305140,12,세 (3)
20190041,2019-05-22,,,급여,,소아에서 생명에 치명적인 호흡 억제 및 사망 발생,"acetaminophen,tramadol hydrochloride",513000ATR,,,한림제약(주),미만 (1),엔시트라세미서방정_(1정),645305470,12,세 (3)
20190041,2019-05-22,,,급여,,소아에서 생명에 치명적인 호흡 억제 및 사망 발생,"acetaminophen,tramadol hydrochloride",514100ATR,,,제일약품(주),미만 (1),트라마롤서방정_(1정),645403830,12,세 (3)
20190041,2019-05-22,,,급여,,소아에서 생명에 치명적인 호흡 억제 및 사망 발생,"acetaminophen,tramadol hydrochloride",513000ATR,,,제일약품(주),미만 (1),트라마롤세미서방정_(1정),645404050,12,세 (3)
20190041,2019-05-22,,,급여,,소아에서 생명에 치명적인 호흡 억제 및 사망 발생,"acetaminophen,tramadol hydrochloride",480600ATB,,,제일약품(주),미만 (1),트라마롤세미정_(1정),645404160,12,세 (3)
20190041,2019-05-22,,,급여,,소아에서 생명에 치명적인 호흡 억제 및 사망 발생,"acetaminophen,tramadol hydrochloride",513000ATB,,,제일약품(주),미만 (1),트라마롤정_(1정),645404170,12,세 (3)
20190041,2019-05-22,,,급여,,소아에서 생명에 치명적인 호흡 억제 및 사망 발생,"acetaminophen,tramadol hydrochloride",513000ATB,,,대화제약(주),미만 (1),메가셋정_(1정),645600990,12,세 (3)
20190041,2019-05-22,,,급여,,소아에서 생명에 치명적인 호흡 억제 및 사망 발생,"acetaminophen,tramadol hydrochloride",480600ATB,,,대화제약(주),미만 (1),메가셋세미정_(1정),645604410,12,세 (3)
20180088,2018-11-02,,,급여,,12세 미만 소아는 호흡억제 감수성이 큼. 12세 미만 소아에서 사망을 포함하는 중증 호흡억제 위험이 크다는 국외 보고 있음.,"chlorpheniramine maleate, DL-methylephedrine hydrochloride, dihydrocodeine tartrate, guaifenesin",532800ASY,,,삼아제약(주),미만 (1),코데날액_(1000mL),645701141,12,세 (3)
20180088,2018-11-02,,,급여,,12세 미만 소아는 호흡억제 감수성이 큼. 12세 미만 소아에서 사망을 포함하는 중증 호흡억제 위험이 크다는 국외 보고 있음.,"DL-methylephedrine hydrochloride, chlorpheniramine maleate, dihydrocodeine tartrate, guaifenesin",532700ASY,,,삼아제약(주),미만 (1),코데날액_(500mL),645701142,12,세 (3)
20180088,2018-11-02,,,급여,,12세 미만 소아는 호흡억제 감수성이 큼. 12세 미만 소아에서 사망을 포함하는 중증 호흡억제 위험이 크다는 국외 보고 있음.,"chlorpheniramine maleate, dihydrocodeine tartrate, guaifenesin, DL-methylephedrine hydrochloride",268000ATB,,,삼아제약(주),미만 (1),코데날정_(1정),645701150,12,세 (3)
20180088,2018-11-02,,,급여,,12세 미만 소아는 호흡억제 감수성이 큼. 12세 미만 소아에서 사망을 포함하는 중증 호흡억제 위험이 크다는 국외 보고 있음.,"ammonium chloride, chlorpheniramine maleate, dihydrocodeine tartrate, DL-methylephedrine hydrochloride",532500ASY,,,삼아제약(주),미만 (1),코데날시럽_(20mL),645702661,12,세 (3)
20180088,2018-11-02,,,급여,,12세 미만 소아는 호흡억제 감수성이 큼. 12세 미만 소아에서 사망을 포함하는 중증 호흡억제 위험이 크다는 국외 보고 있음.,"ammonium chloride, chlorpheniramine maleate, dihydrocodeine tartrate, DL-methylephedrine hydrochloride",532600ASY,,,삼아제약(주),미만 (1),코데날시럽_(500mL),645702663,12,세 (3)
20180088,2018-11-05,,,급여,,12세 미만 소아는 호흡억제 감수성이 큼. 12세 미만 소아에서 사망을 포함하는 중증 호흡억제 위험이 크다는 국외 보고 있음.,caffeine anhydrous + chlorpheniramine + dihydrocodeine + DL-methylephedrine,493200ATB,,,동광제약(주),미만 (1),코데농정_(1정),645900990,12,세 (3)
20190041,2019-05-22,,,급여,,소아에서 생명에 치명적인 호흡 억제 및 사망 발생,"acetaminophen,tramadol hydrochloride",480600ATB,,,동광제약(주),미만 (1),타라셋세미정_(1정),645902810,12,세 (3)
20190041,2019-05-22,,,급여,,소아에서 생명에 치명적인 호흡 억제 및 사망 발생,"acetaminophen,tramadol hydrochloride",513000ATB,,,동광제약(주),미만 (1),타라셋정_(1정),645902820,12,세 (3)
20190041,2019-05-22,,,급여,,소아에서 생명에 치명적인 호흡 억제 및 사망 발생,"acetaminophen,tramadol hydrochloride",514100ATR,,,동광제약(주),미만 (1),타라셋서방정_(1정),645905800,12,세 (3)
20190041,2019-05-22,,,급여,,소아에서 생명에 치명적인 호흡 억제 및 사망 발생,"acetaminophen,tramadol hydrochloride",513000ATR,,,동광제약(주),미만 (1),타라셋세미서방정_(1정),645905900,12,세 (3)
20190041,2019-05-22,,,급여,,소아에서 생명에 치명적인 호흡 억제 및 사망 발생,"acetaminophen,tramadol hydrochloride",480600ATB,,,(주)메디카코리아,미만 (1),페나셋세미정_(1정),646002780,12,세 (3)
20190041,2019-05-22,,,급여,,소아에서 생명에 치명적인 호흡 억제 및 사망 발생,"acetaminophen,tramadol hydrochloride",513000ATB,,,(주)메디카코리아,미만 (1),페나셋정_(1정),646002790,12,세 (3)
20190041,2019-05-22,,,급여,,소아에서 생명에 치명적인 호흡 억제 및 사망 발생,"acetaminophen,tramadol hydrochloride",513000ATB,,,(주)뉴젠팜,미만 (1),올펜정_(1정),646202450,12,세 (3)
20190041,2019-05-22,,,급여,,소아에서 생명에 치명적인 호흡 억제 및 사망 발생,"acetaminophen,tramadol hydrochloride",480600ATB,,,(주)뉴젠팜,미만 (1),올펜세미정_(1정),646202460,12,세 (3)
20180088,2018-11-02,,,급여,,안전성 및 유효성 미확립 생후 23-26일 랫트에서 사망 관찰됨.,"darunavir ethanolate (as darunavir), cobicistat silicon dioxide (as cobicistat)",647600ATB,,,(주)한국얀센,미만 (1),프레즈코빅스정_(1정),646902100,36,개월 (2)
20190041,2019-05-22,,,급여,,소아에서 생명에 치명적인 호흡 억제 및 사망 발생,"acetaminophen,tramadol hydrochloride",513000ATB,,,(주)한국얀센,미만 (1),울트라셋정_(1정),646902330,12,세 (3)
20190041,2019-05-22,,,급여,,소아에서 생명에 치명적인 호흡 억제 및 사망 발생,"acetaminophen,tramadol hydrochloride",480600ATB,,,(주)한국얀센,미만 (1),울트라셋세미정_(1정),646902640,12,세 (3)
20190041,2019-05-22,,,급여,,소아에서 생명에 치명적인 호흡 억제 및 사망 발생,"acetaminophen,tramadol hydrochloride",514100ATR,,,(주)한국얀센,미만 (1),울트라셋이알서방정_(1정),646902650,12,세 (3)
20190041,2019-05-22,,,급여,,소아에서 생명에 치명적인 호흡 억제 및 사망 발생,"acetaminophen,tramadol hydrochloride",513000ATR,,,(주)한국얀센,미만 (1),울트라셋이알세미서방정_(1정),646902660,12,세 (3)
20190041,2019-05-22,,,급여,,소아에서 생명에 치명적인 호흡 억제 및 사망 발생,"acetaminophen,tramadol hydrochloride",513000ATB,,,한국코러스(주),미만 (1),라노펜정_(1정),647201840,12,세 (3)
20190041,2019-05-22,,,급여,,소아에서 생명에 치명적인 호흡 억제 및 사망 발생,"acetaminophen,tramadol hydrochloride",480600ATB,,,한국코러스(주),미만 (1),라노펜세미정_(1정),647204090,12,세 (3)
20190041,2019-05-22,,,급여,,소아에서 생명에 치명적인 호흡 억제 및 사망 발생,"acetaminophen,tramadol hydrochloride",513000ATB,,,에이치엘비제약(주),미만 (1),마이티셋정_(1정),647301350,12,세 (3)
20190041,2019-05-22,,,급여,,소아에서 생명에 치명적인 호흡 억제 및 사망 발생,"acetaminophen,tramadol hydrochloride",480600ATB,,,에이치엘비제약(주),미만 (1),마이티셋세미정_(1정),647303460,12,세 (3)
20190041,2019-05-22,,,급여,,소아에서 생명에 치명적인 호흡 억제 및 사망 발생,"acetaminophen,tramadol hydrochloride",513000ATB,,,삼진제약(주),미만 (1),시너젯정_(1정),647802880,12,세 (3)
20190041,2019-05-22,,,급여,,소아에서 생명에 치명적인 호흡 억제 및 사망 발생,"acetaminophen,tramadol hydrochloride",514100ATR,,,삼진제약(주),미만 (1),시너젯이알서방정_(1정),647803730,12,세 (3)
20190041,2019-05-22,,,급여,,소아에서 생명에 치명적인 호흡 억제 및 사망 발생,"acetaminophen,tramadol hydrochloride",513000ATR,,,삼진제약(주),미만 (1),시너젯이알세미서방정_(1정),647803810,12,세 (3)
20190041,2019-05-22,,,급여,,소아에서 생명에 치명적인 호흡 억제 및 사망 발생,"acetaminophen,tramadol hydrochloride",480600ATB,,,삼진제약(주),미만 (1),시너젯세미정_(1정),647803860,12,세 (3)
20190041,2019-05-22,,,급여,,소아에서 생명에 치명적인 호흡 억제 및 사망 발생,"acetaminophen,tramadol hydrochloride",513000ATB,,,경동제약(주),미만 (1),메가스펜정_(1정),648102530,12,세 (3)
20180088,2018-11-02,,,급여,,12세 미만 소아는 호흡억제 감수성이 큼. 12세 미만 소아에서 사망을 포함하는 중증 호흡억제 위험이 크다는 국외 보고 있음.,"ammonium chloride, chlorpheniramine maleate, dihydrocodeine tartrate, DL-methylephedrine hydrochloride",532500ASY,,,경동제약(주),미만 (1),투윈에취시럽_(20mL),648103481,12,세 (3)
20180088,2018-11-02,,,급여,,12세 미만 소아는 호흡억제 감수성이 큼. 12세 미만 소아에서 사망을 포함하는 중증 호흡억제 위험이 크다는 국외 보고 있음.,"ammonium chloride, chlorpheniramine maleate, dihydrocodeine tartrate, DL-methylephedrine hydrochloride",532600ASY,,,경동제약(주),미만 (1),투윈에취시럽_(500mL),648103482,12,세 (3)
20190041,2019-05-22,,,급여,,소아에서 생명에 치명적인 호흡 억제 및 사망 발생,"acetaminophen,tramadol hydrochloride",480600ATB,,,(주)유영제약,미만 (1),트리마셋세미정_(1정),648201830,12,세 (3)
20190041,2019-05-22,,,급여,,소아에서 생명에 치명적인 호흡 억제 및 사망 발생,"acetaminophen,tramadol hydrochloride",513000ATB,,,(주)유영제약,미만 (1),트리마셋정_(1정),648201840,12,세 (3)
20190041,2019-05-22,,,급여,,소아에서 생명에 치명적인 호흡 억제 및 사망 발생,"acetaminophen,tramadol hydrochloride",480600ATB,,,신풍제약(주),미만 (1),트라노펜세미정_(1정),648503730,12,세 (3)
20190041,2019-05-22,,,급여,,소아에서 생명에 치명적인 호흡 억제 및 사망 발생,"acetaminophen,tramadol hydrochloride",513000ATB,,,신풍제약(주),미만 (1),트라노펜정_(1정),648503740,12,세 (3)
20190041,2019-05-22,,,급여,,소아에서 생명에 치명적인 호흡 억제 및 사망 발생,"acetaminophen,tramadol hydrochloride",480600ATB,,,(주)씨엠지제약,미만 (1),아세라노세미정_(1정),648602570,12,세 (3)
20190041,2019-05-22,,,급여,,소아에서 생명에 치명적인 호흡 억제 및 사망 발생,"acetaminophen,tramadol hydrochloride",513000ATB,,,(주)씨엠지제약,미만 (1),아세라노정_(1정),648602600,12,세 (3)
20190041,2019-05-22,,,급여,,소아에서 생명에 치명적인 호흡 억제 및 사망 발생,"acetaminophen,tramadol hydrochloride",480600ATB,,,풍림무약(주),미만 (1),아세트라셋세미정_(1정),649000140,12,세 (3)
20190041,2019-05-22,,,급여,,소아에서 생명에 치명적인 호흡 억제 및 사망 발생,"acetaminophen,tramadol hydrochloride",513000ATB,,,풍림무약(주),미만 (1),아세트라셋정_(1정),649000150,12,세 (3)
20190041,2019-05-22,,,급여,,소아에서 생명에 치명적인 호흡 억제 및 사망 발생,"acetaminophen,tramadol hydrochloride",513000ATR,,,풍림무약(주),미만 (1),아세트라셋세미서방정_(1정),649001890,12,세 (3)
20190041,2019-05-22,,,급여,,소아에서 생명에 치명적인 호흡 억제 및 사망 발생,"acetaminophen,tramadol hydrochloride",513000ATB,,,한국휴텍스제약(주),미만 (1),에이셋정_(1정),649101510,12,세 (3)
20190041,2019-05-22,,,급여,,소아에서 생명에 치명적인 호흡 억제 및 사망 발생,"acetaminophen,tramadol hydrochloride",514100ATR,,,한국휴텍스제약(주),미만 (1),에이셋서방정_(1정),649102670,12,세 (3)
20190041,2019-05-22,,,급여,,소아에서 생명에 치명적인 호흡 억제 및 사망 발생,"acetaminophen,tramadol hydrochloride",513000ATR,,,한국휴텍스제약(주),미만 (1),에이셋세미서방정_(1정),649102860,12,세 (3)
20190041,2019-05-22,,,급여,,소아에서 생명에 치명적인 호흡 억제 및 사망 발생,"acetaminophen,tramadol hydrochloride",480600ATB,,,한국휴텍스제약(주),미만 (1),에이셋세미정_(1정),649104730,12,세 (3)
20190041,2019-05-22,,,급여,,소아에서 생명에 치명적인 호흡 억제 및 사망 발생,"acetaminophen,tramadol hydrochloride",513000ATB,,,영일제약(주),미만 (1),듀라셋정_(1정),649403040,12,세 (3)
20190041,2019-05-22,,,급여,,소아에서 생명에 치명적인 호흡 억제 및 사망 발생,"acetaminophen,tramadol hydrochloride",480600ATB,,,영일제약(주),미만 (1),듀라셋세미정_(1정),649403050,12,세 (3)
20190041,2019-05-22,,,급여,,소아에서 생명에 치명적인 호흡 억제 및 사망 발생,"acetaminophen,tramadol hydrochloride",513000ATB,,,유니메드제약(주),미만 (1),트라세트정_(1정),649504940,12,세 (3)
20190041,2019-05-22,,,급여,,소아에서 생명에 치명적인 호흡 억제 및 사망 발생,"acetaminophen,tramadol hydrochloride",480600ATB,,,유니메드제약(주),미만 (1),트라세트세미정_(1정),649504980,12,세 (3)
20190041,2019-05-22,,,급여,,소아에서 생명에 치명적인 호흡 억제 및 사망 발생,"acetaminophen,tramadol hydrochloride",513000ATB,,,대우제약(주),미만 (1),오르펜정_(1정),649602830,12,세 (3)
20190041,2019-05-22,,,급여,,소아에서 생명에 치명적인 호흡 억제 및 사망 발생,"acetaminophen,tramadol hydrochloride",480600ATB,,,지엘파마(주),미만 (1),크라셋세미정_(1정),649701800,12,세 (3)
20190041,2019-05-22,,,급여,,소아에서 생명에 치명적인 호흡 억제 및 사망 발생,"acetaminophen,tramadol hydrochloride",513000ATB,,,지엘파마(주),미만 (1),크라셋정_(1정),649702040,12,세 (3)
20170086,2017-11-06,,,급여,,코데인이 모르핀으로 대사되는 과정이 다양하고 예측 불가능하여 모르핀으로 인한 독성이 나타날 위험이 있음,"codeine phosphate, ibuprofen, paracetamol",313400ACH,,,명문제약(주),이하 (2),씨ㆍ아이ㆍ에이캡슐_(1캡슐),649802260,12,세 (3)
20190041,2019-05-22,,,급여,,소아에서 생명에 치명적인 호흡 억제 및 사망 발생,"acetaminophen,tramadol hydrochloride",513000ATB,,,명문제약(주),미만 (1),트라펜정_(1정),649803220,12,세 (3)
20190041,2019-05-22,,,급여,,소아에서 생명에 치명적인 호흡 억제 및 사망 발생,"acetaminophen,tramadol hydrochloride",480600ATB,,,명문제약(주),미만 (1),트라펜세미정_(1정),649804140,12,세 (3)
20190041,2019-05-22,,,급여,,소아에서 생명에 치명적인 호흡 억제 및 사망 발생,"acetaminophen,tramadol hydrochloride",514100ATR,,,명문제약(주),미만 (1),트라펜서방정_(1정),649806190,12,세 (3)
20190041,2019-05-22,,,급여,,소아에서 생명에 치명적인 호흡 억제 및 사망 발생,"acetaminophen,tramadol hydrochloride",513000ATR,,,명문제약(주),미만 (1),트라펜세미서방정_(1정),649806300,12,세 (3)
20190041,2019-05-22,,,급여,,소아에서 생명에 치명적인 호흡 억제 및 사망 발생,"acetaminophen,tramadol hydrochloride",513000ATB,,,진양제약(주),미만 (1),도라셋정_(1정),650301710,12,세 (3)
20190041,2019-05-22,,,급여,,소아에서 생명에 치명적인 호흡 억제 및 사망 발생,"acetaminophen,tramadol hydrochloride",480600ATB,,,진양제약(주),미만 (1),도라셋세미정_(1정),650303170,12,세 (3)
20190041,2019-05-22,,,급여,,소아에서 생명에 치명적인 호흡 억제 및 사망 발생,"acetaminophen,tramadol hydrochloride",513000ATB,,,삼천당제약(주),미만 (1),듀오셋정_(1정),651202540,12,세 (3)
20190041,2019-05-22,,,급여,,소아에서 생명에 치명적인 호흡 억제 및 사망 발생,"acetaminophen,tramadol hydrochloride",513000ATB,,,(주)하원제약,미만 (1),타미돌정_(1정),651501570,12,세 (3)
20190041,2019-05-22,,,급여,,소아에서 생명에 치명적인 호흡 억제 및 사망 발생,"acetaminophen,tramadol hydrochloride",480600ATB,,,(주)하원제약,미만 (1),타미돌세미정_(1정),651502520,12,세 (3)
20190041,2019-05-22,,,급여,,소아에서 생명에 치명적인 호흡 억제 및 사망 발생,"acetaminophen,tramadol hydrochloride",480600ATB,,,한화제약(주),미만 (1),하이퍼셋세미정_(1정),651600790,12,세 (3)
20190041,2019-05-22,,,급여,,소아에서 생명에 치명적인 호흡 억제 및 사망 발생,"acetaminophen,tramadol hydrochloride",513000ATB,,,한화제약(주),미만 (1),하이퍼셋정_(1정),651600800,12,세 (3)
20070030,2007-04-11,,,급여,,안전성 및 유효성 미확립. 동물실험에서 벤세라지드에 의해 골격기형이 나타남,"benserazide hydrochloride (as benserazide), levodopa",256200ATB,,,명인제약(주),미만 (1),명도파정50/200밀리그램_(1정),651905020,25,세 (3)
20070030,2007-04-11,,,급여,,안전성 및 유효성 미확립. 동물실험에서 벤세라지드에 의해 골격기형이 나타남,"benserazide hydrochloride (as benserazide), levodopa",256000ATB,,,명인제약(주),미만 (1),명도파정25/100밀리그램_(1정),651905030,25,세 (3)
20070068,2007-04-11,,,급여,,안전성 및 유효성 미확립. 동물실험에서 벤세라지드에 의해 골격기형이 나타남,"benserazide hydrochloride (as benserazide), levodopa",722100ATB,,,명인제약(주),미만 (1),"명도파정12.5/50밀리그램(벤세라지드, 레보도파)_(1정)",651905340,25,세 (3)
20190041,2019-05-22,,,급여,,소아에서 생명에 치명적인 호흡 억제 및 사망 발생,"acetaminophen,tramadol hydrochloride",513000ATB,,,(주)한독,미만 (1),엑스페인정_(1정),652105070,12,세 (3)
20190041,2019-05-22,,,급여,,소아에서 생명에 치명적인 호흡 억제 및 사망 발생,"acetaminophen,tramadol hydrochloride",480600ATB,,,(주)한독,미만 (1),엑스페인세미정_(1정),652105100,12,세 (3)
20190041,2019-05-22,,,급여,,소아에서 생명에 치명적인 호흡 억제 및 사망 발생,"acetaminophen,tramadol hydrochloride",514100ATR,,,(주)한독,미만 (1),엑스페인ER서방정_(1정),652105220,12,세 (3)
20190041,2019-05-22,,,급여,,소아에서 생명에 치명적인 호흡 억제 및 사망 발생,"acetaminophen,tramadol hydrochloride",513000ATR,,,(주)한독,미만 (1),엑스페인ER세미서방정_(1정),652105230,12,세 (3)
20190041,2019-05-22,,,급여,,소아에서 생명에 치명적인 호흡 억제 및 사망 발생,"acetaminophen,tramadol hydrochloride",480600ATB,,,알보젠코리아(주),미만 (1),아트세미정_(1정),652604190,12,세 (3)
20190041,2019-05-22,,,급여,,소아에서 생명에 치명적인 호흡 억제 및 사망 발생,"acetaminophen,tramadol hydrochloride",513000ATB,,,알보젠코리아(주),미만 (1),아트정_(1정),652604280,12,세 (3)
20190041,2019-05-22,,,급여,,소아에서 생명에 치명적인 호흡 억제 및 사망 발생,"acetaminophen,tramadol hydrochloride",480600ATB,,,(주)서울제약,미만 (1),트로셋세미정_(1정),652902170,12,세 (3)
20190041,2019-05-22,,,급여,,소아에서 생명에 치명적인 호흡 억제 및 사망 발생,"acetaminophen,tramadol hydrochloride",513000ATB,,,(주)서울제약,미만 (1),트로셋정_(1정),652902240,12,세 (3)
20190041,2019-05-22,,,급여,,소아에서 생명에 치명적인 호흡 억제 및 사망 발생,"acetaminophen,tramadol hydrochloride",514100ATR,,,(주)서울제약,미만 (1),트로셋서방정_(1정),652903680,12,세 (3)
20190041,2019-05-22,,,급여,,소아에서 생명에 치명적인 호흡 억제 및 사망 발생,"acetaminophen,tramadol hydrochloride",513000ATR,,,(주)서울제약,미만 (1),트로셋세미서방정_(1정),652903810,12,세 (3)
20190041,2019-05-22,,,급여,,소아에서 생명에 치명적인 호흡 억제 및 사망 발생,"acetaminophen,tramadol hydrochloride",513000ATB,,,(주)한국파마,미만 (1),하이세펜정_(1정),653004470,12,세 (3)
20190041,2019-05-22,,,급여,,소아에서 생명에 치명적인 호흡 억제 및 사망 발생,"acetaminophen,tramadol hydrochloride",480600ATB,,,(주)비씨월드제약,미만 (1),울셋세미정_(1정),653101970,12,세 (3)
20190041,2019-05-22,,,급여,,소아에서 생명에 치명적인 호흡 억제 및 사망 발생,"acetaminophen,tramadol hydrochloride",513000ATB,,,(주)비씨월드제약,미만 (1),울셋정_(1정),653101980,12,세 (3)
20210106,2021-12-16,,,급여,,흡인 위험과 Ethambutol로 인한 시력 변화 평가가 어려울 수 있음,"Rifampicin, Isoniazid, Pyrazinamide, Ethambutol",519500ATB,,,(주)비씨월드제약,미만 (1),튜비스정_(1정),653102670,8,세 (3)
20190041,2019-05-22,,,급여,,소아에서 생명에 치명적인 호흡 억제 및 사망 발생,"acetaminophen,tramadol hydrochloride",480600ATB,,,동국제약(주),미만 (1),엘리펜세미정_(1정),653401480,12,세 (3)
20190041,2019-05-22,,,급여,,소아에서 생명에 치명적인 호흡 억제 및 사망 발생,"acetaminophen,tramadol hydrochloride",513000ATB,,,동국제약(주),미만 (1),엘리펜정_(1정),653401490,12,세 (3)
20190041,2019-05-22,,,급여,,소아에서 생명에 치명적인 호흡 억제 및 사망 발생,"acetaminophen,tramadol hydrochloride",514100ATR,,,동국제약(주),미만 (1),엘리펜서방정_(1정),653404290,12,세 (3)
20190041,2019-05-22,,,급여,,소아에서 생명에 치명적인 호흡 억제 및 사망 발생,"acetaminophen,tramadol hydrochloride",513000ATR,,,동국제약(주),미만 (1),엘리펜세미서방정_(1정),653404300,12,세 (3)
20170086,2017-11-06,,,급여,,안전성 및 유효성 미확립,"olodaterol hydrochloride (as olodaterol), tiotropium bromide monohydrate",643700CSI,,,한국베링거인겔하임(주),미만 (1),바헬바레스피맷_(60회)(다회용),653501492,18,세 (3)
20170086,2017-11-06,,,급여,,안전성 및 유효성 미확립,"olodaterol hydrochloride (as olodaterol), tiotropium bromide monohydrate",643700CSI,,,한국베링거인겔하임(주),미만 (1),바헬바레스피맷_(60회)(리필용),653501493,18,세 (3)
20180088,2018-11-02,,,급여,,소아에서 코르티코스테로이드 유발성 고안압증 위험이 더 높을 수 있고 성인보다 더 일찍 발생할 수 있음.,"dexamethasone, neomycin sulfate, polymixin B sulfate",539800COO,,,한국노바티스(주),미만 (1),맥시트롤안연고_(3.5g),653602981,4,주 (1)
20180088,2018-11-02,,,급여,,소아에서 코르티코스테로이드 유발성 고안압증 위험이 더 높을 수 있고 성인보다 더 일찍 발생할 수 있음.,"dexamethasone, neomycin sulfate, polymixin B sulfate",540100COS,,,한국노바티스(주),미만 (1),맥시트롤점안액_(5mL),653602991,4,주 (1)
20190041,2019-05-22,,,급여,,소아에서 생명에 치명적인 호흡 억제 및 사망 발생,"acetaminophen,tramadol hydrochloride",480600ATB,,,신일제약(주),미만 (1),엑세트라세미정_(1정),653802130,12,세 (3)
20190041,2019-05-22,,,급여,,소아에서 생명에 치명적인 호흡 억제 및 사망 발생,"acetaminophen,tramadol hydrochloride",513000ATB,,,신일제약(주),미만 (1),엑세트라정_(1정),653802140,12,세 (3)
20190041,2019-05-22,,,급여,,소아에서 생명에 치명적인 호흡 억제 및 사망 발생,"acetaminophen,tramadol hydrochloride",480600ATB,,,아주약품(주),미만 (1),아마돌세미정_(1정),654000740,12,세 (3)
20190041,2019-05-22,,,급여,,소아에서 생명에 치명적인 호흡 억제 및 사망 발생,"acetaminophen,tramadol hydrochloride",513000ATB,,,아주약품(주),미만 (1),아마돌정_(1정),654000750,12,세 (3)
20190041,2019-05-22,,,급여,,소아에서 생명에 치명적인 호흡 억제 및 사망 발생,"acetaminophen,tramadol hydrochloride",514100ATR,,,아주약품(주),미만 (1),아마돌ER서방정_(1정),654004680,12,세 (3)
20190041,2019-05-22,,,급여,,소아에서 생명에 치명적인 호흡 억제 및 사망 발생,"acetaminophen,tramadol hydrochloride",513000ATB,,,오스틴제약(주),미만 (1),디워렌정_(1정),654303650,12,세 (3)
20190041,2019-05-22,,,급여,,소아에서 생명에 치명적인 호흡 억제 및 사망 발생,"acetaminophen,tramadol hydrochloride",513000ATB,,,케이엠에스제약(주),미만 (1),울트란정_(1정),654701110,12,세 (3)
20190041,2019-05-22,,,급여,,소아에서 생명에 치명적인 호흡 억제 및 사망 발생,"acetaminophen,tramadol hydrochloride",480600ATB,,,케이엠에스제약(주),미만 (1),울트란세미정_(1정),654701660,12,세 (3)
20180088,2018-11-02,,,급여,,12세 미만 소아는 호흡억제 감수성이 큼. 12세 미만 소아에서 사망을 포함하는 중증 호흡억제 위험이 크다는 국외 보고 있음.,"ammonium chloride, chlorpheniramine maleate, dihydrocodeine tartrate, DL-methylephedrine hydrochloride",532500ASY,,,일성아이에스(주),미만 (1),제로코푸시럽_(20mL),655403441,12,세 (3)
20190041,2019-05-22,,,급여,,소아에서 생명에 치명적인 호흡 억제 및 사망 발생,"acetaminophen,tramadol hydrochloride",513000ATR,,,일성아이에스(주),미만 (1),마도펜세미서방정_(1정),655403810,12,세 (3)
20190041,2019-05-22,,,급여,,소아에서 생명에 치명적인 호흡 억제 및 사망 발생,"acetaminophen,tramadol hydrochloride",480600ATB,,,일성아이에스(주),미만 (1),마도펜세미정_(1정),655404250,12,세 (3)
20190041,2019-05-22,,,급여,,소아에서 생명에 치명적인 호흡 억제 및 사망 발생,"acetaminophen,tramadol hydrochloride",480600ATB,,,한올바이오파마(주),미만 (1),한트라셋세미정_(1정),655604520,12,세 (3)
20190041,2019-05-22,,,급여,,소아에서 생명에 치명적인 호흡 억제 및 사망 발생,"acetaminophen,tramadol hydrochloride",513000ATB,,,한올바이오파마(주),미만 (1),한트라셋정_(1정),655604530,12,세 (3)
20190041,2019-05-22,,,급여,,소아에서 생명에 치명적인 호흡 억제 및 사망 발생,"acetaminophen,tramadol hydrochloride",480600ATB,,,알리코제약(주),미만 (1),안티피라세미정_(1정),656000840,12,세 (3)
20190041,2019-05-22,,,급여,,소아에서 생명에 치명적인 호흡 억제 및 사망 발생,"acetaminophen,tramadol hydrochloride",513000ATB,,,알리코제약(주),미만 (1),안티피라정_(1정),656000850,12,세 (3)
20190041,2019-05-22,,,급여,,소아에서 생명에 치명적인 호흡 억제 및 사망 발생,"acetaminophen,tramadol hydrochloride",513000ATB,,,(주)바스칸바이오제약,미만 (1),"레바셋정(트라마돌염산염,아세트아미노펜)_(1정)",656203580,12,세 (3)
20190041,2019-05-22,,,급여,,소아에서 생명에 치명적인 호흡 억제 및 사망 발생,"acetaminophen,tramadol hydrochloride",480600ATB,,,(주)바스칸바이오제약,미만 (1),"레바셋세미정(트라마돌염산염,아세트아미노펜)_(1정)",656203590,12,세 (3)
20190041,2019-05-22,,,급여,,소아에서 생명에 치명적인 호흡 억제 및 사망 발생,"acetaminophen,tramadol hydrochloride",513000ATB,,,한국넬슨제약(주),미만 (1),아펜트라정_(1정),656701470,12,세 (3)
20190041,2019-05-22,,,급여,,소아에서 생명에 치명적인 호흡 억제 및 사망 발생,"acetaminophen,tramadol hydrochloride",480600ATB,,,한국넬슨제약(주),미만 (1),"아펜트라세미정(트라마돌염산염, 아세트아미노펜)_(1정)",656702320,12,세 (3)
20190041,2019-05-22,,,급여,,소아에서 생명에 치명적인 호흡 억제 및 사망 발생,"acetaminophen,tramadol hydrochloride",514100ATR,,,환인제약(주),미만 (1),하이콘티서방정_(1정),657203070,12,세 (3)
20190041,2019-05-22,,,급여,,소아에서 생명에 치명적인 호흡 억제 및 사망 발생,"acetaminophen,tramadol hydrochloride",513000ATR,,,환인제약(주),미만 (1),하이콘티세미서방정_(1정),657203080,12,세 (3)
20190041,2019-05-22,,,급여,,소아에서 생명에 치명적인 호흡 억제 및 사망 발생,"acetaminophen,tramadol hydrochloride",513000ATB,,,(주)동구바이오제약,미만 (1),지무라돌정_(1정),657303100,12,세 (3)
20190041,2019-05-22,,,급여,,소아에서 생명에 치명적인 호흡 억제 및 사망 발생,"acetaminophen,tramadol hydrochloride",480600ATB,,,(주)동구바이오제약,미만 (1),지무라돌세미정_(1정),657307170,12,세 (3)
20170086,2017-11-06,,,급여,,코데인이 모르핀으로 대사되는 과정이 다양하고 예측 불가능하여 모르핀으로 인한 독성이 나타날 위험이 있음,"codeine phosphate, ibuprofen, paracetamol",313400ACH,,,하나제약(주),이하 (2),코노펜캡슐_(1캡슐),657801830,12,세 (3)
20190041,2019-05-22,,,급여,,소아에서 생명에 치명적인 호흡 억제 및 사망 발생,"acetaminophen,tramadol hydrochloride",480600ATB,,,하나제약(주),미만 (1),트라미펜세미정_(1정),657802010,12,세 (3)
20190041,2019-05-22,,,급여,,소아에서 생명에 치명적인 호흡 억제 및 사망 발생,"acetaminophen,tramadol hydrochloride",513000ATB,,,하나제약(주),미만 (1),트라미펜정_(1정),657802020,12,세 (3)
20190041,2019-05-22,,,급여,,소아에서 생명에 치명적인 호흡 억제 및 사망 발생,"acetaminophen,tramadol hydrochloride",513000ATB,,,(유)한풍제약,미만 (1),다노펜정_(1정),658106360,12,세 (3)
20190041,2019-05-22,,,급여,,소아에서 생명에 치명적인 호흡 억제 및 사망 발생,"acetaminophen,tramadol hydrochloride",480600ATB,,,(유)한풍제약,미만 (1),다노펜세미정_(1정),658106370,12,세 (3)
20190041,2019-05-22,,,급여,,소아에서 생명에 치명적인 호흡 억제 및 사망 발생,"acetaminophen,tramadol hydrochloride",513000ATB,,,(주)비보존제약,미만 (1),제이트라정_(1정),658201830,12,세 (3)
20190041,2019-05-22,,,급여,,소아에서 생명에 치명적인 호흡 억제 및 사망 발생,"acetaminophen,tramadol hydrochloride",514100ATR,,,익수제약(주),미만 (1),울트론서방정_(1정),658502200,12,세 (3)
20190041,2019-05-22,,,급여,,소아에서 생명에 치명적인 호흡 억제 및 사망 발생,"acetaminophen,tramadol hydrochloride",513000ATR,,,익수제약(주),미만 (1),울트론세미서방정_(1정),658502210,12,세 (3)
20190041,2019-05-22,,,급여,,소아에서 생명에 치명적인 호흡 억제 및 사망 발생,"acetaminophen,tramadol hydrochloride",513000ATB,,,이연제약(주),미만 (1),트라콤정_(1정),658601980,12,세 (3)
20190041,2019-05-22,,,급여,,소아에서 생명에 치명적인 호흡 억제 및 사망 발생,"acetaminophen,tramadol hydrochloride",514100ATR,,,이연제약(주),미만 (1),트라콤이알서방정_(1정),658603280,12,세 (3)
20190041,2019-05-22,,,급여,,소아에서 생명에 치명적인 호흡 억제 및 사망 발생,"acetaminophen,tramadol hydrochloride",480600ATB,,,이연제약(주),미만 (1),트라콤세미정_(1정),658603290,12,세 (3)
20190041,2019-05-22,,,급여,,소아에서 생명에 치명적인 호흡 억제 및 사망 발생,"acetaminophen,tramadol hydrochloride",513000ATR,,,이연제약(주),미만 (1),트라콤이알세미서방정_(1정),658604170,12,세 (3)
20180088,2018-11-05,,,급여,,핵황달의 위험 나타날 수 있음.,"atazanavir sulfate (as atazanavir), cobicistat silicon dioxide (as cobicistat)",646700ATB,,,(유)한국비엠에스제약,미만 (1),에보타즈정_(1정),658700670,3,개월 (2)
20190041,2019-05-22,,,급여,,소아에서 생명에 치명적인 호흡 억제 및 사망 발생,"acetaminophen,tramadol hydrochloride",513000ATB,,,위더스제약(주),미만 (1),위더셋정_(1정),660702150,12,세 (3)
20190041,2019-05-22,,,급여,,소아에서 생명에 치명적인 호흡 억제 및 사망 발생,"acetaminophen,tramadol hydrochloride",513000ATB,,,(주)알피바이오,미만 (1),아세마돌정_(1정),661604700,12,세 (3)
20190041,2019-05-22,,,급여,,소아에서 생명에 치명적인 호흡 억제 및 사망 발생,"acetaminophen,tramadol hydrochloride",513000ATB,,,영풍제약(주),미만 (1),울트펜정_(1정),661902090,12,세 (3)
20190041,2019-05-22,,,급여,,소아에서 생명에 치명적인 호흡 억제 및 사망 발생,"acetaminophen,tramadol hydrochloride",513000ATR,,,영풍제약(주),미만 (1),울트펜세미서방정_(1정),661904710,12,세 (3)
20190041,2019-05-22,,,급여,,소아에서 생명에 치명적인 호흡 억제 및 사망 발생,"acetaminophen,tramadol hydrochloride",513000ATB,,,(주)넥스팜코리아,미만 (1),테라펜정_(1정),662502010,12,세 (3)
20190041,2019-05-22,,,급여,,소아에서 생명에 치명적인 호흡 억제 및 사망 발생,"acetaminophen,tramadol hydrochloride",480600ATB,,,(주)넥스팜코리아,미만 (1),테라펜세미정_(1정),662502870,12,세 (3)
20190041,2019-05-22,,,급여,,소아에서 생명에 치명적인 호흡 억제 및 사망 발생,"acetaminophen,tramadol hydrochloride",513000ATB,,,한국프라임제약(주),미만 (1),아트라펜정_(1정),663602810,12,세 (3)
20190041,2019-05-22,,,급여,,소아에서 생명에 치명적인 호흡 억제 및 사망 발생,"acetaminophen,tramadol hydrochloride",480600ATB,,,한국프라임제약(주),미만 (1),아트라펜세미정_(1정),663602840,12,세 (3)
20070030,2007-04-11,,,급여,,글루쿠로니드 형성 효소체계가 확립되어 있지 않은 2개월 미만의 영아에게는 투여하지 말 것,"pyrimethamine, sulfadoxine",312100ATB,,,한국희귀의약품센터,미만 (1),팬시다정,664000150,2,개월 (2)
20150021,2015-04-23,,,급여,,신장 및 심장에 심각한 손상 가능성 보고(FDA 안전성 정보 (FDA Drug Safety Communication)(‘14.1.8) ),"dibasic sodium phosphate, monobasic sodium phosphate",544900CLQ,,,하이플생명과학(주),미만 (1),렉크린액(인산나트륨에네마)_(1000mL),664100491,3,세 (3)
20150021,2015-04-23,,,급여,,신장 및 심장에 심각한 손상 가능성 보고(FDA 안전성 정보 (FDA Drug Safety Communication)(‘14.1.8) ),"dibasic sodium phosphate, monobasic sodium phosphate",544700CLQ,,,하이플생명과학(주),미만 (1),렉크린액(인산나트륨에네마)_(133mL),664100494,3,세 (3)
20190041,2019-05-22,,,급여,,소아에서 생명에 치명적인 호흡 억제 및 사망 발생,"acetaminophen,tramadol hydrochloride",513000ATB,,,하이플생명과학(주),미만 (1),비엘셋정_(1정),664102820,12,세 (3)
20190041,2019-05-22,,,급여,,소아에서 생명에 치명적인 호흡 억제 및 사망 발생,"acetaminophen,tramadol hydrochloride",480600ATB,,,하이플생명과학(주),미만 (1),비엘셋세미정_(1정),664102830,12,세 (3)
20170086,2017-11-06,,,급여,,코데인이 모르핀으로 대사되는 과정이 다양하고 예측 불가능하여 모르핀으로 인한 독성이 나타날 위험이 있음,"codeine phosphate, ibuprofen, paracetamol",313400ACH,,,성원애드콕제약(주),이하 (2),마이폴캡슐_(1캡슐),664900120,12,세 (3)
20190041,2019-05-22,,,급여,,소아에서 생명에 치명적인 호흡 억제 및 사망 발생,"acetaminophen,tramadol hydrochloride",513000ATB,,,성원애드콕제약(주),미만 (1),트라칸정_(1정),664900670,12,세 (3)
20190041,2019-05-22,,,급여,,소아에서 생명에 치명적인 호흡 억제 및 사망 발생,"acetaminophen,tramadol hydrochloride",480600ATB,,,성원애드콕제약(주),미만 (1),트라칸세미정_(1정),664900690,12,세 (3)
20190041,2019-05-22,,,급여,,소아에서 생명에 치명적인 호흡 억제 및 사망 발생,"acetaminophen,tramadol hydrochloride",480600ATB,,,(주)경보제약,미만 (1),뉴트라셋세미정_(1정),665000210,12,세 (3)
20190041,2019-05-22,,,급여,,소아에서 생명에 치명적인 호흡 억제 및 사망 발생,"acetaminophen,tramadol hydrochloride",513000ATB,,,(주)경보제약,미만 (1),뉴트라셋정_(1정),665000220,12,세 (3)
20190041,2019-05-22,,,급여,,소아에서 생명에 치명적인 호흡 억제 및 사망 발생,"acetaminophen,tramadol hydrochloride",513000ATB,,,한국유니온제약(주),미만 (1),아트라센정_(1정),665505400,12,세 (3)
20190041,2019-05-22,,,급여,,소아에서 생명에 치명적인 호흡 억제 및 사망 발생,"acetaminophen,tramadol hydrochloride",480600ATB,,,한국유니온제약(주),미만 (1),아트라센세미정_(1정),665508230,12,세 (3)
20190041,2019-05-22,,,급여,,소아에서 생명에 치명적인 호흡 억제 및 사망 발생,"acetaminophen,tramadol hydrochloride",513000ATB,,,(주)씨티씨바이오,미만 (1),트라비트정_(1정),669501730,12,세 (3)
20190041,2019-05-22,,,급여,,소아에서 생명에 치명적인 호흡 억제 및 사망 발생,"acetaminophen,tramadol hydrochloride",480600ATB,,,(주)씨티씨바이오,미만 (1),트라비트세미정_(1정),669501740,12,세 (3)
20190041,2019-05-22,,,급여,,소아에서 생명에 치명적인 호흡 억제 및 사망 발생,"acetaminophen,tramadol hydrochloride",513000ATR,,,(주)씨티씨바이오,미만 (1),트라비트세미서방정_(1정),669502590,12,세 (3)
20190041,2019-05-22,,,급여,,소아에서 생명에 치명적인 호흡 억제 및 사망 발생,"acetaminophen,tramadol hydrochloride",514100ATR,,,(주)씨티씨바이오,미만 (1),트라비트서방정_(1정),669502600,12,세 (3)
20190041,2019-05-22,,,급여,,소아에서 생명에 치명적인 호흡 억제 및 사망 발생,"acetaminophen,tramadol hydrochloride",480600ATB,,,(주)아이월드제약,미만 (1),유로셋세미정_(1정),669603630,12,세 (3)
20190041,2019-05-22,,,급여,,소아에서 생명에 치명적인 호흡 억제 및 사망 발생,"acetaminophen,tramadol hydrochloride",513000ATB,,,(주)아이월드제약,미만 (1),유로셋정_(1정),669603640,12,세 (3)
20190041,2019-05-22,,,급여,,소아에서 생명에 치명적인 호흡 억제 및 사망 발생,"acetaminophen,tramadol hydrochloride",513000ATB,,,에스피씨(주),미만 (1),울트라핀정_(1정),669700190,12,세 (3)
20190041,2019-05-22,,,급여,,소아에서 생명에 치명적인 호흡 억제 및 사망 발생,"acetaminophen,tramadol hydrochloride",480600ATB,,,에스피씨(주),미만 (1),울트라핀세미정_(1정),669700200,12,세 (3)
20170086,2017-11-06,,,급여,,코데인이 모르핀으로 대사되는 과정이 다양하고 예측 불가능하여 모르핀으로 인한 독성이 나타날 위험이 있음,"codeine phosphate, ibuprofen, paracetamol",313400ACH,,,구주제약(주),이하 (2),타코펜캡슐_(1캡슐),669802710,12,세 (3)
20190041,2019-05-22,,,급여,,소아에서 생명에 치명적인 호흡 억제 및 사망 발생,"acetaminophen,tramadol hydrochloride",513000ATB,,,구주제약(주),미만 (1),트라마펜정_(1정),669803290,12,세 (3)
20190041,2019-05-22,,,급여,,소아에서 생명에 치명적인 호흡 억제 및 사망 발생,"acetaminophen,tramadol hydrochloride",480600ATB,,,구주제약(주),미만 (1),트라마펜세미정_(1정),669804370,12,세 (3)
20190041,2019-05-22,,,급여,,소아에서 생명에 치명적인 호흡 억제 및 사망 발생,"acetaminophen,tramadol hydrochloride",513000ATR,,,구주제약(주),미만 (1),트라마펜세미서방정_(1정),669805330,12,세 (3)
20190041,2019-05-22,,,급여,,소아에서 생명에 치명적인 호흡 억제 및 사망 발생,"acetaminophen,tramadol hydrochloride",514100ATR,,,구주제약(주),미만 (1),트라마펜서방정_(1정),669805340,12,세 (3)
20190041,2019-05-22,,,급여,,소아에서 생명에 치명적인 호흡 억제 및 사망 발생,"acetaminophen,tramadol hydrochloride",480600ATB,,,대한뉴팜(주),미만 (1),무파인세미정_(1정),669904800,12,세 (3)
20190041,2019-05-22,,,급여,,소아에서 생명에 치명적인 호흡 억제 및 사망 발생,"acetaminophen,tramadol hydrochloride",513000ATR,,,대한뉴팜(주),미만 (1),무파인세미서방정_(1정),669906380,12,세 (3)
20190041,2019-05-22,,,급여,,소아에서 생명에 치명적인 호흡 억제 및 사망 발생,"acetaminophen,tramadol hydrochloride",514100ATR,,,대한뉴팜(주),미만 (1),무파인서방정_(1정),669906400,12,세 (3)
20190041,2019-05-22,,,급여,,소아에서 생명에 치명적인 호흡 억제 및 사망 발생,"acetaminophen,tramadol hydrochloride",513000ATB,,,(주)팜젠사이언스,미만 (1),펜클리어맥스정_(1정),670102290,12,세 (3)
20190041,2019-05-22,,,급여,,소아에서 생명에 치명적인 호흡 억제 및 사망 발생,"acetaminophen,tramadol hydrochloride",480600ATB,,,(주)팜젠사이언스,미만 (1),펜클리어정_(1정),670103660,12,세 (3)
20190041,2019-05-22,,,급여,,소아에서 생명에 치명적인 호흡 억제 및 사망 발생,"acetaminophen,tramadol hydrochloride",480600ATB,,,코오롱제약(주),미만 (1),에이트라세미정_(1정),670300980,12,세 (3)
20190041,2019-05-22,,,급여,,소아에서 생명에 치명적인 호흡 억제 및 사망 발생,"acetaminophen,tramadol hydrochloride",513000ATB,,,코오롱제약(주),미만 (1),에이트라정_(1정),670300990,12,세 (3)
20180088,2018-11-02,,,급여,,12세 미만 소아는 호흡억제 감수성이 큼. 12세 미만 소아에서 사망을 포함하는 중증 호흡억제 위험이 크다는 국외 보고 있음.,"ammonium chloride, chlorpheniramine maleate, dihydrocodeine tartrate, DL-methylephedrine hydrochloride",532500ASY,,,코오롱제약(주),미만 (1),코푸진시럽_(20mL/포),670303712,12,세 (3)
20180088,2018-11-02,,,급여,,12세 미만 소아는 호흡억제 감수성이 큼. 12세 미만 소아에서 사망을 포함하는 중증 호흡억제 위험이 크다는 국외 보고 있음.,"ammonium chloride,chlorpheniramine maleate,dihydrocodeine tartrate,DL-methylephedrine hydrochloride",677200ASY,,,코오롱제약(주),미만 (1),코푸진시럽_(13mL),670304331,12,세 (3)
20190041,2019-05-22,,,급여,,소아에서 생명에 치명적인 호흡 억제 및 사망 발생,"acetaminophen,tramadol hydrochloride",513000ATB,,,(주)휴온스메디텍,미만 (1),휴니즈트라셋정_(1정),670400890,12,세 (3)
20190041,2019-05-22,,,급여,,소아에서 생명에 치명적인 호흡 억제 및 사망 발생,"acetaminophen,tramadol hydrochloride",480600ATB,,,(주)휴온스메디텍,미만 (1),트라셋세미정_(1정),670401240,12,세 (3)
20180088,2018-11-02,,,급여,,12세 미만 소아는 호흡억제 감수성이 큼. 12세 미만 소아에서 사망을 포함하는 중증 호흡억제 위험이 크다는 국외 보고 있음.,"ammonium chloride, chlorpheniramine maleate, dihydrocodeine tartrate, DL-methylephedrine hydrochloride",532500ASY,,,(주)보령바이오파마,미만 (1),비알코시럽_(20mL),670500581,12,세 (3)
20190041,2019-05-22,,,급여,,소아에서 생명에 치명적인 호흡 억제 및 사망 발생,"acetaminophen,tramadol hydrochloride",480600ATB,,,(주)휴온스,미만 (1),휴트라돌세미정_(1정),670604310,12,세 (3)
20190041,2019-05-22,,,급여,,소아에서 생명에 치명적인 호흡 억제 및 사망 발생,"acetaminophen,tramadol hydrochloride",513000ATB,,,(주)휴온스,미만 (1),휴트라돌정_(1정),670604320,12,세 (3)
20190041,2019-05-22,,,급여,,소아에서 생명에 치명적인 호흡 억제 및 사망 발생,"acetaminophen,tramadol hydrochloride",513000ATB,,,주식회사제뉴원사이언스,미만 (1),페인리스정_(1정),671702200,12,세 (3)
20190041,2019-05-22,,,급여,,소아에서 생명에 치명적인 호흡 억제 및 사망 발생,"acetaminophen,tramadol hydrochloride",480600ATB,,,주식회사제뉴원사이언스,미만 (1),페인리스세미정_(1정),671702220,12,세 (3)
20180088,2018-11-02,,,급여,,12세 미만 소아는 호흡억제 감수성이 큼. 12세 미만 소아에서 사망을 포함하는 중증 호흡억제 위험이 크다는 국외 보고 있음.,"ammonium chloride, chlorpheniramine maleate, dihydrocodeine tartrate, DL-methylephedrine hydrochloride",532500ASY,,,주식회사제뉴원사이언스,미만 (1),코포나시럽_(20mL),671704212,12,세 (3)
20190041,2019-05-22,,,급여,,소아에서 생명에 치명적인 호흡 억제 및 사망 발생,"acetaminophen,tramadol hydrochloride",514100ATR,,,주식회사제뉴원사이언스,미만 (1),페인리스서방정_(1정),671704620,12,세 (3)
20190041,2019-05-22,,,급여,,소아에서 생명에 치명적인 호흡 억제 및 사망 발생,"acetaminophen,tramadol hydrochloride",513000ATR,,,주식회사제뉴원사이언스,미만 (1),페인리스세미서방정_(1정),671704810,12,세 (3)
20180088,2018-11-02,,,급여,,12세 미만 소아는 호흡억제 감수성이 큼. 12세 미만 소아에서 사망을 포함하는 중증 호흡억제 위험이 크다는 국외 보고 있음.,"DL-methylephedrine hydrochloride, chlorpheniramine maleate, dihydrocodeine tartrate, guaifenesin",532700ASY,,,대원제약(주),미만 (1),코대원시럽_(500mL),671802901,12,세 (3)
20180088,2018-11-02,,,급여,,12세 미만 소아는 호흡억제 감수성이 큼. 12세 미만 소아에서 사망을 포함하는 중증 호흡억제 위험이 크다는 국외 보고 있음.,"chlorpheniramine maleate, dihydrocodeine tartrate, guaifenesin, DL-methylephedrine hydrochloride",268000ATB,,,대원제약(주),미만 (1),코대원정(수출명:네오-케이정)_(1정),671802920,12,세 (3)
20190041,2019-05-22,,,급여,,소아에서 생명에 치명적인 호흡 억제 및 사망 발생,"acetaminophen,tramadol hydrochloride",514100ATR,,,대원제약(주),미만 (1),원트란서방정_(1정),671805340,12,세 (3)
20190041,2019-05-22,,,급여,,소아에서 생명에 치명적인 호흡 억제 및 사망 발생,"acetaminophen,tramadol hydrochloride",513000ATR,,,대원제약(주),미만 (1),원트란세미서방정_(1정),671805560,12,세 (3)
20180088,2018-11-02,,,급여,,12세 미만 소아는 호흡억제 감수성이 큼. 12세 미만 소아에서 사망을 포함하는 중증 호흡억제 위험이 크다는 국외 보고 있음.,"ammonium chloride, chlorpheniramine maleate, dihydrocodeine tartrate, DL-methylephedrine hydrochloride",532600ASY,,,대원제약(주),미만 (1),코대원포르테시럽_(500mL),671805621,12,세 (3)
20180088,2018-11-02,,,급여,,12세 미만 소아는 호흡억제 감수성이 큼. 12세 미만 소아에서 사망을 포함하는 중증 호흡억제 위험이 크다는 국외 보고 있음.,"ammonium chloride, chlorpheniramine maleate, dihydrocodeine tartrate, DL-methylephedrine hydrochloride",532500ASY,,,대원제약(주),미만 (1),코대원포르테시럽_(20mL),671805622,12,세 (3)
20220087,2022-12-15,,,급여,,"중증 호흡억제가 나타날 수 있음, 12세 미만 소아에서 사망을 포함하는 중증 호흡억제 위험이 크다는 국외 보고 있음","Ammonium chloride, Chlorpheniramine, Dihydrocodeine, Methylephedrine, Pelargonium sidoides extract",690300ASY,,,대원제약(주),미만 (1),코대원에스시럽_(20mL),671807171,12,세 (3)
20190041,2019-05-22,,,급여,,소아에서 생명에 치명적인 호흡 억제 및 사망 발생,"acetaminophen,tramadol hydrochloride",513000ATB,,,아이큐어(주),미만 (1),울파워셋정_(1정),674400670,12,세 (3)
20190041,2019-05-22,,,급여,,소아에서 생명에 치명적인 호흡 억제 및 사망 발생,"acetaminophen,tramadol hydrochloride",480600ATB,,,아이큐어(주),미만 (1),울파워셋세미정_(1정),674400710,12,세 (3)
20190041,2019-05-22,,,급여,,소아에서 생명에 치명적인 호흡 억제 및 사망 발생,"acetaminophen,tramadol hydrochloride",513000ATB,,,(주)다산제약,미만 (1),굿트라셋정_(1정),678600770,12,세 (3)
20190041,2019-05-22,,,급여,,소아에서 생명에 치명적인 호흡 억제 및 사망 발생,"acetaminophen,tramadol hydrochloride",480600ATB,,,(주)다산제약,미만 (1),굿트라셋세미정_(1정),678601500,12,세 (3)
20190041,2019-05-22,,,급여,,소아에서 생명에 치명적인 호흡 억제 및 사망 발생,"acetaminophen,tramadol hydrochloride",513000ATB,,,화일약품(주),미만 (1),노통펜프러스정_(1정),684500660,12,세 (3)
20190041,2019-05-22,,,급여,,소아에서 생명에 치명적인 호흡 억제 및 사망 발생,"acetaminophen,tramadol hydrochloride",480600ATB,,,화일약품(주),미만 (1),노통펜프러스미니정_(1정),684501030,12,세 (3)
20190041,2019-05-22,,,급여,,소아에서 생명에 치명적인 호흡 억제 및 사망 발생,"acetaminophen,tramadol hydrochloride",513000ATB,,,(주)시어스제약,미만 (1),울트라뉴정_(1정),689000630,12,세 (3)
20190041,2019-05-22,,,급여,,소아에서 생명에 치명적인 호흡 억제 및 사망 발생,"acetaminophen,tramadol hydrochloride",480600ATB,,,(주)시어스제약,미만 (1),울트라뉴세미정_(1정),689001350,12,세 (3)
20190041,2019-05-22,,,급여,,소아에서 생명에 치명적인 호흡 억제 및 사망 발생,"acetaminophen,tramadol hydrochloride",513000ATB,,,(주)라이트팜텍,미만 (1),제이아트셋정_(1정),690300870,12,세 (3)
20190041,2019-05-22,,,급여,,소아에서 생명에 치명적인 호흡 억제 및 사망 발생,"acetaminophen,tramadol hydrochloride",480600ATB,,,(주)라이트팜텍,미만 (1),트라맥스세미정_(1정),690300920,12,세 (3)
20190041,2019-05-22,,,급여,,소아에서 생명에 치명적인 호흡 억제 및 사망 발생,"acetaminophen,tramadol hydrochloride",513000ATB,,,(주)한국글로벌제약,미만 (1),트라임정_(1정),693200450,12,세 (3)
20190041,2019-05-22,,,급여,,소아에서 생명에 치명적인 호흡 억제 및 사망 발생,"acetaminophen,tramadol hydrochloride",480600ATB,,,(주)한국글로벌제약,미만 (1),트라임세미정_(1정),693201160,12,세 (3)
20190041,2019-05-22,,,급여,,소아에서 생명에 치명적인 호흡 억제 및 사망 발생,"acetaminophen,tramadol hydrochloride",480600ATB,,,(주)셀트리온제약,미만 (1),아라펜세미정_(1정),693900270,12,세 (3)
20190041,2019-05-22,,,급여,,소아에서 생명에 치명적인 호흡 억제 및 사망 발생,"acetaminophen,tramadol hydrochloride",513000ATB,,,(주)셀트리온제약,미만 (1),아라펜정_(1정),693900300,12,세 (3)
20190041,2019-05-22,,,급여,,소아에서 생명에 치명적인 호흡 억제 및 사망 발생,"acetaminophen,tramadol hydrochloride",513000ATB,,,대웅바이오(주),미만 (1),베아셋정_(1정),694000500,12,세 (3)
20190041,2019-05-22,,,급여,,소아에서 생명에 치명적인 호흡 억제 및 사망 발생,"acetaminophen,tramadol hydrochloride",480600ATB,,,대웅바이오(주),미만 (1),베아셋세미정_(1정),694000830,12,세 (3)
20190041,2019-05-22,,,급여,,소아에서 생명에 치명적인 호흡 억제 및 사망 발생,"acetaminophen,tramadol hydrochloride",513000ATR,,,대웅바이오(주),미만 (1),베아셋세미서방정_(1정),694002930,12,세 (3)
20190041,2019-05-22,,,급여,,소아에서 생명에 치명적인 호흡 억제 및 사망 발생,"acetaminophen,tramadol hydrochloride",514100ATR,,,대웅바이오(주),미만 (1),베아셋서방정_(1정),694002940,12,세 (3)
20190041,2019-05-22,,,급여,,소아에서 생명에 치명적인 호흡 억제 및 사망 발생,"acetaminophen,tramadol hydrochloride",480600ATB,,,일양바이오팜(주),미만 (1),유트렌세미정_(1정),696600200,12,세 (3)
20190041,2019-05-22,,,급여,,소아에서 생명에 치명적인 호흡 억제 및 사망 발생,"acetaminophen,tramadol hydrochloride",513000ATB,,,일양바이오팜(주),미만 (1),유트렌정_(1정),696600210,12,세 (3)
20190041,2019-05-22,,,급여,,소아에서 생명에 치명적인 호흡 억제 및 사망 발생,"acetaminophen,tramadol hydrochloride",513000ATB,,,(주)한국피엠지제약,미만 (1),아트라셋정_(1정),697100040,12,세 (3)
20190041,2019-05-22,,,급여,,소아에서 생명에 치명적인 호흡 억제 및 사망 발생,"acetaminophen,tramadol hydrochloride",480600ATB,,,(주)한국피엠지제약,미만 (1),아트라셋세미정_(1정),697100080,12,세 (3)
20190041,2019-05-22,,,급여,,소아에서 생명에 치명적인 호흡 억제 및 사망 발생,"acetaminophen,tramadol hydrochloride",480600ATB,,,(주)제뉴파마,미만 (1),듀오다인세미정_(1정),698004080,12,세 (3)
20190041,2019-05-22,,,급여,,소아에서 생명에 치명적인 호흡 억제 및 사망 발생,"acetaminophen,tramadol hydrochloride",480600ATB,,,(주)테라젠이텍스,미만 (1),아트놀셋세미정_(1정),698500760,12,세 (3)
20190041,2019-05-22,,,급여,,소아에서 생명에 치명적인 호흡 억제 및 사망 발생,"acetaminophen,tramadol hydrochloride",513000ATB,,,(주)테라젠이텍스,미만 (1),아트놀셋정_(1정),698500770,12,세 (3)
20110227,2011-11-24,,,급여,,"안전성 및 유효성 미확립. 18세 미만의 환자에는 성선(性腺), 특히 난소에의 피폭이 많으므로 투여하지 않는 것이 원칙임",6β-iodomethyl-19-norcholest-5(10)-en-3β-ol(I-131),428201BIJ,,,새한산업(주),미만 (1),아도스테롤(131I)주사액(요오디네이티트(131I)노르콜레스테롤)_(0.037GBq(1mCi)/1mL),656900482,18,세 (3)
20170086,2017-11-06,,,급여,,Mucolytics는 2세 미만에서 호흡기 장애 유발 가능,L-carbocysteine,123801ACH,,,현대약품(주),미만 (1),리나치올캡슐500밀리그람(L-카르보시스테인)(수출명:HyundiolCapsule500Mg)_(0.5g/1캡슐),642000260,24,개월 (2)
20170086,2017-11-06,,,급여,,Mucolytics는 2세 미만에서 호흡기 장애 유발 가능,L-carbocysteine,123804ACH,,,현대약품(주),미만 (1),리나치올캡슐375밀리그램(L-카르보시스테인)(수출명:HyundiolCapsule375Mg)_(0.375g/1캡슐),642000250,24,개월 (2)
20170086,2017-11-06,,,급여,,Mucolytics는 2세 미만에서 호흡기 장애 유발 가능,L-carbocysteine,123804ACH,,,부광약품(주),미만 (1),뮤코론캡슐375밀리그램(L-카르보시스테인)_(0.375g/1캡슐),642200500,24,개월 (2)
20170086,2017-11-06,,,급여,,Mucolytics는 2세 미만에서 호흡기 장애 유발 가능,L-carbocysteine,123840ASY,,,현대약품(주),미만 (1),리나치올시럽(L-카르보시스테인)(수출명:HyundiolSyrup)_(10g/500mL),642000212,24,개월 (2)
20170086,2017-11-06,,,급여,,Mucolytics는 2세 미만에서 호흡기 장애 유발 가능,L-carbocysteine,123840ASY,,,(주)팜젠사이언스,미만 (1),엑스펙토시럽2%(L-카르보시스테인)_(10g/500mL),670101532,24,개월 (2)
20170086,2017-11-06,,,급여,,Mucolytics는 2세 미만에서 호흡기 장애 유발 가능,L-carbocysteine,123841ASY,,,현대약품(주),미만 (1),리나치올시럽(L-카르보시스테인)(수출명:HyundiolSyrup)_(20g/1000mL),642000211,24,개월 (2)
20170086,2017-11-06,,,급여,,Mucolytics는 2세 미만에서 호흡기 장애 유발 가능,L-carbocysteine,123841ASY,,,부광약품(주),미만 (1),소아용뮤코론시럽(L-카르보시스테인)_(20g/1000mL),642201225,24,개월 (2)
20170086,2017-11-06,,,급여,,Mucolytics는 2세 미만에서 호흡기 장애 유발 가능,L-carbocysteine,123843ASY,,,현대약품(주),미만 (1),리나치올시럽5%(L-카르보시스테인)(수출명:HyundiolSyrup5%)_(25g/500mL),642000222,24,개월 (2)
20170086,2017-11-06,,,급여,,Mucolytics는 2세 미만에서 호흡기 장애 유발 가능,L-carbocysteine,123843ASY,,,(주)팜젠사이언스,미만 (1),엑스펙토시럽5%(카르보시스테인)_(25g/500mL),670101542,24,개월 (2)
20170086,2017-11-06,,,급여,,Mucolytics는 2세 미만에서 호흡기 장애 유발 가능,L-carbocysteine,123844ASY,,,현대약품(주),미만 (1),리나치올시럽5%(L-카르보시스테인)(수출명:HyundiolSyrup5%)_(50g/1000mL),642000221,24,개월 (2)
20170086,2017-11-06,,,급여,,Mucolytics는 2세 미만에서 호흡기 장애 유발 가능,L-carbocysteine,123844ASY,,,부광약품(주),미만 (1),뮤코론5%시럽(L-카르보시스테인)_(50g/1000mL),642200511,24,개월 (2)
20190041,2019-05-22,,,급여,,65세 이상에서 안전성 및 유효성 미확립. 연령이 높아질수록 신장기능이 저하되어 이 약이 축적될 수 있음.,acamprosate,100501ATE,,,명인제약(주),이상 (4),명인아캄프로세이트정333mg(아캄프로세이트칼슘)_(0.333g/1정),651904740,65,세 (3)
20190041,2019-05-22,,,급여,,65세 이상에서 안전성 및 유효성 미확립. 연령이 높아질수록 신장기능이 저하되어 이 약이 축적될 수 있음.,acamprosate,100501ATE,,,환인제약(주),이상 (4),환인아캄프로세이트정(아캄프로세이트칼슘)_(0.333g/1정),657201040,65,세 (3)
20090300,2009-12-03,,,급여,,안전성 및 유효성 미확립,acarbose,100601ATB,,,(주)한독,이하 (2),글루코바이정100밀리그람(아카보즈)_(0.1g/1정),652100060,18,세 (3)
20090300,2009-12-03,,,급여,,안전성 및 유효성 미확립,acarbose,100602ATB,,,(주)한독,이하 (2),글루코바이정50밀리그람(아카보즈)_(50mg/1정),652100050,18,세 (3)
20050017,2005-03-09,,,급여,,"소아 및 고령자(노인)는 최소 필요량을 복용하고 이상반응에 유의. 과도한 체온강하, 허탈, 사지냉각 등이 나타날 수 있음",acetaminophen(encapsulated),101404ATR,,,부광약품(주),미만 (1),타세놀8시간이알서방정325밀리그램(아세트아미노펜)_(0.325g/1정),642204320,12,세 (3)
20050017,2005-03-09,,,급여,,"소아 및 고령자(노인)는 최소 필요량을 복용하고 이상반응에 유의. 과도한 체온강하, 허탈, 사지냉각 등이 나타날 수 있음",acetaminophen(encapsulated),101430ATR,,,(주)마더스제약,미만 (1),아세트엠8시간이알서방정650밀리그램(아세트아미노펜)_(0.65g/1정),622803650,12,세 (3)
20050017,2005-03-09,,,급여,,"소아 및 고령자(노인)는 최소 필요량을 복용하고 이상반응에 유의. 과도한 체온강하, 허탈, 사지냉각 등이 나타날 수 있음",acetaminophen(encapsulated),101430ATR,,,(주)휴비스트제약,미만 (1),타이레펜8시간이알서방정650밀리그램(아세트아미노펜)_(0.65g/1정),628801440,12,세 (3)
20050017,2005-03-09,,,급여,,"소아 및 고령자(노인)는 최소 필요량을 복용하고 이상반응에 유의. 과도한 체온강하, 허탈, 사지냉각 등이 나타날 수 있음",acetaminophen(encapsulated),101430ATR,,,부광약품(주),미만 (1),타세놀8시간이알서방정(아세트아미노펜)_(0.65g/1정),642202200,12,세 (3)
20050017,2005-03-09,,,급여,,"소아 및 고령자(노인)는 최소 필요량을 복용하고 이상반응에 유의. 과도한 체온강하, 허탈, 사지냉각 등이 나타날 수 있음",acetaminophen(encapsulated),101430ATR,,,(주)종근당,미만 (1),펜잘8시간이알서방정(아세트아미노펜)_(0.65g/1정),643306670,12,세 (3)
20050017,2005-03-09,,,급여,,"소아 및 고령자(노인)는 최소 필요량을 복용하고 이상반응에 유의. 과도한 체온강하, 허탈, 사지냉각 등이 나타날 수 있음",acetaminophen(encapsulated),101430ATR,,,한미약품(주),미만 (1),써스펜8시간이알서방정650밀리그램(아세트아미노펜)_(0.65g/1정),643501510,12,세 (3)
20050017,2005-03-09,,,급여,,"소아 및 고령자(노인)는 최소 필요량을 복용하고 이상반응에 유의. 과도한 체온강하, 허탈, 사지냉각 등이 나타날 수 있음",acetaminophen(encapsulated),101430ATR,,,한림제약(주),미만 (1),엔시드8시간이알서방정650mg(아세트아미노펜)_(0.65g/1정),645301160,12,세 (3)
20050017,2005-03-09,,,급여,,"소아 및 고령자(노인)는 최소 필요량을 복용하고 이상반응에 유의. 과도한 체온강하, 허탈, 사지냉각 등이 나타날 수 있음",acetaminophen(encapsulated),101430ATR,,,삼아제약(주),미만 (1),세토펜8시간이알서방정(아세트아미노펜)_(0.65g/1정),645700850,12,세 (3)
20050017,2005-03-09,,,급여,,"소아 및 고령자(노인)는 최소 필요량을 복용하고 이상반응에 유의. 과도한 체온강하, 허탈, 사지냉각 등이 나타날 수 있음",acetaminophen(encapsulated),101430ATR,,,대우제약(주),미만 (1),타스펜8시간이알서방정650밀리그람(아세트아미노펜)(수출명:도로돈이알정)_(0.65g/1정),649602230,12,세 (3)
20050017,2005-03-09,,,급여,,"소아 및 고령자(노인)는 최소 필요량을 복용하고 이상반응에 유의. 과도한 체온강하, 허탈, 사지냉각 등이 나타날 수 있음",acetaminophen(encapsulated),101430ATR,,,(주)서울제약,미만 (1),티메롤8시간이알서방정(아세트아미노펜)_(0.65g/1정),652901880,12,세 (3)
20050017,2005-03-09,,,급여,,"소아 및 고령자(노인)는 최소 필요량을 복용하고 이상반응에 유의. 과도한 체온강하, 허탈, 사지냉각 등이 나타날 수 있음",acetaminophen(encapsulated),101430ATR,,,(주)동구바이오제약,미만 (1),타이몰8시간이알서방정650밀리그램(아세트아미노펜)_(0.65g/1정),657308190,12,세 (3)
20050017,2005-03-09,,,급여,,"소아 및 고령자(노인)는 최소 필요량을 복용하고 이상반응에 유의. 과도한 체온강하, 허탈, 사지냉각 등이 나타날 수 있음",acetaminophen(encapsulated),101430ATR,,,하나제약(주),미만 (1),타이리콜8시간이알서방정(아세트아미노펜)_(0.65g/1정),657801970,12,세 (3)
20050017,2005-03-09,,,급여,,"소아 및 고령자(노인)는 최소 필요량을 복용하고 이상반응에 유의. 과도한 체온강하, 허탈, 사지냉각 등이 나타날 수 있음",acetaminophen(encapsulated),101430ATR,,,영풍제약(주),미만 (1),"타이펜8시간이알서방정_(아세트아미노펜, 0.65g/1정)",661901710,12,세 (3)
20050017,2005-03-09,,,급여,,"소아 및 고령자(노인)는 최소 필요량을 복용하고 이상반응에 유의. 과도한 체온강하, 허탈, 사지냉각 등이 나타날 수 있음",acetaminophen(encapsulated),101430ATR,,,(주)경보제약,미만 (1),이알펜8시간서방정(아세트아미노펜)_(0.65g/1정),665002340,12,세 (3)
20050017,2005-03-09,,,급여,,"소아 및 고령자(노인)는 최소 필요량을 복용하고 이상반응에 유의. 과도한 체온강하, 허탈, 사지냉각 등이 나타날 수 있음",acetaminophen(encapsulated),101430ATR,,,코오롱제약(주),미만 (1),트라몰8시간서방정650밀리그람(아세트아미노펜)_(0.65g/1정),670301800,12,세 (3)
20050017,2005-03-09,,,급여,,"소아 및 고령자(노인)는 최소 필요량을 복용하고 이상반응에 유의. 과도한 체온강하, 허탈, 사지냉각 등이 나타날 수 있음",acetaminophen(encapsulated),101430ATR,,,(주)보령바이오파마,미만 (1),세타펜8시간이알서방정650밀리그램(아세트아미노펜)_(0.65g/1정),670501910,12,세 (3)
20050017,2005-03-09,,,급여,,"소아 및 고령자(노인)는 최소 필요량을 복용하고 이상반응에 유의. 과도한 체온강하, 허탈, 사지냉각 등이 나타날 수 있음",acetaminophen(encapsulated),101430ATR,,,한국존슨앤드존슨판매(유),미만 (1),타이레놀8시간이알서방정(아세트아미노펜)_(0.65g/1정),672300240,12,세 (3)
20050017,2005-03-09,,,급여,,"소아 및 고령자(노인)는 최소 필요량을 복용하고 이상반응에 유의. 과도한 체온강하, 허탈, 사지냉각 등이 나타날 수 있음",acetaminophen(encapsulated),101430ATR,,,(주)한국글로벌제약,미만 (1),타미스펜8시간이알서방정(아세트아미노펜)_(0.65g/1정),693201820,12,세 (3)
20050017,2005-03-09,,,급여,,"소아 및 고령자(노인)는 최소 필요량을 복용하고 이상반응에 유의. 과도한 체온강하, 허탈, 사지냉각 등이 나타날 수 있음",acetaminophen(encapsulated),101430ATR,,,(주)제뉴파마,미만 (1),아니스펜8시간이알서방정(아세트아미노펜)_(0.65g/1정),698003380,12,세 (3)
20090300,2009-12-03,,,급여,,안전성 및 유효성 미확립,albendazol,104303ATB,,,태극제약(주),미만 (1),알나졸정400밀리그람(알벤다졸)_(0.4g/1정),644801350,2,세 (3)
20090300,2009-12-03,,,급여,,안전성 및 유효성 미확립,amisulpride,420002ATB,,,유니메드제약(주),미만 (1),폴라리스정(아미설프리드)_(0.4g/1정),649504440,15,세 (3)
20090300,2009-12-03,,,급여,,안전성 및 유효성 미확립,amisulpride,420002ATB,,,명인제약(주),미만 (1),아미썰정400밀리그램(아미설피리드)_(0.4g/1정),651903620,15,세 (3)
20090300,2009-12-03,,,급여,,안전성 및 유효성 미확립,amisulpride,420002ATB,,,(주)한독,미만 (1),솔리안정400밀리그램(아미설프리드)_(0.4g/1정),652100610,15,세 (3)
20090300,2009-12-03,,,급여,,안전성 및 유효성 미확립,amisulpride,420002ATB,,,(주)한국파마,미만 (1),아칸솔정400mg(아미설프리드)_(0.4g/1정),653005650,15,세 (3)
20090300,2009-12-03,,,급여,,안전성 및 유효성 미확립,amisulpride,420003ATB,,,유니메드제약(주),미만 (1),폴라리스정100밀리그램(아미설피리드)_(0.1g/1정),649506050,15,세 (3)
20090300,2009-12-03,,,급여,,안전성 및 유효성 미확립,amisulpride,420003ATB,,,명인제약(주),미만 (1),아미썰정100밀리그램(아미설피리드)_(0.1g/1정),651903810,15,세 (3)
20090300,2009-12-03,,,급여,,안전성 및 유효성 미확립,amisulpride,420003ATB,,,(주)한독,미만 (1),솔리안정100밀리그램(아미설프리드)_(0.1g/1정),652100590,15,세 (3)
20090300,2009-12-03,,,급여,,안전성 및 유효성 미확립,amisulpride,420003ATB,,,(주)한국파마,미만 (1),아칸솔정100mg(아미설프리드)_(0.1g/1정),653005640,15,세 (3)
20090300,2009-12-03,,,급여,,안전성 및 유효성 미확립,amisulpride,420004ATB,,,명인제약(주),미만 (1),아미썰정200밀리그램(아미설피리드)_(0.2g/1정),651903820,15,세 (3)
20090300,2009-12-03,,,급여,,안전성 및 유효성 미확립,amisulpride,420004ATB,,,(주)한독,미만 (1),솔리안정200밀리그램(아미설프리드)_(0.2g/1정),652100600,15,세 (3)
20220049,2022-06-30,,,급여,,안전성 및 유효성 미확립. 심각한 피부 과민반응 및 정신과적 이상반응이 발생할 수 있음,armodafinil,662301ATB,,,(주)한독테바,미만 (1),누비질정150밀리그램(아모다피닐)_(0.15g/1정),626900850,18,세 (3)
20220049,2022-06-30,,,급여,,안전성 및 유효성 미확립. 심각한 피부 과민반응 및 정신과적 이상반응이 발생할 수 있음,armodafinil,662301ATB,,,명인제약(주),미만 (1),아모닐정150밀리그램(아모다피닐(미분화))_(0.15g/1정),651905370,18,세 (3)
20220049,2022-06-30,,,급여,,안전성 및 유효성 미확립. 심각한 피부 과민반응 및 정신과적 이상반응이 발생할 수 있음,armodafinil,662302ATB,,,(주)한독테바,미만 (1),누비질정250밀리그램(아모다피닐)_(0.25g/1정),626900860,18,세 (3)
20220049,2022-06-30,,,급여,,안전성 및 유효성 미확립. 심각한 피부 과민반응 및 정신과적 이상반응이 발생할 수 있음,armodafinil,662302ATB,,,명인제약(주),미만 (1),아모닐정250밀리그램(아모다피닐(미분화))_(0.25g/1정),651905380,18,세 (3)
20090300,2009-12-03,,,급여,,안전성 및 유효성 미확립,atomoxetine hydrochloride (as atomoxetine),489601ACH,,,명인제약(주),미만 (1),아토목신캡슐10mg(아토목세틴염산염)_(11.43mg/1캡슐),651903920,6,세 (3)
20090300,2009-12-03,,,급여,,안전성 및 유효성 미확립,atomoxetine hydrochloride (as atomoxetine),489601ACH,,,환인제약(주),미만 (1),환인아토목세틴캡슐10밀리그램(아토목세틴염산염)_(11.43mg/1캡슐),657202490,6,세 (3)
20090300,2009-12-03,,,급여,,안전성 및 유효성 미확립,atomoxetine hydrochloride (as atomoxetine),489601ACH,,,한국릴리(유),미만 (1),스트라테라캡슐10밀리그램(아토목세틴염산염)_(11.43mg/1캡슐),670800050,6,세 (3)
20090300,2009-12-03,,,급여,,안전성 및 유효성 미확립,atomoxetine hydrochloride (as atomoxetine),489602ACH,,,명인제약(주),미만 (1),아토목신캡슐18mg(아토목세틴염산염)_(20.57mg/1캡슐),651903900,6,세 (3)
20090300,2009-12-03,,,급여,,안전성 및 유효성 미확립,atomoxetine hydrochloride (as atomoxetine),489602ACH,,,환인제약(주),미만 (1),환인아토목세틴캡슐18밀리그램(아토목세틴염산염)_(20.57mg/1캡슐),657202500,6,세 (3)
20090300,2009-12-03,,,급여,,안전성 및 유효성 미확립,atomoxetine hydrochloride (as atomoxetine),489602ACH,,,한국릴리(유),미만 (1),스트라테라캡슐18밀리그램(아토목세틴염산염)_(20.57mg/1캡슐),670800060,6,세 (3)
20090300,2009-12-03,,,급여,,안전성 및 유효성 미확립,atomoxetine hydrochloride (as atomoxetine),489603ACH,,,명인제약(주),미만 (1),아토목신캡슐25mg(아토목세틴염산염)_(28.57mg/1캡슐),651903910,6,세 (3)
20090300,2009-12-03,,,급여,,안전성 및 유효성 미확립,atomoxetine hydrochloride (as atomoxetine),489603ACH,,,환인제약(주),미만 (1),환인아토목세틴캡슐25밀리그램(아토목세틴염산염)_(28.57mg/1캡슐),657202510,6,세 (3)
20090300,2009-12-03,,,급여,,안전성 및 유효성 미확립,atomoxetine hydrochloride (as atomoxetine),489603ACH,,,한국릴리(유),미만 (1),스트라테라캡슐25밀리그램(아토목세틴염산염)_(28.57mg/1캡슐),670800070,6,세 (3)
20090300,2009-12-03,,,급여,,안전성 및 유효성 미확립,atomoxetine hydrochloride (as atomoxetine),489604ACH,,,명인제약(주),미만 (1),아토목신캡슐40밀리그램(아토목세틴염산염)_(45.71mg/1캡슐),651903860,6,세 (3)
20090300,2009-12-03,,,급여,,안전성 및 유효성 미확립,atomoxetine hydrochloride (as atomoxetine),489604ACH,,,환인제약(주),미만 (1),환인아토목세틴캡슐40밀리그램(아토목세틴염산염)_(45.71mg/1캡슐),657202520,6,세 (3)
20090300,2009-12-03,,,급여,,안전성 및 유효성 미확립,atomoxetine hydrochloride (as atomoxetine),489604ACH,,,한국릴리(유),미만 (1),스트라테라캡슐40밀리그램(아토목세틴염산염)_(45.71mg/1캡슐),670800080,6,세 (3)
20090300,2009-12-03,,,급여,,안전성 및 유효성 미확립,atomoxetine hydrochloride (as atomoxetine),489605ACH,,,명인제약(주),미만 (1),아토목신캡슐60mg(아토목세틴염산염)_(68.56mg/1캡슐),651903930,6,세 (3)
20090300,2009-12-03,,,급여,,안전성 및 유효성 미확립,atomoxetine hydrochloride (as atomoxetine),489605ACH,,,환인제약(주),미만 (1),환인아토목세틴캡슐60밀리그램(아토목세틴염산염)_(68.56mg/1캡슐),657202530,6,세 (3)
20090300,2009-12-03,,,급여,,안전성 및 유효성 미확립,atomoxetine hydrochloride (as atomoxetine),489605ACH,,,한국릴리(유),미만 (1),스트라테라캡슐60밀리그램(아토목세틴염산염)_(68.56mg/1캡슐),670800090,6,세 (3)
20090300,2009-12-03,,,급여,,안전성 및 유효성 미확립,atomoxetine hydrochloride (as atomoxetine),489606ACH,,,명인제약(주),미만 (1),아토목신캡슐80밀리그램(아토목세틴염산염)_(91.42mg/1캡슐),651904070,6,세 (3)
20090300,2009-12-03,,,급여,,안전성 및 유효성 미확립,atomoxetine hydrochloride (as atomoxetine),489606ACH,,,환인제약(주),미만 (1),환인아토목세틴캡슐80밀리그램(아토목세틴염산염)_(91.42mg/1캡슐),657202660,6,세 (3)
20090300,2009-12-03,,,급여,,안전성 및 유효성 미확립,atomoxetine hydrochloride (as atomoxetine),489606ACH,,,한국릴리(유),미만 (1),스트라테라캡슐80밀리그램(아토목세틴염산염)_(91.42mg/1캡슐),670800940,6,세 (3)
20130280,2013-12-12,,,급여,,"심각한 전신 부작용 위험이 있음. 조산아, 영아, 다운증후군, 강직마비 또는 뇌손상 어린이는 이 약의 전신흡수에 따른 중추신경계 장애, 심폐 및 위장관 독성에 감수성이 있음",atropine sulfate,111833COS,,,한국알콘(주),미만 (1),알콘아트로핀황산염1%점안제(아트로핀황산염수화물)_(0.15g/15ml),652400751,12,세 (3)
20090300,2009-12-03,,,급여,,안전성 및 유효성 미확립,azelastine hydrochloride,112501ATB,,,엔비케이제약(주),이하 (2),젤라스정(아젤라스틴염산염)_(1mg/1정),54801070,6,세 (3)
20090300,2009-12-03,,,급여,,안전성 및 유효성 미확립,azelastine hydrochloride,112501ATB,,,주식회사 더유제약,이하 (2),알렙틴정(아젤라스틴염산염)_(1mg/1정),57000830,6,세 (3)
20090300,2009-12-03,,,급여,,안전성 및 유효성 미확립,azelastine hydrochloride,112501ATB,,,주식회사케이에스제약,이하 (2),안티타민정(아젤라스틴염산염)_(1mg/1정),59000050,6,세 (3)
20090300,2009-12-03,,,급여,,안전성 및 유효성 미확립,azelastine hydrochloride,112501ATB,,,(주)엘앤씨바이오,이하 (2),메가젤틴정(아젤라스틴염산염)_(1mg/1정),60500130,6,세 (3)
20090300,2009-12-03,,,급여,,안전성 및 유효성 미확립,azelastine hydrochloride,112501ATB,,,건일바이오팜주식회사,이하 (2),아젤라건정1밀리그램(아젤라스틴염산염)_(1mg/1정),73001200,6,세 (3)
20090300,2009-12-03,,,급여,,안전성 및 유효성 미확립,azelastine hydrochloride,112501ATB,,,주식회사 노바엠헬스케어,이하 (2),아제타정(아젤라스틴염산염)_(1mg/1정),73200700,6,세 (3)
20090300,2009-12-03,,,급여,,안전성 및 유효성 미확립,azelastine hydrochloride,112501ATB,,,(주)마더스제약,이하 (2),마이스틴정(아젤라스틴염산염)_(1mg/1정),622801370,6,세 (3)
20090300,2009-12-03,,,급여,,안전성 및 유효성 미확립,azelastine hydrochloride,112501ATB,,,(주)화이트생명과학,이하 (2),아젠틴정(아젤라스틴염산염)_(1mg/1정),625200110,6,세 (3)
20090300,2009-12-03,,,급여,,안전성 및 유효성 미확립,azelastine hydrochloride,112501ATB,,,(주)텔콘알에프제약,이하 (2),셀라스틴정1밀리그램(아젤라스틴염산염)_(1mg/1정),625500240,6,세 (3)
20090300,2009-12-03,,,급여,,안전성 및 유효성 미확립,azelastine hydrochloride,112501ATB,,,(주)휴비스트제약,이하 (2),휴스틴정(아젤라스틴염산염)_(1mg/1정),628800120,6,세 (3)
20090300,2009-12-03,,,급여,,안전성 및 유효성 미확립,azelastine hydrochloride,112501ATB,,,(주)이든파마,이하 (2),이스틴정(아젤라스틴염산염)_(1mg/1정),628900920,6,세 (3)
20090300,2009-12-03,,,급여,,안전성 및 유효성 미확립,azelastine hydrochloride,112501ATB,,,(주)일화,이하 (2),아라스틴정(아젤라스틴염산염)_(1mg/1정),640900520,6,세 (3)
20090300,2009-12-03,,,급여,,안전성 및 유효성 미확립,azelastine hydrochloride,112501ATB,,,부광약품(주),이하 (2),부광아젭틴정(아젤라스틴염산염)_(1mg/1정),642200800,6,세 (3)
20090300,2009-12-03,,,급여,,안전성 및 유효성 미확립,azelastine hydrochloride,112501ATB,,,(주)바이넥스,이하 (2),제라스정(아젤라스틴염산염)_(1mg/1정),643104130,6,세 (3)
20090300,2009-12-03,,,급여,,안전성 및 유효성 미확립,azelastine hydrochloride,112501ATB,,,동성제약(주),이하 (2),동성아젤라스틴정(아젤라스틴염산염)_(1mg/1정),643203120,6,세 (3)
20090300,2009-12-03,,,급여,,안전성 및 유효성 미확립,azelastine hydrochloride,112501ATB,,,한국유나이티드제약(주),이하 (2),아젤론정(아젤라스틴염산염)_(1mg/1정),644302130,6,세 (3)
20090300,2009-12-03,,,급여,,안전성 및 유효성 미확립,azelastine hydrochloride,112501ATB,,,(주)에이프로젠바이오로직스,이하 (2),아젤스틴정(아젤라스틴염산염)_(1mg/1정),645208490,6,세 (3)
20090300,2009-12-03,,,급여,,안전성 및 유효성 미확립,azelastine hydrochloride,112501ATB,,,(주)뉴젠팜,이하 (2),아젤라젠정(아젤라스틴염산염)_(1mg/1정),646201330,6,세 (3)
20090300,2009-12-03,,,급여,,안전성 및 유효성 미확립,azelastine hydrochloride,112501ATB,,,한국코러스(주),이하 (2),알티온정(아젤라스틴염산염)_(1mg/1정),647204880,6,세 (3)
20090300,2009-12-03,,,급여,,안전성 및 유효성 미확립,azelastine hydrochloride,112501ATB,,,경동제약(주),이하 (2),아젤라정(아젤라스틴염산염)_(1mg/1정),648101390,6,세 (3)
20090300,2009-12-03,,,급여,,안전성 및 유효성 미확립,azelastine hydrochloride,112501ATB,,,(주)씨엠지제약,이하 (2),아제탄정(아젤라스틴염산염)_(1mg/1정),648601220,6,세 (3)
20090300,2009-12-03,,,급여,,안전성 및 유효성 미확립,azelastine hydrochloride,112501ATB,,,풍림무약(주),이하 (2),아젤라토정(아젤라스틴염산염)_(1mg/1정),649001440,6,세 (3)
20090300,2009-12-03,,,급여,,안전성 및 유효성 미확립,azelastine hydrochloride,112501ATB,,,한국휴텍스제약(주),이하 (2),아젤스테인정(아젤라스틴염산염)_(1mg/1정),649102960,6,세 (3)
20090300,2009-12-03,,,급여,,안전성 및 유효성 미확립,azelastine hydrochloride,112501ATB,,,영일제약(주),이하 (2),아제스정(아젤라스틴염산염)_(1mg/1정),649401470,6,세 (3)
20090300,2009-12-03,,,급여,,안전성 및 유효성 미확립,azelastine hydrochloride,112501ATB,,,(주)서울제약,이하 (2),서울아젤라스틴염산염정_(1mg/1정),652904200,6,세 (3)
20090300,2009-12-03,,,급여,,안전성 및 유효성 미확립,azelastine hydrochloride,112501ATB,,,아주약품(주),이하 (2),알스틴정(아젤라스틴염산염)_(1mg/1정),654001310,6,세 (3)
20090300,2009-12-03,,,급여,,안전성 및 유효성 미확립,azelastine hydrochloride,112501ATB,,,오스틴제약(주),이하 (2),아제틴정(아젤라스틴염산염)_(1mg/1정),654301820,6,세 (3)
20090300,2009-12-03,,,급여,,안전성 및 유효성 미확립,azelastine hydrochloride,112501ATB,,,알리코제약(주),이하 (2),아젤란정(아젤라스틴염산염)_(1mg/1정),656000740,6,세 (3)
20090300,2009-12-03,,,급여,,안전성 및 유효성 미확립,azelastine hydrochloride,112501ATB,,,한국넬슨제약(주),이하 (2),젤라스정(아젤라스틴염산염)_(1mg/1정),656702240,6,세 (3)
20090300,2009-12-03,,,급여,,안전성 및 유효성 미확립,azelastine hydrochloride,112501ATB,,,(주)동구바이오제약,이하 (2),알제틴정(아젤라스틴염산염)_(1mg/1정),657302720,6,세 (3)
20090300,2009-12-03,,,급여,,안전성 및 유효성 미확립,azelastine hydrochloride,112501ATB,,,(유)한풍제약,이하 (2),아제나정(아젤라스틴염산염)_(1mg/1정),658107190,6,세 (3)
20090300,2009-12-03,,,급여,,안전성 및 유효성 미확립,azelastine hydrochloride,112501ATB,,,(주)비보존제약,이하 (2),아젤라진정(아젤라스틴염산염)_(1mg/1정),658202740,6,세 (3)
20090300,2009-12-03,,,급여,,안전성 및 유효성 미확립,azelastine hydrochloride,112501ATB,,,이연제약(주),이하 (2),알레라정(아젤라스틴염산염)_(1mg/1정),658603710,6,세 (3)
20090300,2009-12-03,,,급여,,안전성 및 유효성 미확립,azelastine hydrochloride,112501ATB,,,위더스제약(주),이하 (2),아스틴정(아젤라스틴염산염)_(1mg/1정),660700830,6,세 (3)
20090300,2009-12-03,,,급여,,안전성 및 유효성 미확립,azelastine hydrochloride,112501ATB,,,영풍제약(주),이하 (2),아제라스정(아젤라스틴염산염)_(1mg/1정),661904370,6,세 (3)
20090300,2009-12-03,,,급여,,안전성 및 유효성 미확립,azelastine hydrochloride,112501ATB,,,한국프라임제약(주),이하 (2),아틴정(아젤라스틴염산염)_(1mg/1정),663601280,6,세 (3)
20090300,2009-12-03,,,급여,,안전성 및 유효성 미확립,azelastine hydrochloride,112501ATB,,,성원애드콕제약(주),이하 (2),아젤라실정(아젤라스틴염산염)_(1mg/1정),664901290,6,세 (3)
20090300,2009-12-03,,,급여,,안전성 및 유효성 미확립,azelastine hydrochloride,112501ATB,,,(주)경보제약,이하 (2),아제라틴정(아젤라스틴염산염)_(1mg/1정),665001890,6,세 (3)
20090300,2009-12-03,,,급여,,안전성 및 유효성 미확립,azelastine hydrochloride,112501ATB,,,한국유니온제약(주),이하 (2),에젤란정(아젤라스틴염산염)_(1mg/1정),665502010,6,세 (3)
20090300,2009-12-03,,,급여,,안전성 및 유효성 미확립,azelastine hydrochloride,112501ATB,,,(주)씨티씨바이오,이하 (2),아제타정(아젤라스틴염산염)_(1mg/1정),669500380,6,세 (3)
20090300,2009-12-03,,,급여,,안전성 및 유효성 미확립,azelastine hydrochloride,112501ATB,,,구주제약(주),이하 (2),젤라스틴정(아젤라스틴염산염)_(1mg/1정),669802470,6,세 (3)
20090300,2009-12-03,,,급여,,안전성 및 유효성 미확립,azelastine hydrochloride,112501ATB,,,대한뉴팜(주),이하 (2),아젤라스정(아젤라스틴염산염)_(1mg/1정),669906050,6,세 (3)
20090300,2009-12-03,,,급여,,안전성 및 유효성 미확립,azelastine hydrochloride,112501ATB,,,주식회사제뉴원사이언스,이하 (2),케이스틴정(아젤라스틴염산염)_(1mg/1정),671701190,6,세 (3)
20090300,2009-12-03,,,급여,,안전성 및 유효성 미확립,azelastine hydrochloride,112501ATB,,,(주)시어스제약,이하 (2),아제쿨틴정(아젤라스틴염산염)_(1mg/1정),689000490,6,세 (3)
20090300,2009-12-03,,,급여,,안전성 및 유효성 미확립,azelastine hydrochloride,112501ATB,,,(주)한국글로벌제약,이하 (2),글로스틴정(아젤라스틴염산염)_(1mg/1정),693200750,6,세 (3)
20090300,2009-12-03,,,급여,,안전성 및 유효성 미확립,azelastine hydrochloride,112501ATB,,,(주)셀트리온제약,이하 (2),셀스틴정(아젤라스틴염산염)_(1mg/1정),693902360,6,세 (3)
20090300,2009-12-03,,,급여,,안전성 및 유효성 미확립,azelastine hydrochloride,112501ATB,,,대웅바이오(주),이하 (2),아제타민정(아젤라스틴염산염)_(1mg/1정),694003100,6,세 (3)
20090300,2009-12-03,,,급여,,안전성 및 유효성 미확립,azelastine hydrochloride,112501ATB,,,(주)테라젠이텍스,이하 (2),자스민정(아젤라스틴염산염)_(1mg/1정),698500310,6,세 (3)
20140179,2014-11-04,,,급여,,"안전성 및 유효성 미확립. 다른 퀴놀론계 항균제는 몇몇 어린 동물종에서 관절병증, 뼈연골증을 유발함",balofloxacin,428901ATB,,,제이더블유중외제약(주),미만 (1),큐록신정100밀리그램(발로플록사신)_(0.1g/1정),644903930,18,세 (3)
20130047,2013-02-25,,,급여,,안전성 및 유효성 미확립,benzonatate,115801ACS,,,동성제약(주),이하 (2),지콜연질캡슐(벤조나테이트)_(0.1g/1캡슐),643200970,10,세 (3)
20070030,2007-04-11,,,급여,,생명을 위협하는 경우를 제외하고는 3세 미만 소아에 사용하지 말 것,benztropine mesylate,116001ATB,,,명인제약(주),미만 (1),명인벤즈트로핀메실산염정1밀리그램_(1mg/1정),651900600,3,세 (3)
20070030,2007-04-11,,,급여,,생명을 위협하는 경우를 제외하고는 3세 미만 소아에 사용하지 말 것,benztropine mesylate,116001ATB,,,환인제약(주),미만 (1),환인벤즈트로핀정1밀리그램(벤즈트로핀메실산염)_(1mg/1정),657201020,3,세 (3)
20070030,2007-04-11,,,급여,,생명을 위협하는 경우를 제외하고는 3세 미만 소아에 사용하지 말 것,benztropine mesylate,116002ATB,,,명인제약(주),미만 (1),명인벤즈트로핀메실레이트정2밀리그람_(2mg/1정),651900610,3,세 (3)
20070030,2007-04-11,,,급여,,생명을 위협하는 경우를 제외하고는 3세 미만 소아에 사용하지 말 것,benztropine mesylate,116002ATB,,,환인제약(주),미만 (1),환인벤즈트로핀정(벤즈트로핀메실산염)_(2mg/1정),657201030,3,세 (3)
20110227,2011-11-24,,,급여,,,bicalutamide,117201ATB,,,(주)한독테바,미만 (1),테바비칼루타마이드정50밀리그램_(50mg/1정),626900610,18,세 (3)
20110227,2011-11-24,,,급여,,,bicalutamide,117201ATB,,,파마사이언스코리아(주),미만 (1),피엠에스비칼루타미드정50밀리그램(비칼루타미드(미분화))_(50mg/1정),627600250,18,세 (3)
20110227,2011-11-24,,,급여,,,bicalutamide,117201ATB,,,에이치케이이노엔(주),미만 (1),프로칼린정50밀리그램(비칼루타미드)_(50mg/1정),640003750,18,세 (3)
20110227,2011-11-24,,,급여,,,bicalutamide,117201ATB,,,광동제약(주),미만 (1),비카루드정(비칼루타미드)_(50mg/1정),641801720,18,세 (3)
20110227,2011-11-24,,,급여,,,bicalutamide,117201ATB,,,(주)종근당,미만 (1),칼루타미정50mg(비칼루타마이드)_(50mg/1정),643302750,18,세 (3)
20110227,2011-11-24,,,급여,,,bicalutamide,117201ATB,,,삼진제약(주),미만 (1),프로세이드정(비칼루타미드)_(50mg/1정),647802590,18,세 (3)
20110227,2011-11-24,,,급여,,,bicalutamide,117201ATB,,,신풍제약(주),미만 (1),카소비트정(비칼루타미드)_(50mg/1정),648503130,18,세 (3)
20110227,2011-11-24,,,급여,,,bicalutamide,117201ATB,,,한국아스트라제네카(주),미만 (1),카소덱스정(비칼루타마이드)_(50mg/1정),650700510,18,세 (3)
20110227,2011-11-24,,,급여,,,bicalutamide,117201ATB,,,알보젠코리아(주),미만 (1),프로카덱스정(비칼루타마이드)_(50mg/1정),652601490,18,세 (3)
20110227,2011-11-24,,,급여,,,bicalutamide,117201ATB,,,이연제약(주),미만 (1),비카소정(비칼루타미드)_(50mg/1정),658601260,18,세 (3)
20110227,2011-11-24,,,급여,,,bicalutamide,117201ATB,,,대원제약(주),미만 (1),카덱스정(비칼루타미드)_(50mg/1정),671806090,18,세 (3)
20110227,2011-11-24,,,급여,,,bicalutamide,117202ATB,,,(주)종근당,미만 (1),칼루타미정150mg(비칼루타마이드)_(0.15g/1정),643305110,18,세 (3)
20130047,2013-02-25,,,급여,,"안전성 및 유효성 미확립. 시판 후 조사에서 이 약을 투여 받은 영아에서 무호흡, 서맥, 혼수, 저혈압, 저체온, 근육긴장저하, 기면, 창백, 호흡억제, 졸음이 보고됨",brimonidine tartrate,118432COS,,,한국애브비(주),미만 (1),알파간피점안액0.15%(브리모니딘타르타르산염)_(7.5mg/5mL),624900511,2,세 (3)
20130047,2013-02-25,,,급여,,"안전성 및 유효성 미확립. 시판 후 조사에서 이 약을 투여 받은 영아에서 무호흡, 서맥, 혼수, 저혈압, 저체온, 근육긴장저하, 기면, 창백, 호흡억제, 졸음이 보고됨",brimonidine tartrate,118432COS,,,국제약품(주),미만 (1),알파몬피점안액0.15%(브리모니딘타르타르산염)_(7.5mg/5mL),643703571,2,세 (3)
20130047,2013-02-25,,,급여,,"안전성 및 유효성 미확립. 시판 후 조사에서 이 약을 투여 받은 영아에서 무호흡, 서맥, 혼수, 저혈압, 저체온, 근육긴장저하, 기면, 창백, 호흡억제, 졸음이 보고됨",brimonidine tartrate,118432COS,,,한림제약(주),미만 (1),브리딘티점안액0.15%(브리모니딘타르타르산염)_(7.5mg/5mL),645304221,2,세 (3)
20110110,2011-06-28,,,급여,,"안전성 및 유효성 미확립. 시판 후 조사에서 이 약을 투여 받은 영아에서 무호흡, 서맥, 혼수, 저혈압, 저체온, 근육긴장저하, 기면, 창백, 호흡억제, 졸음이 보고됨",brimonidine tartrate,118434COS,,,(주)종근당,미만 (1),알파벨라점안액(브리모니딘타르타르산염)(1회용)_(0.45mg/0.3mL),643308621,2,세 (3)
20110110,2011-06-28,,,급여,,"안전성 및 유효성 미확립. 시판 후 조사에서 이 약을 투여 받은 영아에서 무호흡, 서맥, 혼수, 저혈압, 저체온, 근육긴장저하, 기면, 창백, 호흡억제, 졸음이 보고됨",brimonidine tartrate,118434COS,,,한림제약(주),미만 (1),브리딘티점안액0.15%(브리모니딘타르타르산염)(1회용)_(0.45mg/0.3mL),645305951,2,세 (3)
20130047,2013-02-25,,,급여,,안전성 및 유효성 미확립,butorphanol tartrate,121130BIJ,,,명문제약(주),이하 (2),부토판주사1밀리그람/밀리리터(부토르파놀타르타르산염)_(1mg/1mL),649801911,18,세 (3)
20130047,2013-02-25,,,급여,,안전성 및 유효성 미확립,butorphanol tartrate,121131BIJ,,,명문제약(주),이하 (2),부토판주사2밀리그람/밀리리터(부토르파놀타르타르산염)_(2mg/1mL),649801921,18,세 (3)
20090300,2009-12-03,,,급여,,안전성 및 유효성 미확립,cetirizine dihydrochloride,130501ATB,,,(주)휴온스생명과학,미만 (1),알세진정10밀리그램(세티리진염산염)_(10mg/1정),52700530,6,세 (3)
20090300,2009-12-03,,,급여,,안전성 및 유효성 미확립,cetirizine dihydrochloride,130501ATB,,,일양약품(주),미만 (1),알레드정(세티리진염산염)_(10mg/1정),641701110,6,세 (3)
20090300,2009-12-03,,,급여,,안전성 및 유효성 미확립,cetirizine dihydrochloride,130501ATB,,,고려제약(주),미만 (1),알러텍정(세티리진염산염)_(10mg/1정),642800960,6,세 (3)
20090300,2009-12-03,,,급여,,안전성 및 유효성 미확립,cetirizine dihydrochloride,130501ATB,,,일동제약(주),미만 (1),세노바정(세티리진염산염)_(10mg/1정),642900710,6,세 (3)
20090300,2009-12-03,,,급여,,안전성 및 유효성 미확립,cetirizine dihydrochloride,130501ATB,,,조아제약(주),미만 (1),쥬르택정(세티리진염산염)_(10mg/1정),644602130,6,세 (3)
20090300,2009-12-03,,,급여,,안전성 및 유효성 미확립,cetirizine dihydrochloride,130501ATB,,,태극제약(주),미만 (1),알러비정(세티리진염산염)_(10mg/1정),644806190,6,세 (3)
20090300,2009-12-03,,,급여,,안전성 및 유효성 미확립,cetirizine dihydrochloride,130501ATB,,,(주)에이프로젠바이오로직스,미만 (1),알메텍정(세티리진염산염)_(10mg/1정),645202100,6,세 (3)
20090300,2009-12-03,,,급여,,안전성 및 유효성 미확립,cetirizine dihydrochloride,130501ATB,,,대화제약(주),미만 (1),"알티린정(세티리진염산염)(수출명:Vilex, Cetirin)_(10mg/1정)",645601400,6,세 (3)
20090300,2009-12-03,,,급여,,안전성 및 유효성 미확립,cetirizine dihydrochloride,130501ATB,,,(주)메디카코리아,미만 (1),아루텍정(세티리진염산염)_(10mg/1정),646001670,6,세 (3)
20090300,2009-12-03,,,급여,,안전성 및 유효성 미확립,cetirizine dihydrochloride,130501ATB,,,삼진제약(주),미만 (1),"세라진정(세티리진염산염)[수출명: Cera tablet, Allergen tablet, Unizef tablet, Highcera tablet]_(10mg/1정)",647801180,6,세 (3)
20090300,2009-12-03,,,급여,,안전성 및 유효성 미확립,cetirizine dihydrochloride,130501ATB,,,(주)씨엠지제약,미만 (1),쎄로테정(세티리진염산염)_(10mg/1정),648600900,6,세 (3)
20090300,2009-12-03,,,급여,,안전성 및 유효성 미확립,cetirizine dihydrochloride,130501ATB,,,한국휴텍스제약(주),미만 (1),세트린정(세티리진염산염)(수출명:ANTIRIZINtab)_(10mg/1정),649100430,6,세 (3)
20090300,2009-12-03,,,급여,,안전성 및 유효성 미확립,cetirizine dihydrochloride,130501ATB,,,지엘파마(주),미만 (1),지엘세티리진염산염정_(10mg/1정),649700750,6,세 (3)
20090300,2009-12-03,,,급여,,안전성 및 유효성 미확립,cetirizine dihydrochloride,130501ATB,,,(주)하원제약,미만 (1),하원세티리진정(세티리진염산염)_(10mg/1정),651501940,6,세 (3)
20090300,2009-12-03,,,급여,,안전성 및 유효성 미확립,cetirizine dihydrochloride,130501ATB,,,삼남제약(주),미만 (1),세티진정(세티리진염산염)_(10mg/1정),653700670,6,세 (3)
20090300,2009-12-03,,,급여,,안전성 및 유효성 미확립,cetirizine dihydrochloride,130501ATB,,,신일제약(주),미만 (1),신일세티리진정(세티리진염산염)(수출명:RAMILLAN Tab.)_(10mg/1정),653801190,6,세 (3)
20090300,2009-12-03,,,급여,,안전성 및 유효성 미확립,cetirizine dihydrochloride,130501ATB,,,한국유씨비제약(주),미만 (1),지르텍정(세티리진염산염)_(10mg/1정),654100110,6,세 (3)
20090300,2009-12-03,,,급여,,안전성 및 유효성 미확립,cetirizine dihydrochloride,130501ATB,,,오스틴제약(주),미만 (1),알지렉스정(세티리진염산염)_(10mg/1정),654301890,6,세 (3)
20090300,2009-12-03,,,급여,,안전성 및 유효성 미확립,cetirizine dihydrochloride,130501ATB,,,알리코제약(주),미만 (1),"코나진정(세티리진염산염)(수출명:알리코염산세티리진정,보파세티리진나정,자이조세트정)_(10mg/1정)",656001520,6,세 (3)
20090300,2009-12-03,,,급여,,안전성 및 유효성 미확립,cetirizine dihydrochloride,130501ATB,,,(주)바스칸바이오제약,미만 (1),쎄르텍정(세티리진염산염)_(10mg/1정),656202690,6,세 (3)
20090300,2009-12-03,,,급여,,안전성 및 유효성 미확립,cetirizine dihydrochloride,130501ATB,,,익수제약(주),미만 (1),알드라민정(세티리진염산염)_(10mg/1정),658501140,6,세 (3)
20090300,2009-12-03,,,급여,,안전성 및 유효성 미확립,cetirizine dihydrochloride,130501ATB,,,이연제약(주),미만 (1),알레리진정(세티리진염산염)_(10mg/1정),658600680,6,세 (3)
20090300,2009-12-03,,,급여,,안전성 및 유효성 미확립,cetirizine dihydrochloride,130501ATB,,,영풍제약(주),미만 (1),세리텍정(세티리진염산염)_(10mg/1정),661900620,6,세 (3)
20090300,2009-12-03,,,급여,,안전성 및 유효성 미확립,cetirizine dihydrochloride,130501ATB,,,하이플생명과학(주),미만 (1),러지텍정(세티리진염산염)_(10mg/1정),664100410,6,세 (3)
20090300,2009-12-03,,,급여,,안전성 및 유효성 미확립,cetirizine dihydrochloride,130501ATB,,,(주)아이월드제약,미만 (1),기스톱정(세티리진염산염)_(10mg/1정),669603620,6,세 (3)
20090300,2009-12-03,,,급여,,안전성 및 유효성 미확립,cetirizine dihydrochloride,130501ATB,,,대원제약(주),미만 (1),리진정(세티리진염산염)_(10mg/1정),671801520,6,세 (3)
20090300,2009-12-03,,,급여,,안전성 및 유효성 미확립,cetirizine dihydrochloride,130501ATB,,,(주)다산제약,미만 (1),세지날정(세티리진염산염)_(10mg/1정),678601040,6,세 (3)
20090300,2009-12-03,,,급여,,추체외로증상 특히 운동장애가 나타나기 쉬움,chlorpromazine hydrochloride,131901ATB,,,명인제약(주),미만 (1),명인클로르프로마진염산염정100밀리그램(수출명:클로진정100mg)_(0.1g/1정),651900760,1,세 (3)
20090300,2009-12-03,,,급여,,추체외로증상 특히 운동장애가 나타나기 쉬움,chlorpromazine hydrochloride,131901ATB,,,환인제약(주),미만 (1),네오마찐정100밀리그램(클로르프로마진염산염)_(0.1g/1정),657200020,1,세 (3)
20090300,2009-12-03,,,급여,,추체외로증상 특히 운동장애가 나타나기 쉬움,chlorpromazine hydrochloride,131905ATB,,,명인제약(주),미만 (1),명인클로르프로마진염산염정200mg_(0.2g/1정),651900770,1,세 (3)
20090300,2009-12-03,,,급여,,추체외로증상 특히 운동장애가 나타나기 쉬움,chlorpromazine hydrochloride,131908ATB,,,명인제약(주),미만 (1),명인클로르프로마진염산염정50mg(수출명:클로진정50mg)_(50mg/1정),651900780,1,세 (3)
20090300,2009-12-03,,,급여,,"안전성 및 유효성 미확립. 퀴놀론계 항균제는 몇몇 어린 동물종에서 특히 체중부하부위의 관절병증, 뼈연골증을 유발함",ciprofloxacin,134133BIJ,,,에이치케이이노엔(주),미만 (1),사이톱신주(시프로플록사신)_(0.1g/50mL),640000691,18,세 (3)
20090300,2009-12-03,,,급여,,"안전성 및 유효성 미확립. 퀴놀론계 항균제는 몇몇 어린 동물종에서 특히 체중부하부위의 관절병증, 뼈연골증을 유발함",ciprofloxacin,134133BIJ,,,제이더블유생명과학(주),미만 (1),제이더블유생명시프로플록사신주_(0.1g/50mL/병),678901294,18,세 (3)
20090300,2009-12-03,,,급여,,"안전성 및 유효성 미확립. 퀴놀론계 항균제는 몇몇 어린 동물종에서 특히 체중부하부위의 관절병증, 뼈연골증을 유발함",ciprofloxacin,134134BIJ,,,(주)오스코리아제약,미만 (1),시프록스주(시프로플록사신)_(0.2g/100mL),629700041,18,세 (3)
20090300,2009-12-03,,,급여,,"안전성 및 유효성 미확립. 퀴놀론계 항균제는 몇몇 어린 동물종에서 특히 체중부하부위의 관절병증, 뼈연골증을 유발함",ciprofloxacin,134134BIJ,,,에이치케이이노엔(주),미만 (1),사이톱신주(시프로플록사신)_(0.2g/100mL),640000671,18,세 (3)
20090300,2009-12-03,,,급여,,"안전성 및 유효성 미확립. 퀴놀론계 항균제는 몇몇 어린 동물종에서 특히 체중부하부위의 관절병증, 뼈연골증을 유발함",ciprofloxacin,134134BIJ,,,바이엘코리아(주),미만 (1),씨프로바이주사(시프로플록사신)_(0.2g/100mL),641100141,18,세 (3)
20090300,2009-12-03,,,급여,,"안전성 및 유효성 미확립. 퀴놀론계 항균제는 몇몇 어린 동물종에서 특히 체중부하부위의 관절병증, 뼈연골증을 유발함",ciprofloxacin,134134BIJ,,,(주)대웅제약,미만 (1),씨프러스주(시프로플록사신)_(0.2g/100mL/팩),641601773,18,세 (3)
20090300,2009-12-03,,,급여,,"안전성 및 유효성 미확립. 퀴놀론계 항균제는 몇몇 어린 동물종에서 특히 체중부하부위의 관절병증, 뼈연골증을 유발함",ciprofloxacin,134134BIJ,,,일동제약(주),미만 (1),싸이신주사200밀리그램(시프로플록사신)_(0.2g/100mL/팩),642903412,18,세 (3)
20090300,2009-12-03,,,급여,,"안전성 및 유효성 미확립. 퀴놀론계 항균제는 몇몇 어린 동물종에서 특히 체중부하부위의 관절병증, 뼈연골증을 유발함",ciprofloxacin,134134BIJ,,,한국유나이티드제약(주),미만 (1),"씨록주사2mg/ml(시프로플록사신)(수출명:CyrocinInj.2mg/ml,CipicinInj.2mg/ml)_(0.2g/100mL)",644302011,18,세 (3)
20090300,2009-12-03,,,급여,,"안전성 및 유효성 미확립. 퀴놀론계 항균제는 몇몇 어린 동물종에서 특히 체중부하부위의 관절병증, 뼈연골증을 유발함",ciprofloxacin,134134BIJ,,,대한약품공업(주),미만 (1),대한시프로플록사신주_(0.2g/100mL),645100711,18,세 (3)
20090300,2009-12-03,,,급여,,"안전성 및 유효성 미확립. 퀴놀론계 항균제는 몇몇 어린 동물종에서 특히 체중부하부위의 관절병증, 뼈연골증을 유발함",ciprofloxacin,134134BIJ,,,한국코러스(주),미만 (1),케이프로주(시프로플록사신)_(0.2g/100mL),647204741,18,세 (3)
20090300,2009-12-03,,,급여,,"안전성 및 유효성 미확립. 퀴놀론계 항균제는 몇몇 어린 동물종에서 특히 체중부하부위의 관절병증, 뼈연골증을 유발함",ciprofloxacin,134134BIJ,,,신풍제약(주),미만 (1),큐프론주(백)(시프로플록사신)_(0.2g/100mL),648503281,18,세 (3)
20090300,2009-12-03,,,급여,,"안전성 및 유효성 미확립. 퀴놀론계 항균제는 몇몇 어린 동물종에서 특히 체중부하부위의 관절병증, 뼈연골증을 유발함",ciprofloxacin,134134BIJ,,,명문제약(주),미만 (1),명문시프로플록사신주사_(0.2g/100mL/병),649803871,18,세 (3)
20090300,2009-12-03,,,급여,,"안전성 및 유효성 미확립. 퀴놀론계 항균제는 몇몇 어린 동물종에서 특히 체중부하부위의 관절병증, 뼈연골증을 유발함",ciprofloxacin,134134BIJ,,,명문제약(주),미만 (1),명문시프로플록사신주사_(0.2g/100mL/백),649804301,18,세 (3)
20090300,2009-12-03,,,급여,,"안전성 및 유효성 미확립. 퀴놀론계 항균제는 몇몇 어린 동물종에서 특히 체중부하부위의 관절병증, 뼈연골증을 유발함",ciprofloxacin,134134BIJ,,,(주)하원제약,미만 (1),시프록사신주(시프로플록사신)_(0.2g/100mL),651500831,18,세 (3)
20090300,2009-12-03,,,급여,,"안전성 및 유효성 미확립. 퀴놀론계 항균제는 몇몇 어린 동물종에서 특히 체중부하부위의 관절병증, 뼈연골증을 유발함",ciprofloxacin,134134BIJ,,,(주)한국파마,미만 (1),"로푸신주(시프로플록사신)(수출명:시프로플록스주,파마시프로플록사신주)_(0.2g/100mL/병)",653000551,18,세 (3)
20090300,2009-12-03,,,급여,,"안전성 및 유효성 미확립. 퀴놀론계 항균제는 몇몇 어린 동물종에서 특히 체중부하부위의 관절병증, 뼈연골증을 유발함",ciprofloxacin,134134BIJ,,,(주)한국파마,미만 (1),"로푸신주(시프로플록사신)(수출명:시프로플록스주,파마시프로플록사신주)_(0.2g/100mL/백)",653004591,18,세 (3)
20090300,2009-12-03,,,급여,,"안전성 및 유효성 미확립. 퀴놀론계 항균제는 몇몇 어린 동물종에서 특히 체중부하부위의 관절병증, 뼈연골증을 유발함",ciprofloxacin,134134BIJ,,,아주약품(주),미만 (1),아주시프로플록사신주200밀리그램_(0.2g/100mL),654001071,18,세 (3)
20090300,2009-12-03,,,급여,,"안전성 및 유효성 미확립. 퀴놀론계 항균제는 몇몇 어린 동물종에서 특히 체중부하부위의 관절병증, 뼈연골증을 유발함",ciprofloxacin,134134BIJ,,,이연제약(주),미만 (1),이연시플록사신주(시프로플록사신)_(0.2g/100mL),658603941,18,세 (3)
20090300,2009-12-03,,,급여,,"안전성 및 유효성 미확립. 퀴놀론계 항균제는 몇몇 어린 동물종에서 특히 체중부하부위의 관절병증, 뼈연골증을 유발함",ciprofloxacin,134134BIJ,,,(주)넥스팜코리아,미만 (1),씨프록주(시프로플록사신)_(0.2g/100mL),662504072,18,세 (3)
20090300,2009-12-03,,,급여,,"안전성 및 유효성 미확립. 퀴놀론계 항균제는 몇몇 어린 동물종에서 특히 체중부하부위의 관절병증, 뼈연골증을 유발함",ciprofloxacin,134134BIJ,,,한국프라임제약(주),미만 (1),아시렌주2밀리그램(시프로플록사신)_(0.2g/100mL),663601231,18,세 (3)
20090300,2009-12-03,,,급여,,"안전성 및 유효성 미확립. 퀴놀론계 항균제는 몇몇 어린 동물종에서 특히 체중부하부위의 관절병증, 뼈연골증을 유발함",ciprofloxacin,134134BIJ,,,한국유니온제약(주),미만 (1),유니시프로사신주사(시프로플록사신)_(0.2g/100mL),665502381,18,세 (3)
20090300,2009-12-03,,,급여,,"안전성 및 유효성 미확립. 퀴놀론계 항균제는 몇몇 어린 동물종에서 특히 체중부하부위의 관절병증, 뼈연골증을 유발함",ciprofloxacin,134134BIJ,,,(주)팜젠사이언스,미만 (1),팜젠시프로플록사신주_(0.2g/100mL),670104241,18,세 (3)
20090300,2009-12-03,,,급여,,"안전성 및 유효성 미확립. 퀴놀론계 항균제는 몇몇 어린 동물종에서 특히 체중부하부위의 관절병증, 뼈연골증을 유발함",ciprofloxacin,134134BIJ,,,제이더블유생명과학(주),미만 (1),제이더블유생명시프로플록사신주_(0.2g/100mL/병),678901295,18,세 (3)
20090300,2009-12-03,,,급여,,"안전성 및 유효성 미확립. 퀴놀론계 항균제는 몇몇 어린 동물종에서 특히 체중부하부위의 관절병증, 뼈연골증을 유발함",ciprofloxacin,134134BIJ,,,대웅바이오(주),미만 (1),베아신주(시프로플록사신)_(0.2g/100mL),694003581,18,세 (3)
20090300,2009-12-03,,,급여,,"안전성 및 유효성 미확립. 퀴놀론계 항균제는 몇몇 어린 동물종에서 특히 체중부하부위의 관절병증, 뼈연골증을 유발함",ciprofloxacin,134135BIJ,,,(주)오스코리아제약,미만 (1),시프록스주(시프로플록사신)_(0.4g/200mL),629700781,18,세 (3)
20090300,2009-12-03,,,급여,,"안전성 및 유효성 미확립. 퀴놀론계 항균제는 몇몇 어린 동물종에서 특히 체중부하부위의 관절병증, 뼈연골증을 유발함",ciprofloxacin,134135BIJ,,,에이치케이이노엔(주),미만 (1),사이톱신주(시프로플록사신)_(0.4g/200mL),640000681,18,세 (3)
20090300,2009-12-03,,,급여,,"안전성 및 유효성 미확립. 퀴놀론계 항균제는 몇몇 어린 동물종에서 특히 체중부하부위의 관절병증, 뼈연골증을 유발함",ciprofloxacin,134135BIJ,,,바이엘코리아(주),미만 (1),씨프로바이주사(시프로플록사신)_(0.4g/200mL),641100151,18,세 (3)
20090300,2009-12-03,,,급여,,"안전성 및 유효성 미확립. 퀴놀론계 항균제는 몇몇 어린 동물종에서 특히 체중부하부위의 관절병증, 뼈연골증을 유발함",ciprofloxacin,134135BIJ,,,(주)대웅제약,미만 (1),씨프러스주(시프로플록사신)_(0.4g/200mL/백),641601783,18,세 (3)
20090300,2009-12-03,,,급여,,"안전성 및 유효성 미확립. 퀴놀론계 항균제는 몇몇 어린 동물종에서 특히 체중부하부위의 관절병증, 뼈연골증을 유발함",ciprofloxacin,134135BIJ,,,일동제약(주),미만 (1),싸이신주사400밀리그램(시프로플록사신)_(0.4g/200mL/팩),642900942,18,세 (3)
20090300,2009-12-03,,,급여,,"안전성 및 유효성 미확립. 퀴놀론계 항균제는 몇몇 어린 동물종에서 특히 체중부하부위의 관절병증, 뼈연골증을 유발함",ciprofloxacin,134135BIJ,,,대한약품공업(주),미만 (1),대한시프로플록사신주_(0.4g/200mL),645103801,18,세 (3)
20090300,2009-12-03,,,급여,,"안전성 및 유효성 미확립. 퀴놀론계 항균제는 몇몇 어린 동물종에서 특히 체중부하부위의 관절병증, 뼈연골증을 유발함",ciprofloxacin,134135BIJ,,,신풍제약(주),미만 (1),큐프론주(백)(시프로플록사신)_(0.4g/200mL),648503291,18,세 (3)
20090300,2009-12-03,,,급여,,"안전성 및 유효성 미확립. 퀴놀론계 항균제는 몇몇 어린 동물종에서 특히 체중부하부위의 관절병증, 뼈연골증을 유발함",ciprofloxacin,134135BIJ,,,명문제약(주),미만 (1),명문시프로플록사신주사_(0.4g/200mL),649807151,18,세 (3)
20090300,2009-12-03,,,급여,,"안전성 및 유효성 미확립. 퀴놀론계 항균제는 몇몇 어린 동물종에서 특히 체중부하부위의 관절병증, 뼈연골증을 유발함",ciprofloxacin,134135BIJ,,,(주)한국파마,미만 (1),"로푸신주(시프로플록사신)(수출명:시프로플록스주,파마시프로플록사신주)_(0.4g/200mL/백)",653005141,18,세 (3)
20090300,2009-12-03,,,급여,,"안전성 및 유효성 미확립. 퀴놀론계 항균제는 몇몇 어린 동물종에서 특히 체중부하부위의 관절병증, 뼈연골증을 유발함",ciprofloxacin,134135BIJ,,,이연제약(주),미만 (1),이연시플록사신주(시프로플록사신)_(0.4g/200mL),658603942,18,세 (3)
20090300,2009-12-03,,,급여,,"안전성 및 유효성 미확립. 퀴놀론계 항균제는 몇몇 어린 동물종에서 특히 체중부하부위의 관절병증, 뼈연골증을 유발함",ciprofloxacin,134135BIJ,,,(주)넥스팜코리아,미만 (1),씨프록주(시프로플록사신)_(0.4g/200mL),662504073,18,세 (3)
20090300,2009-12-03,,,급여,,"안전성 및 유효성 미확립. 퀴놀론계 항균제는 몇몇 어린 동물종에서 특히 체중부하부위의 관절병증, 뼈연골증을 유발함",ciprofloxacin,134135BIJ,,,한국유니온제약(주),미만 (1),유니시프로사신주사(시프로플록사신)_(0.4g/200mL),665506771,18,세 (3)
20090300,2009-12-03,,,급여,,"안전성 및 유효성 미확립. 퀴놀론계 항균제는 몇몇 어린 동물종에서 특히 체중부하부위의 관절병증, 뼈연골증을 유발함",ciprofloxacin,134135BIJ,,,제이더블유생명과학(주),미만 (1),제이더블유생명시프로플록사신주_(0.4g/200mL),678901296,18,세 (3)
20090300,2009-12-03,,,급여,,"안전성 및 유효성 미확립. 퀴놀론계 항균제는 몇몇 어린 동물종에서 특히 체중부하부위의 관절병증, 뼈연골증을 유발함",ciprofloxacin,134135BIJ,,,대웅바이오(주),미만 (1),베아신주(시프로플록사신)_(0.4g/200mL),694003582,18,세 (3)
20090300,2009-12-03,,,급여,,"안전성 및 유효성 미확립. 퀴놀론계 항균제는 몇몇 어린 동물종에서 특히 체중부하부위의 관절병증, 뼈연골증을 유발함",ciprofloxacin hydrochloride (as ciprofloxacin),134103ATB,,,(주)중헌제약,미만 (1),씨플록스정(시프로플록사신염산염수화물)_(0.291g/1정),53300890,18,세 (3)
20090300,2009-12-03,,,급여,,"안전성 및 유효성 미확립. 퀴놀론계 항균제는 몇몇 어린 동물종에서 특히 체중부하부위의 관절병증, 뼈연골증을 유발함",ciprofloxacin hydrochloride (as ciprofloxacin),134103ATB,,,주식회사 더유제약,미만 (1),씨큐로바이정(시프로플록사신염산염수화물)_(0.291g/1정),57000410,18,세 (3)
20090300,2009-12-03,,,급여,,"안전성 및 유효성 미확립. 퀴놀론계 항균제는 몇몇 어린 동물종에서 특히 체중부하부위의 관절병증, 뼈연골증을 유발함",ciprofloxacin hydrochloride (as ciprofloxacin),134103ATB,,,주식회사케이에스제약,미만 (1),시프로사정(시프로플록사신염산염수화물)_(0.291g/1정),59000710,18,세 (3)
20090300,2009-12-03,,,급여,,"안전성 및 유효성 미확립. 퀴놀론계 항균제는 몇몇 어린 동물종에서 특히 체중부하부위의 관절병증, 뼈연골증을 유발함",ciprofloxacin hydrochloride (as ciprofloxacin),134103ATB,,,(주)엘앤씨바이오,미만 (1),메가시플록정(시프로플록사신염산염수화물)_(0.291g/1정),60500050,18,세 (3)
20090300,2009-12-03,,,급여,,"안전성 및 유효성 미확립. 퀴놀론계 항균제는 몇몇 어린 동물종에서 특히 체중부하부위의 관절병증, 뼈연골증을 유발함",ciprofloxacin hydrochloride (as ciprofloxacin),134103ATB,,,(주)이든파마,미만 (1),씨플록정250mg(시프로플록사신염산염수화물)_(0.291g/1정),628900970,18,세 (3)
20090300,2009-12-03,,,급여,,"안전성 및 유효성 미확립. 퀴놀론계 항균제는 몇몇 어린 동물종에서 특히 체중부하부위의 관절병증, 뼈연골증을 유발함",ciprofloxacin hydrochloride (as ciprofloxacin),134103ATB,,,(주)오스코리아제약,미만 (1),시프록스정(시프로플록사신염산염)_(0.291g/1정),629700820,18,세 (3)
20090300,2009-12-03,,,급여,,"안전성 및 유효성 미확립. 퀴놀론계 항균제는 몇몇 어린 동물종에서 특히 체중부하부위의 관절병증, 뼈연골증을 유발함",ciprofloxacin hydrochloride (as ciprofloxacin),134103ATB,,,에이치케이이노엔(주),미만 (1),사이톱신정(시프로플록사신염산염)_(0.2915g/1정),640000660,18,세 (3)
20090300,2009-12-03,,,급여,,"안전성 및 유효성 미확립. 퀴놀론계 항균제는 몇몇 어린 동물종에서 특히 체중부하부위의 관절병증, 뼈연골증을 유발함",ciprofloxacin hydrochloride (as ciprofloxacin),134103ATB,,,(주)일화,미만 (1),씨록사신정(시프로플록사신염산염)_(0.291g/1정),640903210,18,세 (3)
20090300,2009-12-03,,,급여,,"안전성 및 유효성 미확립. 퀴놀론계 항균제는 몇몇 어린 동물종에서 특히 체중부하부위의 관절병증, 뼈연골증을 유발함",ciprofloxacin hydrochloride (as ciprofloxacin),134103ATB,,,바이엘코리아(주),미만 (1),씨프로바이정250밀리그램(시프로플록사신염산염수화물)_(0.291g/1정),641106100,18,세 (3)
20090300,2009-12-03,,,급여,,"안전성 및 유효성 미확립. 퀴놀론계 항균제는 몇몇 어린 동물종에서 특히 체중부하부위의 관절병증, 뼈연골증을 유발함",ciprofloxacin hydrochloride (as ciprofloxacin),134103ATB,,,(주)대웅제약,미만 (1),씨프러스정250밀리그람(염산시프로플록사신)_(0.291g/1정),641601750,18,세 (3)
20090300,2009-12-03,,,급여,,"안전성 및 유효성 미확립. 퀴놀론계 항균제는 몇몇 어린 동물종에서 특히 체중부하부위의 관절병증, 뼈연골증을 유발함",ciprofloxacin hydrochloride (as ciprofloxacin),134103ATB,,,삼성제약(주),미만 (1),삼성시플로프록사신정(시프로플록사신염산염수화물)_(0.291g/1정),642301630,18,세 (3)
20090300,2009-12-03,,,급여,,"안전성 및 유효성 미확립. 퀴놀론계 항균제는 몇몇 어린 동물종에서 특히 체중부하부위의 관절병증, 뼈연골증을 유발함",ciprofloxacin hydrochloride (as ciprofloxacin),134103ATB,,,동화약품(주),미만 (1),시폭사신정250밀리그람(시프로플록사신염산염수화물)_(0.291g/1정),642702110,18,세 (3)
20090300,2009-12-03,,,급여,,"안전성 및 유효성 미확립. 퀴놀론계 항균제는 몇몇 어린 동물종에서 특히 체중부하부위의 관절병증, 뼈연골증을 유발함",ciprofloxacin hydrochloride (as ciprofloxacin),134103ATB,,,일동제약(주),미만 (1),싸이신정250밀리그램(시프로플록사신염산염)_(0.291g/1정),642900900,18,세 (3)
20090300,2009-12-03,,,급여,,"안전성 및 유효성 미확립. 퀴놀론계 항균제는 몇몇 어린 동물종에서 특히 체중부하부위의 관절병증, 뼈연골증을 유발함",ciprofloxacin hydrochloride (as ciprofloxacin),134103ATB,,,(주)바이넥스,미만 (1),로프신정250mg(시프로플록사신염산염수화물)_(0.291g/1정),643100260,18,세 (3)
20090300,2009-12-03,,,급여,,"안전성 및 유효성 미확립. 퀴놀론계 항균제는 몇몇 어린 동물종에서 특히 체중부하부위의 관절병증, 뼈연골증을 유발함",ciprofloxacin hydrochloride (as ciprofloxacin),134103ATB,,,동성제약(주),미만 (1),싸이프로정(시프로플록사신염산염)_(0.291g/1정),643200590,18,세 (3)
20090300,2009-12-03,,,급여,,"안전성 및 유효성 미확립. 퀴놀론계 항균제는 몇몇 어린 동물종에서 특히 체중부하부위의 관절병증, 뼈연골증을 유발함",ciprofloxacin hydrochloride (as ciprofloxacin),134103ATB,,,국제약품(주),미만 (1),키포신정(시프로플록사신염산염수화물)_(0.291g/1정),643702190,18,세 (3)
20090300,2009-12-03,,,급여,,"안전성 및 유효성 미확립. 퀴놀론계 항균제는 몇몇 어린 동물종에서 특히 체중부하부위의 관절병증, 뼈연골증을 유발함",ciprofloxacin hydrochloride (as ciprofloxacin),134103ATB,,,한국유나이티드제약(주),미만 (1),씨록정(시프로플록사신염산염수화물)_(0.291g/1정),644301980,18,세 (3)
20090300,2009-12-03,,,급여,,"안전성 및 유효성 미확립. 퀴놀론계 항균제는 몇몇 어린 동물종에서 특히 체중부하부위의 관절병증, 뼈연골증을 유발함",ciprofloxacin hydrochloride (as ciprofloxacin),134103ATB,,,에스케이케미칼(주),미만 (1),시로판정(시프로플록사신염산염수화물)_(0.2915g/1정),644700940,18,세 (3)
20090300,2009-12-03,,,급여,,"안전성 및 유효성 미확립. 퀴놀론계 항균제는 몇몇 어린 동물종에서 특히 체중부하부위의 관절병증, 뼈연골증을 유발함",ciprofloxacin hydrochloride (as ciprofloxacin),134103ATB,,,태극제약(주),미만 (1),태극염산시프로플록사신정(수출명 : STACIPRO TABLET)_(0.25g/1정),644802330,18,세 (3)
20090300,2009-12-03,,,급여,,"안전성 및 유효성 미확립. 퀴놀론계 항균제는 몇몇 어린 동물종에서 특히 체중부하부위의 관절병증, 뼈연골증을 유발함",ciprofloxacin hydrochloride (as ciprofloxacin),134103ATB,,,(주)에이프로젠바이오로직스,미만 (1),씨플로정(시프로플록사신염산염)_(0.291g/1정),645209690,18,세 (3)
20090300,2009-12-03,,,급여,,"안전성 및 유효성 미확립. 퀴놀론계 항균제는 몇몇 어린 동물종에서 특히 체중부하부위의 관절병증, 뼈연골증을 유발함",ciprofloxacin hydrochloride (as ciprofloxacin),134103ATB,,,대화제약(주),미만 (1),프록스코정(시프로플록사신염산염)_(0.291g/1정),645602070,18,세 (3)
20090300,2009-12-03,,,급여,,"안전성 및 유효성 미확립. 퀴놀론계 항균제는 몇몇 어린 동물종에서 특히 체중부하부위의 관절병증, 뼈연골증을 유발함",ciprofloxacin hydrochloride (as ciprofloxacin),134103ATB,,,(주)뉴젠팜,미만 (1),싸이플록신정250밀리그램(시프로플록사신염산염수화물)_(0.291g/1정),646201140,18,세 (3)
20090300,2009-12-03,,,급여,,"안전성 및 유효성 미확립. 퀴놀론계 항균제는 몇몇 어린 동물종에서 특히 체중부하부위의 관절병증, 뼈연골증을 유발함",ciprofloxacin hydrochloride (as ciprofloxacin),134103ATB,,,한국코러스(주),미만 (1),코러스시프로플록사신정(수출명 : TROXACINE TAB)_(0.25g/1정),647200950,18,세 (3)
20090300,2009-12-03,,,급여,,"안전성 및 유효성 미확립. 퀴놀론계 항균제는 몇몇 어린 동물종에서 특히 체중부하부위의 관절병증, 뼈연골증을 유발함",ciprofloxacin hydrochloride (as ciprofloxacin),134103ATB,,,삼진제약(주),미만 (1),키노스정250밀리그램(시프로플록사신염산염수화물)_(0.291g/1정),647803930,18,세 (3)
20090300,2009-12-03,,,급여,,"안전성 및 유효성 미확립. 퀴놀론계 항균제는 몇몇 어린 동물종에서 특히 체중부하부위의 관절병증, 뼈연골증을 유발함",ciprofloxacin hydrochloride (as ciprofloxacin),134103ATB,,,신풍제약(주),미만 (1),큐프론정(시프로플록사신염산염수화물)_(0.291g/1정),648503260,18,세 (3)
20090300,2009-12-03,,,급여,,"안전성 및 유효성 미확립. 퀴놀론계 항균제는 몇몇 어린 동물종에서 특히 체중부하부위의 관절병증, 뼈연골증을 유발함",ciprofloxacin hydrochloride (as ciprofloxacin),134103ATB,,,(주)씨엠지제약,미만 (1),프로딘정250mg(시프로플록사신염산염수화물)_(0.291g/1정),648601820,18,세 (3)
20090300,2009-12-03,,,급여,,"안전성 및 유효성 미확립. 퀴놀론계 항균제는 몇몇 어린 동물종에서 특히 체중부하부위의 관절병증, 뼈연골증을 유발함",ciprofloxacin hydrochloride (as ciprofloxacin),134103ATB,,,한국휴텍스제약(주),미만 (1),싸이프로신정250mg(시프로플록사신염산염수화물)_(0.291g/1정),649102400,18,세 (3)
20090300,2009-12-03,,,급여,,"안전성 및 유효성 미확립. 퀴놀론계 항균제는 몇몇 어린 동물종에서 특히 체중부하부위의 관절병증, 뼈연골증을 유발함",ciprofloxacin hydrochloride (as ciprofloxacin),134103ATB,,,유니메드제약(주),미만 (1),"참염산시프로플록사신정_(시프로플록사신염산염수화물, 0.291g/1정)",649503750,18,세 (3)
20090300,2009-12-03,,,급여,,"안전성 및 유효성 미확립. 퀴놀론계 항균제는 몇몇 어린 동물종에서 특히 체중부하부위의 관절병증, 뼈연골증을 유발함",ciprofloxacin hydrochloride (as ciprofloxacin),134103ATB,,,진양제약(주),미만 (1),씨록신정250밀리그램(시프로플록사신염산염수화물)_(0.291g/1정),650300880,18,세 (3)
20090300,2009-12-03,,,급여,,"안전성 및 유효성 미확립. 퀴놀론계 항균제는 몇몇 어린 동물종에서 특히 체중부하부위의 관절병증, 뼈연골증을 유발함",ciprofloxacin hydrochloride (as ciprofloxacin),134103ATB,,,삼천당제약(주),미만 (1),씨에프정250mg(시프로플록사신염산염)_(0.291g/1정),651201180,18,세 (3)
20090300,2009-12-03,,,급여,,"안전성 및 유효성 미확립. 퀴놀론계 항균제는 몇몇 어린 동물종에서 특히 체중부하부위의 관절병증, 뼈연골증을 유발함",ciprofloxacin hydrochloride (as ciprofloxacin),134103ATB,,,(주)하원제약,미만 (1),싸이로칸정250밀리그램(시프로플록사신염산염수화물)_(0.291g/1정),651500850,18,세 (3)
20090300,2009-12-03,,,급여,,"안전성 및 유효성 미확립. 퀴놀론계 항균제는 몇몇 어린 동물종에서 특히 체중부하부위의 관절병증, 뼈연골증을 유발함",ciprofloxacin hydrochloride (as ciprofloxacin),134103ATB,,,알보젠코리아(주),미만 (1),케이사신정250밀리그람(시프로플록사신염산염수화물)_(0.291g/1정),652601290,18,세 (3)
20090300,2009-12-03,,,급여,,"안전성 및 유효성 미확립. 퀴놀론계 항균제는 몇몇 어린 동물종에서 특히 체중부하부위의 관절병증, 뼈연골증을 유발함",ciprofloxacin hydrochloride (as ciprofloxacin),134103ATB,,,(주)한국파마,미만 (1),파마시프로플록사신정(시프로플록사신염산염수화물)(수출명1:시프로메드250mg)(수출명2:프록시프로정250mg)(수출명3:시프로플록스정250mg)(수출명4:시플록신정250mg)_(0.291g/1정),653003190,18,세 (3)
20090300,2009-12-03,,,급여,,"안전성 및 유효성 미확립. 퀴놀론계 항균제는 몇몇 어린 동물종에서 특히 체중부하부위의 관절병증, 뼈연골증을 유발함",ciprofloxacin hydrochloride (as ciprofloxacin),134103ATB,,,동국제약(주),미만 (1),시프라신정250밀리그램(시프로플록사신염산염수화물)_(0.291g/1정),653405430,18,세 (3)
20090300,2009-12-03,,,급여,,"안전성 및 유효성 미확립. 퀴놀론계 항균제는 몇몇 어린 동물종에서 특히 체중부하부위의 관절병증, 뼈연골증을 유발함",ciprofloxacin hydrochloride (as ciprofloxacin),134103ATB,,,신일제약(주),미만 (1),신일시프로플록사신염산염수화물정_(0.291g/1정),653801430,18,세 (3)
20090300,2009-12-03,,,급여,,"안전성 및 유효성 미확립. 퀴놀론계 항균제는 몇몇 어린 동물종에서 특히 체중부하부위의 관절병증, 뼈연골증을 유발함",ciprofloxacin hydrochloride (as ciprofloxacin),134103ATB,,,오스틴제약(주),미만 (1),메가록신정250밀리그램(시프로플록사신염산염수화물)_(0.291g/1정),654300960,18,세 (3)
20090300,2009-12-03,,,급여,,"안전성 및 유효성 미확립. 퀴놀론계 항균제는 몇몇 어린 동물종에서 특히 체중부하부위의 관절병증, 뼈연골증을 유발함",ciprofloxacin hydrochloride (as ciprofloxacin),134103ATB,,,케이엠에스제약(주),미만 (1),싸이스펙정250밀리그람(시프로플록사신염산염)_(0.291g/1정),654700380,18,세 (3)
20090300,2009-12-03,,,급여,,"안전성 및 유효성 미확립. 퀴놀론계 항균제는 몇몇 어린 동물종에서 특히 체중부하부위의 관절병증, 뼈연골증을 유발함",ciprofloxacin hydrochloride (as ciprofloxacin),134103ATB,,,알리코제약(주),미만 (1),알리코염산시프로플록사신정250밀리그람_(0.291g/1정),656001060,18,세 (3)
20090300,2009-12-03,,,급여,,"안전성 및 유효성 미확립. 퀴놀론계 항균제는 몇몇 어린 동물종에서 특히 체중부하부위의 관절병증, 뼈연골증을 유발함",ciprofloxacin hydrochloride (as ciprofloxacin),134103ATB,,,한국넬슨제약(주),미만 (1),씨프록탄정250밀리그램(시프로플록사신염산염수화물)_(0.291g/1정),656700970,18,세 (3)
20090300,2009-12-03,,,급여,,"안전성 및 유효성 미확립. 퀴놀론계 항균제는 몇몇 어린 동물종에서 특히 체중부하부위의 관절병증, 뼈연골증을 유발함",ciprofloxacin hydrochloride (as ciprofloxacin),134103ATB,,,(주)동구바이오제약,미만 (1),시프록신정(시프로플록사신염산염수화물)_(0.291g/1정),657306750,18,세 (3)
20090300,2009-12-03,,,급여,,"안전성 및 유효성 미확립. 퀴놀론계 항균제는 몇몇 어린 동물종에서 특히 체중부하부위의 관절병증, 뼈연골증을 유발함",ciprofloxacin hydrochloride (as ciprofloxacin),134103ATB,,,미래바이오제약(주),미만 (1),미래시프로플록사신정_(0.25g/1정),657500460,18,세 (3)
20090300,2009-12-03,,,급여,,"안전성 및 유효성 미확립. 퀴놀론계 항균제는 몇몇 어린 동물종에서 특히 체중부하부위의 관절병증, 뼈연골증을 유발함",ciprofloxacin hydrochloride (as ciprofloxacin),134103ATB,,,하나제약(주),미만 (1),씨프론정250mg(시프로플록사신염산염수화물)_(0.291g/1정),657805000,18,세 (3)
20090300,2009-12-03,,,급여,,"안전성 및 유효성 미확립. 퀴놀론계 항균제는 몇몇 어린 동물종에서 특히 체중부하부위의 관절병증, 뼈연골증을 유발함",ciprofloxacin hydrochloride (as ciprofloxacin),134103ATB,,,(주)비보존제약,미만 (1),시록신정250mg(시프로플록사신염산염)_(0.291g/1정),658200640,18,세 (3)
20090300,2009-12-03,,,급여,,"안전성 및 유효성 미확립. 퀴놀론계 항균제는 몇몇 어린 동물종에서 특히 체중부하부위의 관절병증, 뼈연골증을 유발함",ciprofloxacin hydrochloride (as ciprofloxacin),134103ATB,,,이연제약(주),미만 (1),시푸로신정(시프로플록사신염산염수화물)_(0.291g/1정),658603020,18,세 (3)
20090300,2009-12-03,,,급여,,"안전성 및 유효성 미확립. 퀴놀론계 항균제는 몇몇 어린 동물종에서 특히 체중부하부위의 관절병증, 뼈연골증을 유발함",ciprofloxacin hydrochloride (as ciprofloxacin),134103ATB,,,(주)알피바이오,미만 (1),알피시프록정250mg(시프로플록사신염산염수화물)_(0.291g/1정),661605130,18,세 (3)
20090300,2009-12-03,,,급여,,"안전성 및 유효성 미확립. 퀴놀론계 항균제는 몇몇 어린 동물종에서 특히 체중부하부위의 관절병증, 뼈연골증을 유발함",ciprofloxacin hydrochloride (as ciprofloxacin),134103ATB,,,영풍제약(주),미만 (1),푸로포신정250밀리그램(시프로플록사신염산염수화물)_(0.291g/1정),661901880,18,세 (3)
20090300,2009-12-03,,,급여,,"안전성 및 유효성 미확립. 퀴놀론계 항균제는 몇몇 어린 동물종에서 특히 체중부하부위의 관절병증, 뼈연골증을 유발함",ciprofloxacin hydrochloride (as ciprofloxacin),134103ATB,,,(주)넥스팜코리아,미만 (1),씨프록정250밀리그램(시프로플록사신염산염수화물)_(0.291g/1정),662504120,18,세 (3)
20090300,2009-12-03,,,급여,,"안전성 및 유효성 미확립. 퀴놀론계 항균제는 몇몇 어린 동물종에서 특히 체중부하부위의 관절병증, 뼈연골증을 유발함",ciprofloxacin hydrochloride (as ciprofloxacin),134103ATB,,,한국프라임제약(주),미만 (1),록신정250밀리그램(시프로플록사신염산염수화물)_(0.291g/1정),663600410,18,세 (3)
20090300,2009-12-03,,,급여,,"안전성 및 유효성 미확립. 퀴놀론계 항균제는 몇몇 어린 동물종에서 특히 체중부하부위의 관절병증, 뼈연골증을 유발함",ciprofloxacin hydrochloride (as ciprofloxacin),134103ATB,,,(주)경보제약,미만 (1),씨트로정(시프로플록사신염산염수화물)_(0.291g/1정),665000470,18,세 (3)
20090300,2009-12-03,,,급여,,"안전성 및 유효성 미확립. 퀴놀론계 항균제는 몇몇 어린 동물종에서 특히 체중부하부위의 관절병증, 뼈연골증을 유발함",ciprofloxacin hydrochloride (as ciprofloxacin),134103ATB,,,(주)씨티씨바이오,미만 (1),씨티신정(시프로플록사신염산염수화물)_(0.291g/1정),669502320,18,세 (3)
20090300,2009-12-03,,,급여,,"안전성 및 유효성 미확립. 퀴놀론계 항균제는 몇몇 어린 동물종에서 특히 체중부하부위의 관절병증, 뼈연골증을 유발함",ciprofloxacin hydrochloride (as ciprofloxacin),134103ATB,,,구주제약(주),미만 (1),뉴록사신정(시프로플록사신염산염수화물)_(0.291g/1정),669800690,18,세 (3)
20090300,2009-12-03,,,급여,,"안전성 및 유효성 미확립. 퀴놀론계 항균제는 몇몇 어린 동물종에서 특히 체중부하부위의 관절병증, 뼈연골증을 유발함",ciprofloxacin hydrochloride (as ciprofloxacin),134103ATB,,,대한뉴팜(주),미만 (1),에프로신정(시프로플록사신염산염수화물)_(0.291g/1정),669902830,18,세 (3)
20090300,2009-12-03,,,급여,,"안전성 및 유효성 미확립. 퀴놀론계 항균제는 몇몇 어린 동물종에서 특히 체중부하부위의 관절병증, 뼈연골증을 유발함",ciprofloxacin hydrochloride (as ciprofloxacin),134103ATB,,,(주)팜젠사이언스,미만 (1),팜젠시프로플록사신정250mg(시프로플록사신염산염)_(0.291g/1정),670104220,18,세 (3)
20090300,2009-12-03,,,급여,,"안전성 및 유효성 미확립. 퀴놀론계 항균제는 몇몇 어린 동물종에서 특히 체중부하부위의 관절병증, 뼈연골증을 유발함",ciprofloxacin hydrochloride (as ciprofloxacin),134103ATB,,,(주)휴온스,미만 (1),프록사신바이정(시프로플록사신염산염수화물)_(0.291g/1정),670606950,18,세 (3)
20090300,2009-12-03,,,급여,,"안전성 및 유효성 미확립. 퀴놀론계 항균제는 몇몇 어린 동물종에서 특히 체중부하부위의 관절병증, 뼈연골증을 유발함",ciprofloxacin hydrochloride (as ciprofloxacin),134103ATB,,,주식회사제뉴원사이언스,미만 (1),시플록신정250밀리그램(시프로플록사신염산염수화물)_(0.291g/1정),671700650,18,세 (3)
20090300,2009-12-03,,,급여,,"안전성 및 유효성 미확립. 퀴놀론계 항균제는 몇몇 어린 동물종에서 특히 체중부하부위의 관절병증, 뼈연골증을 유발함",ciprofloxacin hydrochloride (as ciprofloxacin),134103ATB,,,주식회사큐엘파마,미만 (1),싸이러스정250밀리그램(시프로플록사신염산염수화물)_(0.291g/1정),673400140,18,세 (3)
20090300,2009-12-03,,,급여,,"안전성 및 유효성 미확립. 퀴놀론계 항균제는 몇몇 어린 동물종에서 특히 체중부하부위의 관절병증, 뼈연골증을 유발함",ciprofloxacin hydrochloride (as ciprofloxacin),134103ATB,,,(주)다산제약,미만 (1),시프사신정250밀리그램(시프로플록사신염산염수화물)_(0.291g/1정),678600890,18,세 (3)
20090300,2009-12-03,,,급여,,"안전성 및 유효성 미확립. 퀴놀론계 항균제는 몇몇 어린 동물종에서 특히 체중부하부위의 관절병증, 뼈연골증을 유발함",ciprofloxacin hydrochloride (as ciprofloxacin),134103ATB,,,(주)티디에스팜,미만 (1),씨큐로베이정250밀리그램(시프로플록사신염산염수화물)_(0.291g/1정),679801410,18,세 (3)
20090300,2009-12-03,,,급여,,"안전성 및 유효성 미확립. 퀴놀론계 항균제는 몇몇 어린 동물종에서 특히 체중부하부위의 관절병증, 뼈연골증을 유발함",ciprofloxacin hydrochloride (as ciprofloxacin),134103ATB,,,동방에프티엘(주),미만 (1),씨팍신정250밀리그램(시프로플록사신염산염수화물)_(0.291g/1정),680500560,18,세 (3)
20090300,2009-12-03,,,급여,,"안전성 및 유효성 미확립. 퀴놀론계 항균제는 몇몇 어린 동물종에서 특히 체중부하부위의 관절병증, 뼈연골증을 유발함",ciprofloxacin hydrochloride (as ciprofloxacin),134103ATB,,,(주)시어스제약,미만 (1),시플로뉴정250밀리그램(시프로플록사신염산염수화물)_(0.291g/1정),689000520,18,세 (3)
20090300,2009-12-03,,,급여,,"안전성 및 유효성 미확립. 퀴놀론계 항균제는 몇몇 어린 동물종에서 특히 체중부하부위의 관절병증, 뼈연골증을 유발함",ciprofloxacin hydrochloride (as ciprofloxacin),134103ATB,,,(주)한국글로벌제약,미만 (1),시프로신정(시프로플록사신염산염)_(0.291g/1정),693201640,18,세 (3)
20090300,2009-12-03,,,급여,,"안전성 및 유효성 미확립. 퀴놀론계 항균제는 몇몇 어린 동물종에서 특히 체중부하부위의 관절병증, 뼈연골증을 유발함",ciprofloxacin hydrochloride (as ciprofloxacin),134103ATB,,,(주)셀트리온제약,미만 (1),시프로셀정250밀리그램(시프로플록사신염산염수화물)_(0.291g/1정),693900960,18,세 (3)
20090300,2009-12-03,,,급여,,"안전성 및 유효성 미확립. 퀴놀론계 항균제는 몇몇 어린 동물종에서 특히 체중부하부위의 관절병증, 뼈연골증을 유발함",ciprofloxacin hydrochloride (as ciprofloxacin),134103ATB,,,대웅바이오(주),미만 (1),베아신정250밀리그램(시프로플록사신염산염수화물)_(0.291g/1정),694000300,18,세 (3)
20090300,2009-12-03,,,급여,,"안전성 및 유효성 미확립. 퀴놀론계 항균제는 몇몇 어린 동물종에서 특히 체중부하부위의 관절병증, 뼈연골증을 유발함",ciprofloxacin hydrochloride (as ciprofloxacin),134103ATB,,,정우신약(주),미만 (1),싸이플록정250밀리그램(시프로플록사신염산염수화물)_(0.291g/1정),694205700,18,세 (3)
20090300,2009-12-03,,,급여,,"안전성 및 유효성 미확립. 퀴놀론계 항균제는 몇몇 어린 동물종에서 특히 체중부하부위의 관절병증, 뼈연골증을 유발함",ciprofloxacin hydrochloride (as ciprofloxacin),134103ATB,,,일양바이오팜(주),미만 (1),일양바이오염산시프로플록사신정_(0.291g/1정),696600300,18,세 (3)
20090300,2009-12-03,,,급여,,"안전성 및 유효성 미확립. 퀴놀론계 항균제는 몇몇 어린 동물종에서 특히 체중부하부위의 관절병증, 뼈연골증을 유발함",ciprofloxacin hydrochloride (as ciprofloxacin),134105ATB,,,일동제약(주),미만 (1),싸이신정500밀리그램(시프로플록사신염산염)_(0.582g/1정),642900910,18,세 (3)
20090300,2009-12-03,,,급여,,"안전성 및 유효성 미확립. 퀴놀론계 항균제는 몇몇 어린 동물종에서 특히 체중부하부위의 관절병증, 뼈연골증을 유발함",ciprofloxacin hydrochloride (as ciprofloxacin),134105ATB,,,한국유나이티드제약(주),미만 (1),"씨록정500밀리그램(시프로플록사신염산염수화물)(수출명:씨프로메디코,Ciraxintab.500mg,KUPCiprofloxacintab.500mg,CipicinTabs.500mg)_(0.582g/1정)",644301990,18,세 (3)
20090300,2009-12-03,,,급여,,"안전성 및 유효성 미확립. 퀴놀론계 항균제는 몇몇 어린 동물종에서 특히 체중부하부위의 관절병증, 뼈연골증을 유발함",ciprofloxacin hydrochloride (as ciprofloxacin),134105ATB,,,한국넬슨제약(주),미만 (1),씨프록탄정500mg(시프로플록사신염산염수화물)_(0.582g/1정),656700980,18,세 (3)
20090300,2009-12-03,,,급여,,"안전성 및 유효성 미확립. 퀴놀론계 항균제는 몇몇 어린 동물종에서 특히 체중부하부위의 관절병증, 뼈연골증을 유발함",ciprofloxacin hydrochloride (as ciprofloxacin),134105ATB,,,아이큐어(주),미만 (1),씨록탄정500밀리그램(시프로플록사신염산염수화물)_(0.582g/1정),674400920,18,세 (3)
20090300,2009-12-03,,,급여,,"안전성 및 유효성 미확립. 퀴놀론계 항균제는 몇몇 어린 동물종에서 특히 체중부하부위의 관절병증, 뼈연골증을 유발함",ciprofloxacin hydrochloride (as ciprofloxacin),134105ATB,,,대웅바이오(주),미만 (1),베아신정500밀리그램(시프로플록사신염산염수화물)_(0.582g/1정),694001020,18,세 (3)
20130047,2013-02-25,,,급여,,"진정 또는 수면 무호흡증, 경련, 흥분 등 중추신경증상을 일으킬 수 있음",clemastine fumarate (as clemastine),135201ATB,,,태극제약(주),이하 (2),마스질정(클레마스틴푸마르산염)_(1.34mg/1정),644800580,1,세 (3)
20190041,2019-05-22,,,급여,,"소아는 체중당 체표면적의 비율이 성인보다 커서 코르티코이드로 인해 HPA축(시상하부-뇌하수체-부신 축) 억제, 쿠싱증후군, 발육장애, 두개내압항진 등이 나타나기 쉬움",clobetasol propionate,135831CCM,,,고려제약(주),미만 (1),베타베이트크림(클로베타솔프로피오네이트)_(7.5mg/15g),642800751,24,개월 (2)
20190041,2019-05-22,,,급여,,"소아는 체중당 체표면적의 비율이 성인보다 커서 코르티코이드로 인해 HPA축(시상하부-뇌하수체-부신 축) 억제, 쿠싱증후군, 발육장애, 두개내압항진 등이 나타나기 쉬움",clobetasol propionate,135831COM,,,고려제약(주),미만 (1),베타베이트연고(클로베타솔프로피오네이트)(수출명:클로베덤0.05%연고)(CLOBEDERM0.05%Ointment)_(7.5mg/15g),642800741,24,개월 (2)
20190041,2019-05-22,,,급여,,"소아는 체중당 체표면적의 비율이 성인보다 커서 코르티코이드로 인해 HPA축(시상하부-뇌하수체-부신 축) 억제, 쿠싱증후군, 발육장애, 두개내압항진 등이 나타나기 쉬움",clobetasol propionate,135831COM,,,(주)글락소스미스클라인,미만 (1),더모베이트연고(클로베타솔프로피오네이트)_(7.5mg/15g),650002372,24,개월 (2)
20190041,2019-05-22,,,급여,,"소아는 체중당 체표면적의 비율이 성인보다 커서 코르티코이드로 인해 HPA축(시상하부-뇌하수체-부신 축) 억제, 쿠싱증후군, 발육장애, 두개내압항진 등이 나타나기 쉬움",clobetasol propionate,135833CLQ,,,제이더블유신약(주),미만 (1),크러벤액(클로베타솔프로피오네이트)_(11.65mg/25mL),644100701,24,개월 (2)
20190041,2019-05-22,,,급여,,"소아는 체중당 체표면적의 비율이 성인보다 커서 코르티코이드로 인해 HPA축(시상하부-뇌하수체-부신 축) 억제, 쿠싱증후군, 발육장애, 두개내압항진 등이 나타나기 쉬움",clobetasol propionate,135834CLQ,,,(주)글락소스미스클라인,미만 (1),더모베이트액(클로베타솔프로피오네이트)_(12.5mg/25mL),650000121,24,개월 (2)
20190041,2019-05-22,,,급여,,"소아는 체중당 체표면적의 비율이 성인보다 커서 코르티코이드로 인해 HPA축(시상하부-뇌하수체-부신 축) 억제, 쿠싱증후군, 발육장애, 두개내압항진 등이 나타나기 쉬움",clobetasol propionate,135835CLQ,,,고려제약(주),미만 (1),베타베이트액(클로베타솔프로피오네이트)[수출명:클로베덤0.05%액(CLOBEDERM0.05%Solution)]_(13.98mg/30mL),642800731,24,개월 (2)
20190041,2019-05-22,,,급여,,"소아는 체중당 체표면적의 비율이 성인보다 커서 코르티코이드로 인해 HPA축(시상하부-뇌하수체-부신 축) 억제, 쿠싱증후군, 발육장애, 두개내압항진 등이 나타나기 쉬움",clobetasol propionate,135835CLQ,,,(주)동구바이오제약,미만 (1),도모호론액(클로베타솔프로피오네이트)_(13.98mg/30mL),657300391,24,개월 (2)
20190041,2019-05-22,,,급여,,"소아는 체중당 체표면적의 비율이 성인보다 커서 코르티코이드로 인해 HPA축(시상하부-뇌하수체-부신 축) 억제, 쿠싱증후군, 발육장애, 두개내압항진 등이 나타나기 쉬움",clobetasol propionate,135836CLQ,,,동화약품(주),미만 (1),스테이벤액(클로베타솔프로피오네이트)_(16.1mg/35mL),642702052,24,개월 (2)
20190041,2019-05-22,,,급여,,"소아는 체중당 체표면적의 비율이 성인보다 커서 코르티코이드로 인해 HPA축(시상하부-뇌하수체-부신 축) 억제, 쿠싱증후군, 발육장애, 두개내압항진 등이 나타나기 쉬움",clobetasol propionate,135837CLQ,,,주식회사 더유제약,미만 (1),듀오피엔액(클로베타솔프로피오네이트)_(23.3mg/50mL),57000181,24,개월 (2)
20190041,2019-05-22,,,급여,,"소아는 체중당 체표면적의 비율이 성인보다 커서 코르티코이드로 인해 HPA축(시상하부-뇌하수체-부신 축) 억제, 쿠싱증후군, 발육장애, 두개내압항진 등이 나타나기 쉬움",clobetasol propionate,135837CLQ,,,(주)메디카코리아,미만 (1),더비솔액(클로베타솔프로피오네이트)_(23.3mg/50mL),646000302,24,개월 (2)
20190041,2019-05-22,,,급여,,"소아는 체중당 체표면적의 비율이 성인보다 커서 코르티코이드로 인해 HPA축(시상하부-뇌하수체-부신 축) 억제, 쿠싱증후군, 발육장애, 두개내압항진 등이 나타나기 쉬움",clobetasol propionate,135837CLQ,,,(주)한국파마,미만 (1),크로솔액(클로베타솔프로피오네이트)_(23.3mg/50mL),653005541,24,개월 (2)
20190041,2019-05-22,,,급여,,"소아는 체중당 체표면적의 비율이 성인보다 커서 코르티코이드로 인해 HPA축(시상하부-뇌하수체-부신 축) 억제, 쿠싱증후군, 발육장애, 두개내압항진 등이 나타나기 쉬움",clobetasol propionate,135837CLQ,,,코오롱제약(주),미만 (1),코베이트액(클로베타솔프로피오네이트)_(23.3mg/50mL),670303862,24,개월 (2)
20190041,2019-05-22,,,급여,,"소아는 체중당 체표면적의 비율이 성인보다 커서 코르티코이드로 인해 HPA축(시상하부-뇌하수체-부신 축) 억제, 쿠싱증후군, 발육장애, 두개내압항진 등이 나타나기 쉬움",clobetasol propionate,135837CLQ,,,주식회사제뉴원사이언스,미만 (1),프로솔액(클로베타솔프로피오네이트)_(23.3mg/50mL),671703931,24,개월 (2)
20190041,2019-05-22,,,급여,,"소아는 체중당 체표면적의 비율이 성인보다 커서 코르티코이드로 인해 HPA축(시상하부-뇌하수체-부신 축) 억제, 쿠싱증후군, 발육장애, 두개내압항진 등이 나타나기 쉬움",clobetasol propionate,135837CLQ,,,(주)라이트팜텍,미만 (1),제이클로벨액(클로베타솔프로피오네이트)_(23.3mg/50mL),690300901,24,개월 (2)
20190041,2019-05-22,,,급여,,"소아는 체중당 체표면적의 비율이 성인보다 커서 코르티코이드로 인해 HPA축(시상하부-뇌하수체-부신 축) 억제, 쿠싱증후군, 발육장애, 두개내압항진 등이 나타나기 쉬움",clobetasol propionate,135838CLQ,,,(주)글락소스미스클라인,미만 (1),더모베이트액(클로베타솔프로피오네이트)_(25mg/50mL),650000122,24,개월 (2)
20190041,2019-05-22,,,급여,,"소아는 체중당 체표면적의 비율이 성인보다 커서 코르티코이드로 인해 HPA축(시상하부-뇌하수체-부신 축) 억제, 쿠싱증후군, 발육장애, 두개내압항진 등이 나타나기 쉬움",clobetasol propionate,135839CLT,,,주식회사제뉴원사이언스,미만 (1),프로솔로션(클로베타솔프로피오네이트)_(55mg/110mL),671701812,24,개월 (2)
20190041,2019-05-22,,,급여,,"소아는 체중당 체표면적의 비율이 성인보다 커서 코르티코이드로 인해 HPA축(시상하부-뇌하수체-부신 축) 억제, 쿠싱증후군, 발육장애, 두개내압항진 등이 나타나기 쉬움",clobetasol propionate,135842CCM,,,알파제약(주),미만 (1),베르단트크림(클로베타솔프로피오네이트)_(0.225g/450g),654200281,24,개월 (2)
20190041,2019-05-22,,,급여,,"소아는 체중당 체표면적의 비율이 성인보다 커서 코르티코이드로 인해 HPA축(시상하부-뇌하수체-부신 축) 억제, 쿠싱증후군, 발육장애, 두개내압항진 등이 나타나기 쉬움",clobetasol propionate,135842COM,,,(주)동구바이오제약,미만 (1),도모호론연고(클로베타솔프로피오네이트)_(0.225g/450g),657300401,24,개월 (2)
20190041,2019-05-22,,,급여,,"소아는 체중당 체표면적의 비율이 성인보다 커서 코르티코이드로 인해 HPA축(시상하부-뇌하수체-부신 축) 억제, 쿠싱증후군, 발육장애, 두개내압항진 등이 나타나기 쉬움",clobetasol propionate,135842COM,,,주식회사제뉴원사이언스,미만 (1),프로솔연고(클로베타솔프로피오네이트)_(0.225g/450g),671701822,24,개월 (2)
20190041,2019-05-22,,,급여,,"소아는 체중당 체표면적의 비율이 성인보다 커서 코르티코이드로 인해 HPA축(시상하부-뇌하수체-부신 축) 억제, 쿠싱증후군, 발육장애, 두개내압항진 등이 나타나기 쉬움",clobetasol propionate,135844CCM,,,고려제약(주),미만 (1),베타베이트크림(클로베타솔프로피오네이트)_(0.25g/500g),642800752,24,개월 (2)
20190041,2019-05-22,,,급여,,"소아는 체중당 체표면적의 비율이 성인보다 커서 코르티코이드로 인해 HPA축(시상하부-뇌하수체-부신 축) 억제, 쿠싱증후군, 발육장애, 두개내압항진 등이 나타나기 쉬움",clobetasol propionate,135844CCM,,,(주)동구바이오제약,미만 (1),도모호론크림(클로베타솔프로피오네이트)_(0.25g/500g),657300413,24,개월 (2)
20190041,2019-05-22,,,급여,,"소아는 체중당 체표면적의 비율이 성인보다 커서 코르티코이드로 인해 HPA축(시상하부-뇌하수체-부신 축) 억제, 쿠싱증후군, 발육장애, 두개내압항진 등이 나타나기 쉬움",clobetasol propionate,135844COM,,,(주)동구바이오제약,미만 (1),도모호론연고(클로베타솔프로피오네이트)_(0.25g/500g),657300403,24,개월 (2)
20190041,2019-05-22,,,급여,,"소아는 체중당 체표면적의 비율이 성인보다 커서 코르티코이드로 인해 HPA축(시상하부-뇌하수체-부신 축) 억제, 쿠싱증후군, 발육장애, 두개내압항진 등이 나타나기 쉬움",clobetasol propionate,135845COM,,,고려제약(주),미만 (1),베타베이트연고(클로베타솔프로피오네이트)(수출명:클로베덤0.05%연고)(CLOBEDERM0.05%Ointment)_(0.2g/400g),642800746,24,개월 (2)
20170086,2017-11-06,,,급여,,코데인이 모르핀으로 대사되는 과정이 다양하고 예측 불가능하여 모르핀으로 인한 독성이 나타날 위험이 있음,codeine phosphate,137703ATB,,,명문제약(주),이하 (2),"명문인산코데인정_(코데인인산염수화물, 20mg/1정)",649801470,12,세 (3)
20170086,2017-11-06,,,급여,,코데인이 모르핀으로 대사되는 과정이 다양하고 예측 불가능하여 모르핀으로 인한 독성이 나타날 위험이 있음,codeine phosphate,137703ATB,,,(주)비씨월드제약,이하 (2),"비씨인산코데인정_(코데인인산염수화물, 20mg/1정)",653100790,12,세 (3)
20170086,2017-11-06,,,급여,,코데인이 모르핀으로 대사되는 과정이 다양하고 예측 불가능하여 모르핀으로 인한 독성이 나타날 위험이 있음,codeine phosphate,137703ATB,,,하나제약(주),이하 (2),"하나인산코데인정_(코데인인산염수화물, 20mg/1정)",657802830,12,세 (3)
20170086,2017-11-06,,,급여,,코데인이 모르핀으로 대사되는 과정이 다양하고 예측 불가능하여 모르핀으로 인한 독성이 나타날 위험이 있음,codeine phosphate,137703ATB,,,성원애드콕제약(주),이하 (2),데코인정(코데인인산염수화물)_(20mg/1정),664900030,12,세 (3)
20170086,2017-11-06,,,급여,,코데인이 모르핀으로 대사되는 과정이 다양하고 예측 불가능하여 모르핀으로 인한 독성이 나타날 위험이 있음,codeine phosphate,137703ATB,,,구주제약(주),이하 (2),"구주인산코데인정_(코데인인산염수화물, 20mg/1정)",669800390,12,세 (3)
20190041,2019-05-22,,,급여,,고령자에서는 성인에 비해 혈장 약물 농도 및 반감기가 상승함.,cyclobenzaprine hydrochloride,138701ATB,,,영풍제약(주),이상 (4),시클펜정(시클로벤자프린염산염)_(10mg/1정),661900750,65,세 (3)
20190041,2019-05-22,,,급여,,고령자에서는 성인에 비해 혈장 약물 농도 및 반감기가 상승함.,cyclobenzaprine hydrochloride,138702ACR,,,(주)새한제약,이상 (4),본렉스이알캡슐15밀리그램(시클로벤자프린염산염)_(15mg/1캡슐),651300630,65,세 (3)
20110110,2011-06-28,,,급여,,"영아, 유아, 경련성 마비 또는 뇌손상이 있는 소아에서 이 약의 감수성 증가가 보고됨. 신생아에 투여 시 음식섭취 과민증(feeding intolerance)이 뒤따를 수 있으므로 투여 후 4시간 동안 음식섭취 억제 필요",cyclopentolate hydrochloride,138931COS,,,삼일제약(주),미만 (1),오큐시클로점안액(시클로펜톨레이트염산염)(수출명:OcuCyclo)_(50mg/5mL),643901072,1,세 (3)
20110110,2011-06-28,,,급여,,"영아, 유아, 경련성 마비 또는 뇌손상이 있는 소아에서 이 약의 감수성 증가가 보고됨. 신생아에 투여 시 음식섭취 과민증(feeding intolerance)이 뒤따를 수 있으므로 투여 후 4시간 동안 음식섭취 억제 필요",cyclopentolate hydrochloride,138933COS,,,한국알콘(주),미만 (1),싸이크로질1%점안액(시클로펜톨레이트염산염)_(0.15g/15mL),652400361,1,세 (3)
20150021,2015-04-23,,,급여,,안전성 및 유효성 미확립,darunavir ethanolate (as darunavir),498702ATB,,,(주)한국얀센,미만 (1),프레지스타정600밀리그램(다루나비르에탄올레이트)_(0.65046g/1정),646901650,3,세 (3)
20150021,2015-04-23,,,급여,,안전성 및 유효성 미확립,darunavir ethanolate (as darunavir),498703ATB,,,(주)한국얀센,미만 (1),프레지스타정400밀리그램(다루나비르에탄올레이트)_(0.43364g/1정),646901640,3,세 (3)
20160155,2016-12-30,,,급여,,소아 및 청소년에서의 사용 승인되지 않음.,desvenlafaxine,687701ATR,,,환인제약(주),미만 (1),데팍신서방정50밀리그램(데스벤라팍신)_(50mg/1정),657203560,18,세 (3)
20160155,2016-12-30,,,급여,,소아 및 청소년에서의 사용 승인되지 않음.,desvenlafaxine,687702ATR,,,환인제약(주),미만 (1),데팍신서방정100밀리그램(데스벤라팍신)_(0.1g/1정),657203570,18,세 (3)
20160155,2016-12-30,,,급여,,소아 및 청소년에서의 사용 승인되지 않음.,desvenlafaxine,687703ATR,,,환인제약(주),미만 (1),데팍신서방정25밀리그램(데스벤라팍신)_(25mg/1정),657203910,18,세 (3)
20160155,2016-12-30,,,급여,,소아 및 청소년에서의 사용 승인되지 않음.,desvenlafaxine benzoate (as desvenlafaxine),687601ATR,,,한림제약(주),미만 (1),프리넥사서방정50밀리그램(데스벤라팍신벤조산염)_(73.185mg/1정),645306320,18,세 (3)
20160155,2016-12-30,,,급여,,소아 및 청소년에서의 사용 승인되지 않음.,desvenlafaxine benzoate (as desvenlafaxine),687601ATR,,,명인제약(주),미만 (1),에스벤서방정50밀리그램(데스벤라팍신벤조산염)_(73.185mg/1정),651904930,18,세 (3)
20160155,2016-12-30,,,급여,,소아 및 청소년에서의 사용 승인되지 않음.,desvenlafaxine benzoate (as desvenlafaxine),687601ATR,,,(주)넥스팜코리아,미만 (1),데스베라서방정50밀리그램(데스벤라팍신벤조산염)_(73.185mg/1정),662504440,18,세 (3)
20160155,2016-12-30,,,급여,,소아 및 청소년에서의 사용 승인되지 않음.,desvenlafaxine benzoate (as desvenlafaxine),687602ATR,,,한림제약(주),미만 (1),프리넥사서방정100밀리그램(데스벤라팍신벤조산염)_(0.14637g/1정),645306330,18,세 (3)
20160155,2016-12-30,,,급여,,소아 및 청소년에서의 사용 승인되지 않음.,desvenlafaxine benzoate (as desvenlafaxine),687602ATR,,,명인제약(주),미만 (1),에스벤서방정100밀리그램(데스벤라팍신벤조산염)_(0.14637g/1정),651904940,18,세 (3)
20160155,2016-12-30,,,급여,,소아 및 청소년에서의 사용 승인되지 않음.,desvenlafaxine benzoate (as desvenlafaxine),687602ATR,,,(주)넥스팜코리아,미만 (1),데스베라서방정100밀리그램(데스벤라팍신벤조산염)_(0.14637g/1정),662504450,18,세 (3)
20160155,2016-12-30,,,급여,,소아 및 청소년에서의 사용 승인되지 않음.,desvenlafaxine succinate monohydrate (as desvenlafaxine),626401ATR,,,현대약품(주),미만 (1),데스프리서방정50밀리그램(데스벤라팍신숙신산염일수화물)_(75.885mg/1정),642005350,18,세 (3)
20160155,2016-12-30,,,급여,,소아 및 청소년에서의 사용 승인되지 않음.,desvenlafaxine succinate monohydrate (as desvenlafaxine),626401ATR,,,한국화이자제약(주),미만 (1),프리스틱서방정50밀리그램(데스벤라팍신숙신산염일수화물)_(75.87mg/1정),648902780,18,세 (3)
20160155,2016-12-30,,,급여,,소아 및 청소년에서의 사용 승인되지 않음.,desvenlafaxine succinate monohydrate (as desvenlafaxine),626401ATR,,,(주)한국파마,미만 (1),파마데스벤라팍신서방정50밀리그램(데스벤라팍신숙신산염일수화물)_(75.885mg/1정),653006980,18,세 (3)
20160155,2016-12-30,,,급여,,소아 및 청소년에서의 사용 승인되지 않음.,desvenlafaxine succinate monohydrate (as desvenlafaxine),626402ATR,,,현대약품(주),미만 (1),데스프리서방정100밀리그램(데스벤라팍신숙신산염일수화물)_(0.15177g/1정),642005360,18,세 (3)
20160155,2016-12-30,,,급여,,소아 및 청소년에서의 사용 승인되지 않음.,desvenlafaxine succinate monohydrate (as desvenlafaxine),626402ATR,,,한국화이자제약(주),미만 (1),프리스틱서방정100밀리그램(데스벤라팍신숙신산염일수화물)_(0.15177g/1정),648902770,18,세 (3)
20160155,2016-12-30,,,급여,,소아 및 청소년에서의 사용 승인되지 않음.,desvenlafaxine succinate monohydrate (as desvenlafaxine),626402ATR,,,(주)한국파마,미만 (1),파마데스벤라팍신서방정100밀리그램(데스벤라팍신숙신산염일수화물)_(0.15177g/1정),653006940,18,세 (3)
20090300,2009-12-03,,,급여,,안전성 및 유효성 미확립,dexketoprofen trometamol (as dexketoprofen),454330BIJ,,,한국메나리니(주),이하 (2),케랄주(덱스케토프로펜트로메타몰)_(73.8mg/2mL),674900451,12,세 (3)
20130047,2013-02-25,,,급여,,안전성 유효성 미확립,diazepam,142901ATB,,,명인제약(주),이하 (2),명인디아제팜정10밀리그람_(10mg/1정),651900520,6,개월 (2)
20130047,2013-02-25,,,급여,,안전성 유효성 미확립,diazepam,142902ATB,,,삼진제약(주),이하 (2),삼진디아제팜정2밀리그람_(2mg/1정),647800740,6,개월 (2)
20130047,2013-02-25,,,급여,,안전성 유효성 미확립,diazepam,142902ATB,,,명인제약(주),이하 (2),명인디아제팜정2밀리그람_(2mg/1정),651900530,6,개월 (2)
20130047,2013-02-25,,,급여,,안전성 유효성 미확립,diazepam,142902ATB,,,대원제약(주),이하 (2),대원디아제팜정2밀리그램(수출명:디아잠정2밀리그램)(수출명2:트레즈콘정2밀리그램)_(2mg/1정),671800270,6,개월 (2)
20130047,2013-02-25,,,급여,,안전성 유효성 미확립,diazepam,142903ATB,,,지피테라퓨틱스코리아주식회사,이하 (2),바리움정5밀리그람(디아제팜)_(5mg/1정),57200130,6,개월 (2)
20130047,2013-02-25,,,급여,,안전성 유효성 미확립,diazepam,142903ATB,,,삼진제약(주),이하 (2),삼진디아제팜정5밀리그람_(5mg/1정),647800750,6,개월 (2)
20130047,2013-02-25,,,급여,,안전성 유효성 미확립,diazepam,142903ATB,,,명인제약(주),이하 (2),명인디아제팜정5밀리그람_(5mg/1정),651900540,6,개월 (2)
20040002,2004-01-16,,,급여,,(벤질알코올 함유 제품에 한함) 벤질알코올은 조숙아에서 치명적인 가쁜 호흡증상과 연관이 있는 것으로 보고됨,diazepam,142930BIJ,,,삼진제약(주),미만 (1),삼진디아제팜주_(10mg/2mL),647800761,4,주 (1)
20050017,2005-03-09,,,급여,,벤질알코올은 조숙아에서 치명적인 가쁜 호흡증상과 연관이 있는 것으로 보고됨,diclofenac sodium,143535BIJ,,,(주)메디카코리아,미만 (1),메디카디클로페낙주(디클로페낙나트륨)_(75mg/2mL),646000661,4,주 (1)
20050017,2005-03-09,,,급여,,벤질알코올은 조숙아에서 치명적인 가쁜 호흡증상과 연관이 있는 것으로 보고됨,diclofenac sodium,143535BIJ,,,아주약품(주),미만 (1),소페낙주사(디클로페낙나트륨)_(75mg/2mL),654000481,4,주 (1)
20050017,2005-03-09,,,급여,,벤질알코올은 조숙아에서 치명적인 가쁜 호흡증상과 연관이 있는 것으로 보고됨,diclofenac-β-dimethyl-aminoethanol,143631BIJ,,,주식회사케이에스제약,미만 (1),페나베타주(디클로페낙β-디메틸아미노에탄올)_(90mg/2mL),59000631,4,주 (1)
20050017,2005-03-09,,,급여,,벤질알코올은 조숙아에서 치명적인 가쁜 호흡증상과 연관이 있는 것으로 보고됨,diclofenac-β-dimethyl-aminoethanol,143631BIJ,,,(주)일화,미만 (1),일화디페낙베타주(디클로페낙β-디메틸아미노에탄올)_(90mg/2mL),640903401,4,주 (1)
20050017,2005-03-09,,,급여,,벤질알코올은 조숙아에서 치명적인 가쁜 호흡증상과 연관이 있는 것으로 보고됨,diclofenac-β-dimethyl-aminoethanol,143631BIJ,,,(주)유영제약,미만 (1),젝스타주(디클로페낙β-디메틸아미노에탄올)_(90mg/2mL),648201641,4,주 (1)
20050017,2005-03-09,,,급여,,벤질알코올은 조숙아에서 치명적인 가쁜 호흡증상과 연관이 있는 것으로 보고됨,diclofenac-β-dimethyl-aminoethanol,143631BIJ,,,(주)씨엠지제약,미만 (1),디클로라주(디클로페낙β-디메틸아미노에탄올)_(90mg/2mL),648603941,4,주 (1)
20050017,2005-03-09,,,급여,,벤질알코올은 조숙아에서 치명적인 가쁜 호흡증상과 연관이 있는 것으로 보고됨,diclofenac-β-dimethyl-aminoethanol,143631BIJ,,,삼천당제약(주),미만 (1),클로낙주2mL(디클로페낙베타디메칠아미노에탄올)_(90mg/2mL),651201781,4,주 (1)
20050017,2005-03-09,,,급여,,벤질알코올은 조숙아에서 치명적인 가쁜 호흡증상과 연관이 있는 것으로 보고됨,diclofenac-β-dimethyl-aminoethanol,143631BIJ,,,(주)비씨월드제약,미만 (1),디로낙주2밀리리터(디클로페낙β-디메틸아미노에탄올)_(90mg/2mL),653100181,4,주 (1)
20050017,2005-03-09,,,급여,,벤질알코올은 조숙아에서 치명적인 가쁜 호흡증상과 연관이 있는 것으로 보고됨,diclofenac-β-dimethyl-aminoethanol,143631BIJ,,,아주약품(주),미만 (1),뉴페낙주사2밀리리터(디클로페낙β-디메틸아미노에탄올)_(90mg/2mL),654000071,4,주 (1)
20050017,2005-03-09,,,급여,,벤질알코올은 조숙아에서 치명적인 가쁜 호흡증상과 연관이 있는 것으로 보고됨,diclofenac-β-dimethyl-aminoethanol,143631BIJ,,,이연제약(주),미만 (1),미노브이주2mL(디클로페낙β-디메틸아미노에탄올)_(90mg/2mL),658600401,4,주 (1)
20050017,2005-03-09,,,급여,,벤질알코올은 조숙아에서 치명적인 가쁜 호흡증상과 연관이 있는 것으로 보고됨,diclofenac-β-dimethyl-aminoethanol,143631BIJ,,,대한뉴팜(주),미만 (1),크낙주2밀리리터(디클로페낙베타디메틸아미노에탄올)_(90mg/2mL),669903791,4,주 (1)
20050017,2005-03-09,,,급여,,벤질알코올은 조숙아에서 치명적인 가쁜 호흡증상과 연관이 있는 것으로 보고됨,diclofenac-β-dimethyl-aminoethanol,143631BIJ,,,주식회사제뉴원사이언스,미만 (1),디클로주2밀리리터(디클로페낙β-디메틸아미노에탄올)_(90mg/2mL),671705481,4,주 (1)
20050017,2005-03-09,,,급여,,벤질알코올은 조숙아에서 치명적인 가쁜 호흡증상과 연관이 있는 것으로 보고됨,diclofenac-β-dimethyl-aminoethanol,143631BIJ,,,(주)한국글로벌제약,미만 (1),글로베타주(디클로페낙베타디메틸아미노에탄올)_(90mg/2mL),693200671,4,주 (1)
20090300,2009-12-03,,,급여,,코데인이 모르핀으로 대사되는 과정이 다양하고 예측불가능하여 모르핀으로 인한 독성이 나타날 위험이 있음,dihydrocodeine tartrate,144901ATR,,,하나제약(주),이하 (2),디코데서방정(디히드로코데인타르타르산염)_(60mg/1정),657800350,12,세 (3)
20200130,2020-12-28,,,급여,,,dioctahedral smectite,146430ASS,,,대원제약(주),미만 (1),포타겔현탁액(디옥타헤드랄스멕타이트)_(1.5g/10mL),671803435,24,개월 (2)
20200130,2020-12-28,,,급여,,,dioctahedral smectite,146431ASS,,,(주)대웅제약,미만 (1),스타빅현탁액(디옥타헤드랄스멕타이트)_(3g/20mL),641607171,24,개월 (2)
20200130,2020-12-28,,,급여,,,dioctahedral smectite,146431ASS,,,일양약품(주),미만 (1),슈멕톤현탁액(디옥타헤드랄스멕타이트)(수출명:DOSMECTINE)_(3g/20mL),641700821,24,개월 (2)
20200130,2020-12-28,,,급여,,,dioctahedral smectite,146431ASS,,,삼아제약(주),미만 (1),다이톱현탁액(디옥타헤드랄스멕타이트)_(3g/20mL),645700121,24,개월 (2)
20200130,2020-12-28,,,급여,,,dioctahedral smectite,146431ASS,,,대원제약(주),미만 (1),포타겔현탁액(디옥타헤드랄스멕타이트)_(3g/20mL),671803431,24,개월 (2)
20200130,2020-12-28,,,급여,,,dioctahedral smectite,146432ASS,,,(주)대웅제약,미만 (1),스타빅현탁액(디옥타헤드랄스멕타이트)_(75g/500mL),641607481,24,개월 (2)
20200130,2020-12-28,,,급여,,,dioctahedral smectite,146432ASS,,,삼아제약(주),미만 (1),다이톱현탁액(디옥타헤드랄스멕타이트)_(75g/500mL),645700122,24,개월 (2)
20200130,2020-12-28,,,급여,,,dioctahedral smectite,146432ASS,,,대원제약(주),미만 (1),포타겔현탁액(디옥타헤드랄스멕타이트)_(75g/500mL),671803433,24,개월 (2)
20090300,2009-12-03,,,급여,,안전성 및 유효성 미확립,doxazosin mesylate (as doxazocin),149102ATB,,,(주)한국파비스제약,이하 (2),독시카민정(독사조신메실산염)_(2.43mg/1정),621801950,12,세 (3)
20090300,2009-12-03,,,급여,,안전성 및 유효성 미확립,doxazosin mesylate (as doxazocin),149102ATB,,,(주)바이넥스,이하 (2),카딜정2밀리그램(독사조신메실산염)_(2.43mg/1정),643102120,12,세 (3)
20090300,2009-12-03,,,급여,,안전성 및 유효성 미확립,doxazosin mesylate (as doxazocin),149102ATB,,,위더스제약(주),이하 (2),위더스독사조신메실산염정2밀리그램_(2.43mg/1정),660701160,12,세 (3)
20070030,2007-04-11,,,급여,,"1. 마크로라이드 불응성 마이코플라즈마 폐렴 소아환자에게 투여가능 : 마크로라이드계 항생제 투여 3일 후에도 증상이 개선되지 않는 소아[보건복지부 고시 제2023-252호(약제), ’23.12.20. 참고]2. 8세 이상 신중투여, 다만 다른 약을 사용할 수 없거나 효과가 없는 경우에만3. 소아 등(특히 치아 형성기인 12세 미만의 소아)에 투여 시, 치아의 착색 및 법량질 형성 부전 또는 일괄성 골발육 부전을 일으킬 수 있음",doxycycline hyclate hydrate,149701ACH,,,국제약품(주),미만 (1),국제독시사이클린하이클레이트수화물캡슐100밀리그램_(0.1g/1캡슐),643700090,12,세 (3)
20070030,2007-04-11,,,급여,,"1. 마크로라이드 불응성 마이코플라즈마 폐렴 소아환자에게 투여가능 : 마크로라이드계 항생제 투여 3일 후에도 증상이 개선되지 않는 소아[보건복지부 고시 제2023-252호(약제), ’23.12.20. 참고]2. 8세 이상 신중투여, 다만 다른 약을 사용할 수 없거나 효과가 없는 경우에만3. 소아 등(특히 치아 형성기인 12세 미만의 소아)에 투여 시, 치아의 착색 및 법량질 형성 부전 또는 일괄성 골발육 부전을 일으킬 수 있음",doxycycline hyclate hydrate,149701ATB,,,고려제약(주),미만 (1),모노신정(독시사이클린하이클레이트수화물)_(0.1g/1정),642800590,12,세 (3)
20070030,2007-04-11,,,급여,,"1. 마크로라이드 불응성 마이코플라즈마 폐렴 소아환자에게 투여가능 : 마크로라이드계 항생제 투여 3일 후에도 증상이 개선되지 않는 소아[보건복지부 고시 제2023-252호(약제), ’23.12.20. 참고]2. 8세 이상 신중투여, 다만 다른 약을 사용할 수 없거나 효과가 없는 경우에만3. 소아 등(특히 치아 형성기인 12세 미만의 소아)에 투여 시, 치아의 착색 및 법량질 형성 부전 또는 일괄성 골발육 부전을 일으킬 수 있음",doxycycline hyclate hydrate (as doxycycline),149702ACH,,,하나제약(주),미만 (1),덴티스타캡슐(독시사이클린하이클레이트수화물)_(21.33mg/1캡슐),657800280,12,세 (3)
20070030,2007-04-11,,,급여,,"1. 마크로라이드 불응성 마이코플라즈마 폐렴 소아환자에게 투여가능 : 마크로라이드계 항생제 투여 3일 후에도 증상이 개선되지 않는 소아[보건복지부 고시 제2023-252호(약제), ’23.12.20. 참고]2. 8세 이상 신중투여, 다만 다른 약을 사용할 수 없거나 효과가 없는 경우에만3. 소아 등(특히 치아 형성기인 12세 미만의 소아)에 투여 시, 치아의 착색 및 법량질 형성 부전 또는 일괄성 골발육 부전을 일으킬 수 있음",doxycycline hydrate,149501ACH,,,(주)씨엘팜,미만 (1),독시라마이신캡슐100mg(독시사이클린수화물)_(0.1g/1캡슐),622600110,12,세 (3)
20070030,2007-04-11,,,급여,,"1. 마크로라이드 불응성 마이코플라즈마 폐렴 소아환자에게 투여가능 : 마크로라이드계 항생제 투여 3일 후에도 증상이 개선되지 않는 소아[보건복지부 고시 제2023-252호(약제), ’23.12.20. 참고]2. 8세 이상 신중투여, 다만 다른 약을 사용할 수 없거나 효과가 없는 경우에만3. 소아 등(특히 치아 형성기인 12세 미만의 소아)에 투여 시, 치아의 착색 및 법량질 형성 부전 또는 일괄성 골발육 부전을 일으킬 수 있음",doxycycline hydrate,149501ACH,,,신일제약(주),미만 (1),신일모노독시엠캡슐(독시사이클린수화물)_(0.1g/1캡슐),653801140,12,세 (3)
20070030,2007-04-11,,,급여,,"1. 마크로라이드 불응성 마이코플라즈마 폐렴 소아환자에게 투여가능 : 마크로라이드계 항생제 투여 3일 후에도 증상이 개선되지 않는 소아[보건복지부 고시 제2023-252호(약제), ’23.12.20. 참고]2. 8세 이상 신중투여, 다만 다른 약을 사용할 수 없거나 효과가 없는 경우에만3. 소아 등(특히 치아 형성기인 12세 미만의 소아)에 투여 시, 치아의 착색 및 법량질 형성 부전 또는 일괄성 골발육 부전을 일으킬 수 있음",doxycycline hydrate,149501ATB,,,주식회사 더유제약,미만 (1),독시메디정(독시사이클린수화물)_(0.1g/1정),57000370,12,세 (3)
20070030,2007-04-11,,,급여,,"1. 마크로라이드 불응성 마이코플라즈마 폐렴 소아환자에게 투여가능 : 마크로라이드계 항생제 투여 3일 후에도 증상이 개선되지 않는 소아[보건복지부 고시 제2023-252호(약제), ’23.12.20. 참고]2. 8세 이상 신중투여, 다만 다른 약을 사용할 수 없거나 효과가 없는 경우에만3. 소아 등(특히 치아 형성기인 12세 미만의 소아)에 투여 시, 치아의 착색 및 법량질 형성 부전 또는 일괄성 골발육 부전을 일으킬 수 있음",doxycycline hydrate,149501ATB,,,(주)메디카코리아,미만 (1),바이독시정(독시사이클린수화물)_(0.1g/1정),646004030,12,세 (3)
20070030,2007-04-11,,,급여,,"1. 마크로라이드 불응성 마이코플라즈마 폐렴 소아환자에게 투여가능 : 마크로라이드계 항생제 투여 3일 후에도 증상이 개선되지 않는 소아[보건복지부 고시 제2023-252호(약제), ’23.12.20. 참고]2. 8세 이상 신중투여, 다만 다른 약을 사용할 수 없거나 효과가 없는 경우에만3. 소아 등(특히 치아 형성기인 12세 미만의 소아)에 투여 시, 치아의 착색 및 법량질 형성 부전 또는 일괄성 골발육 부전을 일으킬 수 있음",doxycycline hydrate,149501ATB,,,(주)하원제약,미만 (1),독시정(독시사이클린수화물)_(0.1g/1정),651503540,12,세 (3)
20070030,2007-04-11,,,급여,,"1. 마크로라이드 불응성 마이코플라즈마 폐렴 소아환자에게 투여가능 : 마크로라이드계 항생제 투여 3일 후에도 증상이 개선되지 않는 소아[보건복지부 고시 제2023-252호(약제), ’23.12.20. 참고]2. 8세 이상 신중투여, 다만 다른 약을 사용할 수 없거나 효과가 없는 경우에만3. 소아 등(특히 치아 형성기인 12세 미만의 소아)에 투여 시, 치아의 착색 및 법량질 형성 부전 또는 일괄성 골발육 부전을 일으킬 수 있음",doxycycline hydrate,149501ATB,,,영풍제약(주),미만 (1),영풍독시사이클린정100밀리그램_(0.1g/1정),661901020,12,세 (3)
20070030,2007-04-11,,,급여,,"1. 마크로라이드 불응성 마이코플라즈마 폐렴 소아환자에게 투여가능 : 마크로라이드계 항생제 투여 3일 후에도 증상이 개선되지 않는 소아[보건복지부 고시 제2023-252호(약제), ’23.12.20. 참고]2. 8세 이상 신중투여, 다만 다른 약을 사용할 수 없거나 효과가 없는 경우에만3. 소아 등(특히 치아 형성기인 12세 미만의 소아)에 투여 시, 치아의 착색 및 법량질 형성 부전 또는 일괄성 골발육 부전을 일으킬 수 있음",doxycycline hydrate,149501ATB,,,(주)티디에스팜,미만 (1),독시엔디정(독시사이클린수화물)_(0.1g/1정),679801470,12,세 (3)
20070068,2007-04-11,,,급여,,"1. 마크로라이드 불응성 마이코플라즈마 폐렴 소아환자에게 투여가능 : 마크로라이드계 항생제 투여 3일 후에도 증상이 개선되지 않는 소아[보건복지부 고시 제2023-252호(약제), ’23.12.20. 참고]2. 8세 이상 신중투여, 다만 다른 약을 사용할 수 없거나 효과가 없는 경우에만3. 소아 등(특히 치아 형성기인 12세 미만의 소아)에 투여 시, 치아의 착색 및 법량질 형성 부전 또는 일괄성 골발육 부전을 일으킬 수 있음",doxycycline hydrate,149502ATB,,,(주)바이넥스,미만 (1),독시크정50밀리그램(독시사이클린수화물)_(50mg/1정),643105630,12,세 (3)
20160155,2016-12-30,,,급여,,소아 및 18세 미만의 청소년의 주요우울장애의 치료에는 사용해서는 안됨.만 7세에서 17세까지의 주요우울장애 환자에서 플루옥세틴 군보다 이상사례(주로 오심)로 인한 중단 및 자살행동 높음.,duloxetine hydrochloride (as duloxetine),495501ACE,,,건일바이오팜주식회사,미만 (1),듀록틴캡슐30밀리그램(둘록세틴염산염)_(33.7mg/1캡슐),73001110,18,세 (3)
20160155,2016-12-30,,,급여,,소아 및 18세 미만의 청소년의 주요우울장애의 치료에는 사용해서는 안됨.만 7세에서 17세까지의 주요우울장애 환자에서 플루옥세틴 군보다 이상사례(주로 오심)로 인한 중단 및 자살행동 높음.,duloxetine hydrochloride (as duloxetine),495501ACE,,,(주)마더스제약,미만 (1),두울세틴캡슐30밀리그램(둘록세틴염산염)_(33.7mg/1캡슐),622802390,18,세 (3)
20160155,2016-12-30,,,급여,,소아 및 18세 미만의 청소년의 주요우울장애의 치료에는 사용해서는 안됨.만 7세에서 17세까지의 주요우울장애 환자에서 플루옥세틴 군보다 이상사례(주로 오심)로 인한 중단 및 자살행동 높음.,duloxetine hydrochloride (as duloxetine),495501ACE,,,(주)이든파마,미만 (1),둘로틴캡슐30밀리그램(둘록세틴염산염)_(33.7mg/1캡슐),628900330,18,세 (3)
20160155,2016-12-30,,,급여,,소아 및 18세 미만의 청소년의 주요우울장애의 치료에는 사용해서는 안됨.만 7세에서 17세까지의 주요우울장애 환자에서 플루옥세틴 군보다 이상사례(주로 오심)로 인한 중단 및 자살행동 높음.,duloxetine hydrochloride (as duloxetine),495501ACE,,,에이치케이이노엔(주),미만 (1),듀록타캡슐30밀리그램(둘록세틴염산염)_(33.7mg/1캡슐),640007060,18,세 (3)
20160155,2016-12-30,,,급여,,소아 및 18세 미만의 청소년의 주요우울장애의 치료에는 사용해서는 안됨.만 7세에서 17세까지의 주요우울장애 환자에서 플루옥세틴 군보다 이상사례(주로 오심)로 인한 중단 및 자살행동 높음.,duloxetine hydrochloride (as duloxetine),495501ACE,,,현대약품(주),미만 (1),투발타캡슐30밀리그램(둘록세틴염산염)_(33.7mg/1캡슐),642003400,18,세 (3)
20160155,2016-12-30,,,급여,,소아 및 18세 미만의 청소년의 주요우울장애의 치료에는 사용해서는 안됨.만 7세에서 17세까지의 주요우울장애 환자에서 플루옥세틴 군보다 이상사례(주로 오심)로 인한 중단 및 자살행동 높음.,duloxetine hydrochloride (as duloxetine),495501ACE,,,고려제약(주),미만 (1),듀로프렉스캡슐30밀리그램(둘록세틴염산염)_(33.7mg/1캡슐),642802690,18,세 (3)
20160155,2016-12-30,,,급여,,소아 및 18세 미만의 청소년의 주요우울장애의 치료에는 사용해서는 안됨.만 7세에서 17세까지의 주요우울장애 환자에서 플루옥세틴 군보다 이상사례(주로 오심)로 인한 중단 및 자살행동 높음.,duloxetine hydrochloride (as duloxetine),495501ACE,,,한림제약(주),미만 (1),두셀라캡슐30밀리그램(둘록세틴염산염)_(33.7mg/1캡슐),645304870,18,세 (3)
20160155,2016-12-30,,,급여,,소아 및 18세 미만의 청소년의 주요우울장애의 치료에는 사용해서는 안됨.만 7세에서 17세까지의 주요우울장애 환자에서 플루옥세틴 군보다 이상사례(주로 오심)로 인한 중단 및 자살행동 높음.,duloxetine hydrochloride (as duloxetine),495501ACE,,,동광제약(주),미만 (1),동광둘록세틴캡슐30밀리그램(둘록세틴염산염)_(33.7mg/1캡슐),645905620,18,세 (3)
20160155,2016-12-30,,,급여,,소아 및 18세 미만의 청소년의 주요우울장애의 치료에는 사용해서는 안됨.만 7세에서 17세까지의 주요우울장애 환자에서 플루옥세틴 군보다 이상사례(주로 오심)로 인한 중단 및 자살행동 높음.,duloxetine hydrochloride (as duloxetine),495501ACE,,,(주)메디카코리아,미만 (1),듀세타캡슐30밀리그램(둘록세틴염산염)_(33.7mg/1캡슐),646003840,18,세 (3)
20160155,2016-12-30,,,급여,,소아 및 18세 미만의 청소년의 주요우울장애의 치료에는 사용해서는 안됨.만 7세에서 17세까지의 주요우울장애 환자에서 플루옥세틴 군보다 이상사례(주로 오심)로 인한 중단 및 자살행동 높음.,duloxetine hydrochloride (as duloxetine),495501ACE,,,한국코러스(주),미만 (1),듀로세틴캡슐30밀리그램(둘록세틴염산염)_(33.7mg/1캡슐),647205180,18,세 (3)
20160155,2016-12-30,,,급여,,소아 및 18세 미만의 청소년의 주요우울장애의 치료에는 사용해서는 안됨.만 7세에서 17세까지의 주요우울장애 환자에서 플루옥세틴 군보다 이상사례(주로 오심)로 인한 중단 및 자살행동 높음.,duloxetine hydrochloride (as duloxetine),495501ACE,,,삼진제약(주),미만 (1),세바타캡슐30밀리그램(둘록세틴염산염)_(33.65mg/1캡슐),647803990,18,세 (3)
20160155,2016-12-30,,,급여,,소아 및 18세 미만의 청소년의 주요우울장애의 치료에는 사용해서는 안됨.만 7세에서 17세까지의 주요우울장애 환자에서 플루옥세틴 군보다 이상사례(주로 오심)로 인한 중단 및 자살행동 높음.,duloxetine hydrochloride (as duloxetine),495501ACE,,,(주)유영제약,미만 (1),유록틴캡슐30밀리그램(둘록세틴염산염)_(33.7mg/1캡슐),648203730,18,세 (3)
20160155,2016-12-30,,,급여,,소아 및 18세 미만의 청소년의 주요우울장애의 치료에는 사용해서는 안됨.만 7세에서 17세까지의 주요우울장애 환자에서 플루옥세틴 군보다 이상사례(주로 오심)로 인한 중단 및 자살행동 높음.,duloxetine hydrochloride (as duloxetine),495501ACE,,,유니메드제약(주),미만 (1),듀로센캡슐30밀리그램(둘록세틴염산염)_(33.7mg/1캡슐),649506930,18,세 (3)
20160155,2016-12-30,,,급여,,소아 및 18세 미만의 청소년의 주요우울장애의 치료에는 사용해서는 안됨.만 7세에서 17세까지의 주요우울장애 환자에서 플루옥세틴 군보다 이상사례(주로 오심)로 인한 중단 및 자살행동 높음.,duloxetine hydrochloride (as duloxetine),495501ACE,,,명인제약(주),미만 (1),드록틴캡슐30mg(둘록세틴염산염)_(0.1765g/1캡슐),651903970,18,세 (3)
20160155,2016-12-30,,,급여,,소아 및 18세 미만의 청소년의 주요우울장애의 치료에는 사용해서는 안됨.만 7세에서 17세까지의 주요우울장애 환자에서 플루옥세틴 군보다 이상사례(주로 오심)로 인한 중단 및 자살행동 높음.,duloxetine hydrochloride (as duloxetine),495501ACE,,,(주)한국파마,미만 (1),마이셀타캡슐30밀리그램(둘록세틴염산염)_(33.7mg/1캡슐),653005390,18,세 (3)
20160155,2016-12-30,,,급여,,소아 및 18세 미만의 청소년의 주요우울장애의 치료에는 사용해서는 안됨.만 7세에서 17세까지의 주요우울장애 환자에서 플루옥세틴 군보다 이상사례(주로 오심)로 인한 중단 및 자살행동 높음.,duloxetine hydrochloride (as duloxetine),495501ACE,,,동국제약(주),미만 (1),둘세린캡슐30밀리그램(둘록세틴염산염)_(33.7mg/1캡슐),653403060,18,세 (3)
20160155,2016-12-30,,,급여,,소아 및 18세 미만의 청소년의 주요우울장애의 치료에는 사용해서는 안됨.만 7세에서 17세까지의 주요우울장애 환자에서 플루옥세틴 군보다 이상사례(주로 오심)로 인한 중단 및 자살행동 높음.,duloxetine hydrochloride (as duloxetine),495501ACE,,,환인제약(주),미만 (1),듀로셉톨캡슐30밀리그램(둘록세틴염산염)_(33.645mg/1캡슐),657202720,18,세 (3)
20160155,2016-12-30,,,급여,,소아 및 18세 미만의 청소년의 주요우울장애의 치료에는 사용해서는 안됨.만 7세에서 17세까지의 주요우울장애 환자에서 플루옥세틴 군보다 이상사례(주로 오심)로 인한 중단 및 자살행동 높음.,duloxetine hydrochloride (as duloxetine),495501ACE,,,하나제약(주),미만 (1),듀로스캡슐30밀리그램(둘록세틴염산염)_(33.7mg/1캡슐),657807250,18,세 (3)
20160155,2016-12-30,,,급여,,소아 및 18세 미만의 청소년의 주요우울장애의 치료에는 사용해서는 안됨.만 7세에서 17세까지의 주요우울장애 환자에서 플루옥세틴 군보다 이상사례(주로 오심)로 인한 중단 및 자살행동 높음.,duloxetine hydrochloride (as duloxetine),495501ACE,,,한국릴리(유),미만 (1),심발타캡슐30밀리그램(둘록세틴염산염)_(33.7mg/1캡슐),670800120,18,세 (3)
20160155,2016-12-30,,,급여,,소아 및 18세 미만의 청소년의 주요우울장애의 치료에는 사용해서는 안됨.만 7세에서 17세까지의 주요우울장애 환자에서 플루옥세틴 군보다 이상사례(주로 오심)로 인한 중단 및 자살행동 높음.,duloxetine hydrochloride (as duloxetine),495501ACE,,,(주)다산제약,미만 (1),심발세틴캡슐30밀리그램(둘록세틴염산염)_(0.1685g/1캡슐),678600820,18,세 (3)
20160155,2016-12-30,,,급여,,소아 및 18세 미만의 청소년의 주요우울장애의 치료에는 사용해서는 안됨.만 7세에서 17세까지의 주요우울장애 환자에서 플루옥세틴 군보다 이상사례(주로 오심)로 인한 중단 및 자살행동 높음.,duloxetine hydrochloride (as duloxetine),495501ACE,,,(주)한국글로벌제약,미만 (1),둘세틴캡슐30밀리그램(둘록세틴염산염)_(33.7mg/1캡슐),693201460,18,세 (3)
20160155,2016-12-30,,,급여,,소아 및 18세 미만의 청소년의 주요우울장애의 치료에는 사용해서는 안됨.만 7세에서 17세까지의 주요우울장애 환자에서 플루옥세틴 군보다 이상사례(주로 오심)로 인한 중단 및 자살행동 높음.,duloxetine hydrochloride (as duloxetine),495501ACE,,,(주)셀트리온제약,미만 (1),쥴로틴캡슐30밀리그램(둘록세틴염산염)_(33.65mg/1캡슐),693902010,18,세 (3)
20160155,2016-12-30,,,급여,,소아 및 18세 미만의 청소년의 주요우울장애의 치료에는 사용해서는 안됨.만 7세에서 17세까지의 주요우울장애 환자에서 플루옥세틴 군보다 이상사례(주로 오심)로 인한 중단 및 자살행동 높음.,duloxetine hydrochloride (as duloxetine),495501ACE,,,(주)제뉴파마,미만 (1),피엠에스둘록세틴캡슐30mg(둘록세틴염산염)_(33.7mg/1캡슐),698003820,18,세 (3)
20160155,2016-12-30,,,급여,,소아 및 18세 미만의 청소년의 주요우울장애의 치료에는 사용해서는 안됨.만 7세에서 17세까지의 주요우울장애 환자에서 플루옥세틴 군보다 이상사례(주로 오심)로 인한 중단 및 자살행동 높음.,duloxetine hydrochloride (as duloxetine),495502ACE,,,건일바이오팜주식회사,미만 (1),듀록틴캡슐60밀리그램(둘록세틴염산염)_(67.3mg/1캡슐),73001120,18,세 (3)
20160155,2016-12-30,,,급여,,소아 및 18세 미만의 청소년의 주요우울장애의 치료에는 사용해서는 안됨.만 7세에서 17세까지의 주요우울장애 환자에서 플루옥세틴 군보다 이상사례(주로 오심)로 인한 중단 및 자살행동 높음.,duloxetine hydrochloride (as duloxetine),495502ACE,,,(주)마더스제약,미만 (1),두울세틴캡슐60밀리그램(둘록세틴염산염)_(67.3mg/1캡슐),622802380,18,세 (3)
20160155,2016-12-30,,,급여,,소아 및 18세 미만의 청소년의 주요우울장애의 치료에는 사용해서는 안됨.만 7세에서 17세까지의 주요우울장애 환자에서 플루옥세틴 군보다 이상사례(주로 오심)로 인한 중단 및 자살행동 높음.,duloxetine hydrochloride (as duloxetine),495502ACE,,,에이치케이이노엔(주),미만 (1),듀록타캡슐60밀리그램(둘록세틴염산염)_(67.3mg/1캡슐),640007070,18,세 (3)
20160155,2016-12-30,,,급여,,소아 및 18세 미만의 청소년의 주요우울장애의 치료에는 사용해서는 안됨.만 7세에서 17세까지의 주요우울장애 환자에서 플루옥세틴 군보다 이상사례(주로 오심)로 인한 중단 및 자살행동 높음.,duloxetine hydrochloride (as duloxetine),495502ACE,,,현대약품(주),미만 (1),투발타캡슐60밀리그램(둘록세틴염산염)_(67.3mg/1캡슐),642003410,18,세 (3)
20160155,2016-12-30,,,급여,,소아 및 18세 미만의 청소년의 주요우울장애의 치료에는 사용해서는 안됨.만 7세에서 17세까지의 주요우울장애 환자에서 플루옥세틴 군보다 이상사례(주로 오심)로 인한 중단 및 자살행동 높음.,duloxetine hydrochloride (as duloxetine),495502ACE,,,고려제약(주),미만 (1),듀로프렉스캡슐60밀리그램(둘록세틴염산염)_(67.3mg/1캡슐),642802640,18,세 (3)
20160155,2016-12-30,,,급여,,소아 및 18세 미만의 청소년의 주요우울장애의 치료에는 사용해서는 안됨.만 7세에서 17세까지의 주요우울장애 환자에서 플루옥세틴 군보다 이상사례(주로 오심)로 인한 중단 및 자살행동 높음.,duloxetine hydrochloride (as duloxetine),495502ACE,,,한림제약(주),미만 (1),두셀라캡슐60밀리그램(둘록세틴염산염)_(67.3mg/1캡슐),645304860,18,세 (3)
20160155,2016-12-30,,,급여,,소아 및 18세 미만의 청소년의 주요우울장애의 치료에는 사용해서는 안됨.만 7세에서 17세까지의 주요우울장애 환자에서 플루옥세틴 군보다 이상사례(주로 오심)로 인한 중단 및 자살행동 높음.,duloxetine hydrochloride (as duloxetine),495502ACE,,,동광제약(주),미만 (1),동광둘록세틴캡슐60밀리그램(둘록세틴염산염)_(67.3mg/1캡슐),645905630,18,세 (3)
20160155,2016-12-30,,,급여,,소아 및 18세 미만의 청소년의 주요우울장애의 치료에는 사용해서는 안됨.만 7세에서 17세까지의 주요우울장애 환자에서 플루옥세틴 군보다 이상사례(주로 오심)로 인한 중단 및 자살행동 높음.,duloxetine hydrochloride (as duloxetine),495502ACE,,,(주)메디카코리아,미만 (1),듀세타캡슐60밀리그램(둘록세틴염산염)_(67.3mg/1캡슐),646003830,18,세 (3)
20160155,2016-12-30,,,급여,,소아 및 18세 미만의 청소년의 주요우울장애의 치료에는 사용해서는 안됨.만 7세에서 17세까지의 주요우울장애 환자에서 플루옥세틴 군보다 이상사례(주로 오심)로 인한 중단 및 자살행동 높음.,duloxetine hydrochloride (as duloxetine),495502ACE,,,삼진제약(주),미만 (1),세바타캡슐60밀리그램(둘록세틴염산염)_(67.3mg/1캡슐),647804000,18,세 (3)
20160155,2016-12-30,,,급여,,소아 및 18세 미만의 청소년의 주요우울장애의 치료에는 사용해서는 안됨.만 7세에서 17세까지의 주요우울장애 환자에서 플루옥세틴 군보다 이상사례(주로 오심)로 인한 중단 및 자살행동 높음.,duloxetine hydrochloride (as duloxetine),495502ACE,,,(주)유영제약,미만 (1),유록틴캡슐60밀리그램(둘록세틴염산염)_(67.3mg/1캡슐),648203740,18,세 (3)
20160155,2016-12-30,,,급여,,소아 및 18세 미만의 청소년의 주요우울장애의 치료에는 사용해서는 안됨.만 7세에서 17세까지의 주요우울장애 환자에서 플루옥세틴 군보다 이상사례(주로 오심)로 인한 중단 및 자살행동 높음.,duloxetine hydrochloride (as duloxetine),495502ACE,,,유니메드제약(주),미만 (1),듀로센캡슐60밀리그램(둘록세틴염산염)_(67.3mg/1캡슐),649506440,18,세 (3)
20160155,2016-12-30,,,급여,,소아 및 18세 미만의 청소년의 주요우울장애의 치료에는 사용해서는 안됨.만 7세에서 17세까지의 주요우울장애 환자에서 플루옥세틴 군보다 이상사례(주로 오심)로 인한 중단 및 자살행동 높음.,duloxetine hydrochloride (as duloxetine),495502ACE,,,명인제약(주),미만 (1),드록틴캡슐60mg(둘록세틴염산염)_(67.3mg/1캡슐),651903960,18,세 (3)
20160155,2016-12-30,,,급여,,소아 및 18세 미만의 청소년의 주요우울장애의 치료에는 사용해서는 안됨.만 7세에서 17세까지의 주요우울장애 환자에서 플루옥세틴 군보다 이상사례(주로 오심)로 인한 중단 및 자살행동 높음.,duloxetine hydrochloride (as duloxetine),495502ACE,,,(주)한국파마,미만 (1),마이셀타캡슐60밀리그램(둘록세틴염산염)_(67.3mg/1캡슐),653005400,18,세 (3)
20160155,2016-12-30,,,급여,,소아 및 18세 미만의 청소년의 주요우울장애의 치료에는 사용해서는 안됨.만 7세에서 17세까지의 주요우울장애 환자에서 플루옥세틴 군보다 이상사례(주로 오심)로 인한 중단 및 자살행동 높음.,duloxetine hydrochloride (as duloxetine),495502ACE,,,동국제약(주),미만 (1),둘세린캡슐60밀리그램(둘록세틴염산염)_(67.3mg/1캡슐),653403050,18,세 (3)
20160155,2016-12-30,,,급여,,소아 및 18세 미만의 청소년의 주요우울장애의 치료에는 사용해서는 안됨.만 7세에서 17세까지의 주요우울장애 환자에서 플루옥세틴 군보다 이상사례(주로 오심)로 인한 중단 및 자살행동 높음.,duloxetine hydrochloride (as duloxetine),495502ACE,,,환인제약(주),미만 (1),듀로셉톨캡슐60밀리그램(둘록세틴염산염)_(67.29mg/1캡슐),657202730,18,세 (3)
20160155,2016-12-30,,,급여,,소아 및 18세 미만의 청소년의 주요우울장애의 치료에는 사용해서는 안됨.만 7세에서 17세까지의 주요우울장애 환자에서 플루옥세틴 군보다 이상사례(주로 오심)로 인한 중단 및 자살행동 높음.,duloxetine hydrochloride (as duloxetine),495502ACE,,,하나제약(주),미만 (1),듀로스캡슐60밀리그램(둘록세틴염산염)_(67.3mg/1캡슐),657807260,18,세 (3)
20160155,2016-12-30,,,급여,,소아 및 18세 미만의 청소년의 주요우울장애의 치료에는 사용해서는 안됨.만 7세에서 17세까지의 주요우울장애 환자에서 플루옥세틴 군보다 이상사례(주로 오심)로 인한 중단 및 자살행동 높음.,duloxetine hydrochloride (as duloxetine),495502ACE,,,한국릴리(유),미만 (1),심발타캡슐60밀리그램(둘록세틴염산염)_(67.3mg/1캡슐),670800130,18,세 (3)
20160155,2016-12-30,,,급여,,소아 및 18세 미만의 청소년의 주요우울장애의 치료에는 사용해서는 안됨.만 7세에서 17세까지의 주요우울장애 환자에서 플루옥세틴 군보다 이상사례(주로 오심)로 인한 중단 및 자살행동 높음.,duloxetine hydrochloride (as duloxetine),495502ACE,,,(주)다산제약,미만 (1),심발세틴캡슐60밀리그램(둘록세틴염산염)_(0.337g/1캡슐),678600830,18,세 (3)
20160155,2016-12-30,,,급여,,소아 및 18세 미만의 청소년의 주요우울장애의 치료에는 사용해서는 안됨.만 7세에서 17세까지의 주요우울장애 환자에서 플루옥세틴 군보다 이상사례(주로 오심)로 인한 중단 및 자살행동 높음.,duloxetine hydrochloride (as duloxetine),495502ACE,,,(주)한국글로벌제약,미만 (1),둘세틴캡슐60밀리그램(둘록세틴염산염)_(67.3mg/1캡슐),693201470,18,세 (3)
20160155,2016-12-30,,,급여,,소아 및 18세 미만의 청소년의 주요우울장애의 치료에는 사용해서는 안됨.만 7세에서 17세까지의 주요우울장애 환자에서 플루옥세틴 군보다 이상사례(주로 오심)로 인한 중단 및 자살행동 높음.,duloxetine hydrochloride (as duloxetine),495502ACE,,,(주)셀트리온제약,미만 (1),쥴로틴캡슐60밀리그램(둘록세틴염산염)_(67.3mg/1캡슐),693902020,18,세 (3)
20160155,2016-12-30,,,급여,,소아 및 18세 미만의 청소년의 주요우울장애의 치료에는 사용해서는 안됨.만 7세에서 17세까지의 주요우울장애 환자에서 플루옥세틴 군보다 이상사례(주로 오심)로 인한 중단 및 자살행동 높음.,duloxetine hydrochloride (as duloxetine),495502ACE,,,(주)제뉴파마,미만 (1),피엠에스둘록세틴캡슐60mg(둘록세틴염산염)_(67.3mg/1캡슐),698003830,18,세 (3)
20070030,2007-04-11,,,급여,,안전성 및 유효성 미확립,dutasteride,458801ACS,,,코스맥스파마(주),미만 (1),아보투윈연질캡슐0.5밀리그램(두타스테리드)_(0.5mg/1캡슐),55100610,18,세 (3)
20070030,2007-04-11,,,급여,,안전성 및 유효성 미확립,dutasteride,458801ACS,,,건일바이오팜주식회사,미만 (1),두모보연질캡슐0.5밀리그램(두타스테리드)_(0.5mg/1캡슐),73001050,18,세 (3)
20070030,2007-04-11,,,급여,,안전성 및 유효성 미확립,dutasteride,458801ACS,,,(주)마더스제약,미만 (1),아보엠연질캡슐0.5밀리그램(두타스테리드)_(0.5mg/1캡슐),622805040,18,세 (3)
20070030,2007-04-11,,,급여,,안전성 및 유효성 미확립,dutasteride,458801ACS,,,(주)한독테바,미만 (1),자이가드연질캡슐0.5밀리그램(두타스테리드)_(0.5mg/1캡슐),626900620,18,세 (3)
20070030,2007-04-11,,,급여,,안전성 및 유효성 미확립,dutasteride,458801ACS,,,(주)대웅제약,미만 (1),두타겟연질캡슐0.5밀리그램(두타스테리드)_(0.5mg/1캡슐),641606190,18,세 (3)
20070030,2007-04-11,,,급여,,안전성 및 유효성 미확립,dutasteride,458801ACS,,,일양약품(주),미만 (1),아보스타연질캡슐0.5밀리그램(두타스테리드)_(0.5mg/1캡슐),641703790,18,세 (3)
20070030,2007-04-11,,,급여,,안전성 및 유효성 미확립,dutasteride,458801ACS,,,광동제약(주),미만 (1),두아보연질캡슐0.5밀리그램(두타스테리드)_(0.5mg/1캡슐),641805800,18,세 (3)
20070030,2007-04-11,,,급여,,안전성 및 유효성 미확립,dutasteride,458801ACS,,,현대약품(주),미만 (1),다모다트연질캡슐0.5밀리그램(두타스테리드)_(0.5mg/1캡슐),642003640,18,세 (3)
20070030,2007-04-11,,,급여,,안전성 및 유효성 미확립,dutasteride,458801ACS,,,(주)유한양행,미만 (1),아보테리드연질캡슐0.5밀리그램(두타스테리드)_(0.5mg/1캡슐),642104080,18,세 (3)
20070030,2007-04-11,,,급여,,안전성 및 유효성 미확립,dutasteride,458801ACS,,,동아에스티(주),미만 (1),두타반연질캡슐(두타스테리드)_(0.5mg/1캡슐),642506360,18,세 (3)
20070030,2007-04-11,,,급여,,안전성 및 유효성 미확립,dutasteride,458801ACS,,,(주)종근당,미만 (1),두테스몰연질캡슐0.5밀리그램(두타스테리드)_(0.5mg/1캡슐),643305930,18,세 (3)
20070030,2007-04-11,,,급여,,안전성 및 유효성 미확립,dutasteride,458801ACS,,,한미약품(주),미만 (1),두테드연질캡슐0.5밀리그램(두타스테리드)_(0.5mg/1캡슐),643505870,18,세 (3)
20070030,2007-04-11,,,급여,,안전성 및 유효성 미확립,dutasteride,458801ACS,,,국제약품(주),미만 (1),아보스티드연질캡슐0.5밀리그램(두타스테리드)_(0.5mg/1캡슐),643703980,18,세 (3)
20070030,2007-04-11,,,급여,,안전성 및 유효성 미확립,dutasteride,458801ACS,,,제이더블유신약(주),미만 (1),네오다트연질캡슐0.5밀리그램(두타스테리드)_(0.5mg/1캡슐),644101840,18,세 (3)
20070030,2007-04-11,,,급여,,안전성 및 유효성 미확립,dutasteride,458801ACS,,,한국유나이티드제약(주),미만 (1),아보탄연질캡슐0.5밀리그램(두타스테리드)_(0.5mg/1캡슐),644308980,18,세 (3)
20070030,2007-04-11,,,급여,,안전성 및 유효성 미확립,dutasteride,458801ACS,,,(주)유유제약,미만 (1),유힐릭스연질캡슐0.5밀리그램(두타스테리드)_(0.5mg/1캡슐),644501810,18,세 (3)
20070030,2007-04-11,,,급여,,안전성 및 유효성 미확립,dutasteride,458801ACS,,,제일약품(주),미만 (1),두타젠연질캡슐0.5밀리그램(두타스테리드)_(0.5mg/1캡슐),645404390,18,세 (3)
20070030,2007-04-11,,,급여,,안전성 및 유효성 미확립,dutasteride,458801ACS,,,동광제약(주),미만 (1),두테론연질캡슐0.5밀리그램(두타스테리드)_(0.5mg/1캡슐),645905930,18,세 (3)
20070030,2007-04-11,,,급여,,안전성 및 유효성 미확립,dutasteride,458801ACS,,,삼진제약(주),미만 (1),아두타연질캡슐0.5밀리그램(두타스테리드)_(0.5mg/1캡슐),647804350,18,세 (3)
20070030,2007-04-11,,,급여,,안전성 및 유효성 미확립,dutasteride,458801ACS,,,경동제약(주),미만 (1),두로칸연질캡슐0.5밀리그램(두타스테리드)_(0.5mg/1캡슐),648103600,18,세 (3)
20070030,2007-04-11,,,급여,,안전성 및 유효성 미확립,dutasteride,458801ACS,,,(주)씨엠지제약,미만 (1),씨엠두타연질캡슐0.5mg(두타스테리드)_(0.5mg/1캡슐),648604240,18,세 (3)
20070030,2007-04-11,,,급여,,안전성 및 유효성 미확립,dutasteride,458801ACS,,,한국휴텍스제약(주),미만 (1),원투스테리드연질캡슐(두타스테리드)_(0.5mg/1캡슐),649102680,18,세 (3)
20070030,2007-04-11,,,급여,,안전성 및 유효성 미확립,dutasteride,458801ACS,,,(주)글락소스미스클라인,미만 (1),아보다트연질캡슐0.5밀리그램(두타스테리드)_(0.5mg/1캡슐),650000780,18,세 (3)
20070030,2007-04-11,,,급여,,안전성 및 유효성 미확립,dutasteride,458801ACS,,,삼천당제약(주),미만 (1),삼천당두타스테리드연질캡슐0.5밀리그램_(0.5mg/1캡슐),651204460,18,세 (3)
20070030,2007-04-11,,,급여,,안전성 및 유효성 미확립,dutasteride,458801ACS,,,동국제약(주),미만 (1),두타드연질캡슐0.5밀리그램(두타스테리드)_(0.5mg/1캡슐),653403330,18,세 (3)
20070030,2007-04-11,,,급여,,안전성 및 유효성 미확립,dutasteride,458801ACS,,,아주약품(주),미만 (1),아나딘연질캡슐0.5밀리그램(두타스테리드)_(0.5mg/1캡슐),654003830,18,세 (3)
20070030,2007-04-11,,,급여,,안전성 및 유효성 미확립,dutasteride,458801ACS,,,알리코제약(주),미만 (1),두타락연질캡슐0.5밀리그램(두타스테리드)_(0.5mg/1캡슐),656004200,18,세 (3)
20070030,2007-04-11,,,급여,,안전성 및 유효성 미확립,dutasteride,458801ACS,,,(주)동구바이오제약,미만 (1),동구두타리드연질캡슐(두타스테리드)_(0.5mg/1캡슐),657308880,18,세 (3)
20070030,2007-04-11,,,급여,,안전성 및 유효성 미확립,dutasteride,458801ACS,,,(주)비보존제약,미만 (1),타테린연질캡슐0.5밀리그램(두타스테리드)_(0.5mg/1캡슐),658203810,18,세 (3)
20070030,2007-04-11,,,급여,,안전성 및 유효성 미확립,dutasteride,458801ACS,,,이연제약(주),미만 (1),두타스카연질캡슐0.5밀리그램(두타스테리드)_(0.5mg/1캡슐),658603220,18,세 (3)
20070030,2007-04-11,,,급여,,안전성 및 유효성 미확립,dutasteride,458801ACS,,,(주)한국팜비오,미만 (1),아보두타연질캡슐0.5밀리그램(두타스테리드)_(0.5mg/1캡슐),659901060,18,세 (3)
20070030,2007-04-11,,,급여,,안전성 및 유효성 미확립,dutasteride,458801ACS,,,(주)씨티씨바이오,미만 (1),유로다트연질캡슐0.5mg(두타스테리드)_(0.5mg/1캡슐),669502020,18,세 (3)
20070030,2007-04-11,,,급여,,안전성 및 유효성 미확립,dutasteride,458801ACS,,,(주)휴온스,미만 (1),휴다트연질캡슐0.5밀리그램(두타스테리드)_(0.5mg/1캡슐),670608790,18,세 (3)
20070030,2007-04-11,,,급여,,안전성 및 유효성 미확립,dutasteride,458801ACS,,,주식회사제뉴원사이언스,미만 (1),프로다트연질캡슐0.5밀리그램(두타스테리드)_(0.5mg/1캡슐),671704980,18,세 (3)
20070030,2007-04-11,,,급여,,안전성 및 유효성 미확립,dutasteride,458801ACS,,,대원제약(주),미만 (1),두타텍트연질캡슐0.5밀리그램(두타스테리드)_(0.5mg/1캡슐),671805270,18,세 (3)
20070030,2007-04-11,,,급여,,안전성 및 유효성 미확립,dutasteride,458801ACS,,,주식회사큐엘파마,미만 (1),두타라이드연질캡슐0.5밀리그램(두타스테리드)_(0.5mg/1캡슐),673400160,18,세 (3)
20070030,2007-04-11,,,급여,,안전성 및 유효성 미확립,dutasteride,458801ACS,,,대웅바이오(주),미만 (1),대웅바이오두타스테리드연질캡슐0.5밀리그램_(0.5mg/1캡슐),694000980,18,세 (3)
20230045,2023-07-05,,,급여,,안전성 및 유효성 미확립,dutasteride,458801ATB,,,주식회사 더유제약,미만 (1),두타케어정0.5밀리그램(두타스테리드)_(0.5mg/1정),57000450,18,세 (3)
20230045,2023-07-05,,,급여,,안전성 및 유효성 미확립,dutasteride,458801ATB,,,한국신텍스제약(주),미만 (1),두타린정0.5밀리그램(두타스테리드)_(0.5mg/1정),623006290,18,세 (3)
20230045,2023-07-05,,,급여,,안전성 및 유효성 미확립,dutasteride,458801ATB,,,(주)화이트생명과학,미만 (1),두타스타정0.5밀리그램(두타스테리드)_(0.5mg/1정),625201940,18,세 (3)
20230045,2023-07-05,,,급여,,안전성 및 유효성 미확립,dutasteride,458801ATB,,,(주)텔콘알에프제약,미만 (1),두리드정0.5밀리그램(두타스테리드)_(0.5mg/1정),625501110,18,세 (3)
20230045,2023-07-05,,,급여,,안전성 및 유효성 미확립,dutasteride,458801ATB,,,에이치케이이노엔(주),미만 (1),케이두타다트정0.5밀리그램(두타스테리드)_(0.5mg/1정),640007610,18,세 (3)
20230045,2023-07-05,,,급여,,안전성 및 유효성 미확립,dutasteride,458801ATB,,,현대약품(주),미만 (1),다모다트정0.5밀리그램(두타스테리드)_(0.5mg/1정),642004230,18,세 (3)
20230045,2023-07-05,,,급여,,안전성 및 유효성 미확립,dutasteride,458801ATB,,,삼성제약(주),미만 (1),삼성두타스테리드정0.5밀리그램_(0.5mg/1정),642308200,18,세 (3)
20230045,2023-07-05,,,급여,,안전성 및 유효성 미확립,dutasteride,458801ATB,,,동아에스티(주),미만 (1),두타반플러스정(두타스테리드)_(0.5mg/1정),642507510,18,세 (3)
20230045,2023-07-05,,,급여,,안전성 및 유효성 미확립,dutasteride,458801ATB,,,제이더블유신약(주),미만 (1),네오다트정0.5밀리그램(두타스테리드)_(0.5mg/1정),644103200,18,세 (3)
20230045,2023-07-05,,,급여,,안전성 및 유효성 미확립,dutasteride,458801ATB,,,제이더블유중외제약(주),미만 (1),제이다트정0.5밀리그램(두타스테리드)_(0.5mg/1정),644914500,18,세 (3)
20230045,2023-07-05,,,급여,,안전성 및 유효성 미확립,dutasteride,458801ATB,,,에이치엘비제약(주),미만 (1),두타스테린정0.5밀리그램(두타스테리드)_(0.5mg/1정),647303640,18,세 (3)
20230045,2023-07-05,,,급여,,안전성 및 유효성 미확립,dutasteride,458801ATB,,,경동제약(주),미만 (1),두로칸정0.5밀리그램(두타스테리드)_(0.5mg/1정),648104670,18,세 (3)
20230045,2023-07-05,,,급여,,안전성 및 유효성 미확립,dutasteride,458801ATB,,,안국약품(주),미만 (1),에이두타정0.5밀리그램(두타스테리드)_(0.5mg/1정),650204940,18,세 (3)
20230045,2023-07-05,,,급여,,안전성 및 유효성 미확립,dutasteride,458801ATB,,,삼천당제약(주),미만 (1),삼천당두타스테리드정0.5밀리그램_(0.5mg/1정),651205440,18,세 (3)
20230045,2023-07-05,,,급여,,안전성 및 유효성 미확립,dutasteride,458801ATB,,,알보젠코리아(주),미만 (1),두타론정0.5밀리그램(두타스테리드)_(0.5mg/1정),652606460,18,세 (3)
20230045,2023-07-05,,,급여,,안전성 및 유효성 미확립,dutasteride,458801ATB,,,(주)한국파마,미만 (1),아보타스정(두타스테리드)_(0.5mg/1정),653006230,18,세 (3)
20230045,2023-07-05,,,급여,,안전성 및 유효성 미확립,dutasteride,458801ATB,,,한올바이오파마(주),미만 (1),아다모정0.5밀리그램(두타스테리드)_(0.5mg/1정),655605220,18,세 (3)
20230045,2023-07-05,,,급여,,안전성 및 유효성 미확립,dutasteride,458801ATB,,,(주)동구바이오제약,미만 (1),두타리드정0.5밀리그램(두타스테리드)_(0.5mg/1정),657307240,18,세 (3)
20230045,2023-07-05,,,급여,,안전성 및 유효성 미확립,dutasteride,458801ATB,,,하나제약(주),미만 (1),두로케어정0.5밀리그램(두타스테리드)_(0.5mg/1정),657806240,18,세 (3)
20230045,2023-07-05,,,급여,,안전성 및 유효성 미확립,dutasteride,458801ATB,,,영풍제약(주),미만 (1),아보테드정0.5밀리그램(두타스테리드)_(0.5mg/1정),661905420,18,세 (3)
20230045,2023-07-05,,,급여,,안전성 및 유효성 미확립,dutasteride,458801ATB,,,(주)넥스팜코리아,미만 (1),두테스정0.5밀리그램(두타스테리드)_(0.5mg/1정),662503970,18,세 (3)
20230045,2023-07-05,,,급여,,안전성 및 유효성 미확립,dutasteride,458801ATB,,,한국프라임제약(주),미만 (1),아리드정0.5밀리그램(두타스테리드)_(0.5mg/1정),663608780,18,세 (3)
20230045,2023-07-05,,,급여,,안전성 및 유효성 미확립,dutasteride,458801ATB,,,구주제약(주),미만 (1),듀타그렌정0.5mg(두타스테리드)_(0.5mg/1정),669805130,18,세 (3)
20230045,2023-07-05,,,급여,,안전성 및 유효성 미확립,dutasteride,458801ATB,,,대한뉴팜(주),미만 (1),엔피다트정(두타스테리드)_(0.5mg/1정),669907260,18,세 (3)
20230045,2023-07-05,,,급여,,안전성 및 유효성 미확립,dutasteride,458801ATB,,,주식회사큐엘파마,미만 (1),두타엘정0.5밀리그램(두타스테리드)_(0.5mg/1정),673400130,18,세 (3)
20230045,2023-07-05,,,급여,,안전성 및 유효성 미확립,dutasteride,458801ATB,,,(주)다산제약,미만 (1),두타프렌정0.5밀리그램(두타스테리드)_(0.5mg/1정),678601700,18,세 (3)
20230045,2023-07-05,,,급여,,안전성 및 유효성 미확립,dutasteride,458801ATB,,,(주)라이트팜텍,미만 (1),머카나정0.5밀리그램(두타스테리드)_(0.5mg/1정),690302870,18,세 (3)
20230045,2023-07-05,,,급여,,안전성 및 유효성 미확립,dutasteride,458801ATB,,,(주)한국글로벌제약,미만 (1),아보그로정0.5밀리그램(두타스테리드)_(0.5mg/1정),693201860,18,세 (3)
20230045,2023-07-05,,,급여,,안전성 및 유효성 미확립,dutasteride,458801ATB,,,대웅바이오(주),미만 (1),대웅바이오두타스테리드정0.5밀리그램_(0.5mg/1정),694001760,18,세 (3)
20220049,2022-06-30,,,급여,,18세 미만의 소아 환자에서의 안전성 및 유효성 미확립,eszopiclone,680401ATB,,,영진약품(주),미만 (1),영진조피클론정1밀리그램(에스조피클론)_(1mg/1정),642404880,18,세 (3)
20220049,2022-06-30,,,급여,,18세 미만의 소아 환자에서의 안전성 및 유효성 미확립,eszopiclone,680401ATB,,,명인제약(주),미만 (1),조스정1밀리그램(에스조피클론)_(1mg/1정),651904900,18,세 (3)
20220049,2022-06-30,,,급여,,18세 미만의 소아 환자에서의 안전성 및 유효성 미확립,eszopiclone,680401ATB,,,(주)휴온스,미만 (1),조피스타정1밀리그램(에스조피클론)_(1mg/1정),670608170,18,세 (3)
20220049,2022-06-30,,,급여,,18세 미만의 소아 환자에서의 안전성 및 유효성 미확립,eszopiclone,680402ATB,,,영진약품(주),미만 (1),영진조피클론정2밀리그램(에스조피클론)_(2mg/1정),642404890,18,세 (3)
20220049,2022-06-30,,,급여,,18세 미만의 소아 환자에서의 안전성 및 유효성 미확립,eszopiclone,680402ATB,,,명인제약(주),미만 (1),조스정2밀리그램(에스조피클론)_(2mg/1정),651904910,18,세 (3)
20220049,2022-06-30,,,급여,,18세 미만의 소아 환자에서의 안전성 및 유효성 미확립,eszopiclone,680402ATB,,,(주)휴온스,미만 (1),조피스타정2밀리그램(에스조피클론)_(2mg/1정),670608180,18,세 (3)
20220049,2022-06-30,,,급여,,18세 미만의 소아 환자에서의 안전성 및 유효성 미확립,eszopiclone,680403ATB,,,영진약품(주),미만 (1),영진조피클론정3밀리그램(에스조피클론)_(3mg/1정),642404900,18,세 (3)
20220049,2022-06-30,,,급여,,18세 미만의 소아 환자에서의 안전성 및 유효성 미확립,eszopiclone,680403ATB,,,명인제약(주),미만 (1),조스정3밀리그램(에스조피클론)_(3mg/1정),651904920,18,세 (3)
20220049,2022-06-30,,,급여,,18세 미만의 소아 환자에서의 안전성 및 유효성 미확립,eszopiclone,680403ATB,,,(주)휴온스,미만 (1),조피스타정3밀리그램(에스조피클론)_(3mg/1정),670608190,18,세 (3)
20090300,2009-12-03,,,급여,,,etomidate,157030BIJ,,,비브라운코리아(주),미만 (1),에토미데이트리푸로주_(20mg/10mL),667400511,2,세 (3)
20210072,2021-08-31,,,급여,,안전성 미확립. 일부 소아에서 중증 호흡억제 발생,fentanyl,158209CPC,,,한림제약(주),미만 (1),펜타덤패취12μg/h(펜타닐)_(2.5㎠/1매),645304800,18,세 (3)
20210072,2021-08-31,,,급여,,안전성 미확립. 일부 소아에서 중증 호흡억제 발생,fentanyl,158209CPC,,,(주)한국얀센,미만 (1),듀로제식디트랜스패취12㎍/h(펜타닐)_(5.25㎠/1매),646900090,18,세 (3)
20210072,2021-08-31,,,급여,,안전성 미확립. 일부 소아에서 중증 호흡억제 발생,fentanyl,158209CPC,,,명문제약(주),미만 (1),명문펜타닐패취12㎍/h(펜타닐)_(5.25㎠/1매),649806240,18,세 (3)
20210072,2021-08-31,,,급여,,안전성 미확립. 일부 소아에서 중증 호흡억제 발생,fentanyl,158209CPC,,,(주)한국팜비오,미만 (1),펜타듀르패취12ug/h(펜타닐)_(5㎠/1매),659901030,18,세 (3)
20210072,2021-08-31,,,급여,,안전성 미확립. 일부 소아에서 중증 호흡억제 발생,fentanyl,158210CPC,,,한림제약(주),미만 (1),펜타덤패취25μg/h(펜타닐)_(5㎠/1매),645304790,18,세 (3)
20210072,2021-08-31,,,급여,,안전성 미확립. 일부 소아에서 중증 호흡억제 발생,fentanyl,158210CPC,,,(주)한국얀센,미만 (1),듀로제식디트랜스패취25μg/h(펜타닐)_(10.5㎠/1매),646900100,18,세 (3)
20210072,2021-08-31,,,급여,,안전성 미확립. 일부 소아에서 중증 호흡억제 발생,fentanyl,158210CPC,,,명문제약(주),미만 (1),명문펜타닐패취25㎍/h(펜타닐)_(10.5㎠/1매),649806250,18,세 (3)
20210072,2021-08-31,,,급여,,안전성 미확립. 일부 소아에서 중증 호흡억제 발생,fentanyl,158210CPC,,,(주)한국팜비오,미만 (1),펜타듀르패취25μg/h(펜타닐)_(10㎠/1매),659901020,18,세 (3)
20210072,2021-08-31,,,급여,,안전성 미확립. 일부 소아에서 중증 호흡억제 발생,fentanyl,158211CPC,,,한림제약(주),미만 (1),펜타덤패취50μg/h(펜타닐)_(10㎠/1매),645304830,18,세 (3)
20210072,2021-08-31,,,급여,,안전성 미확립. 일부 소아에서 중증 호흡억제 발생,fentanyl,158211CPC,,,(주)한국얀센,미만 (1),듀로제식디트랜스패취50㎍/h(펜타닐)_(21㎠/1매),646900110,18,세 (3)
20210072,2021-08-31,,,급여,,안전성 미확립. 일부 소아에서 중증 호흡억제 발생,fentanyl,158211CPC,,,명문제약(주),미만 (1),명문펜타닐패취50㎍/h(펜타닐)_(21㎠/1매),649806230,18,세 (3)
20210072,2021-08-31,,,급여,,안전성 미확립. 일부 소아에서 중증 호흡억제 발생,fentanyl,158211CPC,,,(주)한국팜비오,미만 (1),펜타듀르패취50μg/h(펜타닐)_(20㎠/1매),659901010,18,세 (3)
20210072,2021-08-31,,,급여,,안전성 미확립. 일부 소아에서 중증 호흡억제 발생,fentanyl,158213CPC,,,한림제약(주),미만 (1),펜타덤패취100㎍/h(펜타닐)_(20㎠/1매),645305180,18,세 (3)
20210072,2021-08-31,,,급여,,안전성 미확립. 일부 소아에서 중증 호흡억제 발생,fentanyl,158213CPC,,,(주)한국얀센,미만 (1),듀로제식디트랜스패취100μg/h(펜타닐)_(42㎠/1매),646901010,18,세 (3)
20210072,2021-08-31,,,급여,,안전성 미확립. 일부 소아에서 중증 호흡억제 발생,fentanyl,158213CPC,,,(주)한국팜비오,미만 (1),펜타듀르패취100μg/h(펜타닐)_(40㎠/1매),659900990,18,세 (3)
20190131,2019-12-17,,,급여,,적절한 투여 용량 및 안전성 미확립,fentanyl citrate (as fentanyl),158305ATC,,,현대약품(주),미만 (1),액틱구강정200마이크로그램(구연산펜타닐)_(0.3142mg/1정),642000770,18,세 (3)
20190131,2019-12-17,,,급여,,적절한 투여 용량 및 안전성 미확립,fentanyl citrate (as fentanyl),158306ATC,,,현대약품(주),미만 (1),액틱구강정400마이크로그램(구연산펜타닐)_(0.6284mg/1정),642000780,18,세 (3)
20190131,2019-12-17,,,급여,,적절한 투여 용량 및 안전성 미확립,fentanyl citrate (as fentanyl),158307ATC,,,현대약품(주),미만 (1),액틱구강정600마이크로그램(구연산펜타닐)_(0.9426mg/1정),642000790,18,세 (3)
20190131,2019-12-17,,,급여,,적절한 투여 용량 및 안전성 미확립,fentanyl citrate (as fentanyl),158308ATC,,,현대약품(주),미만 (1),액틱구강정800마이크로그램(구연산펜타닐)_(1.2568mg/1정),642000800,18,세 (3)
20190131,2019-12-17,,,급여,,적절한 투여 용량 및 안전성 미확립,fentanyl citrate (as fentanyl),158313ATC,,,(주)한독테바,미만 (1),펜토라박칼정200마이크로그램(펜타닐시트르산염)_(0.314mg/1정),626900400,18,세 (3)
20190131,2019-12-17,,,급여,,적절한 투여 용량 및 안전성 미확립,fentanyl citrate (as fentanyl),158314ATC,,,(주)한독테바,미만 (1),펜토라박칼정400마이크로그램(펜타닐시트르산염)_(0.628mg/1정),626900410,18,세 (3)
20190131,2019-12-17,,,급여,,안전성 및 유효성 미확립,fentanyl citrate (as fentanyl),158314ATL,,,(주)한국팜비오,미만 (1),펜타칸설하정 400마이크로그램 (펜타닐시트르산염)_(0.63mg/1정),659901100,18,세 (3)
20190131,2019-12-17,,,급여,,적절한 투여 용량 및 안전성 미확립,fentanyl citrate (as fentanyl),158315ATC,,,(주)한독테바,미만 (1),펜토라박칼정600마이크로그램(펜타닐시트르산염)_(0.943mg/1정),626900420,18,세 (3)
20190131,2019-12-17,,,급여,,적절한 투여 용량 및 안전성 미확립,fentanyl citrate (as fentanyl),158316ATC,,,(주)한독테바,미만 (1),펜토라박칼정800마이크로그램(펜타닐시트르산염)_(1.257mg/1정),626900430,18,세 (3)
20190131,2019-12-17,,,급여,,적절한 투여 용량 및 안전성 미확립,fentanyl citrate (as fentanyl),158317ATC,,,(주)한독테바,미만 (1),펜토라박칼정100마이크로그램(펜타닐시트르산염)_(0.157mg/1정),626900390,18,세 (3)
20090300,2009-12-03,,,급여,,"안전성 및 유효성 미확립. 조산아에 펜타닐, 판쿠로늄, 아트로핀이 포함된 응급마취 및 수술 시 메트헤모글로빈혈증이 드물게 보고됨",fentanyl citrate (as fentanyl),158330BIJ,,,한림제약(주),미만 (1),한림펜타닐주사(구연산펜타닐)_(78.5μg/1mL),645303281,2,세 (3)
20090300,2009-12-03,,,급여,,"안전성 및 유효성 미확립. 조산아에 펜타닐, 판쿠로늄, 아트로핀이 포함된 응급마취 및 수술 시 메트헤모글로빈혈증이 드물게 보고됨",fentanyl citrate (as fentanyl),158330BIJ,,,명문제약(주),미만 (1),명문구연산펜타닐주사_(78.5μg/1mL),649804431,2,세 (3)
20090300,2009-12-03,,,급여,,"안전성 및 유효성 미확립. 조산아에 펜타닐, 판쿠로늄, 아트로핀이 포함된 응급마취 및 수술 시 메트헤모글로빈혈증이 드물게 보고됨",fentanyl citrate (as fentanyl),158330BIJ,,,하나제약(주),미만 (1),하나구연산펜타닐주사_(78.5μg/1mL/앰플),657803211,2,세 (3)
20090300,2009-12-03,,,급여,,"안전성 및 유효성 미확립. 조산아에 펜타닐, 판쿠로늄, 아트로핀이 포함된 응급마취 및 수술 시 메트헤모글로빈혈증이 드물게 보고됨",fentanyl citrate (as fentanyl),158331BIJ,,,대한약품공업(주),미만 (1),"대한펜타닐주사액_(펜타닐시트르산염, 0.1mg/2mL)",645103351,2,세 (3)
20090300,2009-12-03,,,급여,,"안전성 및 유효성 미확립. 조산아에 펜타닐, 판쿠로늄, 아트로핀이 포함된 응급마취 및 수술 시 메트헤모글로빈혈증이 드물게 보고됨",fentanyl citrate (as fentanyl),158331BIJ,,,한림제약(주),미만 (1),한림펜타닐주사(구연산펜타닐)_(0.157mg/2mL),645302781,2,세 (3)
20090300,2009-12-03,,,급여,,"안전성 및 유효성 미확립. 조산아에 펜타닐, 판쿠로늄, 아트로핀이 포함된 응급마취 및 수술 시 메트헤모글로빈혈증이 드물게 보고됨",fentanyl citrate (as fentanyl),158331BIJ,,,한림제약(주),미만 (1),한림펜타닐주사(펜타닐시트르산염)_(0.157mg/2mL/앰플(PP)),645302783,2,세 (3)
20090300,2009-12-03,,,급여,,"안전성 및 유효성 미확립. 조산아에 펜타닐, 판쿠로늄, 아트로핀이 포함된 응급마취 및 수술 시 메트헤모글로빈혈증이 드물게 보고됨",fentanyl citrate (as fentanyl),158331BIJ,,,명문제약(주),미만 (1),명문구연산펜타닐주사_(0.157mg/2mL/앰플),649800801,2,세 (3)
20090300,2009-12-03,,,급여,,"안전성 및 유효성 미확립. 조산아에 펜타닐, 판쿠로늄, 아트로핀이 포함된 응급마취 및 수술 시 메트헤모글로빈혈증이 드물게 보고됨",fentanyl citrate (as fentanyl),158331BIJ,,,명문제약(주),미만 (1),명문구연산펜타닐주사_(0.157mg/2mL/병),649805131,2,세 (3)
20090300,2009-12-03,,,급여,,"안전성 및 유효성 미확립. 조산아에 펜타닐, 판쿠로늄, 아트로핀이 포함된 응급마취 및 수술 시 메트헤모글로빈혈증이 드물게 보고됨",fentanyl citrate (as fentanyl),158331BIJ,,,(주)비씨월드제약,미만 (1),비씨펜타닐시트르산염주사_(0.157mg/2mL/앰플),653100391,2,세 (3)
20090300,2009-12-03,,,급여,,"안전성 및 유효성 미확립. 조산아에 펜타닐, 판쿠로늄, 아트로핀이 포함된 응급마취 및 수술 시 메트헤모글로빈혈증이 드물게 보고됨",fentanyl citrate (as fentanyl),158331BIJ,,,(주)비씨월드제약,미만 (1),비씨펜타닐시트르산염주사_(0.157mg/2mL/병),653102471,2,세 (3)
20090300,2009-12-03,,,급여,,"안전성 및 유효성 미확립. 조산아에 펜타닐, 판쿠로늄, 아트로핀이 포함된 응급마취 및 수술 시 메트헤모글로빈혈증이 드물게 보고됨",fentanyl citrate (as fentanyl),158331BIJ,,,하나제약(주),미만 (1),하나구연산펜타닐주사_(0.157mg/2mL/앰플),657802271,2,세 (3)
20090300,2009-12-03,,,급여,,"안전성 및 유효성 미확립. 조산아에 펜타닐, 판쿠로늄, 아트로핀이 포함된 응급마취 및 수술 시 메트헤모글로빈혈증이 드물게 보고됨",fentanyl citrate (as fentanyl),158331BIJ,,,하나제약(주),미만 (1),하나구연산펜타닐주사_(0.157mg/2mL/앰플(P)),657802273,2,세 (3)
20090300,2009-12-03,,,급여,,"안전성 및 유효성 미확립. 조산아에 펜타닐, 판쿠로늄, 아트로핀이 포함된 응급마취 및 수술 시 메트헤모글로빈혈증이 드물게 보고됨",fentanyl citrate (as fentanyl),158331BIJ,,,구주제약(주),미만 (1),구주구연산펜타닐주사_(0.157mg/2mL),669800033,2,세 (3)
20090300,2009-12-03,,,급여,,"안전성 및 유효성 미확립. 조산아에 펜타닐, 판쿠로늄, 아트로핀이 포함된 응급마취 및 수술 시 메트헤모글로빈혈증이 드물게 보고됨",fentanyl citrate (as fentanyl),158331BIJ,,,구주제약(주),미만 (1),구주펜타닐시트르산염주사(바이알)_(0.157mg/2mL),669804761,2,세 (3)
20090300,2009-12-03,,,급여,,"안전성 및 유효성 미확립. 조산아에 펜타닐, 판쿠로늄, 아트로핀이 포함된 응급마취 및 수술 시 메트헤모글로빈혈증이 드물게 보고됨",fentanyl citrate (as fentanyl),158332BIJ,,,대한약품공업(주),미만 (1),"대한펜타닐주사액_(펜타닐시트르산염, 0.5mg/10mL)",645102991,2,세 (3)
20090300,2009-12-03,,,급여,,"안전성 및 유효성 미확립. 조산아에 펜타닐, 판쿠로늄, 아트로핀이 포함된 응급마취 및 수술 시 메트헤모글로빈혈증이 드물게 보고됨",fentanyl citrate (as fentanyl),158332BIJ,,,한림제약(주),미만 (1),한림펜타닐주사(구연산펜타닐)_(0.785mg/10mL/앰플),645302791,2,세 (3)
20090300,2009-12-03,,,급여,,"안전성 및 유효성 미확립. 조산아에 펜타닐, 판쿠로늄, 아트로핀이 포함된 응급마취 및 수술 시 메트헤모글로빈혈증이 드물게 보고됨",fentanyl citrate (as fentanyl),158332BIJ,,,한림제약(주),미만 (1),한림펜타닐주사(펜타닐시트르산염)_(0.785mg/10mL/앰플(PP)),645302794,2,세 (3)
20090300,2009-12-03,,,급여,,"안전성 및 유효성 미확립. 조산아에 펜타닐, 판쿠로늄, 아트로핀이 포함된 응급마취 및 수술 시 메트헤모글로빈혈증이 드물게 보고됨",fentanyl citrate (as fentanyl),158332BIJ,,,한림제약(주),미만 (1),한림펜타닐주사(구연산펜타닐)_(0.785mg/10mL/병),645304081,2,세 (3)
20090300,2009-12-03,,,급여,,"안전성 및 유효성 미확립. 조산아에 펜타닐, 판쿠로늄, 아트로핀이 포함된 응급마취 및 수술 시 메트헤모글로빈혈증이 드물게 보고됨",fentanyl citrate (as fentanyl),158332BIJ,,,명문제약(주),미만 (1),명문구연산펜타닐주사_(0.785mg/10mL/앰플),649803851,2,세 (3)
20090300,2009-12-03,,,급여,,"안전성 및 유효성 미확립. 조산아에 펜타닐, 판쿠로늄, 아트로핀이 포함된 응급마취 및 수술 시 메트헤모글로빈혈증이 드물게 보고됨",fentanyl citrate (as fentanyl),158332BIJ,,,명문제약(주),미만 (1),명문구연산펜타닐주사_(0.785mg/10mL/병),649805091,2,세 (3)
20090300,2009-12-03,,,급여,,"안전성 및 유효성 미확립. 조산아에 펜타닐, 판쿠로늄, 아트로핀이 포함된 응급마취 및 수술 시 메트헤모글로빈혈증이 드물게 보고됨",fentanyl citrate (as fentanyl),158332BIJ,,,(주)비씨월드제약,미만 (1),비씨펜타닐시트르산염주사_(0.785mg/10mL/앰플),653100411,2,세 (3)
20090300,2009-12-03,,,급여,,"안전성 및 유효성 미확립. 조산아에 펜타닐, 판쿠로늄, 아트로핀이 포함된 응급마취 및 수술 시 메트헤모글로빈혈증이 드물게 보고됨",fentanyl citrate (as fentanyl),158332BIJ,,,(주)비씨월드제약,미만 (1),비씨펜타닐시트르산염주사_(0.785mg/10mL/병),653102381,2,세 (3)
20090300,2009-12-03,,,급여,,"안전성 및 유효성 미확립. 조산아에 펜타닐, 판쿠로늄, 아트로핀이 포함된 응급마취 및 수술 시 메트헤모글로빈혈증이 드물게 보고됨",fentanyl citrate (as fentanyl),158332BIJ,,,하나제약(주),미만 (1),하나구연산펜타닐주사_(0.785mg/10mL/앰플),657802281,2,세 (3)
20090300,2009-12-03,,,급여,,"안전성 및 유효성 미확립. 조산아에 펜타닐, 판쿠로늄, 아트로핀이 포함된 응급마취 및 수술 시 메트헤모글로빈혈증이 드물게 보고됨",fentanyl citrate (as fentanyl),158332BIJ,,,하나제약(주),미만 (1),하나구연산펜타닐주사_(0.785mg/10mL/앰플(P)),657802283,2,세 (3)
20090300,2009-12-03,,,급여,,"안전성 및 유효성 미확립. 조산아에 펜타닐, 판쿠로늄, 아트로핀이 포함된 응급마취 및 수술 시 메트헤모글로빈혈증이 드물게 보고됨",fentanyl citrate (as fentanyl),158332BIJ,,,구주제약(주),미만 (1),구주구연산펜타닐주사_(0.785mg/10mL),669800043,2,세 (3)
20090300,2009-12-03,,,급여,,"안전성 및 유효성 미확립. 조산아에 펜타닐, 판쿠로늄, 아트로핀이 포함된 응급마취 및 수술 시 메트헤모글로빈혈증이 드물게 보고됨",fentanyl citrate (as fentanyl),158332BIJ,,,구주제약(주),미만 (1),구주펜타닐시트르산염주사(바이알)_(0.785mg/10mL),669804771,2,세 (3)
20090300,2009-12-03,,,급여,,"안전성 및 유효성 미확립. 조산아에 펜타닐, 판쿠로늄, 아트로핀이 포함된 응급마취 및 수술 시 메트헤모글로빈혈증이 드물게 보고됨",fentanyl citrate (as fentanyl),158332BIJ,,,대원제약(주),미만 (1),대원펜타닐시트르산염주사액_(0.785mg/10mL),671805211,2,세 (3)
20090300,2009-12-03,,,급여,,"안전성 및 유효성 미확립. 조산아에 펜타닐, 판쿠로늄, 아트로핀이 포함된 응급마취 및 수술 시 메트헤모글로빈혈증이 드물게 보고됨",fentanyl citrate (as fentanyl),158333BIJ,,,대한약품공업(주),미만 (1),"대한펜타닐주사액_(펜타닐시트르산염, 1mg/20mL)",645103001,2,세 (3)
20090300,2009-12-03,,,급여,,"안전성 및 유효성 미확립. 조산아에 펜타닐, 판쿠로늄, 아트로핀이 포함된 응급마취 및 수술 시 메트헤모글로빈혈증이 드물게 보고됨",fentanyl citrate (as fentanyl),158333BIJ,,,한림제약(주),미만 (1),한림펜타닐주사(구연산펜타닐)_(1.57mg/20mL/앰플),645302801,2,세 (3)
20090300,2009-12-03,,,급여,,"안전성 및 유효성 미확립. 조산아에 펜타닐, 판쿠로늄, 아트로핀이 포함된 응급마취 및 수술 시 메트헤모글로빈혈증이 드물게 보고됨",fentanyl citrate (as fentanyl),158333BIJ,,,한림제약(주),미만 (1),한림펜타닐주사(구연산펜타닐)_(1.57mg/20mL/병),645304091,2,세 (3)
20090300,2009-12-03,,,급여,,"안전성 및 유효성 미확립. 조산아에 펜타닐, 판쿠로늄, 아트로핀이 포함된 응급마취 및 수술 시 메트헤모글로빈혈증이 드물게 보고됨",fentanyl citrate (as fentanyl),158333BIJ,,,한림제약(주),미만 (1),한림펜타닐주사(펜타닐시트르산염)_(1.57mg/20mL/앰플(PP)),645304093,2,세 (3)
20090300,2009-12-03,,,급여,,"안전성 및 유효성 미확립. 조산아에 펜타닐, 판쿠로늄, 아트로핀이 포함된 응급마취 및 수술 시 메트헤모글로빈혈증이 드물게 보고됨",fentanyl citrate (as fentanyl),158333BIJ,,,명문제약(주),미만 (1),명문구연산펜타닐주사_(1.57mg/20mL/앰플),649803861,2,세 (3)
20090300,2009-12-03,,,급여,,"안전성 및 유효성 미확립. 조산아에 펜타닐, 판쿠로늄, 아트로핀이 포함된 응급마취 및 수술 시 메트헤모글로빈혈증이 드물게 보고됨",fentanyl citrate (as fentanyl),158333BIJ,,,명문제약(주),미만 (1),명문구연산펜타닐주사_(1.57mg/20mL/병),649805101,2,세 (3)
20090300,2009-12-03,,,급여,,"안전성 및 유효성 미확립. 조산아에 펜타닐, 판쿠로늄, 아트로핀이 포함된 응급마취 및 수술 시 메트헤모글로빈혈증이 드물게 보고됨",fentanyl citrate (as fentanyl),158333BIJ,,,(주)비씨월드제약,미만 (1),비씨펜타닐시트르산염주사_(1.57mg/20mL/병),653102391,2,세 (3)
20090300,2009-12-03,,,급여,,"안전성 및 유효성 미확립. 조산아에 펜타닐, 판쿠로늄, 아트로핀이 포함된 응급마취 및 수술 시 메트헤모글로빈혈증이 드물게 보고됨",fentanyl citrate (as fentanyl),158333BIJ,,,하나제약(주),미만 (1),하나구연산펜타닐주사_(1.57mg/20mL/앰플(P)),657802294,2,세 (3)
20090300,2009-12-03,,,급여,,"안전성 및 유효성 미확립. 조산아에 펜타닐, 판쿠로늄, 아트로핀이 포함된 응급마취 및 수술 시 메트헤모글로빈혈증이 드물게 보고됨",fentanyl citrate (as fentanyl),158333BIJ,,,구주제약(주),미만 (1),구주구연산펜타닐주사_(1.57mg/20mL),669800051,2,세 (3)
20090300,2009-12-03,,,급여,,"안전성 및 유효성 미확립. 조산아에 펜타닐, 판쿠로늄, 아트로핀이 포함된 응급마취 및 수술 시 메트헤모글로빈혈증이 드물게 보고됨",fentanyl citrate (as fentanyl),158334BIJ,,,(주)비씨월드제약,미만 (1),비씨펜타닐시트르산염주사_(2.355mg/30mL),653103051,2,세 (3)
20090300,2009-12-03,,,급여,,"안전성 및 유효성 미확립. 조산아에 펜타닐, 판쿠로늄, 아트로핀이 포함된 응급마취 및 수술 시 메트헤모글로빈혈증이 드물게 보고됨",fentanyl citrate (as fentanyl),158334BIJ,,,하나제약(주),미만 (1),하나구연산펜타닐주사_(2.355mg/30mL),657805291,2,세 (3)
20190131,2019-12-17,,,급여,,안전성 및 유효성 미확립,fentanyl citrate (as fentanyl),158336ATL,,,(주)한국팜비오,미만 (1),펜타칸설하정 533마이크로그램(펜타닐시트르산염)_(0.84mg/1정),659901080,18,세 (3)
20190131,2019-12-17,,,급여,,안전성 및 유효성 미확립,fentanyl citrate (as fentanyl),158337ATL,,,(주)한국팜비오,미만 (1),펜타칸설하정 133마이크로그램(펜타닐시트르산염)_(0.21mg/1정),659901120,18,세 (3)
20190131,2019-12-17,,,급여,,안전성 및 유효성 미확립,fentanyl citrate (as fentanyl),158338ATL,,,(주)한국팜비오,미만 (1),펜타칸설하정 267마이크로그램(펜타닐시트르산염)_(0.42mg/1정),659901090,18,세 (3)
20190131,2019-12-17,,,급여,,안전성 및 유효성 미확립,fentanyl citrate (as fentanyl),630901CSI,,,(주)대웅제약,미만 (1),인스타닐나잘스프레이50마이크로그램(펜타닐시트르산염)_(0.5mg/10회),641605801,18,세 (3)
20190131,2019-12-17,,,급여,,안전성 및 유효성 미확립,fentanyl citrate (as fentanyl),630904CSI,,,(주)대웅제약,미만 (1),인스타닐나잘스프레이100마이크로그램(펜타닐시트르산염)_(1mg/10회),641605781,18,세 (3)
20190131,2019-12-17,,,급여,,안전성 및 유효성 미확립,fentanyl citrate (as fentanyl),630907CSI,,,(주)대웅제약,미만 (1),인스타닐나잘스프레이200마이크로그램(펜타닐시트르산염)_(2mg/10회),641605791,18,세 (3)
20190131,2019-12-17,,,급여,,안전성 및 유효성 미확립,fentanyl citrate (as fentanyl),630910CSI,,,한국메나리니(주),미만 (1),팩펜트나잘스프레이100마이크로그램(펜타닐시트르산염)_(0.8mg/8회),674900551,18,세 (3)
20190131,2019-12-17,,,급여,,안전성 및 유효성 미확립,fentanyl citrate (as fentanyl),630911CSI,,,한국메나리니(주),미만 (1),팩펜트나잘스프레이400마이크로그램(펜타닐시트르산염)_(3.2mg/8회),674900561,18,세 (3)
20190131,2019-12-17,,,급여,,안전성 및 유효성 미확립,fentanyl citrate(micronized) (as fentanyl),158305ATL,,,(주)비씨월드제약,미만 (1),나르코설하정200마이크로그램(펜타닐시트르산염)_(0.3142mg/1정),653103370,18,세 (3)
20190131,2019-12-17,,,급여,,안전성 및 유효성 미확립,fentanyl citrate(micronized) (as fentanyl),158305ATL,,,한국메나리니(주),미만 (1),앱스트랄설하정200마이크로그램(펜타닐시트르산염)_(0.3142mg/1정),674900490,18,세 (3)
20190131,2019-12-17,,,급여,,안전성 및 유효성 미확립,fentanyl citrate(micronized) (as fentanyl),158306ATL,,,한국메나리니(주),미만 (1),앱스트랄설하정400마이크로그램(펜타닐시트르산염)_(0.6284mg/1정),674900510,18,세 (3)
20190131,2019-12-17,,,급여,,안전성 및 유효성 미확립,fentanyl citrate(micronized) (as fentanyl),158321ATL,,,(주)비씨월드제약,미만 (1),나르코설하정100마이크로그램(펜타닐시트르산염)_(0.1571mg/1정),653103320,18,세 (3)
20190131,2019-12-17,,,급여,,안전성 및 유효성 미확립,fentanyl citrate(micronized) (as fentanyl),158321ATL,,,한국메나리니(주),미만 (1),앱스트랄설하정100마이크로그램(펜타닐시트르산염)_(0.1571mg/1정),674900480,18,세 (3)
20190131,2019-12-17,,,급여,,안전성 및 유효성 미확립,fentanyl citrate(micronized) (as fentanyl),158322ATL,,,(주)비씨월드제약,미만 (1),나르코설하정300마이크로그램(펜타닐시트르산염)_(0.4713mg/1정),653103380,18,세 (3)
20190131,2019-12-17,,,급여,,안전성 및 유효성 미확립,fentanyl citrate(micronized) (as fentanyl),158322ATL,,,한국메나리니(주),미만 (1),앱스트랄설하정300마이크로그램(펜타닐시트르산염)_(0.4173mg/1정),674900500,18,세 (3)
20090300,2009-12-03,,,급여,,안전성 및 유효성 미확립,flurazepam hydrochloride,161801ATB,,,고려제약(주),이하 (2),달마돔정(플루라제팜염산염)_(15mg/1정),642800250,15,세 (3)
20130047,2013-02-25,,,급여,,"안전성 및 유효성 미확립. 소아는 체중당 체표면적의 비율이 성인보다 커서 코르티코이드로 인해 HPA축(시상하부-뇌하수체-부신 축) 억제, 쿠싱증후군, 발육장애 등이 나타나기 쉬우며, 치료 중 또는 치료중단 후 부신부전이 나타날 위험이 높음",fluticasone propionate,162234CCM,,,(주)글락소스미스클라인,미만 (1),큐티베이트크림(플루티카손프로피오네이트(미분화))_(7.5mg/15g),650001911,3,개월 (2)
20090300,2009-12-03,,,급여,,"안전성 및 유효성 미확립. 퀴놀론계 항균제는 몇몇 어린 동물종에서 관절병증, 뼈연골증을 유발",gemifloxacin mesylate (as gemifloxacin),442901ATB,,,(주)엘지화학,이하 (2),팩티브정320밀리그램(메탄설폰산제미플록사신)_(0.42639g/1정),668901110,18,세 (3)
20090300,2009-12-03,,,급여,,"안전성 및 유효성 미확립. 퀴놀론계 항균제는 몇몇 어린 동물종에서 관절병증, 뼈연골증을 유발",gemifloxacin mesylate (as gemifloxacin),442902BIJ,,,(주)엘지화학,이하 (2),팩티브주200밀리그램(제미플록사신메탄설폰산염)_(0.2494g/1병),668902402,18,세 (3)
20090300,2009-12-03,,,급여,,안전성 및 유효성 미확립,ibandronate sodium monohydrate (as ibandronic acid),480304ATB,,,(주)화이트생명과학,이하 (2),보네조아정(이반드론산나트륨일수화물)_(0.16875g/1정),625200540,18,세 (3)
20090300,2009-12-03,,,급여,,안전성 및 유효성 미확립,ibandronate sodium monohydrate (as ibandronic acid),480304ATB,,,(주)한독테바,이하 (2),이반드퀄정150밀리그램(이반드론산나트륨일수화물)_(0.1688g/1정),626900310,18,세 (3)
20090300,2009-12-03,,,급여,,안전성 및 유효성 미확립,ibandronate sodium monohydrate (as ibandronic acid),480304ATB,,,(주)휴비스트제약,이하 (2),본이반정150밀리그램(이반드론산나트륨일수화물)_(0.16875g/1정),628800520,18,세 (3)
20090300,2009-12-03,,,급여,,안전성 및 유효성 미확립,ibandronate sodium monohydrate (as ibandronic acid),480304ATB,,,일양약품(주),이하 (2),일양이반드론산정150밀리그램(이반드론산나트륨일수화물)_(0.16875g/1정),641704410,18,세 (3)
20090300,2009-12-03,,,급여,,안전성 및 유효성 미확립,ibandronate sodium monohydrate (as ibandronic acid),480304ATB,,,일동제약(주),이하 (2),이바본정150밀리그램(이반드론산나트륨일수화물)_(0.16875g/1정),642904480,18,세 (3)
20090300,2009-12-03,,,급여,,안전성 및 유효성 미확립,ibandronate sodium monohydrate (as ibandronic acid),480304ATB,,,국제약품(주),이하 (2),이반네이트정150밀리그램(이반드론산나트륨일수화물)_(0.16875g/1정),643703610,18,세 (3)
20090300,2009-12-03,,,급여,,안전성 및 유효성 미확립,ibandronate sodium monohydrate (as ibandronic acid),480304ATB,,,(주)유유제약,이하 (2),유유이반드론산나트륨정150밀리그램(이반드론산나트륨일수화물)_(0.16875g/1정),644501860,18,세 (3)
20090300,2009-12-03,,,급여,,안전성 및 유효성 미확립,ibandronate sodium monohydrate (as ibandronic acid),480304ATB,,,조아제약(주),이하 (2),이본덴스정(이반드론산나트륨일수화물)_(0.16875g/1정),644602670,18,세 (3)
20090300,2009-12-03,,,급여,,안전성 및 유효성 미확립,ibandronate sodium monohydrate (as ibandronic acid),480304ATB,,,제일약품(주),이하 (2),본제닉정150밀리그램(이반드론산나트륨일수화물)_(0.16875g/1정),645403680,18,세 (3)
20090300,2009-12-03,,,급여,,안전성 및 유효성 미확립,ibandronate sodium monohydrate (as ibandronic acid),480304ATB,,,제일약품(주),이하 (2),본비바정150밀리그램(이반드론산나트륨일수화물)_(0.16875g/1정),645406240,18,세 (3)
20090300,2009-12-03,,,급여,,안전성 및 유효성 미확립,ibandronate sodium monohydrate (as ibandronic acid),480304ATB,,,대화제약(주),이하 (2),이본드로정(이반드론산나트륨일수화물)_(0.16875g/1정),645604140,18,세 (3)
20090300,2009-12-03,,,급여,,안전성 및 유효성 미확립,ibandronate sodium monohydrate (as ibandronic acid),480304ATB,,,동광제약(주),이하 (2),동광이반드론산정150밀리그램(이반드론산나트륨일수화물)_(0.16875g/1정),645905420,18,세 (3)
20090300,2009-12-03,,,급여,,안전성 및 유효성 미확립,ibandronate sodium monohydrate (as ibandronic acid),480304ATB,,,신풍제약(주),이하 (2),보니엠정150밀리그램(이반드론산나트륨일수화물)_(0.16875g/1정),648506730,18,세 (3)
20090300,2009-12-03,,,급여,,안전성 및 유효성 미확립,ibandronate sodium monohydrate (as ibandronic acid),480304ATB,,,(주)씨엠지제약,이하 (2),이브본정150mg(이반드론산나트륨일수화물)_(0.16875g/1정),648602510,18,세 (3)
20090300,2009-12-03,,,급여,,안전성 및 유효성 미확립,ibandronate sodium monohydrate (as ibandronic acid),480304ATB,,,유니메드제약(주),이하 (2),유니본정(이반드론산나트륨수화물)_(0.16875g/1정),649506250,18,세 (3)
20090300,2009-12-03,,,급여,,안전성 및 유효성 미확립,ibandronate sodium monohydrate (as ibandronic acid),480304ATB,,,삼천당제약(주),이하 (2),이바테론정150mg(이반드론산나트륨일수화물)_(0.16875g/1정),651203800,18,세 (3)
20090300,2009-12-03,,,급여,,안전성 및 유효성 미확립,ibandronate sodium monohydrate (as ibandronic acid),480304ATB,,,아주약품(주),이하 (2),아나본정150밀리그램(이반드론산나트륨일수화물)_(0.16875g/1정),654004120,18,세 (3)
20090300,2009-12-03,,,급여,,안전성 및 유효성 미확립,ibandronate sodium monohydrate (as ibandronic acid),480304ATB,,,알리코제약(주),이하 (2),이반드론정(이반드론산나트륨일수화물)_(0.16875g/1정),656003260,18,세 (3)
20090300,2009-12-03,,,급여,,안전성 및 유효성 미확립,ibandronate sodium monohydrate (as ibandronic acid),480304ATB,,,환인제약(주),이하 (2),프로이반정150밀리그램(이반드론산나트륨일수화물)_(0.16875g/1정),657202450,18,세 (3)
20090300,2009-12-03,,,급여,,안전성 및 유효성 미확립,ibandronate sodium monohydrate (as ibandronic acid),480304ATB,,,하나제약(주),이하 (2),하니반정150밀리그램(이반드론산나트륨일수화물)_(0.16875g/1정),657804920,18,세 (3)
20090300,2009-12-03,,,급여,,안전성 및 유효성 미확립,ibandronate sodium monohydrate (as ibandronic acid),480304ATB,,,(주)다림바이오텍,이하 (2),본가드정150밀리그램(이반드론산나트륨일수화물)_(0.16875g/1정),664602070,18,세 (3)
20090300,2009-12-03,,,급여,,안전성 및 유효성 미확립,ibandronate sodium monohydrate (as ibandronic acid),480304ATB,,,(주)경보제약,이하 (2),경보이반드로네이트정(이반드론산나트륨일수화물)_(0.16875g/1정),665001720,18,세 (3)
20090300,2009-12-03,,,급여,,안전성 및 유효성 미확립,ibandronate sodium monohydrate (as ibandronic acid),480304ATB,,,구주제약(주),이하 (2),이바넬정(이반드론산나트륨일수화물)_(0.16875g/1정),669804200,18,세 (3)
20090300,2009-12-03,,,급여,,안전성 및 유효성 미확립,ibandronate sodium monohydrate (as ibandronic acid),480304ATB,,,(주)팜젠사이언스,이하 (2),본비스정150밀리그램(이반드론산나트륨일수화물)_(0.16875g/1정),670103390,18,세 (3)
20090300,2009-12-03,,,급여,,안전성 및 유효성 미확립,ibandronate sodium monohydrate (as ibandronic acid),480304ATB,,,초당약품공업(주),이하 (2),오스맥정150밀리그램(이반드론산나트륨일수화물)_(0.16875g/1정),670701640,18,세 (3)
20090300,2009-12-03,,,급여,,안전성 및 유효성 미확립,ibandronate sodium monohydrate (as ibandronic acid),480304ATB,,,주식회사제뉴원사이언스,이하 (2),본단정(이반드론산나트륨일수화물)_(0.16875g/1정),671703940,18,세 (3)
20090300,2009-12-03,,,급여,,안전성 및 유효성 미확립,ibandronate sodium monohydrate (as ibandronic acid),480304ATB,,,(주)한국피엠지제약,이하 (2),드로반정150밀리그램(이반드론산나트륨일수화물)_(0.16875g/1정),697100370,18,세 (3)
20090300,2009-12-03,,,급여,,안전성 및 유효성 미확립,ibandronate sodium monohydrate (as ibandronic acid),480304ATB,,,(주)테라젠이텍스,이하 (2),이반드렌정150밀리그램(이반드론산나트륨일수화물)_(0.16875g/1정),698502260,18,세 (3)
20090300,2009-12-03,,,급여,,안전성 및 유효성 미확립,ibandronic acid monosodium salt monohydrate (as ibandronic acid),480330BIJ,,,주식회사케이에스제약,이하 (2),보니반주(이반드론산나트륨일수화물)_(3.375mg/3mL),59000621,18,세 (3)
20090300,2009-12-03,,,급여,,안전성 및 유효성 미확립,ibandronic acid monosodium salt monohydrate (as ibandronic acid),480330BIJ,,,(주)엘앤씨바이오,이하 (2),메가이반론주(이반드론산나트륨일수화물)_(3.375mg/3mL),60500891,18,세 (3)
20090300,2009-12-03,,,급여,,안전성 및 유효성 미확립,ibandronic acid monosodium salt monohydrate (as ibandronic acid),480330BIJ,,,(주)화이트생명과학,이하 (2),보네조아주(이반드론산나트륨일수화물)_(3.375mg/3mL),625201711,18,세 (3)
20090300,2009-12-03,,,급여,,안전성 및 유효성 미확립,ibandronic acid monosodium salt monohydrate (as ibandronic acid),480330BIJ,,,(주)일화,이하 (2),이반본주(이반드론산나트륨일수화물)_(3.375mg/3mL),640903671,18,세 (3)
20090300,2009-12-03,,,급여,,안전성 및 유효성 미확립,ibandronic acid monosodium salt monohydrate (as ibandronic acid),480330BIJ,,,광동제약(주),이하 (2),이반포스주(이반드론산나트륨일수화물)_(3.375mg/3mL),641807081,18,세 (3)
20090300,2009-12-03,,,급여,,안전성 및 유효성 미확립,ibandronic acid monosodium salt monohydrate (as ibandronic acid),480330BIJ,,,삼성제약(주),이하 (2),삼성이반드론산주(이반드론산나트륨일수화물)_(3.375mg/3mL),642306871,18,세 (3)
20090300,2009-12-03,,,급여,,안전성 및 유효성 미확립,ibandronic acid monosodium salt monohydrate (as ibandronic acid),480330BIJ,,,한국유나이티드제약(주),이하 (2),본덱스주(이반드론산나트륨일수화물)_(3.375mg/3mL),644308541,18,세 (3)
20090300,2009-12-03,,,급여,,안전성 및 유효성 미확립,ibandronic acid monosodium salt monohydrate (as ibandronic acid),480330BIJ,,,(주)유유제약,이하 (2),마빌큐주(이반드론산나트륨수화물)_(3.375mg/3mL),644501971,18,세 (3)
20090300,2009-12-03,,,급여,,안전성 및 유효성 미확립,ibandronic acid monosodium salt monohydrate (as ibandronic acid),480330BIJ,,,조아제약(주),이하 (2),이본덴스주(이반드론산나트륨일수화물)_(3.375mg/3mL),644602911,18,세 (3)
20090300,2009-12-03,,,급여,,안전성 및 유효성 미확립,ibandronic acid monosodium salt monohydrate (as ibandronic acid),480330BIJ,,,제이더블유중외제약(주),이하 (2),제이본주(이반드론산나트륨일수화물)_(3.375mg/3mL),644913971,18,세 (3)
20090300,2009-12-03,,,급여,,안전성 및 유효성 미확립,ibandronic acid monosodium salt monohydrate (as ibandronic acid),480330BIJ,,,한림제약(주),이하 (2),본필드주(이반드론산나트륨일수화물)_(3.375mg/3mL),645304621,18,세 (3)
20090300,2009-12-03,,,급여,,안전성 및 유효성 미확립,ibandronic acid monosodium salt monohydrate (as ibandronic acid),480330BIJ,,,제일약품(주),이하 (2),본비바주(이반드론산나트륨일수화물)_(3.375mg/3mL),645406251,18,세 (3)
20090300,2009-12-03,,,급여,,안전성 및 유효성 미확립,ibandronic acid monosodium salt monohydrate (as ibandronic acid),480330BIJ,,,대화제약(주),이하 (2),이본드로주(이반드론산나트륨수화물)_(3.375mg/3mL),645604241,18,세 (3)
20090300,2009-12-03,,,급여,,안전성 및 유효성 미확립,ibandronic acid monosodium salt monohydrate (as ibandronic acid),480330BIJ,,,동광제약(주),이하 (2),동광이반드론산주(이반드론산나트륨일수화물)_(3.375mg/3mL),645906021,18,세 (3)
20090300,2009-12-03,,,급여,,안전성 및 유효성 미확립,ibandronic acid monosodium salt monohydrate (as ibandronic acid),480330BIJ,,,한국코러스(주),이하 (2),이바론주(이반드론산나트륨일수화물)_(3.375mg/3mL),647205431,18,세 (3)
20090300,2009-12-03,,,급여,,안전성 및 유효성 미확립,ibandronic acid monosodium salt monohydrate (as ibandronic acid),480330BIJ,,,경동제약(주),이하 (2),본비론주(이반드론산나트륨일수화물)_(3.375mg/3mL),648103561,18,세 (3)
20090300,2009-12-03,,,급여,,안전성 및 유효성 미확립,ibandronic acid monosodium salt monohydrate (as ibandronic acid),480330BIJ,,,(주)유영제약,이하 (2),유드론주(이반드론산나트륨일수화물)_(3.375mg/3mL),648204431,18,세 (3)
20090300,2009-12-03,,,급여,,안전성 및 유효성 미확립,ibandronic acid monosodium salt monohydrate (as ibandronic acid),480330BIJ,,,신풍제약(주),이하 (2),보니엠주(이반드론산나트륨일수화물)_(3.375mg/3mL),648506911,18,세 (3)
20090300,2009-12-03,,,급여,,안전성 및 유효성 미확립,ibandronic acid monosodium salt monohydrate (as ibandronic acid),480330BIJ,,,한국휴텍스제약(주),이하 (2),본헬프주(이반드론산나트륨일수화물)_(3.375mg/3mL),649103381,18,세 (3)
20090300,2009-12-03,,,급여,,안전성 및 유효성 미확립,ibandronic acid monosodium salt monohydrate (as ibandronic acid),480330BIJ,,,유니메드제약(주),이하 (2),유니본주(이반드론산나트륨수화물)_(3.375mg/3mL),649506261,18,세 (3)
20090300,2009-12-03,,,급여,,안전성 및 유효성 미확립,ibandronic acid monosodium salt monohydrate (as ibandronic acid),480330BIJ,,,진양제약(주),이하 (2),반드론주(이반드론산나트륨일수화물)_(3.375mg/3mL),650303071,18,세 (3)
20090300,2009-12-03,,,급여,,안전성 및 유효성 미확립,ibandronic acid monosodium salt monohydrate (as ibandronic acid),480330BIJ,,,(주)한국파마,이하 (2),이반지나주(이반드론산나트륨일수화물)_(3.375mg/3mL),653005911,18,세 (3)
20090300,2009-12-03,,,급여,,안전성 및 유효성 미확립,ibandronic acid monosodium salt monohydrate (as ibandronic acid),480330BIJ,,,동국제약(주),이하 (2),본드론프리필드주사(이반드론산나트륨일수화물)_(3.375mg/3mL),653402881,18,세 (3)
20090300,2009-12-03,,,급여,,안전성 및 유효성 미확립,ibandronic acid monosodium salt monohydrate (as ibandronic acid),480330BIJ,,,아주약품(주),이하 (2),아나본주(이반드론산나트륨일수화물)_(3.375mg/3mL),654004271,18,세 (3)
20090300,2009-12-03,,,급여,,안전성 및 유효성 미확립,ibandronic acid monosodium salt monohydrate (as ibandronic acid),480330BIJ,,,한올바이오파마(주),이하 (2),본에바주(이반드론산나트륨일수화물)_(3.375mg/3mL),655604831,18,세 (3)
20090300,2009-12-03,,,급여,,안전성 및 유효성 미확립,ibandronic acid monosodium salt monohydrate (as ibandronic acid),480330BIJ,,,환인제약(주),이하 (2),프로이반주(이반드론산나트륨일수화물)_(3.375mg/3mL),657202481,18,세 (3)
20090300,2009-12-03,,,급여,,안전성 및 유효성 미확립,ibandronic acid monosodium salt monohydrate (as ibandronic acid),480330BIJ,,,하나제약(주),이하 (2),하니반주(이반드론산나트륨일수화물)(프리필드)_(3.375mg/3mL),657805921,18,세 (3)
20090300,2009-12-03,,,급여,,안전성 및 유효성 미확립,ibandronic acid monosodium salt monohydrate (as ibandronic acid),480330BIJ,,,이연제약(주),이하 (2),본렌트주(이반드론산나트륨일수화물)_(3.375mg/3mL),658604361,18,세 (3)
20090300,2009-12-03,,,급여,,안전성 및 유효성 미확립,ibandronic acid monosodium salt monohydrate (as ibandronic acid),480330BIJ,,,(주)한국팜비오,이하 (2),팜비바주(이반드론산나트륨일수화물)_(3.375mg/3mL),659901241,18,세 (3)
20090300,2009-12-03,,,급여,,안전성 및 유효성 미확립,ibandronic acid monosodium salt monohydrate (as ibandronic acid),480330BIJ,,,위더스제약(주),이하 (2),이반산주(이반드론산나트륨일수화물)_(3.375mg/3mL),660703481,18,세 (3)
20090300,2009-12-03,,,급여,,안전성 및 유효성 미확립,ibandronic acid monosodium salt monohydrate (as ibandronic acid),480330BIJ,,,한국유니온제약(주),이하 (2),유니이반드론주(이반드론산나트륨일수화물)_(3.375mg/3mL),665507451,18,세 (3)
20090300,2009-12-03,,,급여,,안전성 및 유효성 미확립,ibandronic acid monosodium salt monohydrate (as ibandronic acid),480330BIJ,,,(주)아이월드제약,이하 (2),본바넬주(이반드론산나트륨일수화물)_(3.375mg/3mL),669605231,18,세 (3)
20090300,2009-12-03,,,급여,,안전성 및 유효성 미확립,ibandronic acid monosodium salt monohydrate (as ibandronic acid),480330BIJ,,,구주제약(주),이하 (2),이바넬주(이반드론산나트륨일수화물)_(3.375mg/3mL),669804231,18,세 (3)
20090300,2009-12-03,,,급여,,안전성 및 유효성 미확립,ibandronic acid monosodium salt monohydrate (as ibandronic acid),480330BIJ,,,대한뉴팜(주),이하 (2),엔피본주(이반드론산나트륨일수화물)_(3.375mg/3mL),669906741,18,세 (3)
20090300,2009-12-03,,,급여,,안전성 및 유효성 미확립,ibandronic acid monosodium salt monohydrate (as ibandronic acid),480330BIJ,,,(주)팜젠사이언스,이하 (2),본비스주(이반드론산나트륨일수화물)_(3.375mg/3mL),670104201,18,세 (3)
20090300,2009-12-03,,,급여,,안전성 및 유효성 미확립,ibandronic acid monosodium salt monohydrate (as ibandronic acid),480330BIJ,,,(주)휴온스,이하 (2),아미카본주(이반드론산나트륨일수화물)_(3.375mg/3mL),670606941,18,세 (3)
20090300,2009-12-03,,,급여,,안전성 및 유효성 미확립,ibandronic acid monosodium salt monohydrate (as ibandronic acid),480330BIJ,,,(주)옵투스제약,이하 (2),어스본드로주(이반드론산나트륨일수화물)_(3.375mg/3mL),674102111,18,세 (3)
20090300,2009-12-03,,,급여,,안전성 및 유효성 미확립,ibandronic acid monosodium salt monohydrate (as ibandronic acid),480330BIJ,,,(주)녹십자웰빙,이하 (2),지씨웰빙본헬스주(이반드론산나트륨일수화물)_(3.375mg/3mL),681100431,18,세 (3)
20090300,2009-12-03,,,급여,,안전성 및 유효성 미확립,ibandronic acid monosodium salt monohydrate (as ibandronic acid),480330BIJ,,,(주)라이트팜텍,이하 (2),본큐어주(이반드론산나트륨일수화물)_(3.375mg/3mL),690300461,18,세 (3)
20090300,2009-12-03,,,급여,,안전성 및 유효성 미확립,ibandronic acid monosodium salt monohydrate (as ibandronic acid),480330BIJ,,,(주)한국피엠지제약,이하 (2),드로반주(이반드론산나트륨일수화물)_(3.375mg/3mL),697100921,18,세 (3)
20040002,2004-01-16,,,급여,,안전성 및 유효성 미확립. 벤질알코올은 조숙아에서 치명적인 가쁜 호흡증상과 연관이 있는 것으로 보고됨,ketoprofen,179731BIJ,,,부광약품(주),미만 (1),부광케토프로펜주100밀리그램_(0.1g/2mL),642201001,4,주 (1)
20040002,2004-01-16,,,급여,,안전성 및 유효성 미확립. 벤질알코올은 조숙아에서 치명적인 가쁜 호흡증상과 연관이 있는 것으로 보고됨,ketoprofen,179731BIJ,,,삼천당제약(주),미만 (1),삼천당케토프로펜주100밀리그람(수출명:케페인주)_(0.1g/2mL),651200931,4,주 (1)
20110227,2011-11-24,,,급여,,,ketoprofen,179732COM,,,삼진제약(주),미만 (1),시푸로겔3%(케토프로펜)_(0.6g/20g),647800701,15,세 (3)
20110227,2011-11-24,,,급여,,,ketoprofen,179733CCM,,,일동제약(주),미만 (1),케노펜겔(케토프로펜)_(1.5g/50g),642902091,15,세 (3)
20110227,2011-11-24,,,급여,,,ketoprofen,179733CCM,,,한미약품(주),미만 (1),루마겔(케토프로펜)_(1.5g/50g),643500611,15,세 (3)
20110227,2011-11-24,,,급여,,,ketoprofen,179733CCM,,,조아제약(주),미만 (1),조아스트롱조인트겔(케토프로펜)_(1.5g/50g),644600292,15,세 (3)
20110227,2011-11-24,,,급여,,,ketoprofen,179733CCM,,,태극제약(주),미만 (1),케토파인겔(케토프로펜)_(1.5g/50g),644801732,15,세 (3)
20110227,2011-11-24,,,급여,,,ketoprofen,179733CCM,,,대화제약(주),미만 (1),케바논겔(케토프로펜)_(1.5g/50g),645601702,15,세 (3)
20110227,2011-11-24,,,급여,,,ketoprofen,179733CCM,,,동광제약(주),미만 (1),오디스겔(케토프로펜)_(1.5g/50g),645902341,15,세 (3)
20110227,2011-11-24,,,급여,,,ketoprofen,179733CCM,,,(주)한독,미만 (1),케토톱겔(케토프로펜)_(1.5g/50g),652105241,15,세 (3)
20110227,2011-11-24,,,급여,,,ketoprofen,179733CCM,,,알리코제약(주),미만 (1),에스겔(케토프로펜)_(1.5g/50g),656001291,15,세 (3)
20110227,2011-11-24,,,급여,,,ketoprofen,179733CCM,,,한국넬슨제약(주),미만 (1),겟투겔(케토프로펜)_(1.5g/50g),656700022,15,세 (3)
20110227,2011-11-24,,,급여,,,ketoprofen,179733COM,,,삼진제약(주),미만 (1),시푸로겔3%(케토프로펜)_(1.5g/50g),647800702,15,세 (3)
20110227,2011-11-24,,,급여,,,ketoprofen,179734COM,,,삼진제약(주),미만 (1),시푸로겔3%(케토프로펜)_(3g/100g),647800703,15,세 (3)
20110227,2011-11-24,,,급여,,,ketoprofen,179735CCM,,,대화제약(주),미만 (1),케바논겔(케토프로펜)_(0.9g/30g),645601701,15,세 (3)
20110227,2011-11-24,,,급여,,,ketoprofen,179736CCM,,,일동제약(주),미만 (1),케노펜겔(케토프로펜)_(6g/200g),642902092,15,세 (3)
20110227,2011-11-24,,,급여,,,ketoprofen,179901CPO,,,신신제약(주),미만 (1),케토크린카타플라스마(케토프로펜)(수출명: 1. ECOSIP GEL-KETOPROFEN 2. GEL PATCH)_(10X14㎠/1매),643800790,15,세 (3)
20110227,2011-11-24,,,급여,,,ketoprofen(f.),179901CPL,,,제일헬스사이언스(주),미만 (1),케펜텍플라스타(케토프로펜)(수출명 : KEFEN)_(10X7㎠/1매),54300160,15,세 (3)
20110227,2011-11-24,,,급여,,,ketoprofen(f.),179901CPL,,,일동제약(주),미만 (1),케노펜플라스타(케토프로펜)_(7X10㎠/1매),642902120,15,세 (3)
20110227,2011-11-24,,,급여,,,ketoprofen(f.),179901CPL,,,신신제약(주),미만 (1),케토크린플라스타(케토프로펜)_(10X7㎠/1매),643800800,15,세 (3)
20110227,2011-11-24,,,급여,,,ketoprofen(f.),179901CPL,,,(주)한독,미만 (1),"케토톱플라스타(케토프로펜)(인도수출명:케토패취, 대만수출명:관건(關建), 베트남수출명:태평양케토프로펜, 나이지리아수출용:Zilix Plasters)_(70㎠/1매)",652105280,15,세 (3)
20110227,2011-11-24,,,급여,,,ketoprofen(f.) (서방형),179903CPL,,,제일헬스사이언스(주),미만 (1),케펜텍-엘플라스타(케토프로펜)_(10X7㎠/1매),54300270,15,세 (3)
20110227,2011-11-24,,,급여,,,ketoprofen(f.) (서방형),179903CPL,,,(주)한독,미만 (1),케토톱엘플라스타(케토프로펜)_(6.8X10.3㎠/1매),652105440,15,세 (3)
20110227,2011-11-24,,,급여,,,ketoprofen(f.) (서방형),179903CPL,,,아이큐어(주),미만 (1),"케논엘플라스타(케토프로펜)[수출명:케논-엘(Kenon-L),케토덤-엘(Ketoderm-L),케노덤(Kenoderm),페노덤(Fenoderm),케이트란스(Ketrans),케토플라스트-엘(Ketoplast-L)]_(10X7㎠/1매)",674400050,15,세 (3)
20130047,2013-02-25,,,급여,,안전성 및 유효성 미확립,ketorolac tromethamine,180001ATB,,,동국제약(주),이하 (2),케토라신정(케토롤락트로메타민)_(10mg/1정),653400910,16,세 (3)
20040002,2004-01-16,,,급여,,안전성 및 유효성 미확립,ketorolac tromethamine,180033BIJ,,,지피테라퓨틱스코리아주식회사,미만 (1),타라신주(케토롤락트로메타민)_(30mg/1mL),57200121,2,세 (3)
20040002,2004-01-16,,,급여,,안전성 및 유효성 미확립,ketorolac tromethamine,180033BIJ,,,동광제약(주),미만 (1),케로라주(케토롤락트로메타민염)_(30mg/1mL),645902651,2,세 (3)
20040002,2004-01-16,,,급여,,안전성 및 유효성 미확립,ketorolac tromethamine,180033BIJ,,,(주)메디카코리아,미만 (1),타벨주(케토롤락트로메타민염)_(30mg/1mL),646002281,2,세 (3)
20040002,2004-01-16,,,급여,,안전성 및 유효성 미확립,ketorolac tromethamine,180033BIJ,,,삼진제약(주),미만 (1),케라신주(케토롤락트로메타민)_(30mg/1mL),647804481,2,세 (3)
20040002,2004-01-16,,,급여,,안전성 및 유효성 미확립,ketorolac tromethamine,180033BIJ,,,경동제약(주),미만 (1),케토란주(케토롤락트로메타민)_(30mg/1mL),648102001,2,세 (3)
20040002,2004-01-16,,,급여,,안전성 및 유효성 미확립,ketorolac tromethamine,180033BIJ,,,명문제약(주),미만 (1),"케토신주사(케토롤락트로메타민염)(수출명:뉴케토신주사,NEWKETOCININJ)_(30mg/1mL)",649802851,2,세 (3)
20040002,2004-01-16,,,급여,,안전성 및 유효성 미확립,ketorolac tromethamine,180033BIJ,,,환인제약(주),미만 (1),트롤락주(케토롤락트로메타민염)_(30mg/1mL),657200821,2,세 (3)
20040002,2004-01-16,,,급여,,안전성 및 유효성 미확립,ketorolac tromethamine,180033BIJ,,,하나제약(주),미만 (1),케로민주사(케토롤락트로메타민염)_(30mg/1mL),657801801,2,세 (3)
20040002,2004-01-16,,,급여,,안전성 및 유효성 미확립,ketorolac tromethamine,180033BIJ,,,이연제약(주),미만 (1),케톨민주(케토롤락트로메타민)_(30mg/1mL),658603171,2,세 (3)
20040002,2004-01-16,,,급여,,안전성 및 유효성 미확립,ketorolac tromethamine,180033BIJ,,,한국유니온제약(주),미만 (1),유니온케토롤락주(케토롤락트로메타민염)_(30mg/1mL),665507731,2,세 (3)
20160155,2016-12-30,,,급여,,(정제) 6세 미만의 유아에게는 정제가 아닌 액제를 투여할 것,levocetirizine dihydrochloride,463601ATB,,,안국뉴팜(주),미만 (1),뉴세레틴정(레보세티리진염산염)_(5mg/1정),53600530,6,세 (3)
20160155,2016-12-30,,,급여,,(정제) 6세 미만의 유아에게는 정제가 아닌 액제를 투여할 것,levocetirizine dihydrochloride,463601ATB,,,주식회사 더유제약,미만 (1),알레스잘정(레보세티리진염산염)_(5mg/1정),57000590,6,세 (3)
20160155,2016-12-30,,,급여,,(정제) 6세 미만의 유아에게는 정제가 아닌 액제를 투여할 것,levocetirizine dihydrochloride,463601ATB,,,독립바이오제약(주),미만 (1),레세린정(레보세티리진염산염)_(5mg/1정),57700070,6,세 (3)
20160155,2016-12-30,,,급여,,(정제) 6세 미만의 유아에게는 정제가 아닌 액제를 투여할 것,levocetirizine dihydrochloride,463601ATB,,,(주)엘앤씨바이오,미만 (1),메가세티리정(레보세티리진염산염)_(5mg/1정),60500500,6,세 (3)
20160155,2016-12-30,,,급여,,(정제) 6세 미만의 유아에게는 정제가 아닌 액제를 투여할 것,levocetirizine dihydrochloride,463601ATB,,,(주)마더스제약,미만 (1),렙세틴정(레보세티리진염산염)_(5mg/1정),622802300,6,세 (3)
20160155,2016-12-30,,,급여,,(정제) 6세 미만의 유아에게는 정제가 아닌 액제를 투여할 것,levocetirizine dihydrochloride,463601ATB,,,한국신텍스제약(주),미만 (1),레보세딘정5밀리그램(레보세티리진염산염)_(5mg/1정),623006840,6,세 (3)
20160155,2016-12-30,,,급여,,(정제) 6세 미만의 유아에게는 정제가 아닌 액제를 투여할 것,levocetirizine dihydrochloride,463601ATB,,,(주)화이트생명과학,미만 (1),알레난정(레보세티리진염산염)_(5mg/1정),625200400,6,세 (3)
20160155,2016-12-30,,,급여,,(정제) 6세 미만의 유아에게는 정제가 아닌 액제를 투여할 것,levocetirizine dihydrochloride,463601ATB,,,(주)휴비스트제약,미만 (1),알티리진정(레보세티리진염산염)_(5mg/1정),628800100,6,세 (3)
20160155,2016-12-30,,,급여,,(정제) 6세 미만의 유아에게는 정제가 아닌 액제를 투여할 것,levocetirizine dihydrochloride,463601ATB,,,(주)이든파마,미만 (1),인티진정(레보세티리진염산염)_(5mg/1정),628901250,6,세 (3)
20160155,2016-12-30,,,급여,,(정제) 6세 미만의 유아에게는 정제가 아닌 액제를 투여할 것,levocetirizine dihydrochloride,463601ATB,,,에이치케이이노엔(주),미만 (1),자알린정5밀리그램(레보세티리진염산염)_(5mg/1정),640004280,6,세 (3)
20160155,2016-12-30,,,급여,,(정제) 6세 미만의 유아에게는 정제가 아닌 액제를 투여할 것,levocetirizine dihydrochloride,463601ATB,,,(주)일화,미만 (1),레티정(레보세티리진염산염)_(5mg/1정),640902450,6,세 (3)
20160155,2016-12-30,,,급여,,(정제) 6세 미만의 유아에게는 정제가 아닌 액제를 투여할 것,levocetirizine dihydrochloride,463601ATB,,,맥널티제약(주),미만 (1),맥씨정(레보세티리진염산염)_(5mg/1정),641500800,6,세 (3)
20160155,2016-12-30,,,급여,,(정제) 6세 미만의 유아에게는 정제가 아닌 액제를 투여할 것,levocetirizine dihydrochloride,463601ATB,,,(주)대웅제약,미만 (1),비코잘정5밀리그램(레보세티리진염산염)_(5mg/1정),641606900,6,세 (3)
20160155,2016-12-30,,,급여,,(정제) 6세 미만의 유아에게는 정제가 아닌 액제를 투여할 것,levocetirizine dihydrochloride,463601ATB,,,광동제약(주),미만 (1),레보큐정(레보세티리진염산염)_(5mg/1정),641803840,6,세 (3)
20160155,2016-12-30,,,급여,,(정제) 6세 미만의 유아에게는 정제가 아닌 액제를 투여할 것,levocetirizine dihydrochloride,463601ATB,,,(주)유한양행,미만 (1),레리진정5밀리그램(레보세티리진염산염)_(5mg/1정),642105970,6,세 (3)
20160155,2016-12-30,,,급여,,(정제) 6세 미만의 유아에게는 정제가 아닌 액제를 투여할 것,levocetirizine dihydrochloride,463601ATB,,,영진약품(주),미만 (1),레보세린정(레보세티리진염산염)_(5mg/1정),642402730,6,세 (3)
20160155,2016-12-30,,,급여,,(정제) 6세 미만의 유아에게는 정제가 아닌 액제를 투여할 것,levocetirizine dihydrochloride,463601ATB,,,동화약품(주),미만 (1),레티리진정(레보세티리진염산염)_(5mg/1정),642704280,6,세 (3)
20160155,2016-12-30,,,급여,,(정제) 6세 미만의 유아에게는 정제가 아닌 액제를 투여할 것,levocetirizine dihydrochloride,463601ATB,,,고려제약(주),미만 (1),알러탑정(레보세티리진염산염)_(5mg/1정),642801840,6,세 (3)
20160155,2016-12-30,,,급여,,(정제) 6세 미만의 유아에게는 정제가 아닌 액제를 투여할 것,levocetirizine dihydrochloride,463601ATB,,,일동제약(주),미만 (1),세노바엘정(레보세티리진염산염)_(5mg/1정),642902790,6,세 (3)
20160155,2016-12-30,,,급여,,(정제) 6세 미만의 유아에게는 정제가 아닌 액제를 투여할 것,levocetirizine dihydrochloride,463601ATB,,,(주)바이넥스,미만 (1),알레넥스정(레보세티리진염산염)_(5mg/1정),643103780,6,세 (3)
20160155,2016-12-30,,,급여,,(정제) 6세 미만의 유아에게는 정제가 아닌 액제를 투여할 것,levocetirizine dihydrochloride,463601ATB,,,동성제약(주),미만 (1),레티신정(레보세티리진염산염)_(5mg/1정),643201490,6,세 (3)
20160155,2016-12-30,,,급여,,(정제) 6세 미만의 유아에게는 정제가 아닌 액제를 투여할 것,levocetirizine dihydrochloride,463601ATB,,,(주)종근당,미만 (1),레세티잘정(레보세티리진염산염)_(5mg/1정),643304810,6,세 (3)
20160155,2016-12-30,,,급여,,(정제) 6세 미만의 유아에게는 정제가 아닌 액제를 투여할 것,levocetirizine dihydrochloride,463601ATB,,,한미약품(주),미만 (1),엘티리진정5밀리그램(레보세티리진염산염)_(5mg/1정),643504340,6,세 (3)
20160155,2016-12-30,,,급여,,(정제) 6세 미만의 유아에게는 정제가 아닌 액제를 투여할 것,levocetirizine dihydrochloride,463601ATB,,,국제약품(주),미만 (1),엘트리진정(레보세티리진염산염)_(5mg/1정),643702710,6,세 (3)
20160155,2016-12-30,,,급여,,(정제) 6세 미만의 유아에게는 정제가 아닌 액제를 투여할 것,levocetirizine dihydrochloride,463601ATB,,,삼일제약(주),미만 (1),쎄렌잘정(레보세티리진염산염)_(5mg/1정),643902760,6,세 (3)
20160155,2016-12-30,,,급여,,(정제) 6세 미만의 유아에게는 정제가 아닌 액제를 투여할 것,levocetirizine dihydrochloride,463601ATB,,,삼익제약(주),미만 (1),코세틴정(레보세티리진염산염)(수출명 : Centizal)_(5mg/1정),644002160,6,세 (3)
20160155,2016-12-30,,,급여,,(정제) 6세 미만의 유아에게는 정제가 아닌 액제를 투여할 것,levocetirizine dihydrochloride,463601ATB,,,제이더블유신약(주),미만 (1),알러반정(레보세티리진염산염)_(5mg/1정),644101180,6,세 (3)
20160155,2016-12-30,,,급여,,(정제) 6세 미만의 유아에게는 정제가 아닌 액제를 투여할 것,levocetirizine dihydrochloride,463601ATB,,,태극제약(주),미만 (1),알레세틴정5밀리그램(레보세티리진염산염)_(5mg/1정),644803450,6,세 (3)
20160155,2016-12-30,,,급여,,(정제) 6세 미만의 유아에게는 정제가 아닌 액제를 투여할 것,levocetirizine dihydrochloride,463601ATB,,,제일약품(주),미만 (1),세티잘정(레보세티리진염산염)_(5mg/1정),645402380,6,세 (3)
20160155,2016-12-30,,,급여,,(정제) 6세 미만의 유아에게는 정제가 아닌 액제를 투여할 것,levocetirizine dihydrochloride,463601ATB,,,삼아제약(주),미만 (1),네오세틴정(레보세티리진염산염)_(5mg/1정),645701420,6,세 (3)
20160155,2016-12-30,,,급여,,(정제) 6세 미만의 유아에게는 정제가 아닌 액제를 투여할 것,levocetirizine dihydrochloride,463601ATB,,,동광제약(주),미만 (1),레보세잘정5밀리그램(레보세티리진염산염)_(5mg/1정),645903550,6,세 (3)
20160155,2016-12-30,,,급여,,(정제) 6세 미만의 유아에게는 정제가 아닌 액제를 투여할 것,levocetirizine dihydrochloride,463601ATB,,,(주)메디카코리아,미만 (1),잘티진정(레보세티리진염산염)_(5mg/1정),646002760,6,세 (3)
20160155,2016-12-30,,,급여,,(정제) 6세 미만의 유아에게는 정제가 아닌 액제를 투여할 것,levocetirizine dihydrochloride,463601ATB,,,(주)뉴젠팜,미만 (1),레세티정(레보세티리진염산염)_(5mg/1정),646203840,6,세 (3)
20160155,2016-12-30,,,급여,,(정제) 6세 미만의 유아에게는 정제가 아닌 액제를 투여할 것,levocetirizine dihydrochloride,463601ATB,,,에이치엘비제약(주),미만 (1),레티린정(레보세티리진염산염)_(5mg/1정),647301360,6,세 (3)
20160155,2016-12-30,,,급여,,(정제) 6세 미만의 유아에게는 정제가 아닌 액제를 투여할 것,levocetirizine dihydrochloride,463601ATB,,,경동제약(주),미만 (1),스타리진정(레보세티리진염산염)_(5mg/1정),648102470,6,세 (3)
20160155,2016-12-30,,,급여,,(정제) 6세 미만의 유아에게는 정제가 아닌 액제를 투여할 것,levocetirizine dihydrochloride,463601ATB,,,한국휴텍스제약(주),미만 (1),레보세트린정(레보세티리진염산염)_(5mg/1정),649102130,6,세 (3)
20160155,2016-12-30,,,급여,,(정제) 6세 미만의 유아에게는 정제가 아닌 액제를 투여할 것,levocetirizine dihydrochloride,463601ATB,,,대우제약(주),미만 (1),카이잘정(염산레보세티리진)(수출명:레보디핀정)_(5mg/1정),649602840,6,세 (3)
20160155,2016-12-30,,,급여,,(정제) 6세 미만의 유아에게는 정제가 아닌 액제를 투여할 것,levocetirizine dihydrochloride,463601ATB,,,명문제약(주),미만 (1),레보틸정(레보세티리진염산염)_(5mg/1정),649804250,6,세 (3)
20160155,2016-12-30,,,급여,,(정제) 6세 미만의 유아에게는 정제가 아닌 액제를 투여할 것,levocetirizine dihydrochloride,463601ATB,,,진양제약(주),미만 (1),레보세진정5밀리그램(레보세티리진염산염)_(5mg/1정),650303470,6,세 (3)
20160155,2016-12-30,,,급여,,(정제) 6세 미만의 유아에게는 정제가 아닌 액제를 투여할 것,levocetirizine dihydrochloride,463601ATB,,,삼천당제약(주),미만 (1),쎄티린정(레보세티리진염산염)_(5mg/1정),651202590,6,세 (3)
20160155,2016-12-30,,,급여,,(정제) 6세 미만의 유아에게는 정제가 아닌 액제를 투여할 것,levocetirizine dihydrochloride,463601ATB,,,한화제약(주),미만 (1),렙티진정(레보세티리진 염산염)_(5mg/1정),651600960,6,세 (3)
20160155,2016-12-30,,,급여,,(정제) 6세 미만의 유아에게는 정제가 아닌 액제를 투여할 것,levocetirizine dihydrochloride,463601ATB,,,알보젠코리아(주),미만 (1),레티잘정(레보세티리진염산염)_(5mg/1정),652601660,6,세 (3)
20160155,2016-12-30,,,급여,,(정제) 6세 미만의 유아에게는 정제가 아닌 액제를 투여할 것,levocetirizine dihydrochloride,463601ATB,,,(주)서울제약,미만 (1),알러잘정(레보세티리진염산염)_(5mg/1정),652902260,6,세 (3)
20160155,2016-12-30,,,급여,,(정제) 6세 미만의 유아에게는 정제가 아닌 액제를 투여할 것,levocetirizine dihydrochloride,463601ATB,,,아주약품(주),미만 (1),코알비정(레보세티리진염산염)_(5mg/1정),654002180,6,세 (3)
20160155,2016-12-30,,,급여,,(정제) 6세 미만의 유아에게는 정제가 아닌 액제를 투여할 것,levocetirizine dihydrochloride,463601ATB,,,한국유씨비제약(주),미만 (1),씨잘정5밀리그램(레보세티리진염산염)_(5mg/1정),654100060,6,세 (3)
20160155,2016-12-30,,,급여,,(정제) 6세 미만의 유아에게는 정제가 아닌 액제를 투여할 것,levocetirizine dihydrochloride,463601ATB,,,오스틴제약(주),미만 (1),알씨텍정5mg(염산레보세티리진)_(5mg/1정),654303720,6,세 (3)
20160155,2016-12-30,,,급여,,(정제) 6세 미만의 유아에게는 정제가 아닌 액제를 투여할 것,levocetirizine dihydrochloride,463601ATB,,,케이엠에스제약(주),미만 (1),케트라진정(레보세티리진염산염)_(5mg/1정),654701140,6,세 (3)
20160155,2016-12-30,,,급여,,(정제) 6세 미만의 유아에게는 정제가 아닌 액제를 투여할 것,levocetirizine dihydrochloride,463601ATB,,,일성아이에스(주),미만 (1),센레보정(레보세티리진염산염)_(5mg/1정),655403590,6,세 (3)
20160155,2016-12-30,,,급여,,(정제) 6세 미만의 유아에게는 정제가 아닌 액제를 투여할 것,levocetirizine dihydrochloride,463601ATB,,,알리코제약(주),미만 (1),레보코나진정(레보세티리진염산염)_(5mg/1정),656003540,6,세 (3)
20160155,2016-12-30,,,급여,,(정제) 6세 미만의 유아에게는 정제가 아닌 액제를 투여할 것,levocetirizine dihydrochloride,463601ATB,,,(주)동구바이오제약,미만 (1),레티진정(레보세티리진염산염)_(5mg/1정),657304080,6,세 (3)
20160155,2016-12-30,,,급여,,(정제) 6세 미만의 유아에게는 정제가 아닌 액제를 투여할 것,levocetirizine dihydrochloride,463601ATB,,,하나제약(주),미만 (1),케트라정(레보세티리진염산염)_(5mg/1정),657805170,6,세 (3)
20160155,2016-12-30,,,급여,,(정제) 6세 미만의 유아에게는 정제가 아닌 액제를 투여할 것,levocetirizine dihydrochloride,463601ATB,,,위더스제약(주),미만 (1),레티라진정(레보세티리진염산염)_(5mg/1정),660702170,6,세 (3)
20160155,2016-12-30,,,급여,,(정제) 6세 미만의 유아에게는 정제가 아닌 액제를 투여할 것,levocetirizine dihydrochloride,463601ATB,,,영풍제약(주),미만 (1),레보세티정(레보세티리진염산염)_(5mg/1정),661902100,6,세 (3)
20160155,2016-12-30,,,급여,,(정제) 6세 미만의 유아에게는 정제가 아닌 액제를 투여할 것,levocetirizine dihydrochloride,463601ATB,,,(주)넥스팜코리아,미만 (1),레로진정(레보세티리진염산염)_(5mg/1정),662504370,6,세 (3)
20160155,2016-12-30,,,급여,,(정제) 6세 미만의 유아에게는 정제가 아닌 액제를 투여할 것,levocetirizine dihydrochloride,463601ATB,,,한국프라임제약(주),미만 (1),씨펜정(레보세티리진염산염)_(5mg/1정),663602860,6,세 (3)
20160155,2016-12-30,,,급여,,(정제) 6세 미만의 유아에게는 정제가 아닌 액제를 투여할 것,levocetirizine dihydrochloride,463601ATB,,,구주제약(주),미만 (1),알러세틴정(레보세티리진염산염)_(5mg/1정),669804570,6,세 (3)
20160155,2016-12-30,,,급여,,(정제) 6세 미만의 유아에게는 정제가 아닌 액제를 투여할 것,levocetirizine dihydrochloride,463601ATB,,,대한뉴팜(주),미만 (1),레보티진정(레보세티리진염산염)_(5mg/1정),669906090,6,세 (3)
20160155,2016-12-30,,,급여,,(정제) 6세 미만의 유아에게는 정제가 아닌 액제를 투여할 것,levocetirizine dihydrochloride,463601ATB,,,(주)팜젠사이언스,미만 (1),세틴잘정5밀리그램(레보세티리진염산염)_(5mg/1정),670102300,6,세 (3)
20160155,2016-12-30,,,급여,,(정제) 6세 미만의 유아에게는 정제가 아닌 액제를 투여할 것,levocetirizine dihydrochloride,463601ATB,,,코오롱제약(주),미만 (1),레보코트정5밀리그램(레보세티리진염산염)_(5mg/1정),670303170,6,세 (3)
20160155,2016-12-30,,,급여,,(정제) 6세 미만의 유아에게는 정제가 아닌 액제를 투여할 것,levocetirizine dihydrochloride,463601ATB,,,(주)휴온스메디텍,미만 (1),휴니즈레보세티리진염산염정_(5mg/1정),670400880,6,세 (3)
20160155,2016-12-30,,,급여,,(정제) 6세 미만의 유아에게는 정제가 아닌 액제를 투여할 것,levocetirizine dihydrochloride,463601ATB,,,(주)보령바이오파마,미만 (1),비알세티정(레보세티리진염산염)_(5mg/1정),670500900,6,세 (3)
20160155,2016-12-30,,,급여,,(정제) 6세 미만의 유아에게는 정제가 아닌 액제를 투여할 것,levocetirizine dihydrochloride,463601ATB,,,주식회사제뉴원사이언스,미만 (1),알레린정(레보세티리진염산염)_(5mg/1정),671702230,6,세 (3)
20160155,2016-12-30,,,급여,,(정제) 6세 미만의 유아에게는 정제가 아닌 액제를 투여할 것,levocetirizine dihydrochloride,463601ATB,,,(주)다산제약,미만 (1),알레자이정(레보세티리진염산염)_(5mg/1정),678600450,6,세 (3)
20160155,2016-12-30,,,급여,,(정제) 6세 미만의 유아에게는 정제가 아닌 액제를 투여할 것,levocetirizine dihydrochloride,463601ATB,,,(주)한국글로벌제약,미만 (1),네티진정(레보세티리진염산염)_(5mg/1정),693201280,6,세 (3)
20160155,2016-12-30,,,급여,,(정제) 6세 미만의 유아에게는 정제가 아닌 액제를 투여할 것,levocetirizine dihydrochloride,463601ATB,,,(주)셀트리온제약,미만 (1),알세틴정(레보세티리진염산염)_(5mg/1정),693900600,6,세 (3)
20160155,2016-12-30,,,급여,,(정제) 6세 미만의 유아에게는 정제가 아닌 액제를 투여할 것,levocetirizine dihydrochloride,463601ATB,,,대웅바이오(주),미만 (1),베아티린정(레보세티리진염산염)_(5mg/1정),694000270,6,세 (3)
20160155,2016-12-30,,,급여,,(정제) 6세 미만의 유아에게는 정제가 아닌 액제를 투여할 것,levocetirizine dihydrochloride,463601ATB,,,(주)제뉴파마,미만 (1),레보네스정(레보세티리진염산염)_(5mg/1정),698000960,6,세 (3)
20160155,2016-12-30,,,급여,,(정제) 6세 미만의 유아에게는 정제가 아닌 액제를 투여할 것,levocetirizine dihydrochloride,463601ATB,,,(주)테라젠이텍스,미만 (1),레보세탄정(레보세티리진염산염)_(5mg/1정),698502240,6,세 (3)
20160155,2016-12-30,,,급여,,"(액제) 1세 미만의 영아에 대한 사용 경험이 적어 투여하지 않음. 1세 이상 6세 미만의 소아에 대한 임상시험 결과, 가장 흔하게 나타난 이상반응은 발열, 설사, 구토, 중이염이었음.",levocetirizine dihydrochloride,463633ALQ,,,삼일제약(주),미만 (1),쎄렌잘액(레보세티리진염산염)_(37.5mg/75mL),643902771,1,세 (3)
20160155,2016-12-30,,,급여,,"(액제) 1세 미만의 영아에 대한 사용 경험이 적어 투여하지 않음. 1세 이상 6세 미만의 소아에 대한 임상시험 결과, 가장 흔하게 나타난 이상반응은 발열, 설사, 구토, 중이염이었음.",levocetirizine dihydrochloride,463633ALQ,,,신풍제약(주),미만 (1),레보센액(레보세티리진염산염)_(37.5mg/75mL),648504591,1,세 (3)
20160155,2016-12-30,,,급여,,"(액제) 1세 미만의 영아에 대한 사용 경험이 적어 투여하지 않음. 1세 이상 6세 미만의 소아에 대한 임상시험 결과, 가장 흔하게 나타난 이상반응은 발열, 설사, 구토, 중이염이었음.",levocetirizine dihydrochloride,463633ALQ,,,안국약품(주),미만 (1),엘레틴액(레보세티리진염산염)_(37.5mg/75mL),650202781,1,세 (3)
20160155,2016-12-30,,,급여,,"(액제) 1세 미만의 영아에 대한 사용 경험이 적어 투여하지 않음. 1세 이상 6세 미만의 소아에 대한 임상시험 결과, 가장 흔하게 나타난 이상반응은 발열, 설사, 구토, 중이염이었음.",levocetirizine dihydrochloride,463634ALQ,,,영진약품(주),미만 (1),레보세린액(염산레보세티리진)_(50mg/100mL),642401981,1,세 (3)
20160155,2016-12-30,,,급여,,"(액제) 1세 미만의 영아에 대한 사용 경험이 적어 투여하지 않음. 1세 이상 6세 미만의 소아에 대한 임상시험 결과, 가장 흔하게 나타난 이상반응은 발열, 설사, 구토, 중이염이었음.",levocetirizine dihydrochloride,463634ALQ,,,일동제약(주),미만 (1),세노바엘액(레보세티리진염산염)_(50mg/100mL),642902801,1,세 (3)
20160155,2016-12-30,,,급여,,"(액제) 1세 미만의 영아에 대한 사용 경험이 적어 투여하지 않음. 1세 이상 6세 미만의 소아에 대한 임상시험 결과, 가장 흔하게 나타난 이상반응은 발열, 설사, 구토, 중이염이었음.",levocetirizine dihydrochloride,463634ALQ,,,동성제약(주),미만 (1),레티신액(레보세티리진염산염)_(50mg/100mL),643201501,1,세 (3)
20160155,2016-12-30,,,급여,,"(액제) 1세 미만의 영아에 대한 사용 경험이 적어 투여하지 않음. 1세 이상 6세 미만의 소아에 대한 임상시험 결과, 가장 흔하게 나타난 이상반응은 발열, 설사, 구토, 중이염이었음.",levocetirizine dihydrochloride,463634ALQ,,,(주)종근당,미만 (1),레세티잘액(레보세티리진염산염)_(50mg/100mL),643304852,1,세 (3)
20160155,2016-12-30,,,급여,,"(액제) 1세 미만의 영아에 대한 사용 경험이 적어 투여하지 않음. 1세 이상 6세 미만의 소아에 대한 임상시험 결과, 가장 흔하게 나타난 이상반응은 발열, 설사, 구토, 중이염이었음.",levocetirizine dihydrochloride,463634ALQ,,,한미약품(주),미만 (1),엘티리진액(레보세티리진염산염)_(50mg/100mL),643504612,1,세 (3)
20160155,2016-12-30,,,급여,,"(액제) 1세 미만의 영아에 대한 사용 경험이 적어 투여하지 않음. 1세 이상 6세 미만의 소아에 대한 임상시험 결과, 가장 흔하게 나타난 이상반응은 발열, 설사, 구토, 중이염이었음.",levocetirizine dihydrochloride,463634ALQ,,,제이더블유신약(주),미만 (1),알러반액(레보세티리진염산염)_(50mg/100mL),644101221,1,세 (3)
20160155,2016-12-30,,,급여,,"(액제) 1세 미만의 영아에 대한 사용 경험이 적어 투여하지 않음. 1세 이상 6세 미만의 소아에 대한 임상시험 결과, 가장 흔하게 나타난 이상반응은 발열, 설사, 구토, 중이염이었음.",levocetirizine dihydrochloride,463634ALQ,,,(주)서울제약,미만 (1),알러잘액(레보세티리진염산염)_(50mg/100mL),652902271,1,세 (3)
20160155,2016-12-30,,,급여,,"(액제) 1세 미만의 영아에 대한 사용 경험이 적어 투여하지 않음. 1세 이상 6세 미만의 소아에 대한 임상시험 결과, 가장 흔하게 나타난 이상반응은 발열, 설사, 구토, 중이염이었음.",levocetirizine dihydrochloride,463635ALQ,,,한국유씨비제약(주),미만 (1),씨잘액(레보세티리진염산염)_(0.1g/200mL),654100052,1,세 (3)
20160155,2016-12-30,,,급여,,"(액제) 1세 미만의 영아에 대한 사용 경험이 적어 투여하지 않음. 1세 이상 6세 미만의 소아에 대한 임상시험 결과, 가장 흔하게 나타난 이상반응은 발열, 설사, 구토, 중이염이었음.",levocetirizine dihydrochloride,463637ALQ,,,주식회사 더유제약,미만 (1),알레스잘액(레보세티리진염산염)_(0.25g/500mL),57000541,1,세 (3)
20160155,2016-12-30,,,급여,,"(액제) 1세 미만의 영아에 대한 사용 경험이 적어 투여하지 않음. 1세 이상 6세 미만의 소아에 대한 임상시험 결과, 가장 흔하게 나타난 이상반응은 발열, 설사, 구토, 중이염이었음.",levocetirizine dihydrochloride,463637ALQ,,,독립바이오제약(주),미만 (1),레세린액(레보세티리진염산염)_(0.25g/500mL),57700091,1,세 (3)
20160155,2016-12-30,,,급여,,"(액제) 1세 미만의 영아에 대한 사용 경험이 적어 투여하지 않음. 1세 이상 6세 미만의 소아에 대한 임상시험 결과, 가장 흔하게 나타난 이상반응은 발열, 설사, 구토, 중이염이었음.",levocetirizine dihydrochloride,463637ALQ,,,(주)유한양행,미만 (1),레리진액(레보세티리진염산염)_(0.25g/500mL),642105961,1,세 (3)
20160155,2016-12-30,,,급여,,"(액제) 1세 미만의 영아에 대한 사용 경험이 적어 투여하지 않음. 1세 이상 6세 미만의 소아에 대한 임상시험 결과, 가장 흔하게 나타난 이상반응은 발열, 설사, 구토, 중이염이었음.",levocetirizine dihydrochloride,463637ALQ,,,일동제약(주),미만 (1),세노바엘액(레보세티리진염산염)_(0.25g/500mL),642902802,1,세 (3)
20160155,2016-12-30,,,급여,,"(액제) 1세 미만의 영아에 대한 사용 경험이 적어 투여하지 않음. 1세 이상 6세 미만의 소아에 대한 임상시험 결과, 가장 흔하게 나타난 이상반응은 발열, 설사, 구토, 중이염이었음.",levocetirizine dihydrochloride,463637ALQ,,,동성제약(주),미만 (1),레티신액(레보세티리진염산염)_(0.25g/500mL),643201502,1,세 (3)
20160155,2016-12-30,,,급여,,"(액제) 1세 미만의 영아에 대한 사용 경험이 적어 투여하지 않음. 1세 이상 6세 미만의 소아에 대한 임상시험 결과, 가장 흔하게 나타난 이상반응은 발열, 설사, 구토, 중이염이었음.",levocetirizine dihydrochloride,463637ALQ,,,한미약품(주),미만 (1),엘티리진액(레보세티리진염산염)_(0.25g/500mL),643504613,1,세 (3)
20160155,2016-12-30,,,급여,,"(액제) 1세 미만의 영아에 대한 사용 경험이 적어 투여하지 않음. 1세 이상 6세 미만의 소아에 대한 임상시험 결과, 가장 흔하게 나타난 이상반응은 발열, 설사, 구토, 중이염이었음.",levocetirizine dihydrochloride,463637ALQ,,,삼일제약(주),미만 (1),쎄렌잘액(레보세티리진염산염)_(0.25g/500mL),643902772,1,세 (3)
20160155,2016-12-30,,,급여,,"(액제) 1세 미만의 영아에 대한 사용 경험이 적어 투여하지 않음. 1세 이상 6세 미만의 소아에 대한 임상시험 결과, 가장 흔하게 나타난 이상반응은 발열, 설사, 구토, 중이염이었음.",levocetirizine dihydrochloride,463637ALQ,,,조아제약(주),미만 (1),알티즈액(레보세티리진염산염)_(0.25g/500mL),644604021,1,세 (3)
20160155,2016-12-30,,,급여,,"(액제) 1세 미만의 영아에 대한 사용 경험이 적어 투여하지 않음. 1세 이상 6세 미만의 소아에 대한 임상시험 결과, 가장 흔하게 나타난 이상반응은 발열, 설사, 구토, 중이염이었음.",levocetirizine dihydrochloride,463637ALQ,,,한림제약(주),미만 (1),레보잘액(레보세티리진염산염)_(0.25g/500mL),645303371,1,세 (3)
20160155,2016-12-30,,,급여,,"(액제) 1세 미만의 영아에 대한 사용 경험이 적어 투여하지 않음. 1세 이상 6세 미만의 소아에 대한 임상시험 결과, 가장 흔하게 나타난 이상반응은 발열, 설사, 구토, 중이염이었음.",levocetirizine dihydrochloride,463637ALQ,,,삼아제약(주),미만 (1),네오세틴액(레보세티리진염산염)_(0.25g/500mL),645701412,1,세 (3)
20160155,2016-12-30,,,급여,,"(액제) 1세 미만의 영아에 대한 사용 경험이 적어 투여하지 않음. 1세 이상 6세 미만의 소아에 대한 임상시험 결과, 가장 흔하게 나타난 이상반응은 발열, 설사, 구토, 중이염이었음.",levocetirizine dihydrochloride,463637ALQ,,,(주)메디카코리아,미만 (1),잘티진액(레보세티리진염산염)_(0.25g/500mL),646004331,1,세 (3)
20160155,2016-12-30,,,급여,,"(액제) 1세 미만의 영아에 대한 사용 경험이 적어 투여하지 않음. 1세 이상 6세 미만의 소아에 대한 임상시험 결과, 가장 흔하게 나타난 이상반응은 발열, 설사, 구토, 중이염이었음.",levocetirizine dihydrochloride,463637ALQ,,,한국휴텍스제약(주),미만 (1),레보세트린액(레보세티리진염산염)_(0.25g/500mL),649102831,1,세 (3)
20160155,2016-12-30,,,급여,,"(액제) 1세 미만의 영아에 대한 사용 경험이 적어 투여하지 않음. 1세 이상 6세 미만의 소아에 대한 임상시험 결과, 가장 흔하게 나타난 이상반응은 발열, 설사, 구토, 중이염이었음.",levocetirizine dihydrochloride,463637ALQ,,,대우제약(주),미만 (1),카이잘액(레보세티리진염산염)_(0.25g/500mL),649602911,1,세 (3)
20160155,2016-12-30,,,급여,,"(액제) 1세 미만의 영아에 대한 사용 경험이 적어 투여하지 않음. 1세 이상 6세 미만의 소아에 대한 임상시험 결과, 가장 흔하게 나타난 이상반응은 발열, 설사, 구토, 중이염이었음.",levocetirizine dihydrochloride,463637ALQ,,,한화제약(주),미만 (1),렙티진액(레보세티리진염산염)_(0.25g/500mL),651601032,1,세 (3)
20160155,2016-12-30,,,급여,,"(액제) 1세 미만의 영아에 대한 사용 경험이 적어 투여하지 않음. 1세 이상 6세 미만의 소아에 대한 임상시험 결과, 가장 흔하게 나타난 이상반응은 발열, 설사, 구토, 중이염이었음.",levocetirizine dihydrochloride,463637ALQ,,,케이엠에스제약(주),미만 (1),케트라진액(레보세티리진염산염)_(0.25g/500mL),654701153,1,세 (3)
20160155,2016-12-30,,,급여,,"(액제) 1세 미만의 영아에 대한 사용 경험이 적어 투여하지 않음. 1세 이상 6세 미만의 소아에 대한 임상시험 결과, 가장 흔하게 나타난 이상반응은 발열, 설사, 구토, 중이염이었음.",levocetirizine dihydrochloride,463637ALQ,,,일성아이에스(주),미만 (1),센레보액(레보세티리진염산염)_(0.25g/500mL),655403581,1,세 (3)
20160155,2016-12-30,,,급여,,"(액제) 1세 미만의 영아에 대한 사용 경험이 적어 투여하지 않음. 1세 이상 6세 미만의 소아에 대한 임상시험 결과, 가장 흔하게 나타난 이상반응은 발열, 설사, 구토, 중이염이었음.",levocetirizine dihydrochloride,463637ALQ,,,영풍제약(주),미만 (1),세티날액(레보세티리진염산염)_(0.25g/500mL),661902111,1,세 (3)
20160155,2016-12-30,,,급여,,"(액제) 1세 미만의 영아에 대한 사용 경험이 적어 투여하지 않음. 1세 이상 6세 미만의 소아에 대한 임상시험 결과, 가장 흔하게 나타난 이상반응은 발열, 설사, 구토, 중이염이었음.",levocetirizine dihydrochloride,463637ALQ,,,한국프라임제약(주),미만 (1),씨펜액(레보세티리진염산염)_(0.25g/500mL)(딸기맛),663602857,1,세 (3)
20160155,2016-12-30,,,급여,,"(액제) 1세 미만의 영아에 대한 사용 경험이 적어 투여하지 않음. 1세 이상 6세 미만의 소아에 대한 임상시험 결과, 가장 흔하게 나타난 이상반응은 발열, 설사, 구토, 중이염이었음.",levocetirizine dihydrochloride,463637ALQ,,,한국유니온제약(주),미만 (1),레보세티린액(레보세티리진염산염)_(0.25g/500mL),665505392,1,세 (3)
20160155,2016-12-30,,,급여,,"(액제) 1세 미만의 영아에 대한 사용 경험이 적어 투여하지 않음. 1세 이상 6세 미만의 소아에 대한 임상시험 결과, 가장 흔하게 나타난 이상반응은 발열, 설사, 구토, 중이염이었음.",levocetirizine dihydrochloride,463637ALQ,,,(주)팜젠사이언스,미만 (1),세틴잘액(레보세티리진염산염)_(0.25g/500mL),670102321,1,세 (3)
20160155,2016-12-30,,,급여,,"(액제) 1세 미만의 영아에 대한 사용 경험이 적어 투여하지 않음. 1세 이상 6세 미만의 소아에 대한 임상시험 결과, 가장 흔하게 나타난 이상반응은 발열, 설사, 구토, 중이염이었음.",levocetirizine dihydrochloride,463637ALQ,,,코오롱제약(주),미만 (1),레보코트액(레보세티리진염산염)_(0.25g/500mL),670302161,1,세 (3)
20160155,2016-12-30,,,급여,,"(액제) 1세 미만의 영아에 대한 사용 경험이 적어 투여하지 않음. 1세 이상 6세 미만의 소아에 대한 임상시험 결과, 가장 흔하게 나타난 이상반응은 발열, 설사, 구토, 중이염이었음.",levocetirizine dihydrochloride,463637ALQ,,,(주)보령바이오파마,미만 (1),비알세티액(레보세티리진염산염)_(0.25g/500mL),670500892,1,세 (3)
20160155,2016-12-30,,,급여,,"(액제) 1세 미만의 영아에 대한 사용 경험이 적어 투여하지 않음. 1세 이상 6세 미만의 소아에 대한 임상시험 결과, 가장 흔하게 나타난 이상반응은 발열, 설사, 구토, 중이염이었음.",levocetirizine dihydrochloride,463637ALQ,,,주식회사제뉴원사이언스,미만 (1),알레린액(레보세티리진염산염)_(0.25g/500mL),671702243,1,세 (3)
20090300,2009-12-03,,,급여,,"1. 마크로라이드 불응성 마이코플라즈마 폐렴 소아환자에게 투여가능 : 마크로라이드계 항생제 투여 3일 후에도 증상이 개선되지 않는 소아[보건복지부 고시 제2023-252호(약제), ’23.12.20. 참고]2. 안전성 및 유효성 미확립, 퀴놀론계 항균제는 몇몇 어린 동물종에서 관절병증, 뻐연골증을 유발",levofloxacin,183233BIJ,,,(주)오스코리아제약,이하 (2),레복스주(레보플록사신수화물)_(0.25623g/50mL),629700101,18,세 (3)
20090300,2009-12-03,,,급여,,"1. 마크로라이드 불응성 마이코플라즈마 폐렴 소아환자에게 투여가능 : 마크로라이드계 항생제 투여 3일 후에도 증상이 개선되지 않는 소아[보건복지부 고시 제2023-252호(약제), ’23.12.20. 참고]2. 안전성 및 유효성 미확립, 퀴놀론계 항균제는 몇몇 어린 동물종에서 관절병증, 뻐연골증을 유발",levofloxacin,183233BIJ,,,에이치케이이노엔(주),이하 (2),이노엔레보플록사신주_(0.25623g/50mL/백),640001612,18,세 (3)
20090300,2009-12-03,,,급여,,"1. 마크로라이드 불응성 마이코플라즈마 폐렴 소아환자에게 투여가능 : 마크로라이드계 항생제 투여 3일 후에도 증상이 개선되지 않는 소아[보건복지부 고시 제2023-252호(약제), ’23.12.20. 참고]2. 안전성 및 유효성 미확립, 퀴놀론계 항균제는 몇몇 어린 동물종에서 관절병증, 뻐연골증을 유발",levofloxacin,183233BIJ,,,일동제약(주),이하 (2),레보펙신주(레보플록사신수화물)_(0.25623g/50mL),642900281,18,세 (3)
20090300,2009-12-03,,,급여,,"1. 마크로라이드 불응성 마이코플라즈마 폐렴 소아환자에게 투여가능 : 마크로라이드계 항생제 투여 3일 후에도 증상이 개선되지 않는 소아[보건복지부 고시 제2023-252호(약제), ’23.12.20. 참고]2. 안전성 및 유효성 미확립, 퀴놀론계 항균제는 몇몇 어린 동물종에서 관절병증, 뻐연골증을 유발",levofloxacin,183233BIJ,,,한국유나이티드제약(주),이하 (2),레보록신주(레보플록사신수화물)(수출명: Uniloxin inj.5mg/mL)_(0.25623g/50mL),644300851,18,세 (3)
20090300,2009-12-03,,,급여,,"1. 마크로라이드 불응성 마이코플라즈마 폐렴 소아환자에게 투여가능 : 마크로라이드계 항생제 투여 3일 후에도 증상이 개선되지 않는 소아[보건복지부 고시 제2023-252호(약제), ’23.12.20. 참고]2. 안전성 및 유효성 미확립, 퀴놀론계 항균제는 몇몇 어린 동물종에서 관절병증, 뻐연골증을 유발",levofloxacin,183233BIJ,,,제일약품(주),이하 (2),크라비트주(레보플록사신)_(0.25g/50mL),645401881,18,세 (3)
20090300,2009-12-03,,,급여,,"1. 마크로라이드 불응성 마이코플라즈마 폐렴 소아환자에게 투여가능 : 마크로라이드계 항생제 투여 3일 후에도 증상이 개선되지 않는 소아[보건복지부 고시 제2023-252호(약제), ’23.12.20. 참고]2. 안전성 및 유효성 미확립, 퀴놀론계 항균제는 몇몇 어린 동물종에서 관절병증, 뻐연골증을 유발",levofloxacin,183233BIJ,,,(주)유영제약,이하 (2),유영레보플록사신주(레보플록사신수화물)_(0.25623g/50mL),648204001,18,세 (3)
20090300,2009-12-03,,,급여,,"1. 마크로라이드 불응성 마이코플라즈마 폐렴 소아환자에게 투여가능 : 마크로라이드계 항생제 투여 3일 후에도 증상이 개선되지 않는 소아[보건복지부 고시 제2023-252호(약제), ’23.12.20. 참고]2. 안전성 및 유효성 미확립, 퀴놀론계 항균제는 몇몇 어린 동물종에서 관절병증, 뻐연골증을 유발",levofloxacin,183233BIJ,,,신풍제약(주),이하 (2),레포신주(레보플록사신)_(0.25g/50mL),648500471,18,세 (3)
20090300,2009-12-03,,,급여,,"1. 마크로라이드 불응성 마이코플라즈마 폐렴 소아환자에게 투여가능 : 마크로라이드계 항생제 투여 3일 후에도 증상이 개선되지 않는 소아[보건복지부 고시 제2023-252호(약제), ’23.12.20. 참고]2. 안전성 및 유효성 미확립, 퀴놀론계 항균제는 몇몇 어린 동물종에서 관절병증, 뻐연골증을 유발",levofloxacin,183233BIJ,,,유니메드제약(주),이하 (2),렉타신주(레보플록사신수화물)_(0.25623g/50mL),649500511,18,세 (3)
20090300,2009-12-03,,,급여,,"1. 마크로라이드 불응성 마이코플라즈마 폐렴 소아환자에게 투여가능 : 마크로라이드계 항생제 투여 3일 후에도 증상이 개선되지 않는 소아[보건복지부 고시 제2023-252호(약제), ’23.12.20. 참고]2. 안전성 및 유효성 미확립, 퀴놀론계 항균제는 몇몇 어린 동물종에서 관절병증, 뻐연골증을 유발",levofloxacin,183233BIJ,,,(주)한국파마,이하 (2),레브록신주(레보플록사신)_(0.25623g/50mL),653000431,18,세 (3)
20090300,2009-12-03,,,급여,,"1. 마크로라이드 불응성 마이코플라즈마 폐렴 소아환자에게 투여가능 : 마크로라이드계 항생제 투여 3일 후에도 증상이 개선되지 않는 소아[보건복지부 고시 제2023-252호(약제), ’23.12.20. 참고]2. 안전성 및 유효성 미확립, 퀴놀론계 항균제는 몇몇 어린 동물종에서 관절병증, 뻐연골증을 유발",levofloxacin,183233BIJ,,,한국유니온제약(주),이하 (2),프로신주(레보플록사신수화물)_(0.25623g/50mL),665504891,18,세 (3)
20090300,2009-12-03,,,급여,,"1. 마크로라이드 불응성 마이코플라즈마 폐렴 소아환자에게 투여가능 : 마크로라이드계 항생제 투여 3일 후에도 증상이 개선되지 않는 소아[보건복지부 고시 제2023-252호(약제), ’23.12.20. 참고]2. 안전성 및 유효성 미확립, 퀴놀론계 항균제는 몇몇 어린 동물종에서 관절병증, 뻐연골증을 유발",levofloxacin,183233BIJ,,,제이더블유생명과학(주),이하 (2),제이더블유레보플록사신주_(0.25g/50mL),678900892,18,세 (3)
20090300,2009-12-03,,,급여,,"1. 마크로라이드 불응성 마이코플라즈마 폐렴 소아환자에게 투여가능 : 마크로라이드계 항생제 투여 3일 후에도 증상이 개선되지 않는 소아[보건복지부 고시 제2023-252호(약제), ’23.12.20. 참고]2. 안전성 및 유효성 미확립, 퀴놀론계 항균제는 몇몇 어린 동물종에서 관절병증, 뻐연골증을 유발",levofloxacin,183234BIJ,,,(주)오스코리아제약,이하 (2),레복스주(레보플록사신수화물)_(0.51246g/100mL),629700111,18,세 (3)
20090300,2009-12-03,,,급여,,"1. 마크로라이드 불응성 마이코플라즈마 폐렴 소아환자에게 투여가능 : 마크로라이드계 항생제 투여 3일 후에도 증상이 개선되지 않는 소아[보건복지부 고시 제2023-252호(약제), ’23.12.20. 참고]2. 안전성 및 유효성 미확립, 퀴놀론계 항균제는 몇몇 어린 동물종에서 관절병증, 뻐연골증을 유발",levofloxacin,183234BIJ,,,에이치케이이노엔(주),이하 (2),이노엔레보플록사신주_(0.51246g/100mL/백),640001622,18,세 (3)
20090300,2009-12-03,,,급여,,"1. 마크로라이드 불응성 마이코플라즈마 폐렴 소아환자에게 투여가능 : 마크로라이드계 항생제 투여 3일 후에도 증상이 개선되지 않는 소아[보건복지부 고시 제2023-252호(약제), ’23.12.20. 참고]2. 안전성 및 유효성 미확립, 퀴놀론계 항균제는 몇몇 어린 동물종에서 관절병증, 뻐연골증을 유발",levofloxacin,183234BIJ,,,삼성제약(주),이하 (2),삼성레보플록사신주(레보플록사신수화물)_(0.51246g/100mL),642306671,18,세 (3)
20090300,2009-12-03,,,급여,,"1. 마크로라이드 불응성 마이코플라즈마 폐렴 소아환자에게 투여가능 : 마크로라이드계 항생제 투여 3일 후에도 증상이 개선되지 않는 소아[보건복지부 고시 제2023-252호(약제), ’23.12.20. 참고]2. 안전성 및 유효성 미확립, 퀴놀론계 항균제는 몇몇 어린 동물종에서 관절병증, 뻐연골증을 유발",levofloxacin,183234BIJ,,,일동제약(주),이하 (2),레보펙신주(레보플록사신수화물)_(0.51246g/100mL),642900291,18,세 (3)
20090300,2009-12-03,,,급여,,"1. 마크로라이드 불응성 마이코플라즈마 폐렴 소아환자에게 투여가능 : 마크로라이드계 항생제 투여 3일 후에도 증상이 개선되지 않는 소아[보건복지부 고시 제2023-252호(약제), ’23.12.20. 참고]2. 안전성 및 유효성 미확립, 퀴놀론계 항균제는 몇몇 어린 동물종에서 관절병증, 뻐연골증을 유발",levofloxacin,183234BIJ,,,국제약품(주),이하 (2),레보카신주(레보플록사신수화물)_(0.51246g/100mL/백),643702623,18,세 (3)
20090300,2009-12-03,,,급여,,"1. 마크로라이드 불응성 마이코플라즈마 폐렴 소아환자에게 투여가능 : 마크로라이드계 항생제 투여 3일 후에도 증상이 개선되지 않는 소아[보건복지부 고시 제2023-252호(약제), ’23.12.20. 참고]2. 안전성 및 유효성 미확립, 퀴놀론계 항균제는 몇몇 어린 동물종에서 관절병증, 뻐연골증을 유발",levofloxacin,183234BIJ,,,한국유나이티드제약(주),이하 (2),레보록신주(레보플록사신수화물)(수출명: Uniloxin inj.5mg/mL)_(0.51246g/100mL),644305841,18,세 (3)
20090300,2009-12-03,,,급여,,"1. 마크로라이드 불응성 마이코플라즈마 폐렴 소아환자에게 투여가능 : 마크로라이드계 항생제 투여 3일 후에도 증상이 개선되지 않는 소아[보건복지부 고시 제2023-252호(약제), ’23.12.20. 참고]2. 안전성 및 유효성 미확립, 퀴놀론계 항균제는 몇몇 어린 동물종에서 관절병증, 뻐연골증을 유발",levofloxacin,183234BIJ,,,대한약품공업(주),이하 (2),레프퀸인퓨전주(레보플록사신수화물)_(0.51246g/100mL),645103762,18,세 (3)
20090300,2009-12-03,,,급여,,"1. 마크로라이드 불응성 마이코플라즈마 폐렴 소아환자에게 투여가능 : 마크로라이드계 항생제 투여 3일 후에도 증상이 개선되지 않는 소아[보건복지부 고시 제2023-252호(약제), ’23.12.20. 참고]2. 안전성 및 유효성 미확립, 퀴놀론계 항균제는 몇몇 어린 동물종에서 관절병증, 뻐연골증을 유발",levofloxacin,183234BIJ,,,(주)에이프로젠바이오로직스,이하 (2),레보프록신주(레보플록사신)_(0.51246g/100mL),645200591,18,세 (3)
20090300,2009-12-03,,,급여,,"1. 마크로라이드 불응성 마이코플라즈마 폐렴 소아환자에게 투여가능 : 마크로라이드계 항생제 투여 3일 후에도 증상이 개선되지 않는 소아[보건복지부 고시 제2023-252호(약제), ’23.12.20. 참고]2. 안전성 및 유효성 미확립, 퀴놀론계 항균제는 몇몇 어린 동물종에서 관절병증, 뻐연골증을 유발",levofloxacin,183234BIJ,,,제일약품(주),이하 (2),크라비트주(레보플록사신)_(0.5g/100mL),645401891,18,세 (3)
20090300,2009-12-03,,,급여,,"1. 마크로라이드 불응성 마이코플라즈마 폐렴 소아환자에게 투여가능 : 마크로라이드계 항생제 투여 3일 후에도 증상이 개선되지 않는 소아[보건복지부 고시 제2023-252호(약제), ’23.12.20. 참고]2. 안전성 및 유효성 미확립, 퀴놀론계 항균제는 몇몇 어린 동물종에서 관절병증, 뻐연골증을 유발",levofloxacin,183234BIJ,,,동광제약(주),이하 (2),레펙신주(레보플록사신수화물)_(0.51246g/100mL),645901261,18,세 (3)
20090300,2009-12-03,,,급여,,"1. 마크로라이드 불응성 마이코플라즈마 폐렴 소아환자에게 투여가능 : 마크로라이드계 항생제 투여 3일 후에도 증상이 개선되지 않는 소아[보건복지부 고시 제2023-252호(약제), ’23.12.20. 참고]2. 안전성 및 유효성 미확립, 퀴놀론계 항균제는 몇몇 어린 동물종에서 관절병증, 뻐연골증을 유발",levofloxacin,183234BIJ,,,한국코러스(주),이하 (2),케이레보주(레보플록사신수화물)_(0.51246g/100mL),647204481,18,세 (3)
20090300,2009-12-03,,,급여,,"1. 마크로라이드 불응성 마이코플라즈마 폐렴 소아환자에게 투여가능 : 마크로라이드계 항생제 투여 3일 후에도 증상이 개선되지 않는 소아[보건복지부 고시 제2023-252호(약제), ’23.12.20. 참고]2. 안전성 및 유효성 미확립, 퀴놀론계 항균제는 몇몇 어린 동물종에서 관절병증, 뻐연골증을 유발",levofloxacin,183234BIJ,,,(주)유영제약,이하 (2),유영레보플록사신주(레보플록사신수화물)_(0.51246g/100mL),648204002,18,세 (3)
20090300,2009-12-03,,,급여,,"1. 마크로라이드 불응성 마이코플라즈마 폐렴 소아환자에게 투여가능 : 마크로라이드계 항생제 투여 3일 후에도 증상이 개선되지 않는 소아[보건복지부 고시 제2023-252호(약제), ’23.12.20. 참고]2. 안전성 및 유효성 미확립, 퀴놀론계 항균제는 몇몇 어린 동물종에서 관절병증, 뻐연골증을 유발",levofloxacin,183234BIJ,,,신풍제약(주),이하 (2),레포신주(레보플록사신)_(0.5g/100mL),648504381,18,세 (3)
20090300,2009-12-03,,,급여,,"1. 마크로라이드 불응성 마이코플라즈마 폐렴 소아환자에게 투여가능 : 마크로라이드계 항생제 투여 3일 후에도 증상이 개선되지 않는 소아[보건복지부 고시 제2023-252호(약제), ’23.12.20. 참고]2. 안전성 및 유효성 미확립, 퀴놀론계 항균제는 몇몇 어린 동물종에서 관절병증, 뻐연골증을 유발",levofloxacin,183234BIJ,,,유니메드제약(주),이하 (2),렉타신주(레보플록사신수화물)_(0.51246g/100mL),649500521,18,세 (3)
20090300,2009-12-03,,,급여,,"1. 마크로라이드 불응성 마이코플라즈마 폐렴 소아환자에게 투여가능 : 마크로라이드계 항생제 투여 3일 후에도 증상이 개선되지 않는 소아[보건복지부 고시 제2023-252호(약제), ’23.12.20. 참고]2. 안전성 및 유효성 미확립, 퀴놀론계 항균제는 몇몇 어린 동물종에서 관절병증, 뻐연골증을 유발",levofloxacin,183234BIJ,,,명문제약(주),이하 (2),타레린주500밀리그램(레보플록사신수화물)_(0.512g/100mL/병),649806962,18,세 (3)
20090300,2009-12-03,,,급여,,"1. 마크로라이드 불응성 마이코플라즈마 폐렴 소아환자에게 투여가능 : 마크로라이드계 항생제 투여 3일 후에도 증상이 개선되지 않는 소아[보건복지부 고시 제2023-252호(약제), ’23.12.20. 참고]2. 안전성 및 유효성 미확립, 퀴놀론계 항균제는 몇몇 어린 동물종에서 관절병증, 뻐연골증을 유발",levofloxacin,183234BIJ,,,(주)하원제약,이하 (2),하원레보플록사신주(레보플록사신수화물)_(0.51246g/100mL),651503721,18,세 (3)
20090300,2009-12-03,,,급여,,"1. 마크로라이드 불응성 마이코플라즈마 폐렴 소아환자에게 투여가능 : 마크로라이드계 항생제 투여 3일 후에도 증상이 개선되지 않는 소아[보건복지부 고시 제2023-252호(약제), ’23.12.20. 참고]2. 안전성 및 유효성 미확립, 퀴놀론계 항균제는 몇몇 어린 동물종에서 관절병증, 뻐연골증을 유발",levofloxacin,183234BIJ,,,(주)한국파마,이하 (2),레브록신주(레보플록사신)_(0.51246g/100mL),653000441,18,세 (3)
20090300,2009-12-03,,,급여,,"1. 마크로라이드 불응성 마이코플라즈마 폐렴 소아환자에게 투여가능 : 마크로라이드계 항생제 투여 3일 후에도 증상이 개선되지 않는 소아[보건복지부 고시 제2023-252호(약제), ’23.12.20. 참고]2. 안전성 및 유효성 미확립, 퀴놀론계 항균제는 몇몇 어린 동물종에서 관절병증, 뻐연골증을 유발",levofloxacin,183234BIJ,,,(주)넥스팜코리아,이하 (2),레폭사신주(레보플록사신수화물)_(0.51246g/100mL),662503992,18,세 (3)
20090300,2009-12-03,,,급여,,"1. 마크로라이드 불응성 마이코플라즈마 폐렴 소아환자에게 투여가능 : 마크로라이드계 항생제 투여 3일 후에도 증상이 개선되지 않는 소아[보건복지부 고시 제2023-252호(약제), ’23.12.20. 참고]2. 안전성 및 유효성 미확립, 퀴놀론계 항균제는 몇몇 어린 동물종에서 관절병증, 뻐연골증을 유발",levofloxacin,183234BIJ,,,한국유니온제약(주),이하 (2),프로신주(레보플록사신수화물)_(0.51246g/100mL),665504901,18,세 (3)
20090300,2009-12-03,,,급여,,"1. 마크로라이드 불응성 마이코플라즈마 폐렴 소아환자에게 투여가능 : 마크로라이드계 항생제 투여 3일 후에도 증상이 개선되지 않는 소아[보건복지부 고시 제2023-252호(약제), ’23.12.20. 참고]2. 안전성 및 유효성 미확립, 퀴놀론계 항균제는 몇몇 어린 동물종에서 관절병증, 뻐연골증을 유발",levofloxacin,183234BIJ,,,한국유니온제약(주),이하 (2),프로신주(레보플록사신수화물)_(0.51246g/100mL),665504903,18,세 (3)
20090300,2009-12-03,,,급여,,"1. 마크로라이드 불응성 마이코플라즈마 폐렴 소아환자에게 투여가능 : 마크로라이드계 항생제 투여 3일 후에도 증상이 개선되지 않는 소아[보건복지부 고시 제2023-252호(약제), ’23.12.20. 참고]2. 안전성 및 유효성 미확립, 퀴놀론계 항균제는 몇몇 어린 동물종에서 관절병증, 뻐연골증을 유발",levofloxacin,183234BIJ,,,(주)다산제약,이하 (2),하이레보주(레보플록사신수화물)_(0.51246g/100mL),678601621,18,세 (3)
20090300,2009-12-03,,,급여,,"1. 마크로라이드 불응성 마이코플라즈마 폐렴 소아환자에게 투여가능 : 마크로라이드계 항생제 투여 3일 후에도 증상이 개선되지 않는 소아[보건복지부 고시 제2023-252호(약제), ’23.12.20. 참고]2. 안전성 및 유효성 미확립, 퀴놀론계 항균제는 몇몇 어린 동물종에서 관절병증, 뻐연골증을 유발",levofloxacin,183234BIJ,,,제이더블유생명과학(주),이하 (2),제이더블유레보플록사신주_(0.5g/100mL),678900882,18,세 (3)
20090300,2009-12-03,,,급여,,"1. 마크로라이드 불응성 마이코플라즈마 폐렴 소아환자에게 투여가능 : 마크로라이드계 항생제 투여 3일 후에도 증상이 개선되지 않는 소아[보건복지부 고시 제2023-252호(약제), ’23.12.20. 참고]2. 안전성 및 유효성 미확립, 퀴놀론계 항균제는 몇몇 어린 동물종에서 관절병증, 뻐연골증을 유발",levofloxacin,183235BIJ,,,(주)오스코리아제약,이하 (2),레복스주(레보플록사신수화물)_(0.76869g/150mL),629700761,18,세 (3)
20090300,2009-12-03,,,급여,,"1. 마크로라이드 불응성 마이코플라즈마 폐렴 소아환자에게 투여가능 : 마크로라이드계 항생제 투여 3일 후에도 증상이 개선되지 않는 소아[보건복지부 고시 제2023-252호(약제), ’23.12.20. 참고]2. 안전성 및 유효성 미확립, 퀴놀론계 항균제는 몇몇 어린 동물종에서 관절병증, 뻐연골증을 유발",levofloxacin,183235BIJ,,,에이치케이이노엔(주),이하 (2),이노엔레보플록사신주_(0.76869g/150mL),640004941,18,세 (3)
20090300,2009-12-03,,,급여,,"1. 마크로라이드 불응성 마이코플라즈마 폐렴 소아환자에게 투여가능 : 마크로라이드계 항생제 투여 3일 후에도 증상이 개선되지 않는 소아[보건복지부 고시 제2023-252호(약제), ’23.12.20. 참고]2. 안전성 및 유효성 미확립, 퀴놀론계 항균제는 몇몇 어린 동물종에서 관절병증, 뻐연골증을 유발",levofloxacin,183235BIJ,,,일동제약(주),이하 (2),레보펙신주(레보플록사신수화물)_(0.76869g/150mL),642903121,18,세 (3)
20090300,2009-12-03,,,급여,,"1. 마크로라이드 불응성 마이코플라즈마 폐렴 소아환자에게 투여가능 : 마크로라이드계 항생제 투여 3일 후에도 증상이 개선되지 않는 소아[보건복지부 고시 제2023-252호(약제), ’23.12.20. 참고]2. 안전성 및 유효성 미확립, 퀴놀론계 항균제는 몇몇 어린 동물종에서 관절병증, 뻐연골증을 유발",levofloxacin,183235BIJ,,,국제약품(주),이하 (2),레보카신주(레보플록사신수화물)_(0.76869g/150mL/백),643703752,18,세 (3)
20090300,2009-12-03,,,급여,,"1. 마크로라이드 불응성 마이코플라즈마 폐렴 소아환자에게 투여가능 : 마크로라이드계 항생제 투여 3일 후에도 증상이 개선되지 않는 소아[보건복지부 고시 제2023-252호(약제), ’23.12.20. 참고]2. 안전성 및 유효성 미확립, 퀴놀론계 항균제는 몇몇 어린 동물종에서 관절병증, 뻐연골증을 유발",levofloxacin,183235BIJ,,,제일약품(주),이하 (2),크라비트주(레보플록사신)_(0.75g/150mL),645402631,18,세 (3)
20090300,2009-12-03,,,급여,,"1. 마크로라이드 불응성 마이코플라즈마 폐렴 소아환자에게 투여가능 : 마크로라이드계 항생제 투여 3일 후에도 증상이 개선되지 않는 소아[보건복지부 고시 제2023-252호(약제), ’23.12.20. 참고]2. 안전성 및 유효성 미확립, 퀴놀론계 항균제는 몇몇 어린 동물종에서 관절병증, 뻐연골증을 유발",levofloxacin,183235BIJ,,,동광제약(주),이하 (2),레펙신주(레보플록사신수화물)_(0.76869g/150mL),645906871,18,세 (3)
20090300,2009-12-03,,,급여,,"1. 마크로라이드 불응성 마이코플라즈마 폐렴 소아환자에게 투여가능 : 마크로라이드계 항생제 투여 3일 후에도 증상이 개선되지 않는 소아[보건복지부 고시 제2023-252호(약제), ’23.12.20. 참고]2. 안전성 및 유효성 미확립, 퀴놀론계 항균제는 몇몇 어린 동물종에서 관절병증, 뻐연골증을 유발",levofloxacin,183235BIJ,,,신풍제약(주),이하 (2),레포신주(레보플록사신)_(0.75g/150mL),648505821,18,세 (3)
20090300,2009-12-03,,,급여,,"1. 마크로라이드 불응성 마이코플라즈마 폐렴 소아환자에게 투여가능 : 마크로라이드계 항생제 투여 3일 후에도 증상이 개선되지 않는 소아[보건복지부 고시 제2023-252호(약제), ’23.12.20. 참고]2. 안전성 및 유효성 미확립, 퀴놀론계 항균제는 몇몇 어린 동물종에서 관절병증, 뻐연골증을 유발",levofloxacin,183235BIJ,,,유니메드제약(주),이하 (2),렉타신주(레보플록사신수화물)_(0.76869g/150mL),649508411,18,세 (3)
20090300,2009-12-03,,,급여,,"1. 마크로라이드 불응성 마이코플라즈마 폐렴 소아환자에게 투여가능 : 마크로라이드계 항생제 투여 3일 후에도 증상이 개선되지 않는 소아[보건복지부 고시 제2023-252호(약제), ’23.12.20. 참고]2. 안전성 및 유효성 미확립, 퀴놀론계 항균제는 몇몇 어린 동물종에서 관절병증, 뻐연골증을 유발",levofloxacin,183235BIJ,,,한국유니온제약(주),이하 (2),프로신주(레보플록사신수화물)_(0.76869g/150mL),665506751,18,세 (3)
20090300,2009-12-03,,,급여,,"1. 마크로라이드 불응성 마이코플라즈마 폐렴 소아환자에게 투여가능 : 마크로라이드계 항생제 투여 3일 후에도 증상이 개선되지 않는 소아[보건복지부 고시 제2023-252호(약제), ’23.12.20. 참고]2. 안전성 및 유효성 미확립, 퀴놀론계 항균제는 몇몇 어린 동물종에서 관절병증, 뻐연골증을 유발",levofloxacin,183235BIJ,,,한국유니온제약(주),이하 (2),프로신주(레보플록사신수화물)_(0.76869g/150mL),665506752,18,세 (3)
20090300,2009-12-03,,,급여,,"1. 마크로라이드 불응성 마이코플라즈마 폐렴 소아환자에게 투여가능 : 마크로라이드계 항생제 투여 3일 후에도 증상이 개선되지 않는 소아[보건복지부 고시 제2023-252호(약제), ’23.12.20. 참고]2. 안전성 및 유효성 미확립, 퀴놀론계 항균제는 몇몇 어린 동물종에서 관절병증, 뻐연골증을 유발",levofloxacin,183235BIJ,,,제이더블유생명과학(주),이하 (2),"제이더블유레보플록사신주_(레보플록사신½수화물, 0.75g/150mL)",678900901,18,세 (3)
20090300,2009-12-03,,,급여,,"1. 마크로라이드 불응성 마이코플라즈마 폐렴 소아환자에게 투여가능 : 마크로라이드계 항생제 투여 3일 후에도 증상이 개선되지 않는 소아[보건복지부 고시 제2023-252호(약제), ’23.12.20. 참고]2. 안전성 및 유효성 미확립, 퀴놀론계 항균제는 몇몇 어린 동물종에서 관절병증, 뻐연골증을 유발",levofloxacin hydrate,183201ATB,,,코스맥스파마(주),이하 (2),레보투정100밀리그램(레보플록사신수화물)_(0.10249g/1정),55101040,18,세 (3)
20090300,2009-12-03,,,급여,,"1. 마크로라이드 불응성 마이코플라즈마 폐렴 소아환자에게 투여가능 : 마크로라이드계 항생제 투여 3일 후에도 증상이 개선되지 않는 소아[보건복지부 고시 제2023-252호(약제), ’23.12.20. 참고]2. 안전성 및 유효성 미확립, 퀴놀론계 항균제는 몇몇 어린 동물종에서 관절병증, 뻐연골증을 유발",levofloxacin hydrate,183201ATB,,,주식회사케이에스제약,이하 (2),레보프사정100밀리그램(레보플록사신수화물)_(0.10249g/1정),59000750,18,세 (3)
20090300,2009-12-03,,,급여,,"1. 마크로라이드 불응성 마이코플라즈마 폐렴 소아환자에게 투여가능 : 마크로라이드계 항생제 투여 3일 후에도 증상이 개선되지 않는 소아[보건복지부 고시 제2023-252호(약제), ’23.12.20. 참고]2. 안전성 및 유효성 미확립, 퀴놀론계 항균제는 몇몇 어린 동물종에서 관절병증, 뻐연골증을 유발",levofloxacin hydrate,183201ATB,,,건일바이오팜주식회사,이하 (2),리플록신정100밀리그램(레보플록사신수화물)_(0.1g/1정),73001410,18,세 (3)
20090300,2009-12-03,,,급여,,"1. 마크로라이드 불응성 마이코플라즈마 폐렴 소아환자에게 투여가능 : 마크로라이드계 항생제 투여 3일 후에도 증상이 개선되지 않는 소아[보건복지부 고시 제2023-252호(약제), ’23.12.20. 참고]2. 안전성 및 유효성 미확립, 퀴놀론계 항균제는 몇몇 어린 동물종에서 관절병증, 뻐연골증을 유발",levofloxacin hydrate,183201ATB,,,(주)화이트생명과학,이하 (2),하이록신정100mg(레보플록사신수화물)_(0.1g/1정),625200620,18,세 (3)
20090300,2009-12-03,,,급여,,"1. 마크로라이드 불응성 마이코플라즈마 폐렴 소아환자에게 투여가능 : 마크로라이드계 항생제 투여 3일 후에도 증상이 개선되지 않는 소아[보건복지부 고시 제2023-252호(약제), ’23.12.20. 참고]2. 안전성 및 유효성 미확립, 퀴놀론계 항균제는 몇몇 어린 동물종에서 관절병증, 뻐연골증을 유발",levofloxacin hydrate,183201ATB,,,(주)휴비스트제약,이하 (2),휴록사신정100mg(레보플록사신수화물)_(0.10249g/1정),628800150,18,세 (3)
20090300,2009-12-03,,,급여,,"1. 마크로라이드 불응성 마이코플라즈마 폐렴 소아환자에게 투여가능 : 마크로라이드계 항생제 투여 3일 후에도 증상이 개선되지 않는 소아[보건복지부 고시 제2023-252호(약제), ’23.12.20. 참고]2. 안전성 및 유효성 미확립, 퀴놀론계 항균제는 몇몇 어린 동물종에서 관절병증, 뻐연골증을 유발",levofloxacin hydrate,183201ATB,,,(주)이든파마,이하 (2),레보플로정(레보플록사신수화물)_(0.1g/1정),628900090,18,세 (3)
20090300,2009-12-03,,,급여,,"1. 마크로라이드 불응성 마이코플라즈마 폐렴 소아환자에게 투여가능 : 마크로라이드계 항생제 투여 3일 후에도 증상이 개선되지 않는 소아[보건복지부 고시 제2023-252호(약제), ’23.12.20. 참고]2. 안전성 및 유효성 미확립, 퀴놀론계 항균제는 몇몇 어린 동물종에서 관절병증, 뻐연골증을 유발",levofloxacin hydrate,183201ATB,,,(주)일화,이하 (2),"레사신정(레보플록사신수화물)(수출명:LESACIN,LENTACIN)_(0.1g/1정)",640900260,18,세 (3)
20090300,2009-12-03,,,급여,,"1. 마크로라이드 불응성 마이코플라즈마 폐렴 소아환자에게 투여가능 : 마크로라이드계 항생제 투여 3일 후에도 증상이 개선되지 않는 소아[보건복지부 고시 제2023-252호(약제), ’23.12.20. 참고]2. 안전성 및 유효성 미확립, 퀴놀론계 항균제는 몇몇 어린 동물종에서 관절병증, 뻐연골증을 유발",levofloxacin hydrate,183201ATB,,,(주)대웅제약,이하 (2),대웅레보플록사신정100밀리그램(레보플록사신수화물)_(0.1g/1정),641605650,18,세 (3)
20090300,2009-12-03,,,급여,,"1. 마크로라이드 불응성 마이코플라즈마 폐렴 소아환자에게 투여가능 : 마크로라이드계 항생제 투여 3일 후에도 증상이 개선되지 않는 소아[보건복지부 고시 제2023-252호(약제), ’23.12.20. 참고]2. 안전성 및 유효성 미확립, 퀴놀론계 항균제는 몇몇 어린 동물종에서 관절병증, 뻐연골증을 유발",levofloxacin hydrate,183201ATB,,,일양약품(주),이하 (2),노팍신정(레보플록사신수화물)_(0.1g/1정),641700130,18,세 (3)
20090300,2009-12-03,,,급여,,"1. 마크로라이드 불응성 마이코플라즈마 폐렴 소아환자에게 투여가능 : 마크로라이드계 항생제 투여 3일 후에도 증상이 개선되지 않는 소아[보건복지부 고시 제2023-252호(약제), ’23.12.20. 참고]2. 안전성 및 유효성 미확립, 퀴놀론계 항균제는 몇몇 어린 동물종에서 관절병증, 뻐연골증을 유발",levofloxacin hydrate,183201ATB,,,(주)유한양행,이하 (2),레보미신정(레보플록사신)_(0.1g/1정),642100260,18,세 (3)
20090300,2009-12-03,,,급여,,"1. 마크로라이드 불응성 마이코플라즈마 폐렴 소아환자에게 투여가능 : 마크로라이드계 항생제 투여 3일 후에도 증상이 개선되지 않는 소아[보건복지부 고시 제2023-252호(약제), ’23.12.20. 참고]2. 안전성 및 유효성 미확립, 퀴놀론계 항균제는 몇몇 어린 동물종에서 관절병증, 뻐연골증을 유발",levofloxacin hydrate,183201ATB,,,일동제약(주),이하 (2),레보펙신정(레보플록사신수화물)_(0.1g/1정),642900250,18,세 (3)
20090300,2009-12-03,,,급여,,"1. 마크로라이드 불응성 마이코플라즈마 폐렴 소아환자에게 투여가능 : 마크로라이드계 항생제 투여 3일 후에도 증상이 개선되지 않는 소아[보건복지부 고시 제2023-252호(약제), ’23.12.20. 참고]2. 안전성 및 유효성 미확립, 퀴놀론계 항균제는 몇몇 어린 동물종에서 관절병증, 뻐연골증을 유발",levofloxacin hydrate,183201ATB,,,(주)바이넥스,이하 (2),레보트라정(레보플록사신수화물)_(0.1g/1정),643103770,18,세 (3)
20090300,2009-12-03,,,급여,,"1. 마크로라이드 불응성 마이코플라즈마 폐렴 소아환자에게 투여가능 : 마크로라이드계 항생제 투여 3일 후에도 증상이 개선되지 않는 소아[보건복지부 고시 제2023-252호(약제), ’23.12.20. 참고]2. 안전성 및 유효성 미확립, 퀴놀론계 항균제는 몇몇 어린 동물종에서 관절병증, 뻐연골증을 유발",levofloxacin hydrate,183201ATB,,,동성제약(주),이하 (2),동성레보플록사신정(레보플록사신수화물)_(0.1g/1정),643200110,18,세 (3)
20090300,2009-12-03,,,급여,,"1. 마크로라이드 불응성 마이코플라즈마 폐렴 소아환자에게 투여가능 : 마크로라이드계 항생제 투여 3일 후에도 증상이 개선되지 않는 소아[보건복지부 고시 제2023-252호(약제), ’23.12.20. 참고]2. 안전성 및 유효성 미확립, 퀴놀론계 항균제는 몇몇 어린 동물종에서 관절병증, 뻐연골증을 유발",levofloxacin hydrate,183201ATB,,,한미약품(주),이하 (2),레복사신정100밀리그램(레보플록사신수화물)_(0.1g/1정),643500540,18,세 (3)
20090300,2009-12-03,,,급여,,"1. 마크로라이드 불응성 마이코플라즈마 폐렴 소아환자에게 투여가능 : 마크로라이드계 항생제 투여 3일 후에도 증상이 개선되지 않는 소아[보건복지부 고시 제2023-252호(약제), ’23.12.20. 참고]2. 안전성 및 유효성 미확립, 퀴놀론계 항균제는 몇몇 어린 동물종에서 관절병증, 뻐연골증을 유발",levofloxacin hydrate,183201ATB,,,국제약품(주),이하 (2),레보카신정(레보플록사신수화물)_(0.1g/1정),643701070,18,세 (3)
20090300,2009-12-03,,,급여,,"1. 마크로라이드 불응성 마이코플라즈마 폐렴 소아환자에게 투여가능 : 마크로라이드계 항생제 투여 3일 후에도 증상이 개선되지 않는 소아[보건복지부 고시 제2023-252호(약제), ’23.12.20. 참고]2. 안전성 및 유효성 미확립, 퀴놀론계 항균제는 몇몇 어린 동물종에서 관절병증, 뻐연골증을 유발",levofloxacin hydrate,183201ATB,,,제이더블유신약(주),이하 (2),라이록사신정(레보플록사신수화물)_(0.1g/1정),644101270,18,세 (3)
20090300,2009-12-03,,,급여,,"1. 마크로라이드 불응성 마이코플라즈마 폐렴 소아환자에게 투여가능 : 마크로라이드계 항생제 투여 3일 후에도 증상이 개선되지 않는 소아[보건복지부 고시 제2023-252호(약제), ’23.12.20. 참고]2. 안전성 및 유효성 미확립, 퀴놀론계 항균제는 몇몇 어린 동물종에서 관절병증, 뻐연골증을 유발",levofloxacin hydrate,183201ATB,,,(주)에이프로젠바이오로직스,이하 (2),레보프록신정(레보플록사신)_(0.1g/1정),645200570,18,세 (3)
20090300,2009-12-03,,,급여,,"1. 마크로라이드 불응성 마이코플라즈마 폐렴 소아환자에게 투여가능 : 마크로라이드계 항생제 투여 3일 후에도 증상이 개선되지 않는 소아[보건복지부 고시 제2023-252호(약제), ’23.12.20. 참고]2. 안전성 및 유효성 미확립, 퀴놀론계 항균제는 몇몇 어린 동물종에서 관절병증, 뻐연골증을 유발",levofloxacin hydrate,183201ATB,,,제일약품(주),이하 (2),제일크라비트정(레보플록사신)_(0.1g/1정),645401470,18,세 (3)
20090300,2009-12-03,,,급여,,"1. 마크로라이드 불응성 마이코플라즈마 폐렴 소아환자에게 투여가능 : 마크로라이드계 항생제 투여 3일 후에도 증상이 개선되지 않는 소아[보건복지부 고시 제2023-252호(약제), ’23.12.20. 참고]2. 안전성 및 유효성 미확립, 퀴놀론계 항균제는 몇몇 어린 동물종에서 관절병증, 뻐연골증을 유발",levofloxacin hydrate,183201ATB,,,대화제약(주),이하 (2),카바스타정(레보플록사신수화물)_(0.1g/1정),645601660,18,세 (3)
20090300,2009-12-03,,,급여,,"1. 마크로라이드 불응성 마이코플라즈마 폐렴 소아환자에게 투여가능 : 마크로라이드계 항생제 투여 3일 후에도 증상이 개선되지 않는 소아[보건복지부 고시 제2023-252호(약제), ’23.12.20. 참고]2. 안전성 및 유효성 미확립, 퀴놀론계 항균제는 몇몇 어린 동물종에서 관절병증, 뻐연골증을 유발",levofloxacin hydrate,183201ATB,,,동광제약(주),이하 (2),레펙신정(레보플록사신수화물)_(0.1g/1정),645901240,18,세 (3)
20090300,2009-12-03,,,급여,,"1. 마크로라이드 불응성 마이코플라즈마 폐렴 소아환자에게 투여가능 : 마크로라이드계 항생제 투여 3일 후에도 증상이 개선되지 않는 소아[보건복지부 고시 제2023-252호(약제), ’23.12.20. 참고]2. 안전성 및 유효성 미확립, 퀴놀론계 항균제는 몇몇 어린 동물종에서 관절병증, 뻐연골증을 유발",levofloxacin hydrate,183201ATB,,,(주)메디카코리아,이하 (2),레록신정(레보플록사신수화물)_(0.1g/1정),646000430,18,세 (3)
20090300,2009-12-03,,,급여,,"1. 마크로라이드 불응성 마이코플라즈마 폐렴 소아환자에게 투여가능 : 마크로라이드계 항생제 투여 3일 후에도 증상이 개선되지 않는 소아[보건복지부 고시 제2023-252호(약제), ’23.12.20. 참고]2. 안전성 및 유효성 미확립, 퀴놀론계 항균제는 몇몇 어린 동물종에서 관절병증, 뻐연골증을 유발",levofloxacin hydrate,183201ATB,,,(주)뉴젠팜,이하 (2),네보락신정(레보플록사신수화물)_(0.1g/1정),646200110,18,세 (3)
20090300,2009-12-03,,,급여,,"1. 마크로라이드 불응성 마이코플라즈마 폐렴 소아환자에게 투여가능 : 마크로라이드계 항생제 투여 3일 후에도 증상이 개선되지 않는 소아[보건복지부 고시 제2023-252호(약제), ’23.12.20. 참고]2. 안전성 및 유효성 미확립, 퀴놀론계 항균제는 몇몇 어린 동물종에서 관절병증, 뻐연골증을 유발",levofloxacin hydrate,183201ATB,,,건일제약(주),이하 (2),레보건정100밀리그램(레보플록사신수화물)_(0.1g/1정),646803130,18,세 (3)
20090300,2009-12-03,,,급여,,"1. 마크로라이드 불응성 마이코플라즈마 폐렴 소아환자에게 투여가능 : 마크로라이드계 항생제 투여 3일 후에도 증상이 개선되지 않는 소아[보건복지부 고시 제2023-252호(약제), ’23.12.20. 참고]2. 안전성 및 유효성 미확립, 퀴놀론계 항균제는 몇몇 어린 동물종에서 관절병증, 뻐연골증을 유발",levofloxacin hydrate,183201ATB,,,한국코러스(주),이하 (2),레보타신정100밀리그램(레보플록사신수화물)_(0.10249g/1정),647205110,18,세 (3)
20090300,2009-12-03,,,급여,,"1. 마크로라이드 불응성 마이코플라즈마 폐렴 소아환자에게 투여가능 : 마크로라이드계 항생제 투여 3일 후에도 증상이 개선되지 않는 소아[보건복지부 고시 제2023-252호(약제), ’23.12.20. 참고]2. 안전성 및 유효성 미확립, 퀴놀론계 항균제는 몇몇 어린 동물종에서 관절병증, 뻐연골증을 유발",levofloxacin hydrate,183201ATB,,,에이치엘비제약(주),이하 (2),레플로신정100밀리그램(레보플록사신수화물)_(0.10249g/1정),647303690,18,세 (3)
20090300,2009-12-03,,,급여,,"1. 마크로라이드 불응성 마이코플라즈마 폐렴 소아환자에게 투여가능 : 마크로라이드계 항생제 투여 3일 후에도 증상이 개선되지 않는 소아[보건복지부 고시 제2023-252호(약제), ’23.12.20. 참고]2. 안전성 및 유효성 미확립, 퀴놀론계 항균제는 몇몇 어린 동물종에서 관절병증, 뻐연골증을 유발",levofloxacin hydrate,183201ATB,,,경동제약(주),이하 (2),레폭신정(레보플록사신수화물)_(0.1g/1정),648100470,18,세 (3)
20090300,2009-12-03,,,급여,,"1. 마크로라이드 불응성 마이코플라즈마 폐렴 소아환자에게 투여가능 : 마크로라이드계 항생제 투여 3일 후에도 증상이 개선되지 않는 소아[보건복지부 고시 제2023-252호(약제), ’23.12.20. 참고]2. 안전성 및 유효성 미확립, 퀴놀론계 항균제는 몇몇 어린 동물종에서 관절병증, 뻐연골증을 유발",levofloxacin hydrate,183201ATB,,,신풍제약(주),이하 (2),레포신정100밀리그램(레보플록사신)_(0.1g/1정),648506360,18,세 (3)
20090300,2009-12-03,,,급여,,"1. 마크로라이드 불응성 마이코플라즈마 폐렴 소아환자에게 투여가능 : 마크로라이드계 항생제 투여 3일 후에도 증상이 개선되지 않는 소아[보건복지부 고시 제2023-252호(약제), ’23.12.20. 참고]2. 안전성 및 유효성 미확립, 퀴놀론계 항균제는 몇몇 어린 동물종에서 관절병증, 뻐연골증을 유발",levofloxacin hydrate,183201ATB,,,한국휴텍스제약(주),이하 (2),크라프록신정100mg(레보플록사신수화물)_(0.1g/1정),649102240,18,세 (3)
20090300,2009-12-03,,,급여,,"1. 마크로라이드 불응성 마이코플라즈마 폐렴 소아환자에게 투여가능 : 마크로라이드계 항생제 투여 3일 후에도 증상이 개선되지 않는 소아[보건복지부 고시 제2023-252호(약제), ’23.12.20. 참고]2. 안전성 및 유효성 미확립, 퀴놀론계 항균제는 몇몇 어린 동물종에서 관절병증, 뻐연골증을 유발",levofloxacin hydrate,183201ATB,,,영일제약(주),이하 (2),레보파정(레보플록사신수화물)(수출명:VOLEXINTABLET)_(0.1g/1정),649400410,18,세 (3)
20090300,2009-12-03,,,급여,,"1. 마크로라이드 불응성 마이코플라즈마 폐렴 소아환자에게 투여가능 : 마크로라이드계 항생제 투여 3일 후에도 증상이 개선되지 않는 소아[보건복지부 고시 제2023-252호(약제), ’23.12.20. 참고]2. 안전성 및 유효성 미확립, 퀴놀론계 항균제는 몇몇 어린 동물종에서 관절병증, 뻐연골증을 유발",levofloxacin hydrate,183201ATB,,,명문제약(주),이하 (2),레보푸라신정(레보플록사신수화물)_(0.1g/1정),649800460,18,세 (3)
20090300,2009-12-03,,,급여,,"1. 마크로라이드 불응성 마이코플라즈마 폐렴 소아환자에게 투여가능 : 마크로라이드계 항생제 투여 3일 후에도 증상이 개선되지 않는 소아[보건복지부 고시 제2023-252호(약제), ’23.12.20. 참고]2. 안전성 및 유효성 미확립, 퀴놀론계 항균제는 몇몇 어린 동물종에서 관절병증, 뻐연골증을 유발",levofloxacin hydrate,183201ATB,,,삼천당제약(주),이하 (2),레보스타정(레보플록사신)_(0.10249g/1정),651200250,18,세 (3)
20090300,2009-12-03,,,급여,,"1. 마크로라이드 불응성 마이코플라즈마 폐렴 소아환자에게 투여가능 : 마크로라이드계 항생제 투여 3일 후에도 증상이 개선되지 않는 소아[보건복지부 고시 제2023-252호(약제), ’23.12.20. 참고]2. 안전성 및 유효성 미확립, 퀴놀론계 항균제는 몇몇 어린 동물종에서 관절병증, 뻐연골증을 유발",levofloxacin hydrate,183201ATB,,,한화제약(주),이하 (2),레크로신정(레보플록사신수화물)_(0.1g/1정),651601790,18,세 (3)
20090300,2009-12-03,,,급여,,"1. 마크로라이드 불응성 마이코플라즈마 폐렴 소아환자에게 투여가능 : 마크로라이드계 항생제 투여 3일 후에도 증상이 개선되지 않는 소아[보건복지부 고시 제2023-252호(약제), ’23.12.20. 참고]2. 안전성 및 유효성 미확립, 퀴놀론계 항균제는 몇몇 어린 동물종에서 관절병증, 뻐연골증을 유발",levofloxacin hydrate,183201ATB,,,알보젠코리아(주),이하 (2),레보탐정(레보플록사신)_(0.1g/1정),652600630,18,세 (3)
20090300,2009-12-03,,,급여,,"1. 마크로라이드 불응성 마이코플라즈마 폐렴 소아환자에게 투여가능 : 마크로라이드계 항생제 투여 3일 후에도 증상이 개선되지 않는 소아[보건복지부 고시 제2023-252호(약제), ’23.12.20. 참고]2. 안전성 및 유효성 미확립, 퀴놀론계 항균제는 몇몇 어린 동물종에서 관절병증, 뻐연골증을 유발",levofloxacin hydrate,183201ATB,,,(주)서울제약,이하 (2),레보박터정(레보플록사신)_(0.1g/1정),652900310,18,세 (3)
20090300,2009-12-03,,,급여,,"1. 마크로라이드 불응성 마이코플라즈마 폐렴 소아환자에게 투여가능 : 마크로라이드계 항생제 투여 3일 후에도 증상이 개선되지 않는 소아[보건복지부 고시 제2023-252호(약제), ’23.12.20. 참고]2. 안전성 및 유효성 미확립, 퀴놀론계 항균제는 몇몇 어린 동물종에서 관절병증, 뻐연골증을 유발",levofloxacin hydrate,183201ATB,,,(주)한국파마,이하 (2),레브록신정(레보플록사신수화물)_(0.10249g/1정),653000420,18,세 (3)
20090300,2009-12-03,,,급여,,"1. 마크로라이드 불응성 마이코플라즈마 폐렴 소아환자에게 투여가능 : 마크로라이드계 항생제 투여 3일 후에도 증상이 개선되지 않는 소아[보건복지부 고시 제2023-252호(약제), ’23.12.20. 참고]2. 안전성 및 유효성 미확립, 퀴놀론계 항균제는 몇몇 어린 동물종에서 관절병증, 뻐연골증을 유발",levofloxacin hydrate,183201ATB,,,동국제약(주),이하 (2),레보라신정(레보플록사신수화물)_(0.1g/1정),653402580,18,세 (3)
20090300,2009-12-03,,,급여,,"1. 마크로라이드 불응성 마이코플라즈마 폐렴 소아환자에게 투여가능 : 마크로라이드계 항생제 투여 3일 후에도 증상이 개선되지 않는 소아[보건복지부 고시 제2023-252호(약제), ’23.12.20. 참고]2. 안전성 및 유효성 미확립, 퀴놀론계 항균제는 몇몇 어린 동물종에서 관절병증, 뻐연골증을 유발",levofloxacin hydrate,183201ATB,,,아주약품(주),이하 (2),크록사신정(레보플록사신수화물)_(0.1g/1정),654001570,18,세 (3)
20090300,2009-12-03,,,급여,,"1. 마크로라이드 불응성 마이코플라즈마 폐렴 소아환자에게 투여가능 : 마크로라이드계 항생제 투여 3일 후에도 증상이 개선되지 않는 소아[보건복지부 고시 제2023-252호(약제), ’23.12.20. 참고]2. 안전성 및 유효성 미확립, 퀴놀론계 항균제는 몇몇 어린 동물종에서 관절병증, 뻐연골증을 유발",levofloxacin hydrate,183201ATB,,,일성아이에스(주),이하 (2),레보플라정100밀리그램(레보플록사신수화물)_(0.10249g/1정),655404720,18,세 (3)
20090300,2009-12-03,,,급여,,"1. 마크로라이드 불응성 마이코플라즈마 폐렴 소아환자에게 투여가능 : 마크로라이드계 항생제 투여 3일 후에도 증상이 개선되지 않는 소아[보건복지부 고시 제2023-252호(약제), ’23.12.20. 참고]2. 안전성 및 유효성 미확립, 퀴놀론계 항균제는 몇몇 어린 동물종에서 관절병증, 뻐연골증을 유발",levofloxacin hydrate,183201ATB,,,알리코제약(주),이하 (2),레보파신정(레보플록사신)(수출명: LEVOGEM)_(0.1g/1정),656000190,18,세 (3)
20090300,2009-12-03,,,급여,,"1. 마크로라이드 불응성 마이코플라즈마 폐렴 소아환자에게 투여가능 : 마크로라이드계 항생제 투여 3일 후에도 증상이 개선되지 않는 소아[보건복지부 고시 제2023-252호(약제), ’23.12.20. 참고]2. 안전성 및 유효성 미확립, 퀴놀론계 항균제는 몇몇 어린 동물종에서 관절병증, 뻐연골증을 유발",levofloxacin hydrate,183201ATB,,,환인제약(주),이하 (2),환인레보플록사신정100밀리그램(레보플록사신수화물)_(0.1g/1정),657202460,18,세 (3)
20090300,2009-12-03,,,급여,,"1. 마크로라이드 불응성 마이코플라즈마 폐렴 소아환자에게 투여가능 : 마크로라이드계 항생제 투여 3일 후에도 증상이 개선되지 않는 소아[보건복지부 고시 제2023-252호(약제), ’23.12.20. 참고]2. 안전성 및 유효성 미확립, 퀴놀론계 항균제는 몇몇 어린 동물종에서 관절병증, 뻐연골증을 유발",levofloxacin hydrate,183201ATB,,,(주)동구바이오제약,이하 (2),동구레보플록사신수화물정100mg_(0.10249g/1정),657300510,18,세 (3)
20090300,2009-12-03,,,급여,,"1. 마크로라이드 불응성 마이코플라즈마 폐렴 소아환자에게 투여가능 : 마크로라이드계 항생제 투여 3일 후에도 증상이 개선되지 않는 소아[보건복지부 고시 제2023-252호(약제), ’23.12.20. 참고]2. 안전성 및 유효성 미확립, 퀴놀론계 항균제는 몇몇 어린 동물종에서 관절병증, 뻐연골증을 유발",levofloxacin hydrate,183201ATB,,,(주)퍼슨,이하 (2),레노보정(레보플록사신수화물)_(0.1g/1정),657400900,18,세 (3)
20090300,2009-12-03,,,급여,,"1. 마크로라이드 불응성 마이코플라즈마 폐렴 소아환자에게 투여가능 : 마크로라이드계 항생제 투여 3일 후에도 증상이 개선되지 않는 소아[보건복지부 고시 제2023-252호(약제), ’23.12.20. 참고]2. 안전성 및 유효성 미확립, 퀴놀론계 항균제는 몇몇 어린 동물종에서 관절병증, 뻐연골증을 유발",levofloxacin hydrate,183201ATB,,,하나제약(주),이하 (2),레나신정(레보플록사신수화물)_(0.1g/1정),657805030,18,세 (3)
20090300,2009-12-03,,,급여,,"1. 마크로라이드 불응성 마이코플라즈마 폐렴 소아환자에게 투여가능 : 마크로라이드계 항생제 투여 3일 후에도 증상이 개선되지 않는 소아[보건복지부 고시 제2023-252호(약제), ’23.12.20. 참고]2. 안전성 및 유효성 미확립, 퀴놀론계 항균제는 몇몇 어린 동물종에서 관절병증, 뻐연골증을 유발",levofloxacin hydrate,183201ATB,,,(유)한풍제약,이하 (2),레보나정100밀리그램(레보플록사신수화물)_(0.10249g/1정),658106420,18,세 (3)
20090300,2009-12-03,,,급여,,"1. 마크로라이드 불응성 마이코플라즈마 폐렴 소아환자에게 투여가능 : 마크로라이드계 항생제 투여 3일 후에도 증상이 개선되지 않는 소아[보건복지부 고시 제2023-252호(약제), ’23.12.20. 참고]2. 안전성 및 유효성 미확립, 퀴놀론계 항균제는 몇몇 어린 동물종에서 관절병증, 뻐연골증을 유발",levofloxacin hydrate,183201ATB,,,익수제약(주),이하 (2),레사크라정100밀리그램(레보플록사신수화물)_(0.1g/1정),658501710,18,세 (3)
20090300,2009-12-03,,,급여,,"1. 마크로라이드 불응성 마이코플라즈마 폐렴 소아환자에게 투여가능 : 마크로라이드계 항생제 투여 3일 후에도 증상이 개선되지 않는 소아[보건복지부 고시 제2023-252호(약제), ’23.12.20. 참고]2. 안전성 및 유효성 미확립, 퀴놀론계 항균제는 몇몇 어린 동물종에서 관절병증, 뻐연골증을 유발",levofloxacin hydrate,183201ATB,,,이연제약(주),이하 (2),크라박터정(레보플록사신수화물)_(0.1g/1정),658602800,18,세 (3)
20090300,2009-12-03,,,급여,,"1. 마크로라이드 불응성 마이코플라즈마 폐렴 소아환자에게 투여가능 : 마크로라이드계 항생제 투여 3일 후에도 증상이 개선되지 않는 소아[보건복지부 고시 제2023-252호(약제), ’23.12.20. 참고]2. 안전성 및 유효성 미확립, 퀴놀론계 항균제는 몇몇 어린 동물종에서 관절병증, 뻐연골증을 유발",levofloxacin hydrate,183201ATB,,,위더스제약(주),이하 (2),위더스레보플록사신정(레보플록사신수화물)_(0.1g/1정),660701110,18,세 (3)
20090300,2009-12-03,,,급여,,"1. 마크로라이드 불응성 마이코플라즈마 폐렴 소아환자에게 투여가능 : 마크로라이드계 항생제 투여 3일 후에도 증상이 개선되지 않는 소아[보건복지부 고시 제2023-252호(약제), ’23.12.20. 참고]2. 안전성 및 유효성 미확립, 퀴놀론계 항균제는 몇몇 어린 동물종에서 관절병증, 뻐연골증을 유발",levofloxacin hydrate,183201ATB,,,(주)알피바이오,이하 (2),알피레보플록사신정100밀리그램(레보플록사신수화물)_(0.1g/1정),661604410,18,세 (3)
20090300,2009-12-03,,,급여,,"1. 마크로라이드 불응성 마이코플라즈마 폐렴 소아환자에게 투여가능 : 마크로라이드계 항생제 투여 3일 후에도 증상이 개선되지 않는 소아[보건복지부 고시 제2023-252호(약제), ’23.12.20. 참고]2. 안전성 및 유효성 미확립, 퀴놀론계 항균제는 몇몇 어린 동물종에서 관절병증, 뻐연골증을 유발",levofloxacin hydrate,183201ATB,,,(주)넥스팜코리아,이하 (2),레폭사신정(레보플록사신)(수출명:LEFOXACINTablet)_(0.1g/1정),662500740,18,세 (3)
20090300,2009-12-03,,,급여,,"1. 마크로라이드 불응성 마이코플라즈마 폐렴 소아환자에게 투여가능 : 마크로라이드계 항생제 투여 3일 후에도 증상이 개선되지 않는 소아[보건복지부 고시 제2023-252호(약제), ’23.12.20. 참고]2. 안전성 및 유효성 미확립, 퀴놀론계 항균제는 몇몇 어린 동물종에서 관절병증, 뻐연골증을 유발",levofloxacin hydrate,183201ATB,,,구주제약(주),이하 (2),유니레보정(레보플록사신수화물)_(0.1g/1정),669802320,18,세 (3)
20090300,2009-12-03,,,급여,,"1. 마크로라이드 불응성 마이코플라즈마 폐렴 소아환자에게 투여가능 : 마크로라이드계 항생제 투여 3일 후에도 증상이 개선되지 않는 소아[보건복지부 고시 제2023-252호(약제), ’23.12.20. 참고]2. 안전성 및 유효성 미확립, 퀴놀론계 항균제는 몇몇 어린 동물종에서 관절병증, 뻐연골증을 유발",levofloxacin hydrate,183201ATB,,,대한뉴팜(주),이하 (2),레비신정(레보플록사신)_(0.1g/1정),669901050,18,세 (3)
20090300,2009-12-03,,,급여,,"1. 마크로라이드 불응성 마이코플라즈마 폐렴 소아환자에게 투여가능 : 마크로라이드계 항생제 투여 3일 후에도 증상이 개선되지 않는 소아[보건복지부 고시 제2023-252호(약제), ’23.12.20. 참고]2. 안전성 및 유효성 미확립, 퀴놀론계 항균제는 몇몇 어린 동물종에서 관절병증, 뻐연골증을 유발",levofloxacin hydrate,183201ATB,,,(주)팜젠사이언스,이하 (2),"레바록스정100밀리그램(레보플록사신수화물)(수출명:레보플록스, 레바닉정)_(0.10249g/1정)",670100250,18,세 (3)
20090300,2009-12-03,,,급여,,"1. 마크로라이드 불응성 마이코플라즈마 폐렴 소아환자에게 투여가능 : 마크로라이드계 항생제 투여 3일 후에도 증상이 개선되지 않는 소아[보건복지부 고시 제2023-252호(약제), ’23.12.20. 참고]2. 안전성 및 유효성 미확립, 퀴놀론계 항균제는 몇몇 어린 동물종에서 관절병증, 뻐연골증을 유발",levofloxacin hydrate,183201ATB,,,(주)휴온스,이하 (2),레보바이정(레보플록사신수화물)_(0.1g/1정),670606450,18,세 (3)
20090300,2009-12-03,,,급여,,"1. 마크로라이드 불응성 마이코플라즈마 폐렴 소아환자에게 투여가능 : 마크로라이드계 항생제 투여 3일 후에도 증상이 개선되지 않는 소아[보건복지부 고시 제2023-252호(약제), ’23.12.20. 참고]2. 안전성 및 유효성 미확립, 퀴놀론계 항균제는 몇몇 어린 동물종에서 관절병증, 뻐연골증을 유발",levofloxacin hydrate,183201ATB,,,대원제약(주),이하 (2),원플록신정(레보플록사신수화물)_(0.1g/1정),671802730,18,세 (3)
20090300,2009-12-03,,,급여,,"1. 마크로라이드 불응성 마이코플라즈마 폐렴 소아환자에게 투여가능 : 마크로라이드계 항생제 투여 3일 후에도 증상이 개선되지 않는 소아[보건복지부 고시 제2023-252호(약제), ’23.12.20. 참고]2. 안전성 및 유효성 미확립, 퀴놀론계 항균제는 몇몇 어린 동물종에서 관절병증, 뻐연골증을 유발",levofloxacin hydrate,183201ATB,,,(주)다산제약,이하 (2),하이레보정100밀리그램(레보플록사신수화물)_(0.10249g/1정),678601690,18,세 (3)
20090300,2009-12-03,,,급여,,"1. 마크로라이드 불응성 마이코플라즈마 폐렴 소아환자에게 투여가능 : 마크로라이드계 항생제 투여 3일 후에도 증상이 개선되지 않는 소아[보건복지부 고시 제2023-252호(약제), ’23.12.20. 참고]2. 안전성 및 유효성 미확립, 퀴놀론계 항균제는 몇몇 어린 동물종에서 관절병증, 뻐연골증을 유발",levofloxacin hydrate,183201ATB,,,(주)한국글로벌제약,이하 (2),글로비트정(레보플록사신수화물)_(0.1g/1정),693200730,18,세 (3)
20090300,2009-12-03,,,급여,,"1. 마크로라이드 불응성 마이코플라즈마 폐렴 소아환자에게 투여가능 : 마크로라이드계 항생제 투여 3일 후에도 증상이 개선되지 않는 소아[보건복지부 고시 제2023-252호(약제), ’23.12.20. 참고]2. 안전성 및 유효성 미확립, 퀴놀론계 항균제는 몇몇 어린 동물종에서 관절병증, 뻐연골증을 유발",levofloxacin hydrate,183201ATB,,,(주)셀트리온제약,이하 (2),셀트리온레보플록사신정100밀리그램(레보플록사신수화물)_(0.10249g/1정),693902320,18,세 (3)
20090300,2009-12-03,,,급여,,"1. 마크로라이드 불응성 마이코플라즈마 폐렴 소아환자에게 투여가능 : 마크로라이드계 항생제 투여 3일 후에도 증상이 개선되지 않는 소아[보건복지부 고시 제2023-252호(약제), ’23.12.20. 참고]2. 안전성 및 유효성 미확립, 퀴놀론계 항균제는 몇몇 어린 동물종에서 관절병증, 뻐연골증을 유발",levofloxacin hydrate,183201ATB,,,대웅바이오(주),이하 (2),크라보신정100밀리그램(레보플록사신수화물)_(0.10249g/1정),694003380,18,세 (3)
20090300,2009-12-03,,,급여,,"1. 마크로라이드 불응성 마이코플라즈마 폐렴 소아환자에게 투여가능 : 마크로라이드계 항생제 투여 3일 후에도 증상이 개선되지 않는 소아[보건복지부 고시 제2023-252호(약제), ’23.12.20. 참고]2. 안전성 및 유효성 미확립, 퀴놀론계 항균제는 몇몇 어린 동물종에서 관절병증, 뻐연골증을 유발",levofloxacin hydrate,183201ATB,,,(주)테라젠이텍스,이하 (2),레프렉스정100mg(레보플록사신수화물)_(0.1g/1정),698503180,18,세 (3)
20090300,2009-12-03,,,급여,,"1. 마크로라이드 불응성 마이코플라즈마 폐렴 소아환자에게 투여가능 : 마크로라이드계 항생제 투여 3일 후에도 증상이 개선되지 않는 소아[보건복지부 고시 제2023-252호(약제), ’23.12.20. 참고]2. 안전성 및 유효성 미확립, 퀴놀론계 항균제는 몇몇 어린 동물종에서 관절병증, 뻐연골증을 유발",levofloxacin hydrate,183202ATB,,,건일바이오팜주식회사,이하 (2),리플록신정250밀리그램(레보플록사신수화물)_(0.25615g/1정),73000740,18,세 (3)
20090300,2009-12-03,,,급여,,"1. 마크로라이드 불응성 마이코플라즈마 폐렴 소아환자에게 투여가능 : 마크로라이드계 항생제 투여 3일 후에도 증상이 개선되지 않는 소아[보건복지부 고시 제2023-252호(약제), ’23.12.20. 참고]2. 안전성 및 유효성 미확립, 퀴놀론계 항균제는 몇몇 어린 동물종에서 관절병증, 뻐연골증을 유발",levofloxacin hydrate,183202ATB,,,(주)화이트생명과학,이하 (2),하이록신정250밀리그램(레보플록사신수화물)_(0.25615g/1정),625200380,18,세 (3)
20090300,2009-12-03,,,급여,,"1. 마크로라이드 불응성 마이코플라즈마 폐렴 소아환자에게 투여가능 : 마크로라이드계 항생제 투여 3일 후에도 증상이 개선되지 않는 소아[보건복지부 고시 제2023-252호(약제), ’23.12.20. 참고]2. 안전성 및 유효성 미확립, 퀴놀론계 항균제는 몇몇 어린 동물종에서 관절병증, 뻐연골증을 유발",levofloxacin hydrate,183202ATB,,,일동제약(주),이하 (2),레보펙신정250밀리그램(레보플록사신수화물)_(0.25615g/1정),642900260,18,세 (3)
20090300,2009-12-03,,,급여,,"1. 마크로라이드 불응성 마이코플라즈마 폐렴 소아환자에게 투여가능 : 마크로라이드계 항생제 투여 3일 후에도 증상이 개선되지 않는 소아[보건복지부 고시 제2023-252호(약제), ’23.12.20. 참고]2. 안전성 및 유효성 미확립, 퀴놀론계 항균제는 몇몇 어린 동물종에서 관절병증, 뻐연골증을 유발",levofloxacin hydrate,183202ATB,,,한미약품(주),이하 (2),레복사신정250밀리그램(레보플록사신수화물)_(0.25625g/1정),643504840,18,세 (3)
20090300,2009-12-03,,,급여,,"1. 마크로라이드 불응성 마이코플라즈마 폐렴 소아환자에게 투여가능 : 마크로라이드계 항생제 투여 3일 후에도 증상이 개선되지 않는 소아[보건복지부 고시 제2023-252호(약제), ’23.12.20. 참고]2. 안전성 및 유효성 미확립, 퀴놀론계 항균제는 몇몇 어린 동물종에서 관절병증, 뻐연골증을 유발",levofloxacin hydrate,183202ATB,,,신신제약(주),이하 (2),유로레보정250mg(레보플록사신수화물)_(0.25615g/1정),643802680,18,세 (3)
20090300,2009-12-03,,,급여,,"1. 마크로라이드 불응성 마이코플라즈마 폐렴 소아환자에게 투여가능 : 마크로라이드계 항생제 투여 3일 후에도 증상이 개선되지 않는 소아[보건복지부 고시 제2023-252호(약제), ’23.12.20. 참고]2. 안전성 및 유효성 미확립, 퀴놀론계 항균제는 몇몇 어린 동물종에서 관절병증, 뻐연골증을 유발",levofloxacin hydrate,183202ATB,,,제일약품(주),이하 (2),크라비트정250밀리그람(레보플록사신)_(0.25g/1정),645401860,18,세 (3)
20090300,2009-12-03,,,급여,,"1. 마크로라이드 불응성 마이코플라즈마 폐렴 소아환자에게 투여가능 : 마크로라이드계 항생제 투여 3일 후에도 증상이 개선되지 않는 소아[보건복지부 고시 제2023-252호(약제), ’23.12.20. 참고]2. 안전성 및 유효성 미확립, 퀴놀론계 항균제는 몇몇 어린 동물종에서 관절병증, 뻐연골증을 유발",levofloxacin hydrate,183202ATB,,,건일제약(주),이하 (2),레보건정250밀리그램(레보플록사신수화물)_(0.25615g/1정),646803140,18,세 (3)
20090300,2009-12-03,,,급여,,"1. 마크로라이드 불응성 마이코플라즈마 폐렴 소아환자에게 투여가능 : 마크로라이드계 항생제 투여 3일 후에도 증상이 개선되지 않는 소아[보건복지부 고시 제2023-252호(약제), ’23.12.20. 참고]2. 안전성 및 유효성 미확립, 퀴놀론계 항균제는 몇몇 어린 동물종에서 관절병증, 뻐연골증을 유발",levofloxacin hydrate,183202ATB,,,유니메드제약(주),이하 (2),렉타신정250밀리그램(레보플록사신수화물)_(0.25615g/1정),649505100,18,세 (3)
20090300,2009-12-03,,,급여,,"1. 마크로라이드 불응성 마이코플라즈마 폐렴 소아환자에게 투여가능 : 마크로라이드계 항생제 투여 3일 후에도 증상이 개선되지 않는 소아[보건복지부 고시 제2023-252호(약제), ’23.12.20. 참고]2. 안전성 및 유효성 미확립, 퀴놀론계 항균제는 몇몇 어린 동물종에서 관절병증, 뻐연골증을 유발",levofloxacin hydrate,183202ATB,,,명문제약(주),이하 (2),레보푸라신정250밀리그램(레보플록사신수화물)_(0.25615g/1정),649807860,18,세 (3)
20090300,2009-12-03,,,급여,,"1. 마크로라이드 불응성 마이코플라즈마 폐렴 소아환자에게 투여가능 : 마크로라이드계 항생제 투여 3일 후에도 증상이 개선되지 않는 소아[보건복지부 고시 제2023-252호(약제), ’23.12.20. 참고]2. 안전성 및 유효성 미확립, 퀴놀론계 항균제는 몇몇 어린 동물종에서 관절병증, 뻐연골증을 유발",levofloxacin hydrate,183202ATB,,,(주)동구바이오제약,이하 (2),동구레보플록사신수화물정250mg_(0.25615g/1정),657304170,18,세 (3)
20090300,2009-12-03,,,급여,,"1. 마크로라이드 불응성 마이코플라즈마 폐렴 소아환자에게 투여가능 : 마크로라이드계 항생제 투여 3일 후에도 증상이 개선되지 않는 소아[보건복지부 고시 제2023-252호(약제), ’23.12.20. 참고]2. 안전성 및 유효성 미확립, 퀴놀론계 항균제는 몇몇 어린 동물종에서 관절병증, 뻐연골증을 유발",levofloxacin hydrate,183202ATB,,,(주)알피바이오,이하 (2),알피레보플록사신정250mg(레보플록사신수화물)_(0.25615g/1정),661604850,18,세 (3)
20090300,2009-12-03,,,급여,,"1. 마크로라이드 불응성 마이코플라즈마 폐렴 소아환자에게 투여가능 : 마크로라이드계 항생제 투여 3일 후에도 증상이 개선되지 않는 소아[보건복지부 고시 제2023-252호(약제), ’23.12.20. 참고]2. 안전성 및 유효성 미확립, 퀴놀론계 항균제는 몇몇 어린 동물종에서 관절병증, 뻐연골증을 유발",levofloxacin hydrate,183202ATB,,,대웅바이오(주),이하 (2),크라보신정250밀리그램(레보플록사신수화물)_(0.25615g/1정),694001320,18,세 (3)
20090300,2009-12-03,,,급여,,"1. 마크로라이드 불응성 마이코플라즈마 폐렴 소아환자에게 투여가능 : 마크로라이드계 항생제 투여 3일 후에도 증상이 개선되지 않는 소아[보건복지부 고시 제2023-252호(약제), ’23.12.20. 참고]2. 안전성 및 유효성 미확립, 퀴놀론계 항균제는 몇몇 어린 동물종에서 관절병증, 뻐연골증을 유발",levofloxacin hydrate,183203ATB,,,(주)인트로바이오파마,이하 (2),레보에이블정500밀리그램(레보플록사신수화물)_(0.5123g/1정),52401880,18,세 (3)
20090300,2009-12-03,,,급여,,"1. 마크로라이드 불응성 마이코플라즈마 폐렴 소아환자에게 투여가능 : 마크로라이드계 항생제 투여 3일 후에도 증상이 개선되지 않는 소아[보건복지부 고시 제2023-252호(약제), ’23.12.20. 참고]2. 안전성 및 유효성 미확립, 퀴놀론계 항균제는 몇몇 어린 동물종에서 관절병증, 뻐연골증을 유발",levofloxacin hydrate,183203ATB,,,코스맥스파마(주),이하 (2),레보투정500밀리그램(레보플록사신수화물)_(0.5123/1정),55101030,18,세 (3)
20090300,2009-12-03,,,급여,,"1. 마크로라이드 불응성 마이코플라즈마 폐렴 소아환자에게 투여가능 : 마크로라이드계 항생제 투여 3일 후에도 증상이 개선되지 않는 소아[보건복지부 고시 제2023-252호(약제), ’23.12.20. 참고]2. 안전성 및 유효성 미확립, 퀴놀론계 항균제는 몇몇 어린 동물종에서 관절병증, 뻐연골증을 유발",levofloxacin hydrate,183203ATB,,,주식회사 더유제약,이하 (2),레보에프정500밀리그램(레보플록사신수화물)_(0.5123g/1정),57000850,18,세 (3)
20090300,2009-12-03,,,급여,,"1. 마크로라이드 불응성 마이코플라즈마 폐렴 소아환자에게 투여가능 : 마크로라이드계 항생제 투여 3일 후에도 증상이 개선되지 않는 소아[보건복지부 고시 제2023-252호(약제), ’23.12.20. 참고]2. 안전성 및 유효성 미확립, 퀴놀론계 항균제는 몇몇 어린 동물종에서 관절병증, 뻐연골증을 유발",levofloxacin hydrate,183203ATB,,,건일바이오팜주식회사,이하 (2),리플록신정500밀리그램(레보플록사신수화물)_(0.5123g/1정),73000850,18,세 (3)
20090300,2009-12-03,,,급여,,"1. 마크로라이드 불응성 마이코플라즈마 폐렴 소아환자에게 투여가능 : 마크로라이드계 항생제 투여 3일 후에도 증상이 개선되지 않는 소아[보건복지부 고시 제2023-252호(약제), ’23.12.20. 참고]2. 안전성 및 유효성 미확립, 퀴놀론계 항균제는 몇몇 어린 동물종에서 관절병증, 뻐연골증을 유발",levofloxacin hydrate,183203ATB,,,(주)화이트생명과학,이하 (2),하이록신정500mg(레보플록사신수화물)_(0.5123g/1정),625200270,18,세 (3)
20090300,2009-12-03,,,급여,,"1. 마크로라이드 불응성 마이코플라즈마 폐렴 소아환자에게 투여가능 : 마크로라이드계 항생제 투여 3일 후에도 증상이 개선되지 않는 소아[보건복지부 고시 제2023-252호(약제), ’23.12.20. 참고]2. 안전성 및 유효성 미확립, 퀴놀론계 항균제는 몇몇 어린 동물종에서 관절병증, 뻐연골증을 유발",levofloxacin hydrate,183203ATB,,,일동제약(주),이하 (2),레보펙신정500밀리그램(레보플록사신수화물)_(0.5123g/1정),642900270,18,세 (3)
20090300,2009-12-03,,,급여,,"1. 마크로라이드 불응성 마이코플라즈마 폐렴 소아환자에게 투여가능 : 마크로라이드계 항생제 투여 3일 후에도 증상이 개선되지 않는 소아[보건복지부 고시 제2023-252호(약제), ’23.12.20. 참고]2. 안전성 및 유효성 미확립, 퀴놀론계 항균제는 몇몇 어린 동물종에서 관절병증, 뻐연골증을 유발",levofloxacin hydrate,183203ATB,,,한미약품(주),이하 (2),레복사신정500밀리그램(레보플록사신수화물)_(0.5125g/1정),643504270,18,세 (3)
20090300,2009-12-03,,,급여,,"1. 마크로라이드 불응성 마이코플라즈마 폐렴 소아환자에게 투여가능 : 마크로라이드계 항생제 투여 3일 후에도 증상이 개선되지 않는 소아[보건복지부 고시 제2023-252호(약제), ’23.12.20. 참고]2. 안전성 및 유효성 미확립, 퀴놀론계 항균제는 몇몇 어린 동물종에서 관절병증, 뻐연골증을 유발",levofloxacin hydrate,183203ATB,,,제일약품(주),이하 (2),크라비트정500밀리그람(레보플록사신)_(0.5g/1정),645401870,18,세 (3)
20090300,2009-12-03,,,급여,,"1. 마크로라이드 불응성 마이코플라즈마 폐렴 소아환자에게 투여가능 : 마크로라이드계 항생제 투여 3일 후에도 증상이 개선되지 않는 소아[보건복지부 고시 제2023-252호(약제), ’23.12.20. 참고]2. 안전성 및 유효성 미확립, 퀴놀론계 항균제는 몇몇 어린 동물종에서 관절병증, 뻐연골증을 유발",levofloxacin hydrate,183203ATB,,,건일제약(주),이하 (2),레보건정500밀리그램(레보플록사신수화물)_(0.5123g/1정),646803150,18,세 (3)
20090300,2009-12-03,,,급여,,"1. 마크로라이드 불응성 마이코플라즈마 폐렴 소아환자에게 투여가능 : 마크로라이드계 항생제 투여 3일 후에도 증상이 개선되지 않는 소아[보건복지부 고시 제2023-252호(약제), ’23.12.20. 참고]2. 안전성 및 유효성 미확립, 퀴놀론계 항균제는 몇몇 어린 동물종에서 관절병증, 뻐연골증을 유발",levofloxacin hydrate,183203ATB,,,(주)씨엠지제약,이하 (2),레플록신정500mg(레보플록사신)_(0.5g/1정),648603120,18,세 (3)
20090300,2009-12-03,,,급여,,"1. 마크로라이드 불응성 마이코플라즈마 폐렴 소아환자에게 투여가능 : 마크로라이드계 항생제 투여 3일 후에도 증상이 개선되지 않는 소아[보건복지부 고시 제2023-252호(약제), ’23.12.20. 참고]2. 안전성 및 유효성 미확립, 퀴놀론계 항균제는 몇몇 어린 동물종에서 관절병증, 뻐연골증을 유발",levofloxacin hydrate,183203ATB,,,한국휴텍스제약(주),이하 (2),크라프록신정500mg(레보플록사신수화물)_(0.5123g/1정),649103410,18,세 (3)
20090300,2009-12-03,,,급여,,"1. 마크로라이드 불응성 마이코플라즈마 폐렴 소아환자에게 투여가능 : 마크로라이드계 항생제 투여 3일 후에도 증상이 개선되지 않는 소아[보건복지부 고시 제2023-252호(약제), ’23.12.20. 참고]2. 안전성 및 유효성 미확립, 퀴놀론계 항균제는 몇몇 어린 동물종에서 관절병증, 뻐연골증을 유발",levofloxacin hydrate,183203ATB,,,일성아이에스(주),이하 (2),레보플라정500밀리그램(레보플록사신수화물)_(0.5123g/1정),655404710,18,세 (3)
20090300,2009-12-03,,,급여,,"1. 마크로라이드 불응성 마이코플라즈마 폐렴 소아환자에게 투여가능 : 마크로라이드계 항생제 투여 3일 후에도 증상이 개선되지 않는 소아[보건복지부 고시 제2023-252호(약제), ’23.12.20. 참고]2. 안전성 및 유효성 미확립, 퀴놀론계 항균제는 몇몇 어린 동물종에서 관절병증, 뻐연골증을 유발",levofloxacin hydrate,183203ATB,,,(주)동구바이오제약,이하 (2),동구레보플록사신수화물정500mg_(0.5123g/1정),657304180,18,세 (3)
20090300,2009-12-03,,,급여,,"1. 마크로라이드 불응성 마이코플라즈마 폐렴 소아환자에게 투여가능 : 마크로라이드계 항생제 투여 3일 후에도 증상이 개선되지 않는 소아[보건복지부 고시 제2023-252호(약제), ’23.12.20. 참고]2. 안전성 및 유효성 미확립, 퀴놀론계 항균제는 몇몇 어린 동물종에서 관절병증, 뻐연골증을 유발",levofloxacin hydrate,183203ATB,,,(유)한풍제약,이하 (2),레보나정500밀리그램(레보플록사신수화물)_(0.5123g/1정),658106410,18,세 (3)
20090300,2009-12-03,,,급여,,"1. 마크로라이드 불응성 마이코플라즈마 폐렴 소아환자에게 투여가능 : 마크로라이드계 항생제 투여 3일 후에도 증상이 개선되지 않는 소아[보건복지부 고시 제2023-252호(약제), ’23.12.20. 참고]2. 안전성 및 유효성 미확립, 퀴놀론계 항균제는 몇몇 어린 동물종에서 관절병증, 뻐연골증을 유발",levofloxacin hydrate,183203ATB,,,위더스제약(주),이하 (2),위더스레보플록사신정500밀리그램_(0.5g/1정),660702470,18,세 (3)
20090300,2009-12-03,,,급여,,"1. 마크로라이드 불응성 마이코플라즈마 폐렴 소아환자에게 투여가능 : 마크로라이드계 항생제 투여 3일 후에도 증상이 개선되지 않는 소아[보건복지부 고시 제2023-252호(약제), ’23.12.20. 참고]2. 안전성 및 유효성 미확립, 퀴놀론계 항균제는 몇몇 어린 동물종에서 관절병증, 뻐연골증을 유발",levofloxacin hydrate,183203ATB,,,대한뉴팜(주),이하 (2),레비신정500mg(레보플록사신수화물)_(0.5123g/1정),669907180,18,세 (3)
20090300,2009-12-03,,,급여,,"1. 마크로라이드 불응성 마이코플라즈마 폐렴 소아환자에게 투여가능 : 마크로라이드계 항생제 투여 3일 후에도 증상이 개선되지 않는 소아[보건복지부 고시 제2023-252호(약제), ’23.12.20. 참고]2. 안전성 및 유효성 미확립, 퀴놀론계 항균제는 몇몇 어린 동물종에서 관절병증, 뻐연골증을 유발",levofloxacin hydrate,183203ATB,,,주식회사큐엘파마,이하 (2),유로펜타정500mg(레보플록사신수화물)_(0.5123g/1정),673400040,18,세 (3)
20090300,2009-12-03,,,급여,,"1. 마크로라이드 불응성 마이코플라즈마 폐렴 소아환자에게 투여가능 : 마크로라이드계 항생제 투여 3일 후에도 증상이 개선되지 않는 소아[보건복지부 고시 제2023-252호(약제), ’23.12.20. 참고]2. 안전성 및 유효성 미확립, 퀴놀론계 항균제는 몇몇 어린 동물종에서 관절병증, 뻐연골증을 유발",levofloxacin hydrate,183203ATB,,,(주)다산제약,이하 (2),하이레보정500밀리그램(레보플록사신수화물)_(0.5123g/1정),678601810,18,세 (3)
20090300,2009-12-03,,,급여,,"1. 마크로라이드 불응성 마이코플라즈마 폐렴 소아환자에게 투여가능 : 마크로라이드계 항생제 투여 3일 후에도 증상이 개선되지 않는 소아[보건복지부 고시 제2023-252호(약제), ’23.12.20. 참고]2. 안전성 및 유효성 미확립, 퀴놀론계 항균제는 몇몇 어린 동물종에서 관절병증, 뻐연골증을 유발",levofloxacin hydrate,183205ATB,,,국제약품(주),이하 (2),레보카신정750밀리그램(레보플록사신수화물)_(0.7687g/1정),643703970,18,세 (3)
20090300,2009-12-03,,,급여,,"1. 마크로라이드 불응성 마이코플라즈마 폐렴 소아환자에게 투여가능 : 마크로라이드계 항생제 투여 3일 후에도 증상이 개선되지 않는 소아[보건복지부 고시 제2023-252호(약제), ’23.12.20. 참고]2. 안전성 및 유효성 미확립, 퀴놀론계 항균제는 몇몇 어린 동물종에서 관절병증, 뻐연골증을 유발",levofloxacin hydrate,183205ATB,,,코오롱제약(주),이하 (2),레보플러스정750밀리그램(레보플록사신수화물)_(0.76845g/1정),670303910,18,세 (3)
20220087,2022-12-15,,,급여,,,lidocaine,183805CCM,,,오스템파마주식회사,이하 (2),리도카겔(리도카인),53500130,4,세 (3)
20220087,2022-12-15,,,급여,,,lidocaine,183805CCM,,,신원덴탈(주),이하 (2),조겔어덜트진지발겔(리도카인),658300050,4,세 (3)
20090300,2009-12-03,,,급여,,안전성 및 유효성 미확립. 몇몇 어린 동물종을 이용한 동물실험결과 관절이상이 보고됨,lomefloxacin hydrochloride,184901ATB,,,코오롱제약(주),이하 (2),로맥사신정100mg(로메플록사신염산염)_(0.1104g/1정),670304020,18,세 (3)
20090300,2009-12-03,,,급여,,안전성 및 유효성 미확립. 몇몇 어린 동물종을 이용한 동물실험결과 관절이상이 보고됨,lomefloxacin hydrochloride,184903ATB,,,한림제약(주),이하 (2),한림염산로메플록사신정(수출명:필로신정)_(0.4416g/1정),645302660,18,세 (3)
20090300,2009-12-03,,,급여,,안전성 및 유효성 미확립. 몇몇 어린 동물종을 이용한 동물실험결과 관절이상이 보고됨,lomefloxacin hydrochloride,184903ATB,,,주식회사제뉴원사이언스,이하 (2),제뉴원로메플록사신염산염정_(0.4416g/1정),671701970,18,세 (3)
20090300,2009-12-03,,,급여,,안전성 및 유효성 미확립. 몇몇 어린 동물종을 이용한 동물실험결과 관절이상이 보고됨,lomefloxacin hydrochloride,184904ATB,,,한림제약(주),이하 (2),한림염산로메플록사신정200밀리그람_(0.2208g/1정),645302650,18,세 (3)
20110110,2011-06-28,,,급여,,,loperamide hydrochloride,185102ACH,,,태극제약(주),미만 (1),로파인캡슐(로페라미드염산염)_(2mg/1캡슐),644800520,24,개월 (2)
20110110,2011-06-28,,,급여,,,loperamide hydrochloride,185102ACH,,,영일제약(주),미만 (1),로프민캡슐(로페라미드염산염)_(2mg/1캡슐),649400510,24,개월 (2)
20110110,2011-06-28,,,급여,,,loperamide hydrochloride,185102ACH,,,지엘파마(주),미만 (1),지엘로페라미드염산염캡슐_(2mg/1캡슐),649700730,24,개월 (2)
20110110,2011-06-28,,,급여,,,loperamide hydrochloride,185102ACH,,,삼남제약(주),미만 (1),삼남로페라마이드캡슐(로페라미드염산염)_(2mg/1캡슐),653700440,24,개월 (2)
20070068,2007-04-11,,,급여,,,loratadine,185401ACS,,,(주)알피바이오,미만 (1),클리어딘연질캡슐(로라타딘)_(10mg/1캡슐),661604470,6,세 (3)
20130047,2013-02-25,,,급여,,,loratadine,185401ATB,,,엔비케이제약(주),미만 (1),로타인정(로라타딘)_(10mg/1정),54801350,6,세 (3)
20130047,2013-02-25,,,급여,,,loratadine,185401ATB,,,대원바이오텍주식회사,미만 (1),나타딘정(로라타딘)_(10mg/1정),57600940,6,세 (3)
20130047,2013-02-25,,,급여,,,loratadine,185401ATB,,,바이엘코리아(주),미만 (1),클라리틴정(로라타딘)_(10mg/1정),641105900,6,세 (3)
20130047,2013-02-25,,,급여,,,loratadine,185401ATB,,,동성제약(주),미만 (1),로다인정(로라타딘)_(10mg/1정),643200370,6,세 (3)
20130047,2013-02-25,,,급여,,,loratadine,185401ATB,,,태극제약(주),미만 (1),제라타딘정(로라타딘)_(10mg/1정),644805950,6,세 (3)
20130047,2013-02-25,,,급여,,,loratadine,185401ATB,,,(주)뉴젠팜,미만 (1),로라젠정(로라타딘)_(10mg/1정),646203720,6,세 (3)
20130047,2013-02-25,,,급여,,,loratadine,185401ATB,,,대우제약(주),미만 (1),"대우로라타딘정(수출명:로미딘정,라틴정,필미딘정)_(10mg/1정)",649600160,6,세 (3)
20130047,2013-02-25,,,급여,,,loratadine,185401ATB,,,안국약품(주),미만 (1),노타민정(로라타딘)_(10mg/1정),650200130,6,세 (3)
20130047,2013-02-25,,,급여,,,loratadine,185401ATB,,,한올바이오파마(주),미만 (1),알레틴정(로라타딘)(수출명:비알레틴)_(10mg/1정),655601320,6,세 (3)
20130047,2013-02-25,,,급여,,,loratadine,185401ATB,,,한국넬슨제약(주),미만 (1),넬슨로라타딘정_(10mg/1정),656700230,6,세 (3)
20130047,2013-02-25,,,급여,,,loratadine,185401ATB,,,(주)비보존제약,미만 (1),제이타딘정(로라타딘)_(10mg/1정),658201290,6,세 (3)
20130047,2013-02-25,,,급여,,,loratadine,185401ATB,,,구주제약(주),미만 (1),구주로라타딘정10밀리그람(수출명:로히스타정)_(10mg/1정),669800100,6,세 (3)
20130047,2013-02-25,,,급여,,,loratadine,185401ATB,,,(주)제뉴파마,미만 (1),에쟈스민정(로라타딘)_(10mg/1정),698000870,6,세 (3)
20130047,2013-02-25,,,급여,,,loratadine,185401ATB,,,(주)테라젠이텍스,미만 (1),로리딘정(로라타딘)_(10mg/1정),698500390,6,세 (3)
20070030,2007-04-11,,,급여,,,loratadine,185430ASY,,,삼익제약(주),미만 (1),새로딘시럽(로라타딘)_(5mg/5mL),644000941,2,세 (3)
20040002,2004-01-16,,,급여,,벤질알코올은 조숙아에서 치명적인 가쁜 호흡증상과 연관이 있는 것으로 보고됨,lorazepam,185530BIJ,,,일동제약(주),미만 (1),아티반주사(로라제팜)_(2mg/0.5mL),642901181,4,주 (1)
20040002,2004-01-16,,,급여,,벤질알코올은 조숙아에서 치명적인 가쁜 호흡증상과 연관이 있는 것으로 보고됨,lorazepam,185531BIJ,,,일동제약(주),미만 (1),아티반주사(로라제팜)_(4mg/1mL),642901191,4,주 (1)
20090300,2009-12-03,,,급여,,안전성 및 유효성 미확립,lovastatin,185801ATB,,,대한뉴팜(주),미만 (1),로바타딘정(로바스타틴)(수출명:LovacTablet)_(20mg/1정),669901090,20,세 (3)
20130047,2013-02-25,,,급여,,,meloxicam,189701ACH,,,(주)인트로바이오파마,이하 (2),아멜록스캡슐7.5밀리그램(멜록시캄)_(7.5mg/1캡슐),52400540,15,세 (3)
20130047,2013-02-25,,,급여,,,meloxicam,189701ACH,,,(주)휴온스생명과학,이하 (2),멜록신캡슐(멜록시캄)_(7.5mg/1캡슐),52700720,15,세 (3)
20130047,2013-02-25,,,급여,,,meloxicam,189701ACH,,,(주)중헌제약,이하 (2),록캄캡슐(멜록시캄)_(7.5mg/1캡슐),53300170,15,세 (3)
20130047,2013-02-25,,,급여,,,meloxicam,189701ACH,,,엔비케이제약(주),이하 (2),멜로틴캡슐7.5mg(멜록시캄)_(7.5mg/1캡슐),54801160,15,세 (3)
20130047,2013-02-25,,,급여,,,meloxicam,189701ACH,,,코스맥스파마(주),이하 (2),메로윈캡슐7.5밀리그램(멜록시캄)_(7.5mg/1캡슐),55100440,15,세 (3)
20130047,2013-02-25,,,급여,,,meloxicam,189701ACH,,,(주)셀비온,이하 (2),엔티시캄캡슐7.5밀리그램(멜록시캄)_(7.5mg/1캡슐),55800210,15,세 (3)
20130047,2013-02-25,,,급여,,,meloxicam,189701ACH,,,(주)아리제약,이하 (2),아록시캄캡슐7.5밀리그램(멜록시캄)_(7.5mg/1캡슐),58200320,15,세 (3)
20130047,2013-02-25,,,급여,,,meloxicam,189701ACH,,,(주)엘앤씨바이오,이하 (2),메가록시캄캡슐7.5밀리그램(멜록시캄)_(7.5mg/1캡슐),60500730,15,세 (3)
20130047,2013-02-25,,,급여,,,meloxicam,189701ACH,,,(주)한국파비스제약,이하 (2),멜로칸캡슐(멜록시캄)_(7.5mg/1캡슐),621801940,15,세 (3)
20130047,2013-02-25,,,급여,,,meloxicam,189701ACH,,,한국신텍스제약(주),이하 (2),엔티시캄캡슐7.5밀리그램(멜록시캄)_(7.5mg/1캡슐),623005390,15,세 (3)
20130047,2013-02-25,,,급여,,,meloxicam,189701ACH,,,(주)화이트생명과학,이하 (2),이콕스캡슐(멜록시캄)_(7.5mg/1캡슐),625200140,15,세 (3)
20130047,2013-02-25,,,급여,,,meloxicam,189701ACH,,,(주)이든파마,이하 (2),모비든캡슐(멜록시캄)_(7.5mg/1캡슐),628901060,15,세 (3)
20130047,2013-02-25,,,급여,,,meloxicam,189701ACH,,,(주)오스코리아제약,이하 (2),모스캄캡슐(멜록시캄)_(7.5mg/1캡슐),629701460,15,세 (3)
20130047,2013-02-25,,,급여,,,meloxicam,189701ACH,,,(주)유한양행,이하 (2),멜로캄캡슐7.5밀리그람(멜록시캄)(수출명:유한멜로캄캡슐7.5밀리그람)_(7.5mg/1캡슐),642100520,15,세 (3)
20130047,2013-02-25,,,급여,,,meloxicam,189701ACH,,,동아에스티(주),이하 (2),메로콕스캡슐7.5밀리그램(멜록시캄)_(7.5mg/1캡슐),642501600,15,세 (3)
20130047,2013-02-25,,,급여,,,meloxicam,189701ACH,,,일동제약(주),이하 (2),록시캄캡슐(멜록시캄)_(7.5mg/1캡슐),642900360,15,세 (3)
20130047,2013-02-25,,,급여,,,meloxicam,189701ACH,,,(주)바이넥스,이하 (2),캄록스캡슐(멜록시캄)_(7.5mg/1캡슐),643102100,15,세 (3)
20130047,2013-02-25,,,급여,,,meloxicam,189701ACH,,,(주)종근당,이하 (2),멜락스캡슐7.5밀리그램(멜록시캄)_(7.5mg/1캡슐),643300740,15,세 (3)
20130047,2013-02-25,,,급여,,,meloxicam,189701ACH,,,한미약품(주),이하 (2),메록스캄캡슐7.5밀리그램(멜록시캄)_(7.5mg/1캡슐),643506140,15,세 (3)
20130047,2013-02-25,,,급여,,,meloxicam,189701ACH,,,국제약품(주),이하 (2),멜록시펜캡슐(멜록시캄)(수출명:국제메펜캡슐)_(7.5mg/1캡슐),643701200,15,세 (3)
20130047,2013-02-25,,,급여,,,meloxicam,189701ACH,,,삼일제약(주),이하 (2),멜로덱스캡슐7.5밀리그램(멜록시캄)_(7.5mg/1캡슐),643903480,15,세 (3)
20130047,2013-02-25,,,급여,,,meloxicam,189701ACH,,,삼익제약(주),이하 (2),"아모리아캡슐(멜록시캄)(수출명 : Amolex Cap., Mepedo Cap.)_(7.5mg/1캡슐)",644001130,15,세 (3)
20130047,2013-02-25,,,급여,,,meloxicam,189701ACH,,,조아제약(주),이하 (2),멜록캡슐7.5mg(멜록시캄)_(7.5mg/1캡슐),644603170,15,세 (3)
20130047,2013-02-25,,,급여,,,meloxicam,189701ACH,,,(주)에이프로젠바이오로직스,이하 (2),에이프로젠멜록시캄캡슐_(7.5mg/1캡슐),645201300,15,세 (3)
20130047,2013-02-25,,,급여,,,meloxicam,189701ACH,,,한림제약(주),이하 (2),류멜캡슐(멜록시캄)_(7.5mg/1캡슐),645300450,15,세 (3)
20130047,2013-02-25,,,급여,,,meloxicam,189701ACH,,,제일약품(주),이하 (2),멜로시드캡슐7.5밀리그램(멜록시캄)_(7.5mg/1캡슐),645404010,15,세 (3)
20130047,2013-02-25,,,급여,,,meloxicam,189701ACH,,,대화제약(주),이하 (2),모렉셀캡슐7.5밀리그램(멜록시캄)_(7.5mg/1캡슐),645604540,15,세 (3)
20130047,2013-02-25,,,급여,,,meloxicam,189701ACH,,,동광제약(주),이하 (2),멜콕시캡슐(멜록시캄)_(7.5mg/1캡슐),645901450,15,세 (3)
20130047,2013-02-25,,,급여,,,meloxicam,189701ACH,,,(주)메디카코리아,이하 (2),멜록스캡슐(멜록시캄)_(7.5mg/1캡슐),646001040,15,세 (3)
20130047,2013-02-25,,,급여,,,meloxicam,189701ACH,,,(주)뉴젠팜,이하 (2),멜록시젠캡슐(멜록시캄)(수출명:케이비캄캡슐)_(7.5mg/1캡슐),646200850,15,세 (3)
20130047,2013-02-25,,,급여,,,meloxicam,189701ACH,,,한국코러스(주),이하 (2),멜록캄캡슐7.5밀리그램(멜록시캄)_(7.5mg/1캡슐),647204040,15,세 (3)
20130047,2013-02-25,,,급여,,,meloxicam,189701ACH,,,에이치엘비제약(주),이하 (2),씨빅캡슐7.5밀리그램(멜록시캄)_(7.5mg/1캡슐),647302990,15,세 (3)
20130047,2013-02-25,,,급여,,,meloxicam,189701ACH,,,경동제약(주),이하 (2),멜릭스캡슐(멜록시캄)_(7.5mg/1캡슐),648100760,15,세 (3)
20130047,2013-02-25,,,급여,,,meloxicam,189701ACH,,,(주)유영제약,이하 (2),목시캄캡슐(멜록시캄)_(7.5mg/1캡슐),648200460,15,세 (3)
20130047,2013-02-25,,,급여,,,meloxicam,189701ACH,,,신풍제약(주),이하 (2),뉴시캄캡슐7.5밀리그램(멜록시캄)_(7.5mg/1캡슐),648500150,15,세 (3)
20130047,2013-02-25,,,급여,,,meloxicam,189701ACH,,,(주)씨엠지제약,이하 (2),씨엠지멜록시캄캡슐7.5mg_(7.5mg/1캡슐),648602770,15,세 (3)
20130047,2013-02-25,,,급여,,,meloxicam,189701ACH,,,풍림무약(주),이하 (2),메로캄캡슐(멜록시캄)_(7.5mg/1캡슐),649000100,15,세 (3)
20130047,2013-02-25,,,급여,,,meloxicam,189701ACH,,,한국휴텍스제약(주),이하 (2),모빅시캄캡슐(멜록시캄)_(7.5mg/1캡슐),649102120,15,세 (3)
20130047,2013-02-25,,,급여,,,meloxicam,189701ACH,,,영일제약(주),이하 (2),메카론캡슐(멜록시캄)_(7.5mg/1캡슐),649400760,15,세 (3)
20130047,2013-02-25,,,급여,,,meloxicam,189701ACH,,,유니메드제약(주),이하 (2),유니콕스캡슐7.5밀리그램(멜록시캄)_(7.5mg/1캡슐),649502850,15,세 (3)
20130047,2013-02-25,,,급여,,,meloxicam,189701ACH,,,대우제약(주),이하 (2),모벡스캡슐(멜록시캄)_(7.5mg/1캡슐),649600990,15,세 (3)
20130047,2013-02-25,,,급여,,,meloxicam,189701ACH,,,지엘파마(주),이하 (2),멜로딘캡슐(멜록시캄)_(7.5mg/1캡슐),649702150,15,세 (3)
20130047,2013-02-25,,,급여,,,meloxicam,189701ACH,,,명문제약(주),이하 (2),메디콕스캡슐(멜록시캄)(수출명:마이멜록캡슐(MYMELOXECapsule))_(7.5mg/1캡슐),649800680,15,세 (3)
20130047,2013-02-25,,,급여,,,meloxicam,189701ACH,,,진양제약(주),이하 (2),모리캄캡슐(멜록시캄)_(7.5mg/1캡슐),650300560,15,세 (3)
20130047,2013-02-25,,,급여,,,meloxicam,189701ACH,,,(주)새한제약,이하 (2),트록시캄캡슐7.5밀리그램(멜록시캄)_(7.5mg/1캡슐),651300510,15,세 (3)
20130047,2013-02-25,,,급여,,,meloxicam,189701ACH,,,(주)하원제약,이하 (2),콕시캄캡슐(멜록시캄)_(7.5mg/1캡슐),651501500,15,세 (3)
20130047,2013-02-25,,,급여,,,meloxicam,189701ACH,,,알보젠코리아(주),이하 (2),맥캄캡슐(멜록시캄)_(7.5mg/1캡슐),652600720,15,세 (3)
20130047,2013-02-25,,,급여,,,meloxicam,189701ACH,,,(주)한국파마,이하 (2),씨오엑스캡슐(멜록시캄)_(7.5mg/1캡슐),653001280,15,세 (3)
20130047,2013-02-25,,,급여,,,meloxicam,189701ACH,,,동국제약(주),이하 (2),멜시빅캡슐7.5밀리그램(멜록시캄)_(7.5mg/1캡슐),653402650,15,세 (3)
20130047,2013-02-25,,,급여,,,meloxicam,189701ACH,,,한국베링거인겔하임(주),이하 (2),모빅캡슐7.5밀리그램(멜록시캄)_(7.5mg/1캡슐),653500890,15,세 (3)
20130047,2013-02-25,,,급여,,,meloxicam,189701ACH,,,신일제약(주),이하 (2),엑시캄캡슐7.5밀리그람(멜록시캄)_(7.5mg/1캡슐),653802160,15,세 (3)
20130047,2013-02-25,,,급여,,,meloxicam,189701ACH,,,아주약품(주),이하 (2),보믹캡슐(멜록시캄)_(7.5mg/1캡슐),654000380,15,세 (3)
20130047,2013-02-25,,,급여,,,meloxicam,189701ACH,,,오스틴제약(주),이하 (2),멕시캡슐(멜록시캄)(수출명: Momeloxe Cap.)_(7.5mg/1캡슐),654301070,15,세 (3)
20130047,2013-02-25,,,급여,,,meloxicam,189701ACH,,,알리코제약(주),이하 (2),캠록스캡슐7.5밀리그램(멜록시캄)_(7.5mg/1캡슐),656001500,15,세 (3)
20130047,2013-02-25,,,급여,,,meloxicam,189701ACH,,,(주)바스칸바이오제약,이하 (2),하모빅캡슐(멜록시캄)_(7.5mg/1캡슐),656202160,15,세 (3)
20130047,2013-02-25,,,급여,,,meloxicam,189701ACH,,,(주)동구바이오제약,이하 (2),멜빅스캡슐(멜록시캄)(수출명:WONCOX Capsule)_(7.5mg/1캡슐),657301650,15,세 (3)
20130047,2013-02-25,,,급여,,,meloxicam,189701ACH,,,미래바이오제약(주),이하 (2),멜캄캡슐(멜록시캄)_(7.5mg/1캡슐),657500410,15,세 (3)
20130047,2013-02-25,,,급여,,,meloxicam,189701ACH,,,하나제약(주),이하 (2),메모빅캡슐7.5밀리그람(멜록시캄)_(7.5mg/1캡슐),657800630,15,세 (3)
20130047,2013-02-25,,,급여,,,meloxicam,189701ACH,,,(주)비보존제약,이하 (2),멜빅캄캡슐7.5밀리그램(멜록시캄)_(7.5mg/1캡슐),658203090,15,세 (3)
20130047,2013-02-25,,,급여,,,meloxicam,189701ACH,,,이연제약(주),이하 (2),메록심캡슐(멜록시캄)_(7.5mg/1캡슐),658600320,15,세 (3)
20130047,2013-02-25,,,급여,,,meloxicam,189701ACH,,,위더스제약(주),이하 (2),모비록캄캡슐7.5mg(멜록시캄)_(7.5mg/1캡슐),660702660,15,세 (3)
20130047,2013-02-25,,,급여,,,meloxicam,189701ACH,,,영풍제약(주),이하 (2),모빅스캄캡슐(멜록시캄)_(7.5mg/1캡슐),661904360,15,세 (3)
20130047,2013-02-25,,,급여,,,meloxicam,189701ACH,,,한국프라임제약(주),이하 (2),모르빅캡슐(멜록시캄)_(7.5mg/1캡슐),663600580,15,세 (3)
20130047,2013-02-25,,,급여,,,meloxicam,189701ACH,,,하이플생명과학(주),이하 (2),모록시캄캡슐(멜록시캄)_(7.5mg/1캡슐),664102630,15,세 (3)
20130047,2013-02-25,,,급여,,,meloxicam,189701ACH,,,성원애드콕제약(주),이하 (2),모빅캄캡슐(멜록시캄)_(7.5mg/1캡슐),664901030,15,세 (3)
20130047,2013-02-25,,,급여,,,meloxicam,189701ACH,,,(주)경보제약,이하 (2),케이빅캡슐7.5밀리그램(멜록시캄)_(7.5mg/1캡슐),665000650,15,세 (3)
20130047,2013-02-25,,,급여,,,meloxicam,189701ACH,,,한국유니온제약(주),이하 (2),유니캄캡슐7.5밀리그램(멜록시캄)_(7.5mg/1캡슐),665507600,15,세 (3)
20130047,2013-02-25,,,급여,,,meloxicam,189701ACH,,,(주)씨티씨바이오,이하 (2),멜로빅캡슐7.5mg(멜록시캄)_(7.5mg/1캡슐),669501600,15,세 (3)
20130047,2013-02-25,,,급여,,,meloxicam,189701ACH,,,에스피씨(주),이하 (2),이노시캄캡슐(멜록시캄)_(7.5mg/1캡슐),669700080,15,세 (3)
20130047,2013-02-25,,,급여,,,meloxicam,189701ACH,,,구주제약(주),이하 (2),모비드캡슐(멜록시캄)_(7.5mg/1캡슐),669801110,15,세 (3)
20130047,2013-02-25,,,급여,,,meloxicam,189701ACH,,,대한뉴팜(주),이하 (2),메록캄캡슐(멜록시캄)_(7.5mg/1캡슐),669905880,15,세 (3)
20130047,2013-02-25,,,급여,,,meloxicam,189701ACH,,,(주)팜젠사이언스,이하 (2),멜리카캡슐(멜록시캄)_(7.5mg/1캡슐),670100440,15,세 (3)
20130047,2013-02-25,,,급여,,,meloxicam,189701ACH,,,(주)휴온스메디텍,이하 (2),휴니즈멜록시캄캡슐7.5mg_(7.5mg/1캡슐),670400870,15,세 (3)
20130047,2013-02-25,,,급여,,,meloxicam,189701ACH,,,(주)보령바이오파마,이하 (2),멜록시카캡슐7.5밀리그램(멜록시캄)_(7.5mg/1캡슐),670501620,15,세 (3)
20130047,2013-02-25,,,급여,,,meloxicam,189701ACH,,,(주)휴온스,이하 (2),"모콕스캡슐7.5밀리그람(멜록시캄)(수출명:HULOKAMCap.,HUONSHULOKAMCAPSULE)_(7.5mg/1캡슐)",670600840,15,세 (3)
20130047,2013-02-25,,,급여,,,meloxicam,189701ACH,,,아이큐어(주),이하 (2),메로시캡슐7.5밀리그램(멜록시캄)_(7.5mg/1캡슐),674401170,15,세 (3)
20130047,2013-02-25,,,급여,,,meloxicam,189701ACH,,,(주)다산제약,이하 (2),뉴록시캄캡슐7.5밀리그램(멜록시캄)_(7.5mg/1캡슐),678601320,15,세 (3)
20130047,2013-02-25,,,급여,,,meloxicam,189701ACH,,,화일약품(주),이하 (2),록시칼캡슐(멜록시캄)_(7.5mg/1캡슐),684501070,15,세 (3)
20130047,2013-02-25,,,급여,,,meloxicam,189701ACH,,,(주)시어스제약,이하 (2),멜로그린캡슐7.5밀리그램(멜록시캄)_(7.5mg/1캡슐),689000830,15,세 (3)
20130047,2013-02-25,,,급여,,,meloxicam,189701ACH,,,(주)라이트팜텍,이하 (2),멜록시엠캡슐7.5밀리그램(멜록시캄)_(7.5mg/1캡슐),690302080,15,세 (3)
20130047,2013-02-25,,,급여,,,meloxicam,189701ACH,,,(주)한국글로벌제약,이하 (2),멜록삼캡슐(멜록시캄)_(7.5mg/1캡슐),693200020,15,세 (3)
20130047,2013-02-25,,,급여,,,meloxicam,189701ACH,,,(주)셀트리온제약,이하 (2),메로빅캡슐(멜록시캄)_(7.5mg/1캡슐),693900580,15,세 (3)
20130047,2013-02-25,,,급여,,,meloxicam,189701ACH,,,대웅바이오(주),이하 (2),대웅바이오멜록시캄캡슐7.5밀리그램_(7.5mg/1캡슐),694000470,15,세 (3)
20130047,2013-02-25,,,급여,,,meloxicam,189701ACH,,,정우신약(주),이하 (2),모아캄시캡슐7.5mg(멜록시캄)_(7.5mg/1캡슐),694204780,15,세 (3)
20130047,2013-02-25,,,급여,,,meloxicam,189701ACH,,,일양바이오팜(주),이하 (2),멜로캅캡슐7.5밀리그램(멜록시캄)_(7.5mg/1캡슐),696601830,15,세 (3)
20130047,2013-02-25,,,급여,,,meloxicam,189701ACH,,,(주)한국피엠지제약,이하 (2),모릭스캡슐7.5밀리그램(멜록시캄)_(7.5mg/1캡슐),697100720,15,세 (3)
20130047,2013-02-25,,,급여,,,meloxicam,189701ACH,,,(주)테라젠이텍스,이하 (2),멜로텍스캡슐 7.5mg(멜록시캄)_(7.5mg/1캡슐),698502500,15,세 (3)
20130047,2013-02-25,,,급여,,,meloxicam,189701ATB,,,영진약품(주),이하 (2),멜브렉스정7.5밀리그람(멜록시캄)_(7.5mg/1정),642400350,15,세 (3)
20050017,2005-03-09,,,급여,,,meloxicam,189701ATD,,,(주)엔엠제약,이하 (2),멜로디구강붕해정7.5밀리그램(멜로시캄)_(7.5mg/1정),685900100,15,세 (3)
20130047,2013-02-25,,,급여,,,meloxicam,189702ACH,,,(주)화이트생명과학,이하 (2),이콕스캡슐15밀리그램(멜록시캄)_(15mg/1캡슐),625201190,15,세 (3)
20130047,2013-02-25,,,급여,,,meloxicam,189702ACH,,,(주)유한양행,이하 (2),멜로캄캡슐15밀리그람(멜록시캄)(수출명:유한멜로캄캡슐15밀리그람)_(15mg/1캡슐),642100530,15,세 (3)
20130047,2013-02-25,,,급여,,,meloxicam,189702ACH,,,동아에스티(주),이하 (2),메로콕스캡슐15밀리그램(멜록시캄)_(15mg/1캡슐),642501610,15,세 (3)
20130047,2013-02-25,,,급여,,,meloxicam,189702ACH,,,(주)종근당,이하 (2),멜락스캡슐15밀리그램(멜록시캄)_(15mg/1캡슐),643300750,15,세 (3)
20130047,2013-02-25,,,급여,,,meloxicam,189702ACH,,,한미약품(주),이하 (2),메록스캄캡슐15밀리그램(멜록시캄)_(15mg/1캡슐),643500950,15,세 (3)
20130047,2013-02-25,,,급여,,,meloxicam,189702ACH,,,국제약품(주),이하 (2),멜록시펜캡슐15밀리그람(멜록시캄)_(15mg/1캡슐),643701210,15,세 (3)
20130047,2013-02-25,,,급여,,,meloxicam,189702ACH,,,삼일제약(주),이하 (2),멜로덱스캡슐15밀리그램(멜록시캄)_(15mg/1캡슐),643903490,15,세 (3)
20130047,2013-02-25,,,급여,,,meloxicam,189702ACH,,,한림제약(주),이하 (2),류멜캡슐15밀리그램(멜록시캄)_(15mg/1캡슐),645304550,15,세 (3)
20130047,2013-02-25,,,급여,,,meloxicam,189702ACH,,,제일약품(주),이하 (2),멜로시드캡슐15밀리그램(멜록시캄)_(15mg/1캡슐),645404000,15,세 (3)
20130047,2013-02-25,,,급여,,,meloxicam,189702ACH,,,진양제약(주),이하 (2),모리캄캡슐15mg(멜록시캄)_(15mg/1캡슐),650300570,15,세 (3)
20130047,2013-02-25,,,급여,,,meloxicam,189702ACH,,,동국제약(주),이하 (2),멜시빅캡슐15밀리그램(멜록시캄)_(15mg/1캡슐),653402660,15,세 (3)
20130047,2013-02-25,,,급여,,,meloxicam,189702ACH,,,한국베링거인겔하임(주),이하 (2),모빅캡슐15밀리그램(멜록시캄)_(15mg/1캡슐),653500900,15,세 (3)
20130047,2013-02-25,,,급여,,,meloxicam,189702ACH,,,(주)셀트리온제약,이하 (2),메로빅캡슐15밀리그램(멜록시캄)_(15mg/1캡슐),693902100,15,세 (3)
20130047,2013-02-25,,,급여,,,meloxicam,189702ACH,,,대웅바이오(주),이하 (2),대웅바이오멜록시캄캡슐15밀리그램_(15mg/1캡슐),694000480,15,세 (3)
20130047,2013-02-25,,,급여,,,meloxicam,189702ACH,,,(주)제뉴파마,이하 (2),파마빅캡슐15밀리그램(멜록시캄)_(15mg/1캡슐),698002050,15,세 (3)
20050017,2005-03-09,,,급여,,,meloxicam,189702ATD,,,(주)엔엠제약,이하 (2),멜로디구강붕해정15밀리그램(멜로시캄)_(15mg/1정),685900090,15,세 (3)
20170086,2017-11-06,,,급여,,2세 이하 영아에 투여하지 말 것. 다른 페노치아진계 약물을 소아(특히 2세 이하)에 투여한 경우 유아돌연사망증후군(SIDS) 및 유아 수면시 무호흡발작이 나타났다는 보고 있음.,mequitazine,190502ATB,,,부광약품(주),미만 (1),프리마란정(메퀴타진)_(5mg/1정),642202340,24,개월 (2)
20170086,2017-11-06,,,급여,,2세 이하 영아에 투여하지 말 것. 다른 페노치아진계 약물을 소아(특히 2세 이하)에 투여한 경우 유아돌연사망증후군(SIDS) 및 유아 수면시 무호흡발작이 나타났다는 보고 있음.,mequitazine,190532ASY,,,부광약품(주),미만 (1),소아용프리마란시럽(메퀴타진)_(0.25g/500mL),642201272,24,개월 (2)
20110110,2011-06-28,,,급여,,,mesalazine,190802AGR,,,한국페링제약(주),미만 (1),펜타사서방과립1g(메살라진)_(1g/1포),652500221,6,세 (3)
20170086,2017-11-06,,,급여,,,mesalazine,190802ATR,,,한국페링제약(주),미만 (1),펜타사서방정1g(메살라진)_(1g/1정),652500320,6,세 (3)
20110110,2011-06-28,,,급여,,,mesalazine,190802CSP,,,한국페링제약(주),미만 (1),펜타사좌약(메살라진)_(1g/1개),652500240,4,주 (1)
20170086,2017-11-06,,,급여,,,mesalazine,190803ATR,,,한국페링제약(주),미만 (1),펜타사서방정500밀리그램(메살라진)_(0.5g/1정),652500230,6,세 (3)
20110110,2011-06-28,,,급여,,,mesalazine,190803CSP,,,(주)대웅제약,미만 (1),아사콜좌약500밀리그람(메살라진)_(0.5g/1개),641601850,4,주 (1)
20110110,2011-06-28,,,급여,,,mesalazine,190806AGR,,,한국페링제약(주),미만 (1),펜타사서방과립2그램(메살라진)_(2g/1포),652500251,6,세 (3)
20110110,2011-06-28,,,급여,,,mesalazine,190808ATR,,,(주)대웅제약,미만 (1),아사콜디알정400밀리그람(메살라진)_(0.4g/1정),641601830,2,세 (3)
20110110,2011-06-28,,,급여,,,mesalazine,190811ATR,,,한국다케다제약(주),미만 (1),메자반트엑스엘장용정1200밀리그램(메살라진)_(1.2g/1정),696300660,2,세 (3)
20110110,2011-06-28,,,급여,,,mesalazine,190812ATR,,,(주)대웅제약,미만 (1),아사콜디알정1600밀리그람(메살라진)_(1.6g/1정),641607450,2,세 (3)
20110110,2011-06-28,,,급여,,안전성 및 유효성 미확립,mesalazine,190832CLQ,,,(주)대웅제약,미만 (1),아사콜관장액4그람/100밀리리터(메살라진)_(4g/100mL),641601821,12,세 (3)
20090300,2009-12-03,,,급여,,안전성 및 유효성 미확립,methylphenidate hydrochloride,193201ACR,,,명인제약(주),이하 (2),메디키넷리타드캡슐10mg(메틸페니데이트염산염)_(10mg/1캡슐),651903650,5,세 (3)
20090300,2009-12-03,,,급여,,안전성 및 유효성 미확립,methylphenidate hydrochloride,193201ATB,,,명인제약(주),이하 (2),페로스핀정10밀리그램(메틸페니데이트염산염)_(10mg/1정),651902300,5,세 (3)
20090300,2009-12-03,,,급여,,안전성 및 유효성 미확립,methylphenidate hydrochloride,193201ATB,,,환인제약(주),이하 (2),페니드정10밀리그램(메틸페니데이트염산염)_(10mg/1정),657200860,5,세 (3)
20090300,2009-12-03,,,급여,,안전성 및 유효성 미확립,methylphenidate hydrochloride,193202ACR,,,명인제약(주),이하 (2),메디키넷리타드캡슐5mg(메틸페니데이트염산염)_(5mg/1캡슐),651903630,5,세 (3)
20090300,2009-12-03,,,급여,,안전성 및 유효성 미확립,methylphenidate hydrochloride,193202ATB,,,명인제약(주),이하 (2),페로스핀정5mg(메틸페니데이트염산염)_(5mg/1정),651904340,5,세 (3)
20090300,2009-12-03,,,급여,,안전성 및 유효성 미확립,methylphenidate hydrochloride,193202ATB,,,환인제약(주),이하 (2),페니드정5밀리그램(메틸페니데이트염산염)_(5mg/1정),657200850,5,세 (3)
20090300,2009-12-03,,,급여,,안전성 및 유효성 미확립,methylphenidate hydrochloride,193203ATR,,,(주)한국얀센,이하 (2),콘서타OROS서방정18밀리그램(메틸페니데이트염산염)_(18mg/1정),646902360,5,세 (3)
20090300,2009-12-03,,,급여,,안전성 및 유효성 미확립,methylphenidate hydrochloride,193204ATR,,,(주)한국얀센,이하 (2),콘서타OROS서방정36밀리그램(메틸페니데이트염산염)_(36mg/1정),646902060,5,세 (3)
20090300,2009-12-03,,,급여,,안전성 및 유효성 미확립,methylphenidate hydrochloride,193205ACR,,,명인제약(주),이하 (2),메디키넷리타드캡슐20mg(메틸페니데이트염산염)_(20mg/1캡슐),651903670,5,세 (3)
20090300,2009-12-03,,,급여,,안전성 및 유효성 미확립,methylphenidate hydrochloride,193206ATR,,,(주)한국얀센,이하 (2),콘서타OROS서방정27밀리그램(메틸페니데이트염산염)_(27mg/1정),646902370,5,세 (3)
20090300,2009-12-03,,,급여,,안전성 및 유효성 미확립,methylphenidate hydrochloride,193207ACR,,,명인제약(주),이하 (2),메디키넷리타드캡슐30mg(메틸페니데이트염산염)_(30mg/1캡슐),651903660,5,세 (3)
20090300,2009-12-03,,,급여,,안전성 및 유효성 미확립,methylphenidate hydrochloride,193208ACR,,,명인제약(주),이하 (2),메디키넷리타드캡슐40mg(메틸페니데이트염산염)_(40mg/1캡슐),651903640,5,세 (3)
20090300,2009-12-03,,,급여,,안전성 및 유효성 미확립,methylphenidate hydrochloride,193209ATR,,,(주)한국얀센,이하 (2),콘서타OROS서방정54밀리그램(메틸페니데이트염산염)_(54mg/1정),646902070,5,세 (3)
20130240,2013-11-07,,,급여,,추체외로장애 위험성 증가,metoclopramide,193701ATB,,,동화약품(주),미만 (1),맥페란정(메토클로프라미드)_(3.84mg/1정),642701320,1,세 (3)
20130240,2013-11-07,,,급여,,추체외로장애 위험성 증가,metoclopramide hydrochloride,193730BIJ,,,동화약품(주),미만 (1),맥페란주사액2밀리리터(메토클로프라미드염산염수화물)_(10mg/2mL),642701341,1,세 (3)
20130240,2013-11-07,,,급여,,추체외로장애 위험성 증가,metoclopramide hydrochloride,193730BIJ,,,대한약품공업(주),미만 (1),가스트로메토주(메토클로프라미드염산염수화물)_(10mg/2mL),645104461,1,세 (3)
20130240,2013-11-07,,,급여,,추체외로장애 위험성 증가,metoclopramide hydrochloride,193730BIJ,,,(주)제일제약,미만 (1),"멕쿨주(메토클로프라미드염산염)_(메토클로프라미드염산염수화물, 10mg/2mL)",650500091,1,세 (3)
20200130,2020-12-28,,,급여,,,milk thistle fruit ext.,123907ACS,,,삼일제약(주),이하 (2),시슬린연질캡슐(밀크시슬열매건조엑스)_(0.35g/1캡슐),643903770,12,세 (3)
20200130,2020-12-28,,,급여,,,milk thistle fruit ext.,123907ACS,,,한국휴텍스제약(주),이하 (2),가네리버연질캡슐350mg(밀크시슬엑스)_(0.35g/1캡슐),649103880,12,세 (3)
20200130,2020-12-28,,,급여,,,milk thistle fruit ext.,123907ACS,,,한올바이오파마(주),이하 (2),하노마린350연질캡슐(밀크시슬엑스)_(0.35g/1캡슐),655604840,12,세 (3)
20200130,2020-12-28,,,급여,,,milk thistle fruit ext.,123907ACS,,,(주)서흥,이하 (2),리버큐연질캡슐(밀크시슬엑스)_(0.35g/1캡슐),679600630,12,세 (3)
20200130,2020-12-28,,,급여,,,milk thistle fruit ext.,123908ACS,,,한국휴텍스제약(주),이하 (2),가네리버연질캡슐175mg(밀크시슬엑스)_(0.175g/1캡슐),649104110,12,세 (3)
20200130,2020-12-28,,,급여,,,milk thistle fruit ext.,123908ACS,,,영일제약(주),이하 (2),레가탄연질캡슐(밀크시슬엑스)_(0.175g/1캡슐),649400380,12,세 (3)
20200130,2020-12-28,,,급여,,,milk thistle fruit ext.,123908ACS,,,(주)한국파마,이하 (2),리브롤연질캡슐(밀크시슬엑스)_(0.175g/1캡슐),653000610,12,세 (3)
20200130,2020-12-28,,,급여,,,milk thistle fruit ext. powder,124001ACH,,,부광약품(주),이하 (2),레가론캡슐140(밀크시슬건조엑스산)_(0.3394g/1캡슐),642200220,12,세 (3)
20200130,2020-12-28,,,급여,,,milk thistle fruit ext. powder,124002ACH,,,부광약품(주),이하 (2),레가론캡슐70(밀크시슬건조엑스산)_(0.1697g/1캡슐),642200210,12,세 (3)
20130047,2013-02-25,,,급여,,안전성 및 유효성 미확립,milnacipran hydrochloride,355801ACH,,,부광약품(주),미만 (1),익셀캡슐25밀리그램(밀나시프란염산염)_(25mg/1캡슐),642201840,18,세 (3)
20130047,2013-02-25,,,급여,,안전성 및 유효성 미확립,milnacipran hydrochloride,355802ACH,,,부광약품(주),미만 (1),익셀캡슐50밀리그램(밀나시프란염산염)_(50mg/1캡슐),642201850,18,세 (3)
20130047,2013-02-25,,,급여,,안전성 및 유효성 미확립,milnacipran hydrochloride,355803ACH,,,부광약품(주),미만 (1),익셀캡슐12.5밀리그램(밀나시프란염산염)_(12.5mg/1캡슐),642203040,18,세 (3)
20070030,2007-04-11,,,급여,,"(8세이상 신중투여, 다만 다른약을 사용할 수 없거나 효과가 없는 경우에만) 소아 등 (특히 치아 형성기인 12세 미만의 소아)에 투여 시, 치아의 착색·법랑질 형성 부전, 또는 일과성 골발육 부전을 일으킬 수 있음",minocycline hydrochloride,195903ACH,,,에스케이케미칼(주),미만 (1),미노씬캡슐50mg(미노사이클린염산염)_(50mg/1캡슐),644700590,12,세 (3)
20160155,2016-12-30,,,급여,,소아 및 청소년에서의 사용 승인되지 않음. 소아(7~17세) 임상시험에서 7% 이상 체중이 증가된 환자 비율이 위약군보다 높음.,mirtazapine,196201ATB,,,한국오가논(주),미만 (1),레메론정15밀리그램(미르타자핀)_(15mg/1정),73100320,18,세 (3)
20160155,2016-12-30,,,급여,,소아 및 청소년에서의 사용 승인되지 않음. 소아(7~17세) 임상시험에서 7% 이상 체중이 증가된 환자 비율이 위약군보다 높음.,mirtazapine,196201ATB,,,현대약품(주),미만 (1),멀타핀정15밀리그램(미르타자핀)_(15mg/1정),642003090,18,세 (3)
20160155,2016-12-30,,,급여,,소아 및 청소년에서의 사용 승인되지 않음. 소아(7~17세) 임상시험에서 7% 이상 체중이 증가된 환자 비율이 위약군보다 높음.,mirtazapine,196201ATB,,,영진약품(주),미만 (1),영진멀타자핀정15밀리그램(미르타자핀)_(15mg/1정),642404190,18,세 (3)
20160155,2016-12-30,,,급여,,소아 및 청소년에서의 사용 승인되지 않음. 소아(7~17세) 임상시험에서 7% 이상 체중이 증가된 환자 비율이 위약군보다 높음.,mirtazapine,196201ATB,,,삼일제약(주),미만 (1),미르탁스정15mg(미르타자핀)_(15mg/1정),643903950,18,세 (3)
20160155,2016-12-30,,,급여,,소아 및 청소년에서의 사용 승인되지 않음. 소아(7~17세) 임상시험에서 7% 이상 체중이 증가된 환자 비율이 위약군보다 높음.,mirtazapine,196201ATB,,,명인제약(주),미만 (1),밀타정15mg(미르타자핀)_(15mg/1정),651904080,18,세 (3)
20160155,2016-12-30,,,급여,,소아 및 청소년에서의 사용 승인되지 않음. 소아(7~17세) 임상시험에서 7% 이상 체중이 증가된 환자 비율이 위약군보다 높음.,mirtazapine,196201ATB,,,(주)한국파마,미만 (1),파마멀타자핀정15밀리그램(미르타자핀)_(15mg/1정),653007020,18,세 (3)
20160155,2016-12-30,,,급여,,소아 및 청소년에서의 사용 승인되지 않음. 소아(7~17세) 임상시험에서 7% 이상 체중이 증가된 환자 비율이 위약군보다 높음.,mirtazapine,196201ATB,,,환인제약(주),미만 (1),미르젠탁정15밀리그램(미르타자핀)_(15mg/1정),657203360,18,세 (3)
20160155,2016-12-30,,,급여,,소아 및 청소년에서의 사용 승인되지 않음. 소아(7~17세) 임상시험에서 7% 이상 체중이 증가된 환자 비율이 위약군보다 높음.,mirtazapine,196201ATB,,,한국산도스(주),미만 (1),미르탁스정15mg(미르타자핀)_(15mg/1정),668100550,18,세 (3)
20160155,2016-12-30,,,급여,,소아 및 청소년에서의 사용 승인되지 않음. 소아(7~17세) 임상시험에서 7% 이상 체중이 증가된 환자 비율이 위약군보다 높음.,mirtazapine,196201ATD,,,한국오가논(주),미만 (1),레메론솔탭정15밀리그램(제피미르타자핀)_(15mg/1정),73100150,18,세 (3)
20160155,2016-12-30,,,급여,,소아 및 청소년에서의 사용 승인되지 않음. 소아(7~17세) 임상시험에서 7% 이상 체중이 증가된 환자 비율이 위약군보다 높음.,mirtazapine,196201ATD,,,삼일제약(주),미만 (1),미르탁스오디티정15밀리그램(미르타자핀)_(15mg/1정),643903960,18,세 (3)
20160155,2016-12-30,,,급여,,소아 및 청소년에서의 사용 승인되지 않음. 소아(7~17세) 임상시험에서 7% 이상 체중이 증가된 환자 비율이 위약군보다 높음.,mirtazapine,196201ATD,,,명문제약(주),미만 (1),명문미르타오디정15밀리그램(미르타자핀)_(15mg/1정),649807200,18,세 (3)
20160155,2016-12-30,,,급여,,소아 및 청소년에서의 사용 승인되지 않음. 소아(7~17세) 임상시험에서 7% 이상 체중이 증가된 환자 비율이 위약군보다 높음.,mirtazapine,196201ATD,,,명인제약(주),미만 (1),밀타오디정15mg(미르타자핀)_(15mg/1정),651904110,18,세 (3)
20160155,2016-12-30,,,급여,,소아 및 청소년에서의 사용 승인되지 않음. 소아(7~17세) 임상시험에서 7% 이상 체중이 증가된 환자 비율이 위약군보다 높음.,mirtazapine,196201ATD,,,환인제약(주),미만 (1),미르젠탁오디정15밀리그램(미르타자핀)_(15mg/1정),657203730,18,세 (3)
20160155,2016-12-30,,,급여,,소아 및 청소년에서의 사용 승인되지 않음. 소아(7~17세) 임상시험에서 7% 이상 체중이 증가된 환자 비율이 위약군보다 높음.,mirtazapine,196201ATD,,,한국산도스(주),미만 (1),미르탁스오디티정15밀리그램(미르타자핀)_(15mg/1정),668100610,18,세 (3)
20160155,2016-12-30,,,급여,,소아 및 청소년에서의 사용 승인되지 않음. 소아(7~17세) 임상시험에서 7% 이상 체중이 증가된 환자 비율이 위약군보다 높음.,mirtazapine,196202ATB,,,한국오가논(주),미만 (1),레메론정30밀리그램(미르타자핀)_(30mg/1정),73100330,18,세 (3)
20160155,2016-12-30,,,급여,,소아 및 청소년에서의 사용 승인되지 않음. 소아(7~17세) 임상시험에서 7% 이상 체중이 증가된 환자 비율이 위약군보다 높음.,mirtazapine,196202ATB,,,현대약품(주),미만 (1),멀타핀정30밀리그램(미르타자핀)_(30mg/1정),642003100,18,세 (3)
20160155,2016-12-30,,,급여,,소아 및 청소년에서의 사용 승인되지 않음. 소아(7~17세) 임상시험에서 7% 이상 체중이 증가된 환자 비율이 위약군보다 높음.,mirtazapine,196202ATB,,,영진약품(주),미만 (1),영진멀타자핀정30밀리그램(미르타자핀)_(30mg/1정),642404180,18,세 (3)
20160155,2016-12-30,,,급여,,소아 및 청소년에서의 사용 승인되지 않음. 소아(7~17세) 임상시험에서 7% 이상 체중이 증가된 환자 비율이 위약군보다 높음.,mirtazapine,196202ATB,,,명인제약(주),미만 (1),밀타정30mg(미르타자핀)_(30mg/1정),651904090,18,세 (3)
20160155,2016-12-30,,,급여,,소아 및 청소년에서의 사용 승인되지 않음. 소아(7~17세) 임상시험에서 7% 이상 체중이 증가된 환자 비율이 위약군보다 높음.,mirtazapine,196202ATB,,,(주)한국파마,미만 (1),파마멀타자핀정30밀리그램(미르타자핀)_(30mg/1정),653007040,18,세 (3)
20160155,2016-12-30,,,급여,,소아 및 청소년에서의 사용 승인되지 않음. 소아(7~17세) 임상시험에서 7% 이상 체중이 증가된 환자 비율이 위약군보다 높음.,mirtazapine,196202ATB,,,환인제약(주),미만 (1),미르젠탁정30밀리그램(미르타자핀)_(30mg/1정),657203500,18,세 (3)
20160155,2016-12-30,,,급여,,소아 및 청소년에서의 사용 승인되지 않음. 소아(7~17세) 임상시험에서 7% 이상 체중이 증가된 환자 비율이 위약군보다 높음.,mirtazapine,196202ATB,,,한국산도스(주),미만 (1),미르탁스정30밀리그램(미르타자핀)_(30mg/1정),668100030,18,세 (3)
20160155,2016-12-30,,,급여,,소아 및 청소년에서의 사용 승인되지 않음. 소아(7~17세) 임상시험에서 7% 이상 체중이 증가된 환자 비율이 위약군보다 높음.,mirtazapine,196202ATD,,,한국오가논(주),미만 (1),레메론솔탭정30밀리그램(제피미르타자핀)_(30mg/1정),73100170,18,세 (3)
20160155,2016-12-30,,,급여,,소아 및 청소년에서의 사용 승인되지 않음. 소아(7~17세) 임상시험에서 7% 이상 체중이 증가된 환자 비율이 위약군보다 높음.,mirtazapine,196202ATD,,,삼일제약(주),미만 (1),미르탁스오디티정30밀리그램(미르타자핀)_(30mg/1정),643903940,18,세 (3)
20160155,2016-12-30,,,급여,,소아 및 청소년에서의 사용 승인되지 않음. 소아(7~17세) 임상시험에서 7% 이상 체중이 증가된 환자 비율이 위약군보다 높음.,mirtazapine,196202ATD,,,명문제약(주),미만 (1),명문미르타오디정30밀리그램(미르타자핀)_(30mg/1정),649807290,18,세 (3)
20160155,2016-12-30,,,급여,,소아 및 청소년에서의 사용 승인되지 않음. 소아(7~17세) 임상시험에서 7% 이상 체중이 증가된 환자 비율이 위약군보다 높음.,mirtazapine,196202ATD,,,명인제약(주),미만 (1),밀타오디정30mg(미르타자핀)_(30mg/1정),651904120,18,세 (3)
20160155,2016-12-30,,,급여,,소아 및 청소년에서의 사용 승인되지 않음. 소아(7~17세) 임상시험에서 7% 이상 체중이 증가된 환자 비율이 위약군보다 높음.,mirtazapine,196202ATD,,,환인제약(주),미만 (1),미르젠탁오디정30밀리그램(미르타자핀)_(30mg/1정),657203740,18,세 (3)
20160155,2016-12-30,,,급여,,소아 및 청소년에서의 사용 승인되지 않음. 소아(7~17세) 임상시험에서 7% 이상 체중이 증가된 환자 비율이 위약군보다 높음.,mirtazapine,196202ATD,,,한국산도스(주),미만 (1),미르탁스오디티정30밀리그램(미르타자핀)_(30mg/1정),668100570,18,세 (3)
20160155,2016-12-30,,,급여,,소아 및 청소년에서의 사용 승인되지 않음. 소아(7~17세) 임상시험에서 7% 이상 체중이 증가된 환자 비율이 위약군보다 높음.,mirtazapine,196203ATB,,,명인제약(주),미만 (1),밀타정45밀리그램(미르타자핀)_(45mg/1정),651905190,18,세 (3)
20160155,2016-12-30,,,급여,,소아 및 청소년에서의 사용 승인되지 않음. 소아(7~17세) 임상시험에서 7% 이상 체중이 증가된 환자 비율이 위약군보다 높음.,mirtazapine,196204ATB,,,현대약품(주),미만 (1),멀타핀정7.5밀리그램(미르타자핀)_(7.5mg/1정),642003110,18,세 (3)
20160155,2016-12-30,,,급여,,소아 및 청소년에서의 사용 승인되지 않음. 소아(7~17세) 임상시험에서 7% 이상 체중이 증가된 환자 비율이 위약군보다 높음.,mirtazapine,196204ATB,,,영진약품(주),미만 (1),영진멀타자핀정7.5밀리그램(미르타자핀)_(7.5mg/1정),642404170,18,세 (3)
20160155,2016-12-30,,,급여,,소아 및 청소년에서의 사용 승인되지 않음. 소아(7~17세) 임상시험에서 7% 이상 체중이 증가된 환자 비율이 위약군보다 높음.,mirtazapine,196204ATB,,,명인제약(주),미만 (1),밀타정7.5밀리그램(미르타자핀)_(7.5mg/1정),651904580,18,세 (3)
20160155,2016-12-30,,,급여,,소아 및 청소년에서의 사용 승인되지 않음. 소아(7~17세) 임상시험에서 7% 이상 체중이 증가된 환자 비율이 위약군보다 높음.,mirtazapine,196204ATB,,,(주)한국파마,미만 (1),파마멀타자핀정7.5밀리그램(미르타자핀)_(7.5mg/1정),653007030,18,세 (3)
20160155,2016-12-30,,,급여,,소아 및 청소년에서의 사용 승인되지 않음. 소아(7~17세) 임상시험에서 7% 이상 체중이 증가된 환자 비율이 위약군보다 높음.,mirtazapine,196204ATB,,,환인제약(주),미만 (1),미르젠탁정7.5밀리그램(미르타자핀)_(7.5mg/1정),657203510,18,세 (3)
20160155,2016-12-30,,,급여,,소아 및 청소년에서의 사용 승인되지 않음. 소아(7~17세) 임상시험에서 7% 이상 체중이 증가된 환자 비율이 위약군보다 높음.,mirtazapine,196204ATD,,,명인제약(주),미만 (1),밀타오디정7.5mg(미르타자핀)_(7.5mg/1정),651904360,18,세 (3)
20160155,2016-12-30,,,급여,,소아 및 청소년에서의 사용 승인되지 않음. 소아(7~17세) 임상시험에서 7% 이상 체중이 증가된 환자 비율이 위약군보다 높음.,mirtazapine,196204ATD,,,환인제약(주),미만 (1),미르젠탁오디정7.5밀리그램(미르타자핀)_(7.5mg/1정),657203750,18,세 (3)
20170086,2017-11-06,,,급여,,소아 환자에게 비강 코르티코스테로이드의 투여에 대한 임상시험에서 성장속도가 감소될 수 있다는 결과 나타남. 2세 미만에서 안전성 및 유효성 미확립,mometasone furoate,361308CSI,,,(주)대웅제약,미만 (1),나조메가나잘스프레이(모메타손푸로에이트)_(4mg/80회),641606121,24,개월 (2)
20170086,2017-11-06,,,급여,,소아 환자에게 비강 코르티코스테로이드의 투여에 대한 임상시험에서 성장속도가 감소될 수 있다는 결과 나타남. 2세 미만에서 안전성 및 유효성 미확립,mometasone furoate,361308CSI,,,(주)보령,미만 (1),보령모메타손스프레이(모메타손푸로에이트)_(4mg/80회),641906921,24,개월 (2)
20170086,2017-11-06,,,급여,,소아 환자에게 비강 코르티코스테로이드의 투여에 대한 임상시험에서 성장속도가 감소될 수 있다는 결과 나타남. 2세 미만에서 안전성 및 유효성 미확립,mometasone furoate,361331CSI,,,한국오가논(주),미만 (1),나조넥스나잘스프레이(모메타손푸로에이트)_(7mg/140회),73100051,24,개월 (2)
20170086,2017-11-06,,,급여,,소아 환자에게 비강 코르티코스테로이드의 투여에 대한 임상시험에서 성장속도가 감소될 수 있다는 결과 나타남. 2세 미만에서 안전성 및 유효성 미확립,mometasone furoate,361331CSI,,,(주)마더스제약,미만 (1),모베타스프레이(모메타손푸로에이트)_(7mg/140회),622803061,24,개월 (2)
20170086,2017-11-06,,,급여,,소아 환자에게 비강 코르티코스테로이드의 투여에 대한 임상시험에서 성장속도가 감소될 수 있다는 결과 나타남. 2세 미만에서 안전성 및 유효성 미확립,mometasone furoate,361331CSI,,,(주)일화,미만 (1),모타넥스나잘스프레이(모메타손푸로에이트)_(7mg/140회),640902891,24,개월 (2)
20170086,2017-11-06,,,급여,,소아 환자에게 비강 코르티코스테로이드의 투여에 대한 임상시험에서 성장속도가 감소될 수 있다는 결과 나타남. 2세 미만에서 안전성 및 유효성 미확립,mometasone furoate,361331CSI,,,(주)대웅제약,미만 (1),나조메가나잘스프레이(모메타손푸로에이트)_(7mg/140회),641604671,24,개월 (2)
20170086,2017-11-06,,,급여,,소아 환자에게 비강 코르티코스테로이드의 투여에 대한 임상시험에서 성장속도가 감소될 수 있다는 결과 나타남. 2세 미만에서 안전성 및 유효성 미확립,mometasone furoate,361331CSI,,,(주)보령,미만 (1),보령모메타손스프레이(모메타손푸로에이트)_(7mg/140회),641906931,24,개월 (2)
20170086,2017-11-06,,,급여,,소아 환자에게 비강 코르티코스테로이드의 투여에 대한 임상시험에서 성장속도가 감소될 수 있다는 결과 나타남. 2세 미만에서 안전성 및 유효성 미확립,mometasone furoate,361331CSI,,,(주)유한양행,미만 (1),나자케어나잘스프레이액(모메타손푸로에이트일수화물)_(7.238mg/140회),642104891,24,개월 (2)
20170086,2017-11-06,,,급여,,소아 환자에게 비강 코르티코스테로이드의 투여에 대한 임상시험에서 성장속도가 감소될 수 있다는 결과 나타남. 2세 미만에서 안전성 및 유효성 미확립,mometasone furoate,361331CSI,,,삼성제약(주),미만 (1),삼성모메타손나잘스프레이액(모메타손푸로에이트)_(7mg/140회),642307121,24,개월 (2)
20170086,2017-11-06,,,급여,,소아 환자에게 비강 코르티코스테로이드의 투여에 대한 임상시험에서 성장속도가 감소될 수 있다는 결과 나타남. 2세 미만에서 안전성 및 유효성 미확립,mometasone furoate,361331CSI,,,영진약품(주),미만 (1),모나손나잘스프레이(모메타손푸로에이트)_(7mg/140회),642403131,24,개월 (2)
20170086,2017-11-06,,,급여,,소아 환자에게 비강 코르티코스테로이드의 투여에 대한 임상시험에서 성장속도가 감소될 수 있다는 결과 나타남. 2세 미만에서 안전성 및 유효성 미확립,mometasone furoate,361331CSI,,,일동제약(주),미만 (1),모니타존나잘스프레이(모메타손푸로에이트)_(7mg/140회),642903861,24,개월 (2)
20170086,2017-11-06,,,급여,,소아 환자에게 비강 코르티코스테로이드의 투여에 대한 임상시험에서 성장속도가 감소될 수 있다는 결과 나타남. 2세 미만에서 안전성 및 유효성 미확립,mometasone furoate,361331CSI,,,(주)바이넥스,미만 (1),라니넥스나잘스프레이(모메타손푸로에이트)_(7mg/140회),643103891,24,개월 (2)
20170086,2017-11-06,,,급여,,소아 환자에게 비강 코르티코스테로이드의 투여에 대한 임상시험에서 성장속도가 감소될 수 있다는 결과 나타남. 2세 미만에서 안전성 및 유효성 미확립,mometasone furoate,361331CSI,,,한미약품(주),미만 (1),모테손나잘스프레이(모메타손푸로에이트)_(7mg/140회),643505971,24,개월 (2)
20170086,2017-11-06,,,급여,,소아 환자에게 비강 코르티코스테로이드의 투여에 대한 임상시험에서 성장속도가 감소될 수 있다는 결과 나타남. 2세 미만에서 안전성 및 유효성 미확립,mometasone furoate,361331CSI,,,국제약품(주),미만 (1),나조큐어나잘스프레이(모메타손푸로에이트)_(7mg/140회),643703601,24,개월 (2)
20170086,2017-11-06,,,급여,,소아 환자에게 비강 코르티코스테로이드의 투여에 대한 임상시험에서 성장속도가 감소될 수 있다는 결과 나타남. 2세 미만에서 안전성 및 유효성 미확립,mometasone furoate,361331CSI,,,삼일제약(주),미만 (1),라이넥스나잘스프레이(모메타손푸로에이트)_(7mg/140회),643902141,24,개월 (2)
20170086,2017-11-06,,,급여,,소아 환자에게 비강 코르티코스테로이드의 투여에 대한 임상시험에서 성장속도가 감소될 수 있다는 결과 나타남. 2세 미만에서 안전성 및 유효성 미확립,mometasone furoate,361331CSI,,,제이더블유신약(주),미만 (1),잘코넥스나잘스프레이(모메타손푸로에이트)_(7mg/140회),644101491,24,개월 (2)
20170086,2017-11-06,,,급여,,소아 환자에게 비강 코르티코스테로이드의 투여에 대한 임상시험에서 성장속도가 감소될 수 있다는 결과 나타남. 2세 미만에서 안전성 및 유효성 미확립,mometasone furoate,361331CSI,,,(주)유유제약,미만 (1),유유코잘넥스나잘스프레이(모메타손푸로에이트)_(7mg/140회),644501771,24,개월 (2)
20170086,2017-11-06,,,급여,,소아 환자에게 비강 코르티코스테로이드의 투여에 대한 임상시험에서 성장속도가 감소될 수 있다는 결과 나타남. 2세 미만에서 안전성 및 유효성 미확립,mometasone furoate,361331CSI,,,조아제약(주),미만 (1),모리타손점비액(모메타손푸로에이트)_(7mg/140회),644603791,24,개월 (2)
20170086,2017-11-06,,,급여,,소아 환자에게 비강 코르티코스테로이드의 투여에 대한 임상시험에서 성장속도가 감소될 수 있다는 결과 나타남. 2세 미만에서 안전성 및 유효성 미확립,mometasone furoate,361331CSI,,,(주)에이프로젠바이오로직스,미만 (1),에이프로젠나잘스프레이(모메타손푸로에이트)_(7mg/140회),645203461,24,개월 (2)
20170086,2017-11-06,,,급여,,소아 환자에게 비강 코르티코스테로이드의 투여에 대한 임상시험에서 성장속도가 감소될 수 있다는 결과 나타남. 2세 미만에서 안전성 및 유효성 미확립,mometasone furoate,361331CSI,,,한림제약(주),미만 (1),나자티브나잘스프레이(모메타손푸로에이트)_(7mg/140회),645304101,24,개월 (2)
20170086,2017-11-06,,,급여,,소아 환자에게 비강 코르티코스테로이드의 투여에 대한 임상시험에서 성장속도가 감소될 수 있다는 결과 나타남. 2세 미만에서 안전성 및 유효성 미확립,mometasone furoate,361331CSI,,,제일약품(주),미만 (1),나조크린나잘스프레이(모메타손푸로에이트)_(7mg/140회),645403451,24,개월 (2)
20170086,2017-11-06,,,급여,,소아 환자에게 비강 코르티코스테로이드의 투여에 대한 임상시험에서 성장속도가 감소될 수 있다는 결과 나타남. 2세 미만에서 안전성 및 유효성 미확립,mometasone furoate,361331CSI,,,삼아제약(주),미만 (1),리노넥스나잘스프레이(모메타손푸로에이트)_(7mg/140회),645702351,24,개월 (2)
20170086,2017-11-06,,,급여,,소아 환자에게 비강 코르티코스테로이드의 투여에 대한 임상시험에서 성장속도가 감소될 수 있다는 결과 나타남. 2세 미만에서 안전성 및 유효성 미확립,mometasone furoate,361331CSI,,,동광제약(주),미만 (1),나조코비나잘스프레이(모메타손푸로에이트)_(7mg/140회),645905191,24,개월 (2)
20170086,2017-11-06,,,급여,,소아 환자에게 비강 코르티코스테로이드의 투여에 대한 임상시험에서 성장속도가 감소될 수 있다는 결과 나타남. 2세 미만에서 안전성 및 유효성 미확립,mometasone furoate,361331CSI,,,한국코러스(주),미만 (1),코메타손나잘스프레이(모메타손푸로에이트)_(7mg/140회),647205031,24,개월 (2)
20170086,2017-11-06,,,급여,,소아 환자에게 비강 코르티코스테로이드의 투여에 대한 임상시험에서 성장속도가 감소될 수 있다는 결과 나타남. 2세 미만에서 안전성 및 유효성 미확립,mometasone furoate,361331CSI,,,에이치엘비제약(주),미만 (1),모메원점비액(모메타손푸로에이트)_(7mg/140회),647304291,24,개월 (2)
20170086,2017-11-06,,,급여,,소아 환자에게 비강 코르티코스테로이드의 투여에 대한 임상시험에서 성장속도가 감소될 수 있다는 결과 나타남. 2세 미만에서 안전성 및 유효성 미확립,mometasone furoate,361331CSI,,,삼진제약(주),미만 (1),아라넥스나잘스프레이액(모메타손푸로에이트)_(7mg/140회),647804891,24,개월 (2)
20170086,2017-11-06,,,급여,,소아 환자에게 비강 코르티코스테로이드의 투여에 대한 임상시험에서 성장속도가 감소될 수 있다는 결과 나타남. 2세 미만에서 안전성 및 유효성 미확립,mometasone furoate,361331CSI,,,경동제약(주),미만 (1),나코드린나잘스프레이(모메타손푸로에이트)_(7mg/140회),648102921,24,개월 (2)
20170086,2017-11-06,,,급여,,소아 환자에게 비강 코르티코스테로이드의 투여에 대한 임상시험에서 성장속도가 감소될 수 있다는 결과 나타남. 2세 미만에서 안전성 및 유효성 미확립,mometasone furoate,361331CSI,,,신풍제약(주),미만 (1),코비넥스나잘스프레이(모메타손푸로에이트)_(7mg/140회),648506371,24,개월 (2)
20170086,2017-11-06,,,급여,,소아 환자에게 비강 코르티코스테로이드의 투여에 대한 임상시험에서 성장속도가 감소될 수 있다는 결과 나타남. 2세 미만에서 안전성 및 유효성 미확립,mometasone furoate,361331CSI,,,(주)씨엠지제약,미만 (1),씨엠지나조나잘스프레이(모메타손푸로에이트)_(7mg/140회),648604411,24,개월 (2)
20170086,2017-11-06,,,급여,,소아 환자에게 비강 코르티코스테로이드의 투여에 대한 임상시험에서 성장속도가 감소될 수 있다는 결과 나타남. 2세 미만에서 안전성 및 유효성 미확립,mometasone furoate,361331CSI,,,한국휴텍스제약(주),미만 (1),코코나잘스프레이(모메타손푸로에이트)_(7mg/140회),649104351,24,개월 (2)
20170086,2017-11-06,,,급여,,소아 환자에게 비강 코르티코스테로이드의 투여에 대한 임상시험에서 성장속도가 감소될 수 있다는 결과 나타남. 2세 미만에서 안전성 및 유효성 미확립,mometasone furoate,361331CSI,,,유니메드제약(주),미만 (1),알러나잘스프레이(모메타손푸로에이트)_(7mg/140회),649505971,24,개월 (2)
20170086,2017-11-06,,,급여,,소아 환자에게 비강 코르티코스테로이드의 투여에 대한 임상시험에서 성장속도가 감소될 수 있다는 결과 나타남. 2세 미만에서 안전성 및 유효성 미확립,mometasone furoate,361331CSI,,,삼천당제약(주),미만 (1),나리넥스점비액(모메타손푸로에이트)_(7mg/140회),651203321,24,개월 (2)
20170086,2017-11-06,,,급여,,소아 환자에게 비강 코르티코스테로이드의 투여에 대한 임상시험에서 성장속도가 감소될 수 있다는 결과 나타남. 2세 미만에서 안전성 및 유효성 미확립,mometasone furoate,361331CSI,,,알보젠코리아(주),미만 (1),나자타손나잘스프레이(모메타손푸로에이트)_(7mg/140회),652602941,24,개월 (2)
20170086,2017-11-06,,,급여,,소아 환자에게 비강 코르티코스테로이드의 투여에 대한 임상시험에서 성장속도가 감소될 수 있다는 결과 나타남. 2세 미만에서 안전성 및 유효성 미확립,mometasone furoate,361331CSI,,,동국제약(주),미만 (1),모메트나잘스프레이(모메타손푸로에이트)_(7mg/140회),653402831,24,개월 (2)
20170086,2017-11-06,,,급여,,소아 환자에게 비강 코르티코스테로이드의 투여에 대한 임상시험에서 성장속도가 감소될 수 있다는 결과 나타남. 2세 미만에서 안전성 및 유효성 미확립,mometasone furoate,361331CSI,,,신일제약(주),미만 (1),나조메타나잘스프레이(모메타손푸로에이트)_(7mg/140회),653805501,24,개월 (2)
20170086,2017-11-06,,,급여,,소아 환자에게 비강 코르티코스테로이드의 투여에 대한 임상시험에서 성장속도가 감소될 수 있다는 결과 나타남. 2세 미만에서 안전성 및 유효성 미확립,mometasone furoate,361331CSI,,,아주약품(주),미만 (1),코비잘나잘스프레이(모메타손푸로에이트)_(7mg/140회),654003791,24,개월 (2)
20170086,2017-11-06,,,급여,,소아 환자에게 비강 코르티코스테로이드의 투여에 대한 임상시험에서 성장속도가 감소될 수 있다는 결과 나타남. 2세 미만에서 안전성 및 유효성 미확립,mometasone furoate,361331CSI,,,(주)동구바이오제약,미만 (1),나조타손나잘스프레이(모메타손푸로에이트)_(7mg/140회),657306171,24,개월 (2)
20170086,2017-11-06,,,급여,,소아 환자에게 비강 코르티코스테로이드의 투여에 대한 임상시험에서 성장속도가 감소될 수 있다는 결과 나타남. 2세 미만에서 안전성 및 유효성 미확립,mometasone furoate,361331CSI,,,하나제약(주),미만 (1),비조넥스나잘스프레이(모메타손푸로에이트)_(7mg/140회),657806661,24,개월 (2)
20170086,2017-11-06,,,급여,,소아 환자에게 비강 코르티코스테로이드의 투여에 대한 임상시험에서 성장속도가 감소될 수 있다는 결과 나타남. 2세 미만에서 안전성 및 유효성 미확립,mometasone furoate,361331CSI,,,(주)비보존제약,미만 (1),코에타손점비액(모메타손푸로에이트)_(7mg/140회),658204051,24,개월 (2)
20170086,2017-11-06,,,급여,,소아 환자에게 비강 코르티코스테로이드의 투여에 대한 임상시험에서 성장속도가 감소될 수 있다는 결과 나타남. 2세 미만에서 안전성 및 유효성 미확립,mometasone furoate,361331CSI,,,이연제약(주),미만 (1),모노넥스점비액(모메타손푸로에이트)_(7mg/140회),658603151,24,개월 (2)
20170086,2017-11-06,,,급여,,소아 환자에게 비강 코르티코스테로이드의 투여에 대한 임상시험에서 성장속도가 감소될 수 있다는 결과 나타남. 2세 미만에서 안전성 및 유효성 미확립,mometasone furoate,361331CSI,,,한국프라임제약(주),미만 (1),비코넥스나잘스프레이(모메타손푸로에이트)_(7mg/140회),663604891,24,개월 (2)
20170086,2017-11-06,,,급여,,소아 환자에게 비강 코르티코스테로이드의 투여에 대한 임상시험에서 성장속도가 감소될 수 있다는 결과 나타남. 2세 미만에서 안전성 및 유효성 미확립,mometasone furoate,361331CSI,,,(주)경보제약,미만 (1),모메코나잘스프레이(모메타손푸로에이트)_(7mg/140회),665002601,24,개월 (2)
20170086,2017-11-06,,,급여,,소아 환자에게 비강 코르티코스테로이드의 투여에 대한 임상시험에서 성장속도가 감소될 수 있다는 결과 나타남. 2세 미만에서 안전성 및 유효성 미확립,mometasone furoate,361331CSI,,,(주)씨티씨바이오,미만 (1),모메씨티나잘스프레이액(모메타손푸로에이트)_(7mg/140회),669502411,24,개월 (2)
20170086,2017-11-06,,,급여,,소아 환자에게 비강 코르티코스테로이드의 투여에 대한 임상시험에서 성장속도가 감소될 수 있다는 결과 나타남. 2세 미만에서 안전성 및 유효성 미확립,mometasone furoate,361331CSI,,,대한뉴팜(주),미만 (1),모메탈나잘스프레이(모메타손푸로에이트)_(7mg/140회),669905171,24,개월 (2)
20170086,2017-11-06,,,급여,,소아 환자에게 비강 코르티코스테로이드의 투여에 대한 임상시험에서 성장속도가 감소될 수 있다는 결과 나타남. 2세 미만에서 안전성 및 유효성 미확립,mometasone furoate,361331CSI,,,(주)팜젠사이언스,미만 (1),코에잘스프레이(모메타손푸로에이트)_(7mg/140회),670104351,24,개월 (2)
20170086,2017-11-06,,,급여,,소아 환자에게 비강 코르티코스테로이드의 투여에 대한 임상시험에서 성장속도가 감소될 수 있다는 결과 나타남. 2세 미만에서 안전성 및 유효성 미확립,mometasone furoate,361331CSI,,,(주)휴온스메디텍,미만 (1),알비프로나잘스프레이(모메타손푸로에이트)_(7mg/140회),670401971,24,개월 (2)
20170086,2017-11-06,,,급여,,소아 환자에게 비강 코르티코스테로이드의 투여에 대한 임상시험에서 성장속도가 감소될 수 있다는 결과 나타남. 2세 미만에서 안전성 및 유효성 미확립,mometasone furoate,361331CSI,,,(주)보령바이오파마,미만 (1),비알코넥스나잘스프레이(모메타손푸로에이트)_(7mg/140회),670500621,24,개월 (2)
20170086,2017-11-06,,,급여,,소아 환자에게 비강 코르티코스테로이드의 투여에 대한 임상시험에서 성장속도가 감소될 수 있다는 결과 나타남. 2세 미만에서 안전성 및 유효성 미확립,mometasone furoate,361331CSI,,,주식회사제뉴원사이언스,미만 (1),모메타온점비액(모메타손푸로에이트)_(7mg/140회),671705931,24,개월 (2)
20170086,2017-11-06,,,급여,,소아 환자에게 비강 코르티코스테로이드의 투여에 대한 임상시험에서 성장속도가 감소될 수 있다는 결과 나타남. 2세 미만에서 안전성 및 유효성 미확립,mometasone furoate,361331CSI,,,대원제약(주),미만 (1),네젤렉스나잘스프레이(모메타손푸로에이트)_(7mg/140회),671804901,24,개월 (2)
20170086,2017-11-06,,,급여,,소아 환자에게 비강 코르티코스테로이드의 투여에 대한 임상시험에서 성장속도가 감소될 수 있다는 결과 나타남. 2세 미만에서 안전성 및 유효성 미확립,mometasone furoate,361331CSI,,,(주)라이트팜텍,미만 (1),코비타손나잘스프레이(모메타손푸로에이트)_(7mg/140회),690301901,24,개월 (2)
20170086,2017-11-06,,,급여,,소아 환자에게 비강 코르티코스테로이드의 투여에 대한 임상시험에서 성장속도가 감소될 수 있다는 결과 나타남. 2세 미만에서 안전성 및 유효성 미확립,mometasone furoate,361331CSI,,,대웅바이오(주),미만 (1),나조메손나잘스프레이액(모메타손푸로에이트)_(7mg/140회),694002191,24,개월 (2)
20170086,2017-11-06,,,급여,,소아 환자에게 비강 코르티코스테로이드의 투여에 대한 임상시험에서 성장속도가 감소될 수 있다는 결과 나타남. 2세 미만에서 안전성 및 유효성 미확립,mometasone furoate,361331CSI,,,정우신약(주),미만 (1),노메타손점비액(모메타손푸로에이트)_(7mg/140회),694205331,24,개월 (2)
20130047,2013-02-25,,,급여,,"소아는 체중당 체표면적의 비율이 성인보다 커서 코르티코이드로 인해 HPA축(시상하부-뇌하수체-부신 축) 억제, 쿠싱증후군, 발육장애, 두개내압항진 등이 나타나기 쉬움",mometasone furoate,361332CCM,,,대화제약(주),이하 (2),프레타손크림(모메타손푸로에이트)_(10mg/10g),645602051,2,세 (3)
20130047,2013-02-25,,,급여,,"소아는 체중당 체표면적의 비율이 성인보다 커서 코르티코이드로 인해 HPA축(시상하부-뇌하수체-부신 축) 억제, 쿠싱증후군, 발육장애, 두개내압항진 등이 나타나기 쉬움",mometasone furoate,361332CCM,,,동광제약(주),이하 (2),"모리코트크림_(모메타손푸로에이트, 10mg/10g)",645901482,2,세 (3)
20130047,2013-02-25,,,급여,,"소아는 체중당 체표면적의 비율이 성인보다 커서 코르티코이드로 인해 HPA축(시상하부-뇌하수체-부신 축) 억제, 쿠싱증후군, 발육장애, 두개내압항진 등이 나타나기 쉬움",mometasone furoate,361332CCM,,,(주)메디카코리아,이하 (2),테리손크림(모메타손푸로에이트)_(10mg/10g),646002311,2,세 (3)
20130047,2013-02-25,,,급여,,"소아는 체중당 체표면적의 비율이 성인보다 커서 코르티코이드로 인해 HPA축(시상하부-뇌하수체-부신 축) 억제, 쿠싱증후군, 발육장애, 두개내압항진 등이 나타나기 쉬움",mometasone furoate,361333CCM,,,한국오가논(주),이하 (2),에로콤크림(모메타손푸로에이트)_(15mg/15g),73100161,2,세 (3)
20130047,2013-02-25,,,급여,,"소아는 체중당 체표면적의 비율이 성인보다 커서 코르티코이드로 인해 HPA축(시상하부-뇌하수체-부신 축) 억제, 쿠싱증후군, 발육장애, 두개내압항진 등이 나타나기 쉬움",mometasone furoate,361333CCM,,,(주)화이트생명과학,이하 (2),더메타손크림(푸로산모메타손)_(15mg/15g),625201502,2,세 (3)
20130047,2013-02-25,,,급여,,"소아는 체중당 체표면적의 비율이 성인보다 커서 코르티코이드로 인해 HPA축(시상하부-뇌하수체-부신 축) 억제, 쿠싱증후군, 발육장애, 두개내압항진 등이 나타나기 쉬움",mometasone furoate,361333CCM,,,(주)바이넥스,이하 (2),인푸라크림(모메타손푸로에이트)_(15mg/15g),643102021,2,세 (3)
20130047,2013-02-25,,,급여,,"소아는 체중당 체표면적의 비율이 성인보다 커서 코르티코이드로 인해 HPA축(시상하부-뇌하수체-부신 축) 억제, 쿠싱증후군, 발육장애, 두개내압항진 등이 나타나기 쉬움",mometasone furoate,361333CCM,,,(주)에이프로젠바이오로직스,이하 (2),모메탄크림(모메타손푸로에이트)_(15mg/15g),645208741,2,세 (3)
20130047,2013-02-25,,,급여,,"소아는 체중당 체표면적의 비율이 성인보다 커서 코르티코이드로 인해 HPA축(시상하부-뇌하수체-부신 축) 억제, 쿠싱증후군, 발육장애, 두개내압항진 등이 나타나기 쉬움",mometasone furoate,361333CCM,,,(주)한국파마,이하 (2),더미손크림(모메타손푸로에이트)_(15mg/15g),653000301,2,세 (3)
20130047,2013-02-25,,,급여,,"소아는 체중당 체표면적의 비율이 성인보다 커서 코르티코이드로 인해 HPA축(시상하부-뇌하수체-부신 축) 억제, 쿠싱증후군, 발육장애, 두개내압항진 등이 나타나기 쉬움",mometasone furoate,361333CCM,,,오스틴제약(주),이하 (2),모메손크림(모메타손푸로에이트)_(15mg/15g),654301131,2,세 (3)
20130047,2013-02-25,,,급여,,"소아는 체중당 체표면적의 비율이 성인보다 커서 코르티코이드로 인해 HPA축(시상하부-뇌하수체-부신 축) 억제, 쿠싱증후군, 발육장애, 두개내압항진 등이 나타나기 쉬움",mometasone furoate,361333CCM,,,(주)퍼슨,이하 (2),모메코트크림(모메타손푸로에이트)_(15mg/15g),657401502,2,세 (3)
20130047,2013-02-25,,,급여,,"소아는 체중당 체표면적의 비율이 성인보다 커서 코르티코이드로 인해 HPA축(시상하부-뇌하수체-부신 축) 억제, 쿠싱증후군, 발육장애, 두개내압항진 등이 나타나기 쉬움",mometasone furoate,361333CCM,,,이연제약(주),이하 (2),피엘타손크림(모메타손푸로에이트)_(15mg/15g),658602931,2,세 (3)
20130047,2013-02-25,,,급여,,"소아는 체중당 체표면적의 비율이 성인보다 커서 코르티코이드로 인해 HPA축(시상하부-뇌하수체-부신 축) 억제, 쿠싱증후군, 발육장애, 두개내압항진 등이 나타나기 쉬움",mometasone furoate,361333CCM,,,(주)다산제약,이하 (2),모멘타손크림(모메타손푸로에이트)_(15mg/15g),678600341,2,세 (3)
20130047,2013-02-25,,,급여,,"소아는 체중당 체표면적의 비율이 성인보다 커서 코르티코이드로 인해 HPA축(시상하부-뇌하수체-부신 축) 억제, 쿠싱증후군, 발육장애, 두개내압항진 등이 나타나기 쉬움",mometasone furoate,361333CCM,,,제이더블유생명과학(주),이하 (2),모메덤크림(모메타손푸로에이트)_(15mg/15g),678901001,2,세 (3)
20130047,2013-02-25,,,급여,,"소아는 체중당 체표면적의 비율이 성인보다 커서 코르티코이드로 인해 HPA축(시상하부-뇌하수체-부신 축) 억제, 쿠싱증후군, 발육장애, 두개내압항진 등이 나타나기 쉬움",mometasone furoate,361334CCM,,,주식회사 더유제약,이하 (2),모멘타크림(모메타손푸로에이트)_(20mg/20g),57001442,2,세 (3)
20130047,2013-02-25,,,급여,,"소아는 체중당 체표면적의 비율이 성인보다 커서 코르티코이드로 인해 HPA축(시상하부-뇌하수체-부신 축) 억제, 쿠싱증후군, 발육장애, 두개내압항진 등이 나타나기 쉬움",mometasone furoate,361334CCM,,,(주)엘앤씨바이오,이하 (2),모멘타솔크림(모메타손푸로에이트)_(20mg/20g),60500791,2,세 (3)
20130047,2013-02-25,,,급여,,"소아는 체중당 체표면적의 비율이 성인보다 커서 코르티코이드로 인해 HPA축(시상하부-뇌하수체-부신 축) 억제, 쿠싱증후군, 발육장애, 두개내압항진 등이 나타나기 쉬움",mometasone furoate,361334CCM,,,태극제약(주),이하 (2),라벨리아크림(모메타손푸로에이트)_(20mg/20g),644800411,2,세 (3)
20130047,2013-02-25,,,급여,,"소아는 체중당 체표면적의 비율이 성인보다 커서 코르티코이드로 인해 HPA축(시상하부-뇌하수체-부신 축) 억제, 쿠싱증후군, 발육장애, 두개내압항진 등이 나타나기 쉬움",mometasone furoate,361334CCM,,,한국코러스(주),이하 (2),메타손크림(모메타손푸로에이트)_(20mg/20g),647204011,2,세 (3)
20130047,2013-02-25,,,급여,,"소아는 체중당 체표면적의 비율이 성인보다 커서 코르티코이드로 인해 HPA축(시상하부-뇌하수체-부신 축) 억제, 쿠싱증후군, 발육장애, 두개내압항진 등이 나타나기 쉬움",mometasone furoate,361334CCM,,,풍림무약(주),이하 (2),큐모타손크림(모메타손푸로에이트)_(20mg/20g),649001211,2,세 (3)
20130047,2013-02-25,,,급여,,"소아는 체중당 체표면적의 비율이 성인보다 커서 코르티코이드로 인해 HPA축(시상하부-뇌하수체-부신 축) 억제, 쿠싱증후군, 발육장애, 두개내압항진 등이 나타나기 쉬움",mometasone furoate,361334CCM,,,성원애드콕제약(주),이하 (2),모메솔크림(모메타손푸로에이트)_(20mg/20g),664901201,2,세 (3)
20130047,2013-02-25,,,급여,,"소아는 체중당 체표면적의 비율이 성인보다 커서 코르티코이드로 인해 HPA축(시상하부-뇌하수체-부신 축) 억제, 쿠싱증후군, 발육장애, 두개내압항진 등이 나타나기 쉬움",mometasone furoate,361334CCM,,,(주)경보제약,이하 (2),모메스킨크림(모메타손푸로에이트)_(20mg/20g),665002551,2,세 (3)
20130047,2013-02-25,,,급여,,"소아는 체중당 체표면적의 비율이 성인보다 커서 코르티코이드로 인해 HPA축(시상하부-뇌하수체-부신 축) 억제, 쿠싱증후군, 발육장애, 두개내압항진 등이 나타나기 쉬움",mometasone furoate,361334CCM,,,주식회사큐엘파마,이하 (2),큐메타손크림(모메타손푸로에이트)_(20mg/20g),673400182,2,세 (3)
20130047,2013-02-25,,,급여,,"소아는 체중당 체표면적의 비율이 성인보다 커서 코르티코이드로 인해 HPA축(시상하부-뇌하수체-부신 축) 억제, 쿠싱증후군, 발육장애, 두개내압항진 등이 나타나기 쉬움",mometasone furoate,361334CCM,,,(주)제뉴파마,이하 (2),프로몬크림(모메타손푸로에이트)_(20mg/20g),698002905,2,세 (3)
20130047,2013-02-25,,,급여,,"소아는 체중당 체표면적의 비율이 성인보다 커서 코르티코이드로 인해 HPA축(시상하부-뇌하수체-부신 축) 억제, 쿠싱증후군, 발육장애, 두개내압항진 등이 나타나기 쉬움",mometasone furoate,361334CCM,,,(주)테라젠이텍스,이하 (2),메이손크림(모메타손푸로에이트)_(20mg/20g),698502941,2,세 (3)
20070068,2007-04-11,,,급여,,"소아는 체중당 체표면적의 비율이 성인보다 커서 코르티코이드로 인해 HPA축(시상하부-뇌하수체-부신 축) 억제, 쿠싱증후군, 발육장애, 두개내압항진 등이 나타나기 쉬움",mometasone furoate,361334COM,,,주식회사 더유제약,이하 (2),모멘타연고(모메타손푸로에이트)_(20mg/20g),57001051,2,세 (3)
20130047,2013-02-25,,,급여,,"소아는 체중당 체표면적의 비율이 성인보다 커서 코르티코이드로 인해 HPA축(시상하부-뇌하수체-부신 축) 억제, 쿠싱증후군, 발육장애, 두개내압항진 등이 나타나기 쉬움",mometasone furoate,361336CCM,,,태극제약(주),이하 (2),라벨리아크림(모메타손푸로에이트)_(25mg/25g),644800415,2,세 (3)
20130047,2013-02-25,,,급여,,"소아는 체중당 체표면적의 비율이 성인보다 커서 코르티코이드로 인해 HPA축(시상하부-뇌하수체-부신 축) 억제, 쿠싱증후군, 발육장애, 두개내압항진 등이 나타나기 쉬움",mometasone furoate,361336CCM,,,에이치엘비제약(주),이하 (2),에이치엘비모메타손크림(모메타손푸로에이트)_(25mg/25g),647300715,2,세 (3)
20130047,2013-02-25,,,급여,,"소아는 체중당 체표면적의 비율이 성인보다 커서 코르티코이드로 인해 HPA축(시상하부-뇌하수체-부신 축) 억제, 쿠싱증후군, 발육장애, 두개내압항진 등이 나타나기 쉬움",mometasone furoate,361338CCM,,,(주)휴비스트제약,이하 (2),모타손크림(모메타손푸로에이트)_(30mg/30g),628800741,2,세 (3)
20130047,2013-02-25,,,급여,,"소아는 체중당 체표면적의 비율이 성인보다 커서 코르티코이드로 인해 HPA축(시상하부-뇌하수체-부신 축) 억제, 쿠싱증후군, 발육장애, 두개내압항진 등이 나타나기 쉬움",mometasone furoate,361338CCM,,,동광제약(주),이하 (2),"모리코트크림_(모메타손푸로에이트, 30mg/30g)",645901484,2,세 (3)
20130047,2013-02-25,,,급여,,"소아는 체중당 체표면적의 비율이 성인보다 커서 코르티코이드로 인해 HPA축(시상하부-뇌하수체-부신 축) 억제, 쿠싱증후군, 발육장애, 두개내압항진 등이 나타나기 쉬움",mometasone furoate,361338CCM,,,삼천당제약(주),이하 (2),크린티손크림(모메타손푸로에이트)_(30mg/30g),651204261,2,세 (3)
20130047,2013-02-25,,,급여,,"소아는 체중당 체표면적의 비율이 성인보다 커서 코르티코이드로 인해 HPA축(시상하부-뇌하수체-부신 축) 억제, 쿠싱증후군, 발육장애, 두개내압항진 등이 나타나기 쉬움",mometasone furoate,361338CCM,,,오스틴제약(주),이하 (2),모메손크림(모메타손푸로에이트)_(30mg/30g),654301133,2,세 (3)
20130047,2013-02-25,,,급여,,"소아는 체중당 체표면적의 비율이 성인보다 커서 코르티코이드로 인해 HPA축(시상하부-뇌하수체-부신 축) 억제, 쿠싱증후군, 발육장애, 두개내압항진 등이 나타나기 쉬움",mometasone furoate,361338CCM,,,(주)동구바이오제약,이하 (2),더모타손엠엘이크림(모메타손푸로에이트)_(30mg/30g),657300307,2,세 (3)
20130047,2013-02-25,,,급여,,"소아는 체중당 체표면적의 비율이 성인보다 커서 코르티코이드로 인해 HPA축(시상하부-뇌하수체-부신 축) 억제, 쿠싱증후군, 발육장애, 두개내압항진 등이 나타나기 쉬움",mometasone furoate,361339CLT,,,태극제약(주),이하 (2),라벨리아로션(모메타손푸로에이트)_(30mg/30g),644800395,2,세 (3)
20130047,2013-02-25,,,급여,,"소아는 체중당 체표면적의 비율이 성인보다 커서 코르티코이드로 인해 HPA축(시상하부-뇌하수체-부신 축) 억제, 쿠싱증후군, 발육장애, 두개내압항진 등이 나타나기 쉬움",mometasone furoate,361339CLT,,,동광제약(주),이하 (2),모리코트로션(모메타손푸로에이트)_(30mg/30g),645905941,2,세 (3)
20130047,2013-02-25,,,급여,,"소아는 체중당 체표면적의 비율이 성인보다 커서 코르티코이드로 인해 HPA축(시상하부-뇌하수체-부신 축) 억제, 쿠싱증후군, 발육장애, 두개내압항진 등이 나타나기 쉬움",mometasone furoate,361339CLT,,,(주)메디카코리아,이하 (2),테리손로션(모메타손푸로에이트)_(30mg/30g),646005181,2,세 (3)
20130047,2013-02-25,,,급여,,"소아는 체중당 체표면적의 비율이 성인보다 커서 코르티코이드로 인해 HPA축(시상하부-뇌하수체-부신 축) 억제, 쿠싱증후군, 발육장애, 두개내압항진 등이 나타나기 쉬움",mometasone furoate,361339CLT,,,(주)동구바이오제약,이하 (2),더모타손엠엘이로션(모메타손푸로에이트)_(30mg/30g),657300282,2,세 (3)
20130047,2013-02-25,,,급여,,"소아는 체중당 체표면적의 비율이 성인보다 커서 코르티코이드로 인해 HPA축(시상하부-뇌하수체-부신 축) 억제, 쿠싱증후군, 발육장애, 두개내압항진 등이 나타나기 쉬움",mometasone furoate,361339CLT,,,위더스제약(주),이하 (2),큐어덤로션(모메타손푸로에이트)_(30mg/30g),660701692,2,세 (3)
20130047,2013-02-25,,,급여,,"소아는 체중당 체표면적의 비율이 성인보다 커서 코르티코이드로 인해 HPA축(시상하부-뇌하수체-부신 축) 억제, 쿠싱증후군, 발육장애, 두개내압항진 등이 나타나기 쉬움",mometasone furoate,361339CLT,,,(주)제뉴파마,이하 (2),프로몬로션(모메타손푸로에이트)_(30mg/30g),698003813,2,세 (3)
20130047,2013-02-25,,,급여,,"소아는 체중당 체표면적의 비율이 성인보다 커서 코르티코이드로 인해 HPA축(시상하부-뇌하수체-부신 축) 억제, 쿠싱증후군, 발육장애, 두개내압항진 등이 나타나기 쉬움",mometasone furoate,361340CLT,,,태극제약(주),이하 (2),라벨리아로션(모메타손푸로에이트)_(50mg/50g),644800391,2,세 (3)
20130047,2013-02-25,,,급여,,"소아는 체중당 체표면적의 비율이 성인보다 커서 코르티코이드로 인해 HPA축(시상하부-뇌하수체-부신 축) 억제, 쿠싱증후군, 발육장애, 두개내압항진 등이 나타나기 쉬움",mometasone furoate,361342CLT,,,주식회사 더유제약,이하 (2),모멘타로션(모메타손푸로에이트)_(60mg/60g),57000151,2,세 (3)
20130047,2013-02-25,,,급여,,"소아는 체중당 체표면적의 비율이 성인보다 커서 코르티코이드로 인해 HPA축(시상하부-뇌하수체-부신 축) 억제, 쿠싱증후군, 발육장애, 두개내압항진 등이 나타나기 쉬움",mometasone furoate,361342CLT,,,(주)휴비스트제약,이하 (2),모타손로션(모메타손푸로에이트)_(60mg/60g),628800843,2,세 (3)
20130047,2013-02-25,,,급여,,"소아는 체중당 체표면적의 비율이 성인보다 커서 코르티코이드로 인해 HPA축(시상하부-뇌하수체-부신 축) 억제, 쿠싱증후군, 발육장애, 두개내압항진 등이 나타나기 쉬움",mometasone furoate,361342CLT,,,태극제약(주),이하 (2),라벨리아로션(모메타손푸로에이트)_(60mg/60g),644800394,2,세 (3)
20130047,2013-02-25,,,급여,,"소아는 체중당 체표면적의 비율이 성인보다 커서 코르티코이드로 인해 HPA축(시상하부-뇌하수체-부신 축) 억제, 쿠싱증후군, 발육장애, 두개내압항진 등이 나타나기 쉬움",mometasone furoate,361342CLT,,,풍림무약(주),이하 (2),큐모타손로션(모메타손푸로에이트)_(60mg/60g),649001201,2,세 (3)
20130047,2013-02-25,,,급여,,"소아는 체중당 체표면적의 비율이 성인보다 커서 코르티코이드로 인해 HPA축(시상하부-뇌하수체-부신 축) 억제, 쿠싱증후군, 발육장애, 두개내압항진 등이 나타나기 쉬움",mometasone furoate,361342CLT,,,한국휴텍스제약(주),이하 (2),코코타손로션(모메타손푸로에이트)_(60mg/60g),649104762,2,세 (3)
20130047,2013-02-25,,,급여,,"소아는 체중당 체표면적의 비율이 성인보다 커서 코르티코이드로 인해 HPA축(시상하부-뇌하수체-부신 축) 억제, 쿠싱증후군, 발육장애, 두개내압항진 등이 나타나기 쉬움",mometasone furoate,361342CLT,,,(주)동구바이오제약,이하 (2),더모타손엠엘이로션(모메타손푸로에이트)_(60mg/60g),657300283,2,세 (3)
20130047,2013-02-25,,,급여,,"소아는 체중당 체표면적의 비율이 성인보다 커서 코르티코이드로 인해 HPA축(시상하부-뇌하수체-부신 축) 억제, 쿠싱증후군, 발육장애, 두개내압항진 등이 나타나기 쉬움",mometasone furoate,361342CLT,,,(주)옵투스제약,이하 (2),에스지모메존로션(모메타손푸로에이트)_(60mg/60g),674101651,2,세 (3)
20130047,2013-02-25,,,급여,,"소아는 체중당 체표면적의 비율이 성인보다 커서 코르티코이드로 인해 HPA축(시상하부-뇌하수체-부신 축) 억제, 쿠싱증후군, 발육장애, 두개내압항진 등이 나타나기 쉬움",mometasone furoate,361342CLT,,,(주)티디에스팜,이하 (2),모멘트로션(모메타손푸로에이트)_(60mg/60g),679801441,2,세 (3)
20130047,2013-02-25,,,급여,,"소아는 체중당 체표면적의 비율이 성인보다 커서 코르티코이드로 인해 HPA축(시상하부-뇌하수체-부신 축) 억제, 쿠싱증후군, 발육장애, 두개내압항진 등이 나타나기 쉬움",mometasone furoate,361342CLT,,,(주)라이트팜텍,이하 (2),제이모메손로션(모메타손푸로에이트)_(60mg/60g),690300681,2,세 (3)
20130047,2013-02-25,,,급여,,"소아는 체중당 체표면적의 비율이 성인보다 커서 코르티코이드로 인해 HPA축(시상하부-뇌하수체-부신 축) 억제, 쿠싱증후군, 발육장애, 두개내압항진 등이 나타나기 쉬움",mometasone furoate,361342CLT,,,(주)제뉴파마,이하 (2),프로몬로션(모메타손푸로에이트)_(60mg/60g),698003814,2,세 (3)
20130047,2013-02-25,,,급여,,"소아는 체중당 체표면적의 비율이 성인보다 커서 코르티코이드로 인해 HPA축(시상하부-뇌하수체-부신 축) 억제, 쿠싱증후군, 발육장애, 두개내압항진 등이 나타나기 쉬움",mometasone furoate,361342CLT,,,(주)테라젠이텍스,이하 (2),메이손로션(모메타손푸로에이트)_(60mg/60g),698502991,2,세 (3)
20130047,2013-02-25,,,급여,,"소아는 체중당 체표면적의 비율이 성인보다 커서 코르티코이드로 인해 HPA축(시상하부-뇌하수체-부신 축) 억제, 쿠싱증후군, 발육장애, 두개내압항진 등이 나타나기 쉬움",mometasone furoate,361344CLT,,,태극제약(주),이하 (2),라벨리아로션(모메타손푸로에이트)_(0.118g/118g),644800396,2,세 (3)
20130047,2013-02-25,,,급여,,"소아는 체중당 체표면적의 비율이 성인보다 커서 코르티코이드로 인해 HPA축(시상하부-뇌하수체-부신 축) 억제, 쿠싱증후군, 발육장애, 두개내압항진 등이 나타나기 쉬움",mometasone furoate,361346COM,,,동광제약(주),이하 (2),모리코트연고(푸로산모메타손)_(0.45g/450g),645901471,2,세 (3)
20130047,2013-02-25,,,급여,,"소아는 체중당 체표면적의 비율이 성인보다 커서 코르티코이드로 인해 HPA축(시상하부-뇌하수체-부신 축) 억제, 쿠싱증후군, 발육장애, 두개내압항진 등이 나타나기 쉬움",mometasone furoate,361347CCM,,,주식회사 더유제약,이하 (2),모멘타크림(모메타손푸로에이트)_(0.5g/500g),57001444,2,세 (3)
20130047,2013-02-25,,,급여,,"소아는 체중당 체표면적의 비율이 성인보다 커서 코르티코이드로 인해 HPA축(시상하부-뇌하수체-부신 축) 억제, 쿠싱증후군, 발육장애, 두개내압항진 등이 나타나기 쉬움",mometasone furoate,361347CCM,,,태극제약(주),이하 (2),라벨리아크림(모메타손푸로에이트)_(0.5g/500g),644800413,2,세 (3)
20130047,2013-02-25,,,급여,,"소아는 체중당 체표면적의 비율이 성인보다 커서 코르티코이드로 인해 HPA축(시상하부-뇌하수체-부신 축) 억제, 쿠싱증후군, 발육장애, 두개내압항진 등이 나타나기 쉬움",mometasone furoate,361347CCM,,,동광제약(주),이하 (2),"모리코트크림_(모메타손푸로에이트, 0.5g/500g)",645901483,2,세 (3)
20130047,2013-02-25,,,급여,,"소아는 체중당 체표면적의 비율이 성인보다 커서 코르티코이드로 인해 HPA축(시상하부-뇌하수체-부신 축) 억제, 쿠싱증후군, 발육장애, 두개내압항진 등이 나타나기 쉬움",mometasone furoate,361347CCM,,,(주)동구바이오제약,이하 (2),더모타손엠엘이크림(모메타손푸로에이트)_(0.5g/500g),657300305,2,세 (3)
20130047,2013-02-25,,,급여,,"소아는 체중당 체표면적의 비율이 성인보다 커서 코르티코이드로 인해 HPA축(시상하부-뇌하수체-부신 축) 억제, 쿠싱증후군, 발육장애, 두개내압항진 등이 나타나기 쉬움",mometasone furoate,361347CCM,,,주식회사제뉴원사이언스,이하 (2),제뉴원모메타손크림(모메타손푸로에이트)_(0.5g/500g),671700096,2,세 (3)
20130047,2013-02-25,,,급여,,"소아는 체중당 체표면적의 비율이 성인보다 커서 코르티코이드로 인해 HPA축(시상하부-뇌하수체-부신 축) 억제, 쿠싱증후군, 발육장애, 두개내압항진 등이 나타나기 쉬움",mometasone furoate,361347CCM,,,(주)다산제약,이하 (2),모멘타손크림(모메타손푸로에이트)_(0.5g/500g),678600342,2,세 (3)
20130047,2013-02-25,,,급여,,"소아는 체중당 체표면적의 비율이 성인보다 커서 코르티코이드로 인해 HPA축(시상하부-뇌하수체-부신 축) 억제, 쿠싱증후군, 발육장애, 두개내압항진 등이 나타나기 쉬움",mometasone furoate,361347CCM,,,(주)시어스제약,이하 (2),모메타뉴크림(모메타손푸로에이트)_(0.5g/500g),689001184,2,세 (3)
20130047,2013-02-25,,,급여,,"소아는 체중당 체표면적의 비율이 성인보다 커서 코르티코이드로 인해 HPA축(시상하부-뇌하수체-부신 축) 억제, 쿠싱증후군, 발육장애, 두개내압항진 등이 나타나기 쉬움",mometasone furoate,361347CCM,,,(주)제뉴파마,이하 (2),프로몬크림(모메타손푸로에이트)_(0.5g/500g),698002904,2,세 (3)
20130047,2013-02-25,,,급여,,"소아는 체중당 체표면적의 비율이 성인보다 커서 코르티코이드로 인해 HPA축(시상하부-뇌하수체-부신 축) 억제, 쿠싱증후군, 발육장애, 두개내압항진 등이 나타나기 쉬움",mometasone furoate,361347CCM,,,(주)테라젠이텍스,이하 (2),메이손크림(모메타손푸로에이트)_(0.5g/500g),698502942,2,세 (3)
20130047,2013-02-25,,,급여,,"소아는 체중당 체표면적의 비율이 성인보다 커서 코르티코이드로 인해 HPA축(시상하부-뇌하수체-부신 축) 억제, 쿠싱증후군, 발육장애, 두개내압항진 등이 나타나기 쉬움",mometasone furoate,361347COM,,,주식회사 더유제약,이하 (2),모멘타연고(모메타손푸로에이트)_(0.5g/500g),57001052,2,세 (3)
20170086,2017-11-06,,,급여,,소아 환자에게 비강 코르티코스테로이드의 투여에 대한 임상시험에서 성장속도가 감소될 수 있다는 결과 나타남. 2세 미만에서 안전성 및 유효성 미확립,mometasone furoate,361349CSI,,,(주)유한양행,미만 (1),나자케어나잘스프레이액(모메타손푸로에이트일수화물)_(3.102mg/60회),642104881,24,개월 (2)
20070068,2007-04-11,,,급여,,"소아는 체중당 체표면적의 비율이 성인보다 커서 코르티코이드로 인해 HPA축(시상하부-뇌하수체-부신 축) 억제, 쿠싱증후군, 발육장애, 두개내압항진 등이 나타나기 쉬움",mometasone furoate,361350CLT,,,(주)동구바이오제약,이하 (2),더모타손엠엘이로션(모메타손푸로에이트)_(90mg/90g),657300285,2,세 (3)
20070068,2007-04-11,,,급여,,"소아는 체중당 체표면적의 비율이 성인보다 커서 코르티코이드로 인해 HPA축(시상하부-뇌하수체-부신 축) 억제, 쿠싱증후군, 발육장애, 두개내압항진 등이 나타나기 쉬움",mometasone furoate,361351CLT,,,태극제약(주),이하 (2),라벨리아로션(모메타손푸로에이트)_(55mg/55g),644800397,2,세 (3)
20220087,2022-12-15,,,급여,,,morphine sulfate,197301ATR,,,하나제약(주),미만 (1),"엠에스알서방정10밀리그람(황산모르핀)_(모르핀황산염수화물, 10mg/1정)",657801450,18,세 (3)
20220087,2022-12-15,,,급여,,,morphine sulfate,197302ATR,,,하나제약(주),미만 (1),엠에스알서방정30밀리그램(모르핀황산염수화물)_(30mg/1정),657801460,18,세 (3)
20140179,2014-11-04,,,급여,,안전성 및 유효성 미확립,moxifloxacin,801601BIJ,,,에이치케이이노엔(주),미만 (1),모벨록신주400밀리그램(목시플록사신)_(0.4g/250mL),640006311,18,세 (3)
20140179,2014-11-04,,,급여,,안전성 및 유효성 미확립,moxifloxacin,801601BIJ,,,한국유나이티드제약(주),미만 (1),조이록신주400밀리그램(목시플록사신)_(0.4g/250mL),644308931,18,세 (3)
20140179,2014-11-04,,,급여,,안전성 및 유효성 미확립,moxifloxacin,801601BIJ,,,신풍제약(주),미만 (1),목시록주400밀리그램(목시플록사신)_(0.4g/250mL),648506961,18,세 (3)
20140179,2014-11-04,,,급여,,안전성 및 유효성 미확립,moxifloxacin,801601BIJ,,,(주)비씨월드제약,미만 (1),퀴녹스주400밀리그램(목시플록사신)_(0.4g/250mL),653102921,18,세 (3)
20140179,2014-11-04,,,급여,,안전성 및 유효성 미확립,moxifloxacin,801601BIJ,,,제이더블유생명과학(주),미만 (1),제이더블유목시플록사신주400mg_(0.4g/250mL),678900961,18,세 (3)
20140179,2014-11-04,,,급여,,안전성 및 유효성 미확립,moxifloxacin hydrochloride (as moxifloxacin),380301ATB,,,에이치케이이노엔(주),미만 (1),모벨록신정400밀리그램(목시플록사신염산염)_(0.4368g/1정),640006650,18,세 (3)
20140179,2014-11-04,,,급여,,안전성 및 유효성 미확립,moxifloxacin hydrochloride (as moxifloxacin),380301ATB,,,바이엘코리아(주),미만 (1),아벨록스정400밀리그람(목시플록사신염산염)_(0.4368g/1정),641100230,18,세 (3)
20140179,2014-11-04,,,급여,,안전성 및 유효성 미확립,moxifloxacin hydrochloride (as moxifloxacin),380301ATB,,,한미약품(주),미만 (1),모록사신정400밀리그램(목시플록사신염산염)_(0.4368g/1정),643506700,18,세 (3)
20140179,2014-11-04,,,급여,,안전성 및 유효성 미확립,moxifloxacin hydrochloride (as moxifloxacin),380301ATB,,,한국유나이티드제약(주),미만 (1),조이록신정400밀리그램(목시플록사신염산염)_(0.4368g/1정),644308860,18,세 (3)
20140179,2014-11-04,,,급여,,안전성 및 유효성 미확립,moxifloxacin hydrochloride (as moxifloxacin),380301ATB,,,(주)비씨월드제약,미만 (1),퀴녹스정400밀리그램(목시플록사신염산염)_(0.4368g/1정),653102630,18,세 (3)
20140179,2014-11-04,,,급여,,안전성 및 유효성 미확립,moxifloxacin hydrochloride (as moxifloxacin),380335BIJ,,,바이엘코리아(주),미만 (1),아벨록스주400밀리그람(목시플록사신염산염)(병)_(0.4368g/250mL),641100251,18,세 (3)
20090300,2009-12-03,,,급여,,안전성 및 유효성 미확립,nortriptyline hydrochloride (as nortriptyline),203401ATB,,,일성아이에스(주),이하 (2),센시발정10밀리그램(염산노르트립틸린)_(11.4mg/1정),655400770,18,세 (3)
20090300,2009-12-03,,,급여,,안전성 및 유효성 미확립,nortriptyline hydrochloride (as nortriptyline),203402ATB,,,일성아이에스(주),이하 (2),센시발정25밀리그램(염산노르트립틸린)_(28.5mg/1정),655400780,18,세 (3)
20090300,2009-12-03,,,급여,,안전성 및 유효성 미확립. 몇몇 어린 동물종에서 관절이상을 유발함,ofloxacin,203901ATB,,,코스맥스파마(주),이하 (2),투프로정100밀리그램(오플록사신)_(0.1g/1정),55101330,18,세 (3)
20090300,2009-12-03,,,급여,,안전성 및 유효성 미확립. 몇몇 어린 동물종에서 관절이상을 유발함,ofloxacin,203901ATB,,,(주)한국파비스제약,이하 (2),파비스오플록사신정_(0.1g/1정),621801830,18,세 (3)
20090300,2009-12-03,,,급여,,안전성 및 유효성 미확립. 몇몇 어린 동물종에서 관절이상을 유발함,ofloxacin,203901ATB,,,(주)휴비스트제약,이하 (2),오록사신정100밀리그램(오플록사신)_(0.1g/1정),628800670,18,세 (3)
20090300,2009-12-03,,,급여,,안전성 및 유효성 미확립. 몇몇 어린 동물종에서 관절이상을 유발함,ofloxacin,203901ATB,,,(주)일화,이하 (2),파비드정(오플록사신)_(0.1g/1정),640901220,18,세 (3)
20090300,2009-12-03,,,급여,,안전성 및 유효성 미확립. 몇몇 어린 동물종에서 관절이상을 유발함,ofloxacin,203901ATB,,,동화약품(주),이하 (2),동화오플록사신정_(0.1g/1정),642700900,18,세 (3)
20090300,2009-12-03,,,급여,,안전성 및 유효성 미확립. 몇몇 어린 동물종에서 관절이상을 유발함,ofloxacin,203901ATB,,,일동제약(주),이하 (2),에펙신정100밀리그램(오플록사신)_(0.1g/1정),642901320,18,세 (3)
20090300,2009-12-03,,,급여,,안전성 및 유효성 미확립. 몇몇 어린 동물종에서 관절이상을 유발함,ofloxacin,203901ATB,,,한미약품(주),이하 (2),오로신정100밀리그램(오플록사신)_(0.1g/1정),643501960,18,세 (3)
20090300,2009-12-03,,,급여,,안전성 및 유효성 미확립. 몇몇 어린 동물종에서 관절이상을 유발함,ofloxacin,203901ATB,,,삼익제약(주),이하 (2),삼익오플록사신정_(0.1g/1정),644000850,18,세 (3)
20090300,2009-12-03,,,급여,,안전성 및 유효성 미확립. 몇몇 어린 동물종에서 관절이상을 유발함,ofloxacin,203901ATB,,,제일약품(주),이하 (2),제일타리비드정(오플록사신)(군납명:오플록사신정100밀리그람)_(0.1g/1정),645401480,18,세 (3)
20090300,2009-12-03,,,급여,,안전성 및 유효성 미확립. 몇몇 어린 동물종에서 관절이상을 유발함,ofloxacin,203901ATB,,,동광제약(주),이하 (2),동광오플록사신정_(0.1g/1정),645900910,18,세 (3)
20090300,2009-12-03,,,급여,,안전성 및 유효성 미확립. 몇몇 어린 동물종에서 관절이상을 유발함,ofloxacin,203901ATB,,,(주)뉴젠팜,이하 (2),뉴젠팜오플록사신정100밀리그램(수출명:오플록사신정100밀리그램)_(0.1g/1정),646200420,18,세 (3)
20090300,2009-12-03,,,급여,,안전성 및 유효성 미확립. 몇몇 어린 동물종에서 관절이상을 유발함,ofloxacin,203901ATB,,,한국휴텍스제약(주),이하 (2),오라록신정100mg(오플록사신)_(0.1g/1정),649102580,18,세 (3)
20090300,2009-12-03,,,급여,,안전성 및 유효성 미확립. 몇몇 어린 동물종에서 관절이상을 유발함,ofloxacin,203901ATB,,,영일제약(주),이하 (2),"영일오플록사신정(수출명:오사신정,타비드정)_(0.1g/1정)",649401910,18,세 (3)
20090300,2009-12-03,,,급여,,안전성 및 유효성 미확립. 몇몇 어린 동물종에서 관절이상을 유발함,ofloxacin,203901ATB,,,유니메드제약(주),이하 (2),옥타신정(오플록사신)_(0.1g/1정),649501940,18,세 (3)
20090300,2009-12-03,,,급여,,안전성 및 유효성 미확립. 몇몇 어린 동물종에서 관절이상을 유발함,ofloxacin,203901ATB,,,대우제약(주),이하 (2),텔비트정100밀리그람(오플록사신)_(0.1g/1정),649602320,18,세 (3)
20090300,2009-12-03,,,급여,,안전성 및 유효성 미확립. 몇몇 어린 동물종에서 관절이상을 유발함,ofloxacin,203901ATB,,,삼천당제약(주),이하 (2),삼천당오플록사신정_(0.1g/1정),651200900,18,세 (3)
20090300,2009-12-03,,,급여,,안전성 및 유효성 미확립. 몇몇 어린 동물종에서 관절이상을 유발함,ofloxacin,203901ATB,,,알보젠코리아(주),이하 (2),투록신정(오플록사신)_(0.1g/1정),652604240,18,세 (3)
20090300,2009-12-03,,,급여,,안전성 및 유효성 미확립. 몇몇 어린 동물종에서 관절이상을 유발함,ofloxacin,203901ATB,,,(주)서울제약,이하 (2),서울오플록사신정_(0.1g/1정),652904310,18,세 (3)
20090300,2009-12-03,,,급여,,안전성 및 유효성 미확립. 몇몇 어린 동물종에서 관절이상을 유발함,ofloxacin,203901ATB,,,아주약품(주),이하 (2),프락신정100밀리그람(오플록사신)_(0.1g/1정),654001910,18,세 (3)
20090300,2009-12-03,,,급여,,안전성 및 유효성 미확립. 몇몇 어린 동물종에서 관절이상을 유발함,ofloxacin,203901ATB,,,한국넬슨제약(주),이하 (2),넬슨오플록사신정100밀리그램(오플록사신)_(0.1g/1정),656700400,18,세 (3)
20090300,2009-12-03,,,급여,,안전성 및 유효성 미확립. 몇몇 어린 동물종에서 관절이상을 유발함,ofloxacin,203901ATB,,,(주)동구바이오제약,이하 (2),다비드정100밀리그램(오플록사신)_(0.1g/1정),657300220,18,세 (3)
20090300,2009-12-03,,,급여,,안전성 및 유효성 미확립. 몇몇 어린 동물종에서 관절이상을 유발함,ofloxacin,203901ATB,,,(주)비보존제약,이하 (2),오비드정(오플록사신)_(0.1g/1정),658200880,18,세 (3)
20090300,2009-12-03,,,급여,,안전성 및 유효성 미확립. 몇몇 어린 동물종에서 관절이상을 유발함,ofloxacin,203901ATB,,,이연제약(주),이하 (2),리록신정(오플록사신)_(0.1g/1정),658603370,18,세 (3)
20090300,2009-12-03,,,급여,,안전성 및 유효성 미확립. 몇몇 어린 동물종에서 관절이상을 유발함,ofloxacin,203901ATB,,,위더스제약(주),이하 (2),타록시드정100밀리그램(오플록사신)_(0.1g/1정),660701750,18,세 (3)
20090300,2009-12-03,,,급여,,안전성 및 유효성 미확립. 몇몇 어린 동물종에서 관절이상을 유발함,ofloxacin,203901ATB,,,영풍제약(주),이하 (2),영풍오플록사신정100밀리그램_(0.1g/1정),661901200,18,세 (3)
20090300,2009-12-03,,,급여,,안전성 및 유효성 미확립. 몇몇 어린 동물종에서 관절이상을 유발함,ofloxacin,203901ATB,,,한국프라임제약(주),이하 (2),안플레임정(오플록사신)_(0.1g/1정),663601350,18,세 (3)
20090300,2009-12-03,,,급여,,안전성 및 유효성 미확립. 몇몇 어린 동물종에서 관절이상을 유발함,ofloxacin,203901ATB,,,(주)팜젠사이언스,이하 (2),팜젠오플록사신정_(0.1g/1정),670101050,18,세 (3)
20090300,2009-12-03,,,급여,,안전성 및 유효성 미확립. 몇몇 어린 동물종에서 관절이상을 유발함,ofloxacin,203901ATB,,,(주)휴온스메디텍,이하 (2),오플로정(오플록사신)_(0.1g/1정),670401370,18,세 (3)
20090300,2009-12-03,,,급여,,안전성 및 유효성 미확립. 몇몇 어린 동물종에서 관절이상을 유발함,ofloxacin,203901ATB,,,주식회사제뉴원사이언스,이하 (2),제뉴원오플록사신정_(0.1g/1정),671701990,18,세 (3)
20090300,2009-12-03,,,급여,,안전성 및 유효성 미확립. 몇몇 어린 동물종에서 관절이상을 유발함,ofloxacin,203901ATB,,,아이큐어(주),이하 (2),오플록정100밀리그램(오플록사신)_(0.1g/1정),674400610,18,세 (3)
20090300,2009-12-03,,,급여,,안전성 및 유효성 미확립. 몇몇 어린 동물종에서 관절이상을 유발함,ofloxacin,203901ATB,,,화일약품(주),이하 (2),오플라정(오플록사신)_(0.1g/1정),684500980,18,세 (3)
20090300,2009-12-03,,,급여,,안전성 및 유효성 미확립. 몇몇 어린 동물종에서 관절이상을 유발함,ofloxacin,203901ATB,,,(주)셀트리온제약,이하 (2),셀트리온오플록신정100밀리그램(오플록사신)_(0.1g/1정),693900900,18,세 (3)
20090300,2009-12-03,,,급여,,안전성 및 유효성 미확립. 몇몇 어린 동물종에서 관절이상을 유발함,ofloxacin,203904ATB,,,제일약품(주),이하 (2),제일타리비드정200밀리그람(오플록사신)_(0.2g/1정),645401490,18,세 (3)
20090300,2009-12-03,,,급여,,안전성 및 유효성 미확립. 몇몇 어린 동물종에서 관절이상을 유발함,ofloxacin,203904ATB,,,한국코러스(주),이하 (2),"코러스오플록사신정200mg(수출명:TOFLOXIN TAB.,KroflinTab.,Korucin Tab.,Superox Tab.)_(0.2g/1정)",647201270,18,세 (3)
20090300,2009-12-03,,,급여,,안전성 및 유효성 미확립. 몇몇 어린 동물종에서 관절이상을 유발함,ofloxacin,203904ATB,,,한국넬슨제약(주),이하 (2),넬슨오플록사신정200밀리그람(수출명:OXLACEFTab)(수출명:OFLOXACEFTab.)(수출명:OFLOMORETab)(수출명:NESALICEFTab.)_(0.2g/1정),656700410,18,세 (3)
20090300,2009-12-03,,,급여,,안전성 및 유효성 미확립. 몇몇 어린 동물종에서 관절이상을 유발함,ofloxacin,203904ATB,,,구주제약(주),이하 (2),구주오플록사신정200밀리그람(수출명:Beeflor)_(0.2g/1정),669800340,18,세 (3)
20090300,2009-12-03,,,급여,,안전성 및 유효성 미확립. 몇몇 어린 동물종에서 관절이상을 유발함,ofloxacin,203940BIJ,,,일동제약(주),이하 (2),에펙신주(오플록사신)_(0.2g/100mL),642901341,18,세 (3)
20110188,2011-09-29,,,급여,,"안전성 및 유효성 미확립. 체중증가, 진정, 총콜레스테롤, 중성지방, LDL콜레스테롤, 프로락틴과 간 아미노트랜스퍼라제 수치가 성인에 비해 증가",olanzapine,204001ATB,,,(주)한독테바,미만 (1),테바올란자핀정10밀리그램_(10mg/1정),626900640,13,세 (3)
20110188,2011-09-29,,,급여,,"안전성 및 유효성 미확립. 체중증가, 진정, 총콜레스테롤, 중성지방, LDL콜레스테롤, 프로락틴과 간 아미노트랜스퍼라제 수치가 성인에 비해 증가",olanzapine,204001ATB,,,에이치케이이노엔(주),미만 (1),에이프렉사정10밀리그램(올란자핀)_(10mg/1정),640005830,13,세 (3)
20110188,2011-09-29,,,급여,,"안전성 및 유효성 미확립. 체중증가, 진정, 총콜레스테롤, 중성지방, LDL콜레스테롤, 프로락틴과 간 아미노트랜스퍼라제 수치가 성인에 비해 증가",olanzapine,204001ATB,,,(주)보령,미만 (1),자이프렉사정10밀리그램(올란자핀)_(10mg/1정),641908410,13,세 (3)
20110188,2011-09-29,,,급여,,"안전성 및 유효성 미확립. 체중증가, 진정, 총콜레스테롤, 중성지방, LDL콜레스테롤, 프로락틴과 간 아미노트랜스퍼라제 수치가 성인에 비해 증가",olanzapine,204001ATB,,,현대약품(주),미만 (1),올라핀정10밀리그램(올란자핀)_(10mg/1정),642002520,13,세 (3)
20110188,2011-09-29,,,급여,,"안전성 및 유효성 미확립. 체중증가, 진정, 총콜레스테롤, 중성지방, LDL콜레스테롤, 프로락틴과 간 아미노트랜스퍼라제 수치가 성인에 비해 증가",olanzapine,204001ATB,,,영진약품(주),미만 (1),영진올란자핀정10밀리그램_(10mg/1정),642405060,13,세 (3)
20110188,2011-09-29,,,급여,,"안전성 및 유효성 미확립. 체중증가, 진정, 총콜레스테롤, 중성지방, LDL콜레스테롤, 프로락틴과 간 아미노트랜스퍼라제 수치가 성인에 비해 증가",olanzapine,204001ATB,,,동화약품(주),미만 (1),올자핀정10밀리그램(올란자핀)_(10mg/1정),642705690,13,세 (3)
20110188,2011-09-29,,,급여,,"안전성 및 유효성 미확립. 체중증가, 진정, 총콜레스테롤, 중성지방, LDL콜레스테롤, 프로락틴과 간 아미노트랜스퍼라제 수치가 성인에 비해 증가",olanzapine,204001ATB,,,삼일제약(주),미만 (1),산도스올란자핀정10밀리그램_(10mg/1정),643904000,13,세 (3)
20110188,2011-09-29,,,급여,,"안전성 및 유효성 미확립. 체중증가, 진정, 총콜레스테롤, 중성지방, LDL콜레스테롤, 프로락틴과 간 아미노트랜스퍼라제 수치가 성인에 비해 증가",olanzapine,204001ATB,,,한림제약(주),미만 (1),자이자핀정10mg(올란자핀)_(10mg/1정),645304970,13,세 (3)
20110188,2011-09-29,,,급여,,"안전성 및 유효성 미확립. 체중증가, 진정, 총콜레스테롤, 중성지방, LDL콜레스테롤, 프로락틴과 간 아미노트랜스퍼라제 수치가 성인에 비해 증가",olanzapine,204001ATB,,,명인제약(주),미만 (1),뉴로자핀정10밀리그램(올란자핀)_(10mg/1정),651903280,13,세 (3)
20110188,2011-09-29,,,급여,,"안전성 및 유효성 미확립. 체중증가, 진정, 총콜레스테롤, 중성지방, LDL콜레스테롤, 프로락틴과 간 아미노트랜스퍼라제 수치가 성인에 비해 증가",olanzapine,204001ATB,,,(주)한국파마,미만 (1),올자펙스정10밀리그램(올란자핀)_(10mg/1정),653005550,13,세 (3)
20110188,2011-09-29,,,급여,,"안전성 및 유효성 미확립. 체중증가, 진정, 총콜레스테롤, 중성지방, LDL콜레스테롤, 프로락틴과 간 아미노트랜스퍼라제 수치가 성인에 비해 증가",olanzapine,204001ATB,,,환인제약(주),미만 (1),자이레핀정10밀리그램(올란자핀)_(10mg/1정),657202160,13,세 (3)
20110188,2011-09-29,,,급여,,"안전성 및 유효성 미확립. 체중증가, 진정, 총콜레스테롤, 중성지방, LDL콜레스테롤, 프로락틴과 간 아미노트랜스퍼라제 수치가 성인에 비해 증가",olanzapine,204001ATB,,,(주)제뉴파마,미만 (1),피엠에스올란자핀정10밀리그램(올란자핀)_(10mg/1정),698003780,13,세 (3)
20110188,2011-09-29,,,급여,,"안전성 및 유효성 미확립. 체중증가, 진정, 총콜레스테롤, 중성지방, LDL콜레스테롤, 프로락틴과 간 아미노트랜스퍼라제 수치가 성인에 비해 증가",olanzapine,204001ATD,,,고려제약(주),미만 (1),자이피스오디정 10밀리그램(올란자핀)_(10mg/1정),642802390,13,세 (3)
20110188,2011-09-29,,,급여,,"안전성 및 유효성 미확립. 체중증가, 진정, 총콜레스테롤, 중성지방, LDL콜레스테롤, 프로락틴과 간 아미노트랜스퍼라제 수치가 성인에 비해 증가",olanzapine,204001ATD,,,한국릴리(유),미만 (1),자이프렉사자이디스확산정10밀리그램(미세올란자핀)_(10mg/1정),670801360,13,세 (3)
20110188,2011-09-29,,,급여,,"안전성 및 유효성 미확립. 체중증가, 진정, 총콜레스테롤, 중성지방, LDL콜레스테롤, 프로락틴과 간 아미노트랜스퍼라제 수치가 성인에 비해 증가",olanzapine,204002ATB,,,(주)한독테바,미만 (1),테바올란자핀정5밀리그램_(5mg/1정),626900650,13,세 (3)
20110188,2011-09-29,,,급여,,"안전성 및 유효성 미확립. 체중증가, 진정, 총콜레스테롤, 중성지방, LDL콜레스테롤, 프로락틴과 간 아미노트랜스퍼라제 수치가 성인에 비해 증가",olanzapine,204002ATB,,,에이치케이이노엔(주),미만 (1),에이프렉사정5밀리그램(올란자핀)_(5mg/1정),640005880,13,세 (3)
20110188,2011-09-29,,,급여,,"안전성 및 유효성 미확립. 체중증가, 진정, 총콜레스테롤, 중성지방, LDL콜레스테롤, 프로락틴과 간 아미노트랜스퍼라제 수치가 성인에 비해 증가",olanzapine,204002ATB,,,(주)보령,미만 (1),자이프렉사정5밀리그램(올란자핀)_(5mg/1정),641908390,13,세 (3)
20110188,2011-09-29,,,급여,,"안전성 및 유효성 미확립. 체중증가, 진정, 총콜레스테롤, 중성지방, LDL콜레스테롤, 프로락틴과 간 아미노트랜스퍼라제 수치가 성인에 비해 증가",olanzapine,204002ATB,,,현대약품(주),미만 (1),올라핀정5밀리그램(올란자핀)_(5mg/1정),642002510,13,세 (3)
20110188,2011-09-29,,,급여,,"안전성 및 유효성 미확립. 체중증가, 진정, 총콜레스테롤, 중성지방, LDL콜레스테롤, 프로락틴과 간 아미노트랜스퍼라제 수치가 성인에 비해 증가",olanzapine,204002ATB,,,영진약품(주),미만 (1),영진올란자핀정5밀리그램_(5mg/1정),642405070,13,세 (3)
20110188,2011-09-29,,,급여,,"안전성 및 유효성 미확립. 체중증가, 진정, 총콜레스테롤, 중성지방, LDL콜레스테롤, 프로락틴과 간 아미노트랜스퍼라제 수치가 성인에 비해 증가",olanzapine,204002ATB,,,동화약품(주),미만 (1),올자핀정5밀리그램(올란자핀)_(5mg/1정),642705720,13,세 (3)
20110188,2011-09-29,,,급여,,"안전성 및 유효성 미확립. 체중증가, 진정, 총콜레스테롤, 중성지방, LDL콜레스테롤, 프로락틴과 간 아미노트랜스퍼라제 수치가 성인에 비해 증가",olanzapine,204002ATB,,,삼일제약(주),미만 (1),산도스올란자핀정5밀리그램_(5mg/1정),643904010,13,세 (3)
20110188,2011-09-29,,,급여,,"안전성 및 유효성 미확립. 체중증가, 진정, 총콜레스테롤, 중성지방, LDL콜레스테롤, 프로락틴과 간 아미노트랜스퍼라제 수치가 성인에 비해 증가",olanzapine,204002ATB,,,한림제약(주),미만 (1),자이자핀정5밀리그램(올란자핀)_(5mg/1정),645304960,13,세 (3)
20110188,2011-09-29,,,급여,,"안전성 및 유효성 미확립. 체중증가, 진정, 총콜레스테롤, 중성지방, LDL콜레스테롤, 프로락틴과 간 아미노트랜스퍼라제 수치가 성인에 비해 증가",olanzapine,204002ATB,,,명인제약(주),미만 (1),뉴로자핀정5밀리그램(올란자핀)_(5mg/1정),651903220,13,세 (3)
20110188,2011-09-29,,,급여,,"안전성 및 유효성 미확립. 체중증가, 진정, 총콜레스테롤, 중성지방, LDL콜레스테롤, 프로락틴과 간 아미노트랜스퍼라제 수치가 성인에 비해 증가",olanzapine,204002ATB,,,(주)한국파마,미만 (1),올자펙스정5밀리그램(올란자핀)_(5mg/1정),653005560,13,세 (3)
20110188,2011-09-29,,,급여,,"안전성 및 유효성 미확립. 체중증가, 진정, 총콜레스테롤, 중성지방, LDL콜레스테롤, 프로락틴과 간 아미노트랜스퍼라제 수치가 성인에 비해 증가",olanzapine,204002ATB,,,환인제약(주),미만 (1),자이레핀정5밀리그램(올란자핀)_(5mg/1정),657202210,13,세 (3)
20110188,2011-09-29,,,급여,,"안전성 및 유효성 미확립. 체중증가, 진정, 총콜레스테롤, 중성지방, LDL콜레스테롤, 프로락틴과 간 아미노트랜스퍼라제 수치가 성인에 비해 증가",olanzapine,204002ATB,,,한국산도스(주),미만 (1),산도스올란자핀정5밀리그램_(5mg/1정),668100710,13,세 (3)
20110188,2011-09-29,,,급여,,"안전성 및 유효성 미확립. 체중증가, 진정, 총콜레스테롤, 중성지방, LDL콜레스테롤, 프로락틴과 간 아미노트랜스퍼라제 수치가 성인에 비해 증가",olanzapine,204002ATB,,,(주)제뉴파마,미만 (1),피엠에스올란자핀정5밀리그램(올란자핀)_(5mg/1정),698003800,13,세 (3)
20110188,2011-09-29,,,급여,,"안전성 및 유효성 미확립. 체중증가, 진정, 총콜레스테롤, 중성지방, LDL콜레스테롤, 프로락틴과 간 아미노트랜스퍼라제 수치가 성인에 비해 증가",olanzapine,204002ATD,,,고려제약(주),미만 (1),자이피스오디정 5밀리그램(올란자핀)_(5mg/1정),642802420,13,세 (3)
20110188,2011-09-29,,,급여,,"안전성 및 유효성 미확립. 체중증가, 진정, 총콜레스테롤, 중성지방, LDL콜레스테롤, 프로락틴과 간 아미노트랜스퍼라제 수치가 성인에 비해 증가",olanzapine,204002ATD,,,한국릴리(유),미만 (1),자이프렉사자이디스확산정5밀리그램(미세올란자핀)_(5mg/1정),670801370,13,세 (3)
20110188,2011-09-29,,,급여,,"안전성 및 유효성 미확립. 체중증가, 진정, 총콜레스테롤, 중성지방, LDL콜레스테롤, 프로락틴과 간 아미노트랜스퍼라제 수치가 성인에 비해 증가",olanzapine,204004ATB,,,(주)한독테바,미만 (1),테바올란자핀정2.5밀리그램_(2.5mg/1정),626900630,13,세 (3)
20110188,2011-09-29,,,급여,,"안전성 및 유효성 미확립. 체중증가, 진정, 총콜레스테롤, 중성지방, LDL콜레스테롤, 프로락틴과 간 아미노트랜스퍼라제 수치가 성인에 비해 증가",olanzapine,204004ATB,,,에이치케이이노엔(주),미만 (1),에이프렉사정2.5밀리그램(올란자핀)_(2.5mg/1정),640005870,13,세 (3)
20110188,2011-09-29,,,급여,,"안전성 및 유효성 미확립. 체중증가, 진정, 총콜레스테롤, 중성지방, LDL콜레스테롤, 프로락틴과 간 아미노트랜스퍼라제 수치가 성인에 비해 증가",olanzapine,204004ATB,,,(주)보령,미만 (1),자이프렉사정2.5밀리그램(올란자핀)_(2.5mg/1정),641908400,13,세 (3)
20110188,2011-09-29,,,급여,,"안전성 및 유효성 미확립. 체중증가, 진정, 총콜레스테롤, 중성지방, LDL콜레스테롤, 프로락틴과 간 아미노트랜스퍼라제 수치가 성인에 비해 증가",olanzapine,204004ATB,,,동화약품(주),미만 (1),올자핀정2.5밀리그램(올란자핀)_(2.5mg/1정),642705710,13,세 (3)
20110188,2011-09-29,,,급여,,"안전성 및 유효성 미확립. 체중증가, 진정, 총콜레스테롤, 중성지방, LDL콜레스테롤, 프로락틴과 간 아미노트랜스퍼라제 수치가 성인에 비해 증가",olanzapine,204004ATB,,,삼일제약(주),미만 (1),산도스올란자핀정2.5밀리그램_(2.5mg/1정),643904020,13,세 (3)
20110188,2011-09-29,,,급여,,"안전성 및 유효성 미확립. 체중증가, 진정, 총콜레스테롤, 중성지방, LDL콜레스테롤, 프로락틴과 간 아미노트랜스퍼라제 수치가 성인에 비해 증가",olanzapine,204004ATB,,,한림제약(주),미만 (1),자이자핀정2.5밀리그램(올란자핀)_(2.5mg/1정),645307110,13,세 (3)
20110188,2011-09-29,,,급여,,"안전성 및 유효성 미확립. 체중증가, 진정, 총콜레스테롤, 중성지방, LDL콜레스테롤, 프로락틴과 간 아미노트랜스퍼라제 수치가 성인에 비해 증가",olanzapine,204004ATB,,,명인제약(주),미만 (1),뉴로자핀정2.5밀리그램(올란자핀)_(2.5mg/1정),651903290,13,세 (3)
20110188,2011-09-29,,,급여,,"안전성 및 유효성 미확립. 체중증가, 진정, 총콜레스테롤, 중성지방, LDL콜레스테롤, 프로락틴과 간 아미노트랜스퍼라제 수치가 성인에 비해 증가",olanzapine,204004ATB,,,환인제약(주),미만 (1),자이레핀정2.5밀리그램(올란자핀)_(2.5mg/1정),657202200,13,세 (3)
20110188,2011-09-29,,,급여,,"안전성 및 유효성 미확립. 체중증가, 진정, 총콜레스테롤, 중성지방, LDL콜레스테롤, 프로락틴과 간 아미노트랜스퍼라제 수치가 성인에 비해 증가",olanzapine,204004ATB,,,(주)제뉴파마,미만 (1),피엠에스올란자핀정2.5밀리그램(올란자핀)_(2.5mg/1정),698003790,13,세 (3)
20110188,2011-09-29,,,급여,,"안전성 및 유효성 미확립. 체중증가, 진정, 총콜레스테롤, 중성지방, LDL콜레스테롤, 프로락틴과 간 아미노트랜스퍼라제 수치가 성인에 비해 증가",olanzapine,204005ATB,,,(주)한독테바,미만 (1),테바올란자핀정15밀리그램_(15mg/1정),626900690,13,세 (3)
20090300,2009-12-03,,,급여,,안전성 및 유효성 미확립,oxycodone hydrochloride,359001ATR,,,하나제약(주),미만 (1),오코돈서방정40밀리그램(옥시코돈염산염)_(40mg/1정),657805210,18,세 (3)
20090300,2009-12-03,,,급여,,안전성 및 유효성 미확립,oxycodone hydrochloride,359001ATR,,,한국먼디파마유한회사,미만 (1),옥시콘틴서방정40밀리그램(옥시코돈염산염)_(40mg/1정),678000110,18,세 (3)
20090300,2009-12-03,,,급여,,안전성 및 유효성 미확립,oxycodone hydrochloride,359002ATB,,,유니메드제약(주),미만 (1),아이알코돈정10밀리그램(옥시코돈염산염)_(10mg/1정),649506120,18,세 (3)
20090300,2009-12-03,,,급여,,안전성 및 유효성 미확립,oxycodone hydrochloride,359002ATB,,,하나제약(주),미만 (1),오코돈정10밀리그램(옥시코돈염산염)_(10mg/1정),657805890,18,세 (3)
20090300,2009-12-03,,,급여,,안전성 및 유효성 미확립,oxycodone hydrochloride,359002ATR,,,하나제약(주),미만 (1),오코돈서방정10밀리그램(옥시코돈염산염)_(10mg/1정),657805140,18,세 (3)
20090300,2009-12-03,,,급여,,안전성 및 유효성 미확립,oxycodone hydrochloride,359002ATR,,,한국먼디파마유한회사,미만 (1),옥시콘틴서방정10밀리그램(옥시코돈염산염)_(10mg/1정),678000090,18,세 (3)
20090300,2009-12-03,,,급여,,안전성 및 유효성 미확립,oxycodone hydrochloride,359003ATB,,,유니메드제약(주),미만 (1),아이알코돈정20밀리그램(옥시코돈염산염)_(20mg/1정),649508050,18,세 (3)
20090300,2009-12-03,,,급여,,안전성 및 유효성 미확립,oxycodone hydrochloride,359003ATR,,,하나제약(주),미만 (1),오코돈서방정20밀리그램(옥시코돈염산염)_(20mg/1정),657805150,18,세 (3)
20090300,2009-12-03,,,급여,,안전성 및 유효성 미확립,oxycodone hydrochloride,359003ATR,,,한국먼디파마유한회사,미만 (1),옥시콘틴서방정20밀리그램(옥시코돈염산염)_(20mg/1정),678000100,18,세 (3)
20090300,2009-12-03,,,급여,,안전성 및 유효성 미확립,oxycodone hydrochloride,359004ATB,,,유니메드제약(주),미만 (1),아이알코돈정5밀리그램(옥시코돈염산염)_(5mg/1정),649501370,18,세 (3)
20090300,2009-12-03,,,급여,,안전성 및 유효성 미확립,oxycodone hydrochloride,359004ATB,,,하나제약(주),미만 (1),"오코돈정_(옥시코돈염산염, 5mg/1정)",657801500,18,세 (3)
20090300,2009-12-03,,,급여,,안전성 및 유효성 미확립,oxycodone hydrochloride,359007ATR,,,한국먼디파마유한회사,미만 (1),옥시콘틴서방정80mg(옥시코돈염산염)_(80mg/1정),678000160,18,세 (3)
20090300,2009-12-03,,,급여,,안전성 및 유효성 미확립,oxycodone hydrochloride (as oxycodone),359030BIJ,,,하나제약(주),미만 (1),오코돈주사10mg/mL(옥시코돈염산염)_(10mg/1mL),657806061,18,세 (3)
20090300,2009-12-03,,,급여,,안전성 및 유효성 미확립,oxycodone hydrochloride (as oxycodone),359030BIJ,,,한국먼디파마유한회사,미만 (1),옥시넘주사10mg/ml(옥시코돈염산염)_(10mg/1mL),678000171,18,세 (3)
20090300,2009-12-03,,,급여,,안전성 및 유효성 미확립,oxycodone hydrochloride (as oxycodone),359031BIJ,,,하나제약(주),미만 (1),오코돈주사10mg/mL(옥시코돈염산염)_(20mg/2mL),657806031,18,세 (3)
20090300,2009-12-03,,,급여,,안전성 및 유효성 미확립,oxycodone hydrochloride (as oxycodone),359031BIJ,,,한국먼디파마유한회사,미만 (1),옥시넘주사10mg/ml(옥시코돈염산염)_(20mg/2mL),678000201,18,세 (3)
20150021,2015-04-23,,,급여,,안전성 및 유효성 미확립. 생후 초기 발달 동안 기관 성장 및 성숙에 중대한 영향을 미침,pazopanib hydrochloride (as pazopanib),611801ATB,,,한국노바티스(주),미만 (1),보트리엔트정200밀리그램(파조파닙염산염)_(0.2167g/1정),653602870,2,세 (3)
20150021,2015-04-23,,,급여,,안전성 및 유효성 미확립. 생후 초기 발달 동안 기관 성장 및 성숙에 중대한 영향을 미침,pazopanib hydrochloride (as pazopanib),611802ATB,,,한국노바티스(주),미만 (1),보트리엔트정400밀리그램(파조파닙염산염)_(0.4334g/1정),653602810,2,세 (3)
20090300,2009-12-03,,,급여,,추체외로증상 특히 운동장애가 나타나기 쉬움,perphenazine,211401ATB,,,명인제약(주),이하 (2),명인페르페나진정4밀리그램_(4mg/1정),651900920,14,세 (3)
20110227,2011-11-24,,,급여,,안전성 및 유효성 미확립. 영아의 면역기계 발달에 미치는 영향은 알려지지 않았음,pimecrolimus,446430CCM,,,한국메나리니(주),미만 (1),엘리델크림1%(피메크로리무스)_(0.1g/10g),674900371,2,세 (3)
20110227,2011-11-24,,,급여,,안전성 및 유효성 미확립. 영아의 면역기계 발달에 미치는 영향은 알려지지 않았음,pimecrolimus,446431CCM,,,한국메나리니(주),미만 (1),엘리델크림1%(피메크로리무스)_(0.3g/30g),674900372,2,세 (3)
20180088,2018-11-02,,,급여,,중증의 위장관계 이상반응을 일으킬 위험은 연령에 따라 증가함. 고령자는 중대한 위장관계 이상반응의 위험이 더 클 수 있음.,piroxicam,214001ACH,,,지엘파마(주),이상 (4),지엘피록시캄캡슐10밀리그램_(10mg/1캡슐),649700860,80,세 (3)
20180088,2018-11-02,,,급여,,중증의 위장관계 이상반응을 일으킬 위험은 연령에 따라 증가함. 고령자는 중대한 위장관계 이상반응의 위험이 더 클 수 있음.,piroxicam,214001ATB,,,(주)제뉴파마,이상 (4),필로젠정10밀리그람(피록시캄)_(10mg/1정),698000340,80,세 (3)
20180088,2018-11-02,,,급여,,중증의 위장관계 이상반응을 일으킬 위험은 연령에 따라 증가함. 고령자는 중대한 위장관계 이상반응의 위험이 더 클 수 있음.,piroxicam,214004ACH,,,지엘파마(주),이상 (4),지엘피록시캄캡슐20밀리그램_(20mg/1캡슐),649700870,80,세 (3)
20180088,2018-11-02,,,급여,,중증의 위장관계 이상반응을 일으킬 위험은 연령에 따라 증가함. 고령자는 중대한 위장관계 이상반응의 위험이 더 클 수 있음.,piroxicam,214004ATB,,,(주)제뉴파마,이상 (4),필로젠정(피록시캄)_(20mg/1정),698000110,80,세 (3)
20050017,2005-03-09,,,급여,,벤질알코올은 조숙아에게서 치명적인 가쁜 호흡증상과 연관이 있는 것으로 보고됨,piroxicam,214031BIJ,,,대한약품공업(주),미만 (1),대한피록시캄주_(20mg/1mL),645102841,4,주 (1)
20180088,2018-11-02,,,급여,,중증의 위장관계 이상반응을 일으킬 위험은 연령에 따라 증가함. 고령자는 중대한 위장관계 이상반응의 위험이 더 클 수 있음.,piroxicam,214031BIJ,,,대한약품공업(주),이상 (4),대한피록시캄주_(20mg/1mL),645102841,80,세 (3)
20050017,2005-03-09,,,급여,,벤질알코올은 조숙아에게서 치명적인 가쁜 호흡증상과 연관이 있는 것으로 보고됨,piroxicam,214031BIJ,,,대화제약(주),미만 (1),대화피록시캄주(피록시캄)(수출명:PIC-20INJ.)_(20mg/1mL),645600471,4,주 (1)
20180088,2018-11-02,,,급여,,중증의 위장관계 이상반응을 일으킬 위험은 연령에 따라 증가함. 고령자는 중대한 위장관계 이상반응의 위험이 더 클 수 있음.,piroxicam,214031BIJ,,,대화제약(주),이상 (4),대화피록시캄주(피록시캄)(수출명:PIC-20INJ.)_(20mg/1mL),645600471,80,세 (3)
20050017,2005-03-09,,,급여,,벤질알코올은 조숙아에게서 치명적인 가쁜 호흡증상과 연관이 있는 것으로 보고됨,piroxicam,214031BIJ,,,동광제약(주),미만 (1),로감주사(피록시캄)_(20mg/1mL),645901271,4,주 (1)
20180088,2018-11-02,,,급여,,중증의 위장관계 이상반응을 일으킬 위험은 연령에 따라 증가함. 고령자는 중대한 위장관계 이상반응의 위험이 더 클 수 있음.,piroxicam,214031BIJ,,,동광제약(주),이상 (4),로감주사(피록시캄)_(20mg/1mL),645901271,80,세 (3)
20050017,2005-03-09,,,급여,,벤질알코올은 조숙아에게서 치명적인 가쁜 호흡증상과 연관이 있는 것으로 보고됨,piroxicam,214031BIJ,,,신풍제약(주),미만 (1),로시덴주(피록시캄)_(20mg/1mL),648500531,4,주 (1)
20180088,2018-11-02,,,급여,,중증의 위장관계 이상반응을 일으킬 위험은 연령에 따라 증가함. 고령자는 중대한 위장관계 이상반응의 위험이 더 클 수 있음.,piroxicam,214031BIJ,,,신풍제약(주),이상 (4),로시덴주(피록시캄)_(20mg/1mL),648500531,80,세 (3)
20050017,2005-03-09,,,급여,,벤질알코올은 조숙아에게서 치명적인 가쁜 호흡증상과 연관이 있는 것으로 보고됨,piroxicam,214031BIJ,,,위더스제약(주),미만 (1),위더스피록시캄주사액_(20mg/1mL),660701401,4,주 (1)
20180088,2018-11-02,,,급여,,중증의 위장관계 이상반응을 일으킬 위험은 연령에 따라 증가함. 고령자는 중대한 위장관계 이상반응의 위험이 더 클 수 있음.,piroxicam,214031BIJ,,,위더스제약(주),이상 (4),위더스피록시캄주사액_(20mg/1mL),660701401,80,세 (3)
20050017,2005-03-09,,,급여,,벤질알코올은 조숙아에게서 치명적인 가쁜 호흡증상과 연관이 있는 것으로 보고됨,piroxicam,214031BIJ,,,한국프라임제약(주),미만 (1),로녹신주(피록시캄)PRIME-PIROCAMInj._(20mg/1mL),663600361,4,주 (1)
20180088,2018-11-02,,,급여,,중증의 위장관계 이상반응을 일으킬 위험은 연령에 따라 증가함. 고령자는 중대한 위장관계 이상반응의 위험이 더 클 수 있음.,piroxicam,214031BIJ,,,한국프라임제약(주),이상 (4),로녹신주(피록시캄)PRIME-PIROCAMInj._(20mg/1mL),663600361,80,세 (3)
20050017,2005-03-09,,,급여,,벤질알코올은 조숙아에게서 치명적인 가쁜 호흡증상과 연관이 있는 것으로 보고됨,piroxicam,214031BIJ,,,한국유니온제약(주),미만 (1),"유니온피록시캄주(수출명:PROXID Inj., UNIXICAM Inj.)_(20mg/1mL)",665503221,4,주 (1)
20180088,2018-11-02,,,급여,,중증의 위장관계 이상반응을 일으킬 위험은 연령에 따라 증가함. 고령자는 중대한 위장관계 이상반응의 위험이 더 클 수 있음.,piroxicam,214031BIJ,,,한국유니온제약(주),이상 (4),"유니온피록시캄주(수출명:PROXID Inj., UNIXICAM Inj.)_(20mg/1mL)",665503221,80,세 (3)
20050017,2005-03-09,,,급여,,벤질알코올은 조숙아에게서 치명적인 가쁜 호흡증상과 연관이 있는 것으로 보고됨,piroxicam,214031BIJ,,,(주)휴온스,미만 (1),"휴온스피록시캄근육주사(수출명:CAMADOLinj.,CAMROX20mgInj.)_(20mg/1mL)",670603871,4,주 (1)
20180088,2018-11-02,,,급여,,중증의 위장관계 이상반응을 일으킬 위험은 연령에 따라 증가함. 고령자는 중대한 위장관계 이상반응의 위험이 더 클 수 있음.,piroxicam,214031BIJ,,,(주)휴온스,이상 (4),"휴온스피록시캄근육주사(수출명:CAMADOLinj.,CAMROX20mgInj.)_(20mg/1mL)",670603871,80,세 (3)
20050017,2005-03-09,,,급여,,벤질알코올은 조숙아에게서 치명적인 가쁜 호흡증상과 연관이 있는 것으로 보고됨,piroxicam potassium (as piroxicam),214130BIJ,,,삼성제약(주),미만 (1),료마주(피록시캄칼륨)_(22.3mg/1mL),642300591,4,주 (1)
20180088,2018-11-02,,,급여,,중증의 위장관계 이상반응을 일으킬 위험은 연령에 따라 증가함. 고령자는 중대한 위장관계 이상반응의 위험이 더 클 수 있음.,piroxicam potassium (as piroxicam),214130BIJ,,,삼성제약(주),이상 (4),료마주(피록시캄칼륨)_(22.3mg/1mL),642300591,80,세 (3)
20050017,2005-03-09,,,급여,,벤질알코올은 조숙아에게서 치명적인 가쁜 호흡증상과 연관이 있는 것으로 보고됨,piroxicam potassium (as piroxicam),214130BIJ,,,이연제약(주),미만 (1),피로브이주(피록시캄칼륨)_(22.3mg/1mL),658602631,4,주 (1)
20180088,2018-11-02,,,급여,,중증의 위장관계 이상반응을 일으킬 위험은 연령에 따라 증가함. 고령자는 중대한 위장관계 이상반응의 위험이 더 클 수 있음.,piroxicam potassium (as piroxicam),214130BIJ,,,이연제약(주),이상 (4),피로브이주(피록시캄칼륨)_(22.3mg/1mL),658602631,80,세 (3)
20180088,2018-11-02,,,급여,,중증의 위장관계 이상반응을 일으킬 위험은 연령에 따라 증가함. 고령자는 중대한 위장관계 이상반응의 위험이 더 클 수 있음.,piroxicam β-cyclodextrin (as piroxicam),214202ATB,,,코오롱제약(주),이상 (4),코오롱브렉신정10밀리그램(피록시캄베타사이클로덱스트린)_(95.6mg/1정),670301540,80,세 (3)
20070030,2007-04-11,,,급여,,,polystyrene sulfonate calcium,215402ACM,,,제이더블유중외제약(주),미만 (1),아가메이트젤리(폴리스티렌설폰산칼슘)_(5g/25g),644901341,1,개월 (2)
20070030,2007-04-11,,,급여,,,polystyrene sulfonate calcium,215402AGN,,,(주)이든파마,미만 (1),엠피카로우과립(폴리스티렌설폰산칼슘)_(5g/5g),628900841,1,개월 (2)
20070030,2007-04-11,,,급여,,,polystyrene sulfonate calcium,215402AGN,,,알보젠코리아(주),미만 (1),카리메트과립(폴리스티렌설폰산칼슘)_(5g/5g),652600384,1,개월 (2)
20070030,2007-04-11,,,급여,,,polystyrene sulfonate calcium,215402AGN,,,(주)넥스팜코리아,미만 (1),카립트과립(폴리스티렌설폰산칼슘)_(5g/5g),662503091,1,개월 (2)
20070030,2007-04-11,,,급여,,,polystyrene sulfonate calcium,215402AGN,,,하이플생명과학(주),미만 (1),카슈트과립(폴리스티렌설폰산칼슘)_(5g/5g),664102371,1,개월 (2)
20070068,2007-04-11,,,급여,,,polystyrene sulfonate calcium,215402APD,,,(주)보령,미만 (1),케이슈머산(폴리스티렌설폰산칼슘)_(5g/5g),641903451,1,개월 (2)
20070068,2007-04-11,,,급여,,,polystyrene sulfonate calcium,215402APD,,,알보젠코리아(주),미만 (1),카리메트산(폴리스티렌설폰산칼슘)_(5g/5g),652600394,1,개월 (2)
20070068,2007-04-11,,,급여,,,polystyrene sulfonate calcium,215402APD,,,하이플생명과학(주),미만 (1),카슈트산(폴리스티렌설폰산칼슘)_(5g/5g),664101331,1,개월 (2)
20070030,2007-04-11,,,급여,,,polystyrene sulfonate calcium,215430ASS,,,(주)보령,미만 (1),케이슈머현탁액(폴리스티렌설폰산칼슘)_(5g/20mL),641906891,1,개월 (2)
20070030,2007-04-11,,,급여,,,polystyrene sulfonate calcium,215430ASS,,,영진약품(주),미만 (1),카스카현탁액(폴리스티렌설폰산칼슘)_(5g/20mL),642404101,1,개월 (2)
20070030,2007-04-11,,,급여,,,polystyrene sulfonate calcium,215430ASS,,,제이더블유중외제약(주),미만 (1),아가메이트현탁액(폴리스티렌설폰산칼슘)_(5g/20mL),644913491,1,개월 (2)
20070030,2007-04-11,,,급여,,,polystyrene sulfonate calcium,215430ASS,,,(주)퍼슨,미만 (1),케이로우현탁액(폴리스티렌설폰산칼슘)_(5g/20mL),657401371,1,개월 (2)
20070030,2007-04-11,,,급여,,,polystyrene sulfonate calcium,215430ASS,,,하이플생명과학(주),미만 (1),카슈트현탁액(폴리스티렌설폰산칼슘)_(5g/20mL),664101341,1,개월 (2)
20070030,2007-04-11,,,급여,,,polystyrene sulfonate calcium,215430ASS,,,(주)엘지화학,미만 (1),네스티칼현탁액(폴리스티렌설폰산칼슘)_(5g/20mL),668902981,1,개월 (2)
20070030,2007-04-11,,,급여,,,polystyrene sulfonate calcium,215430ASS,,,(주)휴온스,미만 (1),휴온스카로스현탁액(폴리스티렌설폰산칼슘)_(5g/20mL),670606111,1,개월 (2)
20070030,2007-04-11,,,급여,,,polystyrene sulfonate calcium,215430ASS,,,주식회사제뉴원사이언스,미만 (1),카슈웰현탁액(폴리스티렌설폰산칼슘)_(5g/20mL),671703921,1,개월 (2)
20070030,2007-04-11,,,급여,,,polystyrene sulfonate calcium,215430ASS,,,대원제약(주),미만 (1),로포타현탁액(폴리스티렌설폰산칼슘)_(5g/20mL),671805551,1,개월 (2)
20070030,2007-04-11,,,급여,,,polystyrene sulfonate calcium,215430ASS,,,(주)제뉴파마,미만 (1),카리드현탁액(폴리스티렌설폰산칼슘)_(5g/20mL),698003371,1,개월 (2)
20070068,2007-04-11,,,급여,,,polystyrene sulfonate calcium,215432ASS,,,한국코와(주),미만 (1),카리메트현탁액(폴리스티렌설폰산칼슘)_(5g/25g),623900111,1,개월 (2)
20180088,2018-11-02,,,급여,,신생아에게 마취 목적으로 투여 시 심장-호흡기계 억제 보고 후두염 및 후두개염으로 진단된 소아에게 진정 목적으로 이약을 장기간(3~5일) 투여 시 사망 보고,propofol,219830BIJ,,,하나제약(주),미만 (1),아네폴주사(프로포폴)_(50mg/5mL),657804561,36,개월 (2)
20180088,2018-11-02,,,급여,,신생아에게 마취 목적으로 투여 시 심장-호흡기계 억제 보고 후두염 및 후두개염으로 진단된 소아에게 진정 목적으로 이약을 장기간(3~5일) 투여 시 사망 보고,propofol,219831BIJ,,,동국제약(주),미만 (1),포폴주사(프로포폴)(앰플)_(80mg/8mL),653403541,36,개월 (2)
20180088,2018-11-02,,,급여,,신생아에게 마취 목적으로 투여 시 심장-호흡기계 억제 보고 후두염 및 후두개염으로 진단된 소아에게 진정 목적으로 이약을 장기간(3~5일) 투여 시 사망 보고,propofol,219831BIJ,,,하나제약(주),미만 (1),아네폴주사(프로포폴)_(80mg/8mL),657804571,36,개월 (2)
20180088,2018-11-02,,,급여,,신생아에게 마취 목적으로 투여 시 심장-호흡기계 억제 보고 후두염 및 후두개염으로 진단된 소아에게 진정 목적으로 이약을 장기간(3~5일) 투여 시 사망 보고,propofol,219832BIJ,,,(주)한국팜비오,미만 (1),프로바이브주1%(프로포폴)(PROVIVE1%(propofol))_(0.1g/10mL),659901851,36,개월 (2)
20180088,2018-11-02,,,급여,,신생아에게 마취 목적으로 투여 시 심장-호흡기계 억제 보고 후두염 및 후두개염으로 진단된 소아에게 진정 목적으로 이약을 장기간(3~5일) 투여 시 사망 보고,propofol,219833BIJ,,,동국제약(주),미만 (1),포폴주사(프로포폴)(앰플)_(0.12g/12mL),653402351,36,개월 (2)
20180088,2018-11-02,,,급여,,신생아에게 마취 목적으로 투여 시 심장-호흡기계 억제 보고 후두염 및 후두개염으로 진단된 소아에게 진정 목적으로 이약을 장기간(3~5일) 투여 시 사망 보고,propofol,219833BIJ,,,하나제약(주),미만 (1),아네폴주사(프로포폴)_(0.12g/12mL),657804591,36,개월 (2)
20180088,2018-11-02,,,급여,,신생아에게 마취 목적으로 투여 시 심장-호흡기계 억제 보고 후두염 및 후두개염으로 진단된 소아에게 진정 목적으로 이약을 장기간(3~5일) 투여 시 사망 보고,propofol,219833BIJ,,,대원제약(주),미만 (1),프리폴-엠시티주(프로포폴)_(0.12g/12mL),671805073,36,개월 (2)
20180088,2018-11-02,,,급여,,신생아에게 마취 목적으로 투여 시 심장-호흡기계 억제 보고 후두염 및 후두개염으로 진단된 소아에게 진정 목적으로 이약을 장기간(3~5일) 투여 시 사망 보고,propofol,219834BIJ,,,프레지니우스카비코리아(주),미만 (1),프레조폴엠시티1%주(프로포폴)(앰플)_(0.15g/15mL),650901871,36,개월 (2)
20180088,2018-11-02,,,급여,,신생아에게 마취 목적으로 투여 시 심장-호흡기계 억제 보고 후두염 및 후두개염으로 진단된 소아에게 진정 목적으로 이약을 장기간(3~5일) 투여 시 사망 보고,propofol,219834BIJ,,,프레지니우스카비코리아(주),미만 (1),프레조폴엠시티1%주(프로포폴)(바이알)_(0.15g/15mL),650902071,36,개월 (2)
20180088,2018-11-02,,,급여,,신생아에게 마취 목적으로 투여 시 심장-호흡기계 억제 보고 후두염 및 후두개염으로 진단된 소아에게 진정 목적으로 이약을 장기간(3~5일) 투여 시 사망 보고,propofol,219834BIJ,,,대원제약(주),미만 (1),프리폴-엠시티주(프로포폴)_(0.15g/15mL),671805661,36,개월 (2)
20180088,2018-11-02,,,급여,,신생아에게 마취 목적으로 투여 시 심장-호흡기계 억제 보고 후두염 및 후두개염으로 진단된 소아에게 진정 목적으로 이약을 장기간(3~5일) 투여 시 사망 보고,propofol,219835BIJ,,,프레지니우스카비코리아(주),미만 (1),프레조폴엠시티1%주(프로포폴)(앰플)_(0.2g/20mL),650901851,36,개월 (2)
20180088,2018-11-02,,,급여,,신생아에게 마취 목적으로 투여 시 심장-호흡기계 억제 보고 후두염 및 후두개염으로 진단된 소아에게 진정 목적으로 이약을 장기간(3~5일) 투여 시 사망 보고,propofol,219835BIJ,,,프레지니우스카비코리아(주),미만 (1),프레조폴엠시티1%주(프로포폴)(바이알)_(0.2g/20mL),650902041,36,개월 (2)
20180088,2018-11-02,,,급여,,신생아에게 마취 목적으로 투여 시 심장-호흡기계 억제 보고 후두염 및 후두개염으로 진단된 소아에게 진정 목적으로 이약을 장기간(3~5일) 투여 시 사망 보고,propofol,219835BIJ,,,동국제약(주),미만 (1),포폴주사(프로포폴)(앰플)_(0.2g/20mL),653402371,36,개월 (2)
20180088,2018-11-02,,,급여,,신생아에게 마취 목적으로 투여 시 심장-호흡기계 억제 보고 후두염 및 후두개염으로 진단된 소아에게 진정 목적으로 이약을 장기간(3~5일) 투여 시 사망 보고,propofol,219835BIJ,,,하나제약(주),미만 (1),아네폴주사(프로포폴)_(0.2g/20mL),657804611,36,개월 (2)
20180088,2018-11-02,,,급여,,신생아에게 마취 목적으로 투여 시 심장-호흡기계 억제 보고 후두염 및 후두개염으로 진단된 소아에게 진정 목적으로 이약을 장기간(3~5일) 투여 시 사망 보고,propofol,219835BIJ,,,비브라운코리아(주),미만 (1),비.브라운프로포폴-리푸로1%주(앰플)_(0.2g/20mL),667400821,36,개월 (2)
20180088,2018-11-02,,,급여,,신생아에게 마취 목적으로 투여 시 심장-호흡기계 억제 보고 후두염 및 후두개염으로 진단된 소아에게 진정 목적으로 이약을 장기간(3~5일) 투여 시 사망 보고,propofol,219835BIJ,,,대원제약(주),미만 (1),프리폴-엠시티주(프로포폴)_(0.2g/20mL),671805083,36,개월 (2)
20180088,2018-11-02,,,급여,,신생아에게 마취 목적으로 투여 시 심장-호흡기계 억제 보고 후두염 및 후두개염으로 진단된 소아에게 진정 목적으로 이약을 장기간(3~5일) 투여 시 사망 보고,propofol,219836BIJ,,,프레지니우스카비코리아(주),미만 (1),프레조폴엠시티1%주(프로포폴)(바이알)_(0.5g/50mL),650901861,36,개월 (2)
20180088,2018-11-02,,,급여,,신생아에게 마취 목적으로 투여 시 심장-호흡기계 억제 보고 후두염 및 후두개염으로 진단된 소아에게 진정 목적으로 이약을 장기간(3~5일) 투여 시 사망 보고,propofol,219836BIJ,,,동국제약(주),미만 (1),포폴주사(프로포폴)(바이알)_(0.5g/50mL),653402331,36,개월 (2)
20180088,2018-11-02,,,급여,,신생아에게 마취 목적으로 투여 시 심장-호흡기계 억제 보고 후두염 및 후두개염으로 진단된 소아에게 진정 목적으로 이약을 장기간(3~5일) 투여 시 사망 보고,propofol,219836BIJ,,,비브라운코리아(주),미만 (1),비.브라운 프로포폴-리푸로1%주_(0.5g/50mL),667400811,36,개월 (2)
20180088,2018-11-02,,,급여,,신생아에게 마취 목적으로 투여 시 심장-호흡기계 억제 보고 후두염 및 후두개염으로 진단된 소아에게 진정 목적으로 이약을 장기간(3~5일) 투여 시 사망 보고,propofol,219836BIJ,,,대원제약(주),미만 (1),프리폴-엠시티주(프로포폴)_(0.5g/50mL),671805092,36,개월 (2)
20180088,2018-11-02,,,급여,,신생아에게 마취 목적으로 투여 시 심장-호흡기계 억제 보고 후두염 및 후두개염으로 진단된 소아에게 진정 목적으로 이약을 장기간(3~5일) 투여 시 사망 보고,propofol,219838BIJ,,,프레지니우스카비코리아(주),미만 (1),프레조폴엠시티2%주(프로포폴)(바이알)_(1g/50mL),650901841,36,개월 (2)
20180088,2018-11-02,,,급여,,신생아에게 마취 목적으로 투여 시 심장-호흡기계 억제 보고 후두염 및 후두개염으로 진단된 소아에게 진정 목적으로 이약을 장기간(3~5일) 투여 시 사망 보고,propofol,219838BIJ,,,대원제약(주),미만 (1),프리폴-엠시티주2%(프로포폴)_(1g/50mL),671805811,36,개월 (2)
20090300,2009-12-03,,,급여,,안전성 및 유효성 미확립,repaglinide,379501ATB,,,(주)다림바이오텍,미만 (1),레파넘정0.5밀리그램(레파글리니드)_(0.5mg/1정),664602040,18,세 (3)
20090300,2009-12-03,,,급여,,안전성 및 유효성 미확립,repaglinide,379502ATB,,,노보노디스크제약(주),미만 (1),노보넘정1.0밀리그람(레파글리니드)_(1mg/1정),654400040,18,세 (3)
20090300,2009-12-03,,,급여,,안전성 및 유효성 미확립,repaglinide,379502ATB,,,(주)다림바이오텍,미만 (1),레파넘정1밀리그램(레파글리니드)_(1mg/1정),664602050,18,세 (3)
20090300,2009-12-03,,,급여,,안전성 및 유효성 미확립,repaglinide,379503ATB,,,노보노디스크제약(주),미만 (1),노보넘정2.0밀리그람(레파글리니드)_(2mg/1정),654400050,18,세 (3)
20090300,2009-12-03,,,급여,,안전성 및 유효성 미확립,repaglinide,379503ATB,,,(주)다림바이오텍,미만 (1),레파넘정2밀리그람(레파글리니드)_(2mg/1정),664602020,18,세 (3)
20100246,2010-11-02,,,급여,,,ritodrine hydrochloride,224330BIJ,,,제이더블유중외제약(주),미만 (1),라보파주(염산리토드린)(수출명:Yutoparinj.)_(50mg/5mL),644900701,12,세 (3)
20100246,2010-11-02,,,급여,,,ritodrine hydrochloride,224330BIJ,,,제이더블유중외제약(주),이상 (4),라보파주(염산리토드린)(수출명:Yutoparinj.)_(50mg/5mL),644900701,65,세 (3)
20110227,2011-11-24,,,급여,,"안전성 및 유효성이 미확립. 미숙아, 신생아(생후 2개월이내)는 핵황달을 일으킬 가능성 증가",silver sulfadiazine,227430CCM,,,동화약품(주),미만 (1),실마진1%크림(설파디아진은)(수출명 : Emzin Cream Silver Sulfadiazine 1%)_(0.2g/20g),642702131,2,개월 (2)
20110227,2011-11-24,,,급여,,"안전성 및 유효성이 미확립. 미숙아, 신생아(생후 2개월이내)는 핵황달을 일으킬 가능성 증가",silver sulfadiazine,227431CCM,,,일동제약(주),미만 (1),일바돈크림(설파디아진은)_(0.3g/30g),642901961,2,개월 (2)
20110227,2011-11-24,,,급여,,"안전성 및 유효성이 미확립. 미숙아, 신생아(생후 2개월이내)는 핵황달을 일으킬 가능성 증가",silver sulfadiazine,227432CCM,,,일동제약(주),미만 (1),일바돈크림(설파디아진은)_(4.5g/450g),642901962,2,개월 (2)
20110227,2011-11-24,,,급여,,"안전성 및 유효성이 미확립. 미숙아, 신생아(생후 2개월이내)는 핵황달을 일으킬 가능성 증가",silver sulfadiazine,227433CCM,,,동화약품(주),미만 (1),실마진1%크림(설파디아진은)(수출명 : Emzin Cream Silver Sulfadiazine 1%)_(5g/500g),642702132,2,개월 (2)
20070030,2007-04-11,,,급여,,,sodium ferric gluconate complex (as Fe III),228902ACH,,,일동제약(주),미만 (1),훼리탑캡슐(글루콘산제이철나트륨착염)_(0.1775g/1캡슐),642902650,12,개월 (2)
20090300,2009-12-03,,,급여,,,sodium tianeptine,229601ATB,,,(주)화이트생명과학,미만 (1),하이넵틴정(티아넵틴나트륨)_(12.5mg/1정),625200450,15,세 (3)
20090300,2009-12-03,,,급여,,,sodium tianeptine,229601ATB,,,동화약품(주),미만 (1),스타넵틴정(티아넵틴나트륨)_(12.5mg/1정),642705730,15,세 (3)
20090300,2009-12-03,,,급여,,,sodium tianeptine,229601ATB,,,동성제약(주),미만 (1),티아네틴정(티아넵틴나트륨)_(12.5mg/1정),643202510,15,세 (3)
20090300,2009-12-03,,,급여,,,sodium tianeptine,229601ATB,,,한미약품(주),미만 (1),넵틴정12.5밀리그램(티아넵틴나트륨)_(12.5mg/1정),643505990,15,세 (3)
20090300,2009-12-03,,,급여,,,sodium tianeptine,229601ATB,,,제일약품(주),미만 (1),스타브론정(티아넵틴나트륨)_(12.5mg/1정),645400610,15,세 (3)
20090300,2009-12-03,,,급여,,,sodium tianeptine,229601ATB,,,건일제약(주),미만 (1),건일티아넵틴정(티아넵틴나트륨)_(12.5mg/1정),646802730,15,세 (3)
20090300,2009-12-03,,,급여,,,sodium tianeptine,229601ATB,,,(주)한국파마,미만 (1),스티아론정(티아넵틴나트륨)_(12.5mg/1정),653004930,15,세 (3)
20090300,2009-12-03,,,급여,,,sodium tianeptine,229601ATB,,,동국제약(주),미만 (1),디프론정(티아넵틴나트륨)_(12.5mg/1정),653402460,15,세 (3)
20090300,2009-12-03,,,급여,,,sodium tianeptine,229601ATB,,,아주약품(주),미만 (1),아주브론정12.5밀리그램(티아넵틴나트륨)_(12.5mg/1정),654003990,15,세 (3)
20090300,2009-12-03,,,급여,,,sodium tianeptine,229601ATB,,,환인제약(주),미만 (1),티아본정(티아넵틴나트륨)_(12.5mg/1정),657203050,15,세 (3)
20090300,2009-12-03,,,급여,,,sodium tianeptine,229601ATB,,,(주)동구바이오제약,미만 (1),스티론정(티아넵틴나트륨)_(12.5mg/1정),657305800,15,세 (3)
20090300,2009-12-03,,,급여,,,sodium tianeptine,229601ATB,,,하나제약(주),미만 (1),티아론정(티아넵틴나트륨)_(12.5mg/1정),657804720,15,세 (3)
20090300,2009-12-03,,,급여,,,sodium tianeptine,229601ATB,,,성원애드콕제약(주),미만 (1),스타보린정(티아넵틴나트륨)_(12.5mg/1정),664900950,15,세 (3)
20090300,2009-12-03,,,급여,,,sodium tianeptine,229601ATB,,,(주)팜젠사이언스,미만 (1),티아스틴정(티아넵틴나트륨)_(12.5mg/1정),670103240,15,세 (3)
20090300,2009-12-03,,,급여,,,sodium tianeptine,229601ATB,,,주식회사제뉴원사이언스,미만 (1),케이넵틴정(티아넵틴나트륨)_(12.5mg/1정),671703320,15,세 (3)
20130047,2013-02-25,,,급여,,안전성 및 유효성 미확립. 고빌리루빈혈증을 일으킬 수 있음,sulfasalazine,232801ATE,,,한림제약(주),이하 (2),조피린장용정(설파살라진)_(0.5g/1정),645301500,2,세 (3)
20070030,2007-04-11,,,급여,,안전성 및 유효성 미확립,tacrolimus hydrate (as tacrolimus),426330COM,,,레오파마(유),미만 (1),프로토픽연고0.03%(타크로리무스수화물)_(3.06mg/10g),626700121,2,세 (3)
20070030,2007-04-11,,,급여,,안전성 및 유효성 미확립,tacrolimus hydrate (as tacrolimus),426330COM,,,코오롱제약(주),미만 (1),토피크로연고0.03%(타크로리무스수화물)_(3.06mg/10g),670303481,2,세 (3)
20070030,2007-04-11,,,급여,,안전성 및 유효성 미확립,tacrolimus hydrate (as tacrolimus),426331COM,,,레오파마(유),미만 (1),프로토픽연고0.03%(타크로리무스수화물)_(9.18mg/30g),626700122,2,세 (3)
20070030,2007-04-11,,,급여,,안전성 및 유효성 미확립,tacrolimus hydrate (as tacrolimus),426331COM,,,코오롱제약(주),미만 (1),토피크로연고0.03%(타크로리무스수화물)_(9.18mg/30g),670303482,2,세 (3)
20070030,2007-04-11,,,급여,,안전성 및 유효성 미확립,tacrolimus hydrate (as tacrolimus),426332COM,,,레오파마(유),미만 (1),프로토픽연고0.1%(타크로리무스수화물)_(10.2mg/10g),626700111,2,세 (3)
20070030,2007-04-11,,,급여,,안전성 및 유효성 미확립,tacrolimus hydrate (as tacrolimus),426332COM,,,(주)동구바이오제약,미만 (1),타크로연고0.1%(타크로리무스수화물)_(10.2mg/10g),657306021,2,세 (3)
20070030,2007-04-11,,,급여,,안전성 및 유효성 미확립,tacrolimus hydrate (as tacrolimus),426332COM,,,코오롱제약(주),미만 (1),토피크로연고0.1%(타크로리무스수화물)_(10.2mg/10g),670303471,2,세 (3)
20070030,2007-04-11,,,급여,,안전성 및 유효성 미확립,tacrolimus hydrate (as tacrolimus),426333COM,,,레오파마(유),미만 (1),프로토픽연고0.1%(타크로리무스수화물)_(30.6mg/30g),626700112,2,세 (3)
20070030,2007-04-11,,,급여,,안전성 및 유효성 미확립,tacrolimus hydrate (as tacrolimus),426333COM,,,코오롱제약(주),미만 (1),토피크로연고0.1%(타크로리무스수화물)_(30.6mg/30g),670303472,2,세 (3)
20130047,2013-02-25,,,급여,,,talniflumate,234401ATB,,,(주)휴비스트제약,이하 (2),휴리트정(탈니플루메이트)_(0.37g/1정),628800130,12,세 (3)
20130047,2013-02-25,,,급여,,,talniflumate,234401ATB,,,(주)일화,이하 (2),타리마겐정(탈니플루메이트)_(0.37g/1정),640901170,12,세 (3)
20130047,2013-02-25,,,급여,,,talniflumate,234401ATB,,,동성제약(주),이하 (2),앤세이드정(탈니플루메이트)_(0.37g/1정),643200740,12,세 (3)
20130047,2013-02-25,,,급여,,,talniflumate,234401ATB,,,태극제약(주),이하 (2),탈루메트정(탈니플루메이트)_(0.37g/1정),644801920,12,세 (3)
20130047,2013-02-25,,,급여,,,talniflumate,234401ATB,,,삼진제약(주),이하 (2),크리마인정(탈니플루메이트)_(0.37g/1정),647802240,12,세 (3)
20130047,2013-02-25,,,급여,,,talniflumate,234401ATB,,,(주)유영제약,이하 (2),타프로스정(탈니플루메이트)_(0.37g/1정),648201770,12,세 (3)
20130047,2013-02-25,,,급여,,,talniflumate,234401ATB,,,한국휴텍스제약(주),이하 (2),휴말겐정(탈니플루메이트)_(0.37g/1정),649102000,12,세 (3)
20130047,2013-02-25,,,급여,,,talniflumate,234401ATB,,,대우제약(주),이하 (2),탈멘정(탈니플루메이트)_(0.37g/1정),649602250,12,세 (3)
20130047,2013-02-25,,,급여,,,talniflumate,234401ATB,,,명문제약(주),이하 (2),후루마정(탈니플루메이트)_(0.37g/1정),649803780,12,세 (3)
20130047,2013-02-25,,,급여,,,talniflumate,234401ATB,,,(주)하원제약,이하 (2),하원탈니플루메이트정_(0.37g/1정),651502330,12,세 (3)
20130047,2013-02-25,,,급여,,,talniflumate,234401ATB,,,알보젠코리아(주),이하 (2),소말겐정(탈니플루메이트)_(0.37g/1정),652600250,12,세 (3)
20130047,2013-02-25,,,급여,,,talniflumate,234401ATB,,,아주약품(주),이하 (2),탈로신정(탈니플루메이트)_(0.37g/1정),654001620,12,세 (3)
20130047,2013-02-25,,,급여,,,talniflumate,234401ATB,,,오스틴제약(주),이하 (2),플루마겐정(탈니플루메이트)_(0.37g/1정),654303190,12,세 (3)
20130047,2013-02-25,,,급여,,,talniflumate,234401ATB,,,알리코제약(주),이하 (2),메이트정(탈니플루메이트)_(0.37g/1정),656000330,12,세 (3)
20130047,2013-02-25,,,급여,,,talniflumate,234401ATB,,,(주)동구바이오제약,이하 (2),리메이트정(탈니플루메이트)_(0.37g/1정),657301400,12,세 (3)
20130047,2013-02-25,,,급여,,,talniflumate,234401ATB,,,미래바이오제약(주),이하 (2),솔라메트정(탈니플루메이트)_(0.37g/1정),657500640,12,세 (3)
20130047,2013-02-25,,,급여,,,talniflumate,234401ATB,,,하나제약(주),이하 (2),후루겐정(탈니플루메이트)_(0.37g/1정),657803040,12,세 (3)
20130047,2013-02-25,,,급여,,,talniflumate,234401ATB,,,위더스제약(주),이하 (2),탈푸린정(탈니플루메이트)_(0.37g/1정),660701780,12,세 (3)
20130047,2013-02-25,,,급여,,,talniflumate,234401ATB,,,(주)넥스팜코리아,이하 (2),탈루메이트정(탈니플루메이트)_(0.37g/1정),662501690,12,세 (3)
20130047,2013-02-25,,,급여,,,talniflumate,234401ATB,,,한국유니온제약(주),이하 (2),유니온탈니플루메이트정_(0.37g/1정),665503170,12,세 (3)
20130047,2013-02-25,,,급여,,,talniflumate,234401ATB,,,(주)휴온스,이하 (2),휴온스탈니플루메이트정_(0.37g/1정),670600080,12,세 (3)
20130047,2013-02-25,,,급여,,,talniflumate,234401ATB,,,주식회사제뉴원사이언스,이하 (2),제뉴원탈니플루메이트정_(0.37g/1정),671702000,12,세 (3)
20130047,2013-02-25,,,급여,,,talniflumate,234401ATB,,,(주)한국글로벌제약,이하 (2),트리메정(탈니플루메이트)_(0.37g/1정),693200150,12,세 (3)
20130047,2013-02-25,,,급여,,,talniflumate,234401ATB,,,대웅바이오(주),이하 (2),베아겐정(탈니플루메이트)_(0.37g/1정),694000360,12,세 (3)
20130047,2013-02-25,,,급여,,,talniflumate,234401ATB,,,(주)테라젠이텍스,이하 (2),타말겐정(탈니플루메이트)_(0.37g/1정),698500190,12,세 (3)
20160155,2016-12-30,,,급여,,18세 미만에서 사용 권장되지 않음.,tapentadol hydrochloride,628401ATR,,,(주)한국얀센,미만 (1),뉴신타서방정50밀리그램(타펜타돌염산염)_(58.24mg/1정),646902110,18,세 (3)
20160155,2016-12-30,,,급여,,18세 미만에서 사용 권장되지 않음.,tapentadol hydrochloride,628402ATR,,,(주)한국얀센,미만 (1),뉴신타서방정100밀리그램(타펜타돌염산염)_(0.11648g/1정),646902120,18,세 (3)
20160155,2016-12-30,,,급여,,18세 미만에서 사용 권장되지 않음.,tapentadol hydrochloride (as tapentadol),628401ATB,,,(주)한국얀센,미만 (1),뉴신타아이알정50밀리그램(타펜타돌염산염)_(58.24mg/1정),646902230,18,세 (3)
20160155,2016-12-30,,,급여,,18세 미만에서 사용 권장되지 않음.,tapentadol hydrochloride (as tapentadol),628404ATR,,,(주)한국얀센,미만 (1),뉴신타서방정200밀리그램(타펜타돌염산염)_(0.23296g/1정),646902240,18,세 (3)
20090300,2009-12-03,,,급여,,안전성 및 유효성 미확립,telbivudine,506001ATB,,,부광약품(주),미만 (1),세비보정(텔비부딘)_(0.6g/1정),642204380,16,세 (3)
20090300,2009-12-03,,,급여,,안전성 및 유효성 미확립,terazosin hydrochloride (as terazosin),235501ATB,,,일양약품(주),이하 (2),일양하이트린정1밀리그램(테라조신염산염수화물)_(1.187mg/1정),641702000,12,세 (3)
20090300,2009-12-03,,,급여,,안전성 및 유효성 미확립,terazosin hydrochloride (as terazosin),235502ATB,,,주식회사 더유제약,이하 (2),테로조신정(테라조신염산염수화물)_(2.374mg/1정),57000980,12,세 (3)
20090300,2009-12-03,,,급여,,안전성 및 유효성 미확립,terazosin hydrochloride (as terazosin),235502ATB,,,(주)휴비스트제약,이하 (2),하이테신정2밀리그램(테라조신염산염수화물)_(2.374mg/1정),628800500,12,세 (3)
20090300,2009-12-03,,,급여,,안전성 및 유효성 미확립,terazosin hydrochloride (as terazosin),235502ATB,,,(주)이든파마,이하 (2),테라조정(테라조신염산염수화물)_(2.374mg/1정),628900100,12,세 (3)
20090300,2009-12-03,,,급여,,안전성 및 유효성 미확립,terazosin hydrochloride (as terazosin),235502ATB,,,(주)오스코리아제약,이하 (2),오스코신정2밀리그램(테라조신염산염수화물)_(2.374mg/1정),629700690,12,세 (3)
20090300,2009-12-03,,,급여,,안전성 및 유효성 미확립,terazosin hydrochloride (as terazosin),235502ATB,,,(주)일화,이하 (2),바소조신정2밀리그람(테라조신염산염수화물)_(2.374mg/1정),640900410,12,세 (3)
20090300,2009-12-03,,,급여,,안전성 및 유효성 미확립,terazosin hydrochloride (as terazosin),235502ATB,,,일양약품(주),이하 (2),일양하이트린정2밀리그람(테라조신염산염수화물)_(2.374mg/1정),641702010,12,세 (3)
20090300,2009-12-03,,,급여,,안전성 및 유효성 미확립,terazosin hydrochloride (as terazosin),235502ATB,,,동화약품(주),이하 (2),티지씨정2밀리그램(테라조신염산염수화물)_(2.374mg/1정),642703270,12,세 (3)
20090300,2009-12-03,,,급여,,안전성 및 유효성 미확립,terazosin hydrochloride (as terazosin),235502ATB,,,일동제약(주),이하 (2),테라팜정2밀리그램(테라조신염산염수화물)_(2.374mg/1정),642902260,12,세 (3)
20090300,2009-12-03,,,급여,,안전성 및 유효성 미확립,terazosin hydrochloride (as terazosin),235502ATB,,,한미약품(주),이하 (2),한미염산테라조신정2밀리그램_(2.374mg/1정),643503730,12,세 (3)
20090300,2009-12-03,,,급여,,안전성 및 유효성 미확립,terazosin hydrochloride (as terazosin),235502ATB,,,한국유나이티드제약(주),이하 (2),"유로트린정(테라조신염산염수화물)수출명:테라넥스정(수출명:테라넥스정,KUPTERANEXTabs.)_(2.374mg/1정)",644303070,12,세 (3)
20090300,2009-12-03,,,급여,,안전성 및 유효성 미확립,terazosin hydrochloride (as terazosin),235502ATB,,,(주)에이프로젠바이오로직스,이하 (2),테라딘정(테라조신염산염수화물)_(2.374mg/1정),645202550,12,세 (3)
20090300,2009-12-03,,,급여,,안전성 및 유효성 미확립,terazosin hydrochloride (as terazosin),235502ATB,,,(주)뉴젠팜,이하 (2),테라젠정2mg(테라조신염산염수화물)_(2.374mg/1정),646201950,12,세 (3)
20090300,2009-12-03,,,급여,,안전성 및 유효성 미확립,terazosin hydrochloride (as terazosin),235502ATB,,,신풍제약(주),이하 (2),비판티정2mg(테라조신염산염수화물)_(2.374mg/1정),648501460,12,세 (3)
20090300,2009-12-03,,,급여,,안전성 및 유효성 미확립,terazosin hydrochloride (as terazosin),235502ATB,,,한국휴텍스제약(주),이하 (2),텔라조신정2밀리그램(테라조신염산염수화물)_(2.374mg/1정),649104790,12,세 (3)
20090300,2009-12-03,,,급여,,안전성 및 유효성 미확립,terazosin hydrochloride (as terazosin),235502ATB,,,유니메드제약(주),이하 (2),히드린정2밀리그램(테라조신염산염수화물)_(2.374mg/1정),649504810,12,세 (3)
20090300,2009-12-03,,,급여,,안전성 및 유효성 미확립,terazosin hydrochloride (as terazosin),235502ATB,,,(주)하원제약,이하 (2),테로스정2밀리그램(테라조신염산염수화물)_(2.374mg/1정),651501590,12,세 (3)
20090300,2009-12-03,,,급여,,안전성 및 유효성 미확립,terazosin hydrochloride (as terazosin),235502ATB,,,알보젠코리아(주),이하 (2),트라신정(테라조신염산염수화물)_(2.374mg/1정),652603810,12,세 (3)
20090300,2009-12-03,,,급여,,안전성 및 유효성 미확립,terazosin hydrochloride (as terazosin),235502ATB,,,아주약품(주),이하 (2),테라졸정2밀리그램(테라조신염산염수화물)_(2.374mg/1정),654003960,12,세 (3)
20090300,2009-12-03,,,급여,,안전성 및 유효성 미확립,terazosin hydrochloride (as terazosin),235502ATB,,,오스틴제약(주),이하 (2),테라온정2밀리그램(테라조신염산염수화물)_(2.374mg/1정),654304660,12,세 (3)
20090300,2009-12-03,,,급여,,안전성 및 유효성 미확립,terazosin hydrochloride (as terazosin),235502ATB,,,(주)동구바이오제약,이하 (2),푸로조신정2밀리그람(테라조신염산염수화물)_(2.374mg/1정),657303650,12,세 (3)
20090300,2009-12-03,,,급여,,안전성 및 유효성 미확립,terazosin hydrochloride (as terazosin),235502ATB,,,익수제약(주),이하 (2),테라포스정2밀리그램(테라조신염산염수화물)_(2.374mg/1정),658501780,12,세 (3)
20090300,2009-12-03,,,급여,,안전성 및 유효성 미확립,terazosin hydrochloride (as terazosin),235502ATB,,,영풍제약(주),이하 (2),하이조신정2mg(테라조신염산염수화물)_(2.374mg/1정),661901950,12,세 (3)
20090300,2009-12-03,,,급여,,안전성 및 유효성 미확립,terazosin hydrochloride (as terazosin),235502ATB,,,(주)넥스팜코리아,이하 (2),네오트린정(테라조신염산염수화물)_(2.374mg/1정),662500080,12,세 (3)
20090300,2009-12-03,,,급여,,안전성 및 유효성 미확립,terazosin hydrochloride (as terazosin),235502ATB,,,한국유니온제약(주),이하 (2),유니트린정2밀리그램(테라조신염산염수화물) _(2.374mg/1정),665503540,12,세 (3)
20090300,2009-12-03,,,급여,,안전성 및 유효성 미확립,terazosin hydrochloride (as terazosin),235502ATB,,,(주)아이월드제약,이하 (2),테로핀정2밀리그램(테라조신염산염수화물)_(2.374mg/1정),669604340,12,세 (3)
20090300,2009-12-03,,,급여,,안전성 및 유효성 미확립,terazosin hydrochloride (as terazosin),235502ATB,,,구주제약(주),이하 (2),테라메드정(테라조신염산염수화물)_(2.374mg/1정),669802750,12,세 (3)
20090300,2009-12-03,,,급여,,안전성 및 유효성 미확립,terazosin hydrochloride (as terazosin),235502ATB,,,대한뉴팜(주),이하 (2),테트린정2밀리그램(테라조신염산염수화물)_(2.374mg/1정),669903960,12,세 (3)
20090300,2009-12-03,,,급여,,안전성 및 유효성 미확립,terazosin hydrochloride (as terazosin),235502ATB,,,(주)휴온스메디텍,이하 (2),테라엔정2밀리그램(테라조신염산염수화물)_(2.374mg/1정),670402490,12,세 (3)
20090300,2009-12-03,,,급여,,안전성 및 유효성 미확립,terazosin hydrochloride (as terazosin),235502ATB,,,주식회사제뉴원사이언스,이하 (2),테조신정2밀리그램(테라조신염산염수화물)_(2.374mg/1정),671701570,12,세 (3)
20090300,2009-12-03,,,급여,,안전성 및 유효성 미확립,terazosin hydrochloride (as terazosin),235502ATB,,,대원제약(주),이하 (2),테라신정(테라조신염산염수화물)_(2.374mg/1정),671803130,12,세 (3)
20090300,2009-12-03,,,급여,,안전성 및 유효성 미확립,terazosin hydrochloride (as terazosin),235502ATB,,,아이큐어(주),이하 (2),테라산정2mg(테라조신염산염수화물)_(2.374mg/1정),674400720,12,세 (3)
20090300,2009-12-03,,,급여,,안전성 및 유효성 미확립,terazosin hydrochloride (as terazosin),235502ATB,,,(주)다산제약,이하 (2),뉴라조신정2밀리그램(테라조신염산염수화물)_(2.374mg/1정),678601710,12,세 (3)
20090300,2009-12-03,,,급여,,안전성 및 유효성 미확립,terazosin hydrochloride (as terazosin),235502ATB,,,(주)셀트리온제약,이하 (2),테라루신정2밀리그램(테라조신염산염수화물)_(2.374mg/1정),693901870,12,세 (3)
20090300,2009-12-03,,,급여,,안전성 및 유효성 미확립,terazosin hydrochloride (as terazosin),235502ATB,,,대웅바이오(주),이하 (2),하이소린정2mg(테라조신염산염수화물)_(2.374mg/1정),694001120,12,세 (3)
20090300,2009-12-03,,,급여,,안전성 및 유효성 미확립,terazosin hydrochloride (as terazosin),235502ATB,,,정우신약(주),이하 (2),테로신정(테라조신염산염수화물)_(2.374mg/1정),694204660,12,세 (3)
20090300,2009-12-03,,,급여,,안전성 및 유효성 미확립,terazosin hydrochloride (as terazosin),235502ATB,,,(주)테라젠이텍스,이하 (2),테레신정2밀리그람(테라조신염산염수화물)_(2.374mg/1정),698500230,12,세 (3)
20090300,2009-12-03,,,급여,,안전성 및 유효성 미확립,terazosin hydrochloride (as terazosin),235503ATB,,,일양약품(주),이하 (2),일양하이트린정5밀리그람(테라조신염산염수화물)_(5.935mg/1정),641702020,12,세 (3)
20090300,2009-12-03,,,급여,,안전성 및 유효성 미확립,terazosin hydrochloride (as terazosin),235503ATB,,,국제약품(주),이하 (2),트라조신정5밀리그램(테라조신염산염수화물)_(5.935mg/1정),643705570,12,세 (3)
20090300,2009-12-03,,,급여,,안전성 및 유효성 미확립,terazosin hydrochloride (as terazosin),235503ATB,,,지엘파마(주),이하 (2),테라엘정5밀리그램(테라조신염산염수화물)_(5.935mg/1정),649703090,12,세 (3)
20090300,2009-12-03,,,급여,,안전성 및 유효성 미확립,terazosin hydrochloride (as terazosin),235503ATB,,,이연제약(주),이하 (2),테라지트정5밀리그램(테라조신염산염수화물)_(5.935mg/1정),658604890,12,세 (3)
20090300,2009-12-03,,,급여,,안전성 및 유효성 미확립,terazosin hydrochloride (as terazosin),235503ATB,,,주식회사큐엘파마,이하 (2),오트린정5밀리그램(테라조신염산염수화물)_(5.935mg/1정),673400470,12,세 (3)
20090300,2009-12-03,,,급여,,안전성 및 유효성 미확립,terbinafine hydrochloride (as terbinafine),235747ATB,,,엔비케이제약(주),미만 (1),셀테나핀정(테르비나핀염산염)_(0.140625g/1정),54800180,2,세 (3)
20090300,2009-12-03,,,급여,,안전성 및 유효성 미확립,terbinafine hydrochloride (as terbinafine),235747ATB,,,주식회사 더유제약,미만 (1),라미나핀정(테르비나핀염산염)_(0.140625g/1정),57000340,2,세 (3)
20090300,2009-12-03,,,급여,,안전성 및 유효성 미확립,terbinafine hydrochloride (as terbinafine),235747ATB,,,(주)엘앤씨바이오,미만 (1),메가터빈정(테르비나핀염산염)_(0.140625g/1정),60500080,2,세 (3)
20090300,2009-12-03,,,급여,,안전성 및 유효성 미확립,terbinafine hydrochloride (as terbinafine),235747ATB,,,(주)마더스제약,미만 (1),터핀엠정(테르비나핀염산염)_(0.140625g/1정),622801550,2,세 (3)
20090300,2009-12-03,,,급여,,안전성 및 유효성 미확립,terbinafine hydrochloride (as terbinafine),235747ATB,,,(주)텔콘알에프제약,미만 (1),셀비나정(테르비나핀염산염)_(0.140625g/1정),625500050,2,세 (3)
20090300,2009-12-03,,,급여,,안전성 및 유효성 미확립,terbinafine hydrochloride (as terbinafine),235747ATB,,,(주)휴비스트제약,미만 (1),라미휴정(테르비나핀염산염)_(0.140625g/1정),628800290,2,세 (3)
20090300,2009-12-03,,,급여,,안전성 및 유효성 미확립,terbinafine hydrochloride (as terbinafine),235747ATB,,,(주)이든파마,미만 (1),이테빈정(테르비나핀염산염)_(0.140625g/1정),628901470,2,세 (3)
20090300,2009-12-03,,,급여,,안전성 및 유효성 미확립,terbinafine hydrochloride (as terbinafine),235747ATB,,,(주)오스코리아제약,미만 (1),테비실정(테르비나핀염산염)_(0.140625g/1정),629700210,2,세 (3)
20090300,2009-12-03,,,급여,,안전성 및 유효성 미확립,terbinafine hydrochloride (as terbinafine),235747ATB,,,(주)일화,미만 (1),테바핀정(테르비나핀염산염)_(0.140625g/1정),640901180,2,세 (3)
20090300,2009-12-03,,,급여,,안전성 및 유효성 미확립,terbinafine hydrochloride (as terbinafine),235747ATB,,,맥널티제약(주),미만 (1),엠터나핀정(테르비나핀염산염)_(0.140625g/1정),641502210,2,세 (3)
20090300,2009-12-03,,,급여,,안전성 및 유효성 미확립,terbinafine hydrochloride (as terbinafine),235747ATB,,,(주)유한양행,미만 (1),큐라실정125밀리그람(테르비나핀염산염)_(0.140625g/1정),642102340,2,세 (3)
20090300,2009-12-03,,,급여,,안전성 및 유효성 미확립,terbinafine hydrochloride (as terbinafine),235747ATB,,,동화약품(주),미만 (1),티비에프정125밀리그램(테르비나핀염산염)_(0.140625g/1정),642703200,2,세 (3)
20090300,2009-12-03,,,급여,,안전성 및 유효성 미확립,terbinafine hydrochloride (as terbinafine),235747ATB,,,고려제약(주),미만 (1),터비나정125밀리그람(테르비나핀염산염)_(0.140625g/1정),642801440,2,세 (3)
20090300,2009-12-03,,,급여,,안전성 및 유효성 미확립,terbinafine hydrochloride (as terbinafine),235747ATB,,,한미약품(주),미만 (1),무조날정125밀리그램(테르비나핀염산염)_(0.140625g/1정),643506870,2,세 (3)
20090300,2009-12-03,,,급여,,안전성 및 유효성 미확립,terbinafine hydrochloride (as terbinafine),235747ATB,,,제이더블유신약(주),미만 (1),나무졸정(테르비나핀염산염)_(0.140625g/1정),644100040,2,세 (3)
20090300,2009-12-03,,,급여,,안전성 및 유효성 미확립,terbinafine hydrochloride (as terbinafine),235747ATB,,,태극제약(주),미만 (1),태극테르비나핀염산염정_(0.140625g/1정),644802350,2,세 (3)
20090300,2009-12-03,,,급여,,안전성 및 유효성 미확립,terbinafine hydrochloride (as terbinafine),235747ATB,,,(주)메디카코리아,미만 (1),센토스정(테르비나핀염산염)_(0.140625g/1정),646001470,2,세 (3)
20090300,2009-12-03,,,급여,,안전성 및 유효성 미확립,terbinafine hydrochloride (as terbinafine),235747ATB,,,경동제약(주),미만 (1),터빈정(테르비나핀염산염)_(0.140625g/1정),648102110,2,세 (3)
20090300,2009-12-03,,,급여,,안전성 및 유효성 미확립,terbinafine hydrochloride (as terbinafine),235747ATB,,,한국휴텍스제약(주),미만 (1),라니텐정125mg(테르비나핀염산염)_(0.140625g/1정),649104300,2,세 (3)
20090300,2009-12-03,,,급여,,안전성 및 유효성 미확립,terbinafine hydrochloride (as terbinafine),235747ATB,,,영일제약(주),미만 (1),베라핀정(테르비나핀염산염)_(0.140625g/1정),649400920,2,세 (3)
20090300,2009-12-03,,,급여,,안전성 및 유효성 미확립,terbinafine hydrochloride (as terbinafine),235747ATB,,,대우제약(주),미만 (1),리메신정(테르비나핀염산염)_(0.140625g/1정),649600890,2,세 (3)
20090300,2009-12-03,,,급여,,안전성 및 유효성 미확립,terbinafine hydrochloride (as terbinafine),235747ATB,,,진양제약(주),미만 (1),나토실정(테르비나핀염산염)_(0.140625g/1정),650303680,2,세 (3)
20090300,2009-12-03,,,급여,,안전성 및 유효성 미확립,terbinafine hydrochloride (as terbinafine),235747ATB,,,(주)하원제약,미만 (1),레스포정(테르비나핀염산염)_(0.140625g/1정),651500290,2,세 (3)
20090300,2009-12-03,,,급여,,안전성 및 유효성 미확립,terbinafine hydrochloride (as terbinafine),235747ATB,,,알보젠코리아(주),미만 (1),텔비나정(테르비나핀염산염)_(0.140625g/1정),652604050,2,세 (3)
20090300,2009-12-03,,,급여,,안전성 및 유효성 미확립,terbinafine hydrochloride (as terbinafine),235747ATB,,,(주)서울제약,미만 (1),서울테르비나핀염산염정_(0.140625g/1정),652904390,2,세 (3)
20090300,2009-12-03,,,급여,,안전성 및 유효성 미확립,terbinafine hydrochloride (as terbinafine),235747ATB,,,(주)한국파마,미만 (1),테르졸정(테르비나핀염산염)_(0.140625g/1정),653002390,2,세 (3)
20090300,2009-12-03,,,급여,,안전성 및 유효성 미확립,terbinafine hydrochloride (as terbinafine),235747ATB,,,한국노바티스(주),미만 (1),라미실정125밀리그램(테르비나핀염산염)_(0.140625g/1정),653600250,2,세 (3)
20090300,2009-12-03,,,급여,,안전성 및 유효성 미확립,terbinafine hydrochloride (as terbinafine),235747ATB,,,환인제약(주),미만 (1),라피덤정(테르비나핀염산염)_(0.140625g/1정),657200140,2,세 (3)
20090300,2009-12-03,,,급여,,안전성 및 유효성 미확립,terbinafine hydrochloride (as terbinafine),235747ATB,,,(주)동구바이오제약,미만 (1),라모난정(테르비나핀염산염)_(0.140625g/1정),657301200,2,세 (3)
20090300,2009-12-03,,,급여,,안전성 및 유효성 미확립,terbinafine hydrochloride (as terbinafine),235747ATB,,,(주)비보존제약,미만 (1),타비나핀정(테르비나핀염산염)_(0.140625g/1정),658202710,2,세 (3)
20090300,2009-12-03,,,급여,,안전성 및 유효성 미확립,terbinafine hydrochloride (as terbinafine),235747ATB,,,위더스제약(주),미만 (1),테르나정(테르비나핀염산염)_(0.140625g/1정),660701810,2,세 (3)
20090300,2009-12-03,,,급여,,안전성 및 유효성 미확립,terbinafine hydrochloride (as terbinafine),235747ATB,,,(주)넥스팜코리아,미만 (1),테로벤정(테르비나핀염산염)_(0.140625g/1정),662504320,2,세 (3)
20090300,2009-12-03,,,급여,,안전성 및 유효성 미확립,terbinafine hydrochloride (as terbinafine),235747ATB,,,코오롱제약(주),미만 (1),라미핀정(테르비나핀염산염)_(0.140625g/1정),670303780,2,세 (3)
20090300,2009-12-03,,,급여,,안전성 및 유효성 미확립,terbinafine hydrochloride (as terbinafine),235747ATB,,,주식회사제뉴원사이언스,미만 (1),터나빈정(테르비나핀염산염)_(0.140625g/1정),671701540,2,세 (3)
20090300,2009-12-03,,,급여,,안전성 및 유효성 미확립,terbinafine hydrochloride (as terbinafine),235747ATB,,,대원제약(주),미만 (1),미코실정(테르비나핀염산염)_(0.140625g/1정),671801740,2,세 (3)
20090300,2009-12-03,,,급여,,안전성 및 유효성 미확립,terbinafine hydrochloride (as terbinafine),235747ATB,,,(주)다산제약,미만 (1),라미가드정(테르비나핀염산염)_(0.140625g/1정),678601670,2,세 (3)
20090300,2009-12-03,,,급여,,안전성 및 유효성 미확립,terbinafine hydrochloride (as terbinafine),235747ATB,,,(주)한국글로벌제약,미만 (1),라미틴정(테르비나핀염산염)_(0.140625g/1정),693200370,2,세 (3)
20090300,2009-12-03,,,급여,,안전성 및 유효성 미확립,terbinafine hydrochloride (as terbinafine),235747ATB,,,(주)셀트리온제약,미만 (1),셀나핀정(테르비나핀염산염)_(0.140625g/1정),693902950,2,세 (3)
20090300,2009-12-03,,,급여,,안전성 및 유효성 미확립,terbinafine hydrochloride (as terbinafine),235747ATB,,,대웅바이오(주),미만 (1),터비클린정(테르비나핀염산염)_(0.140625g/1정),694000580,2,세 (3)
20110110,2011-06-28,,,급여,,안전성 및 유효성 미확립. 일반적으로 골육종 발현 위험이 높을 수 있음,teriparatide,487502BIJ,,,한국릴리(유),미만 (1),포스테오주(테리파라타이드)_(0.6mg/2.4mL),670800291,18,세 (3)
20110110,2011-06-28,,,급여,,안전성 및 유효성 미확립. 일반적으로 골육종 발현 위험이 높을 수 있음,teriparatide,487502BIJ,,,(주)대원제약,미만 (1),테로사카트리지주(테리파라타이드)_(0.6mg/2.4mL),671807061,18,세 (3)
20110110,2011-06-28,,,급여,,안전성 및 유효성 미확립. 일반적으로 골육종 발현 위험이 높을 수 있음,teriparatide acetate (as teriparatide),646301BIJ,,,동아에스티(주),미만 (1),테리본피하주사56.5마이크로그램(테리파라타이드아세트산염)_(60.6μg/1병),642507301,18,세 (3)
20070030,2007-04-11,,,급여,,"(8세이상 신중투여, 다만 다른약을 사용할 수 없거나 효과가 없는 경우에만) 소아 등 (특히 치아 형성기인 12세 미만의 소아)에 투여 시, 치아의 착색·법랑질 형성 부전, 또는 일과성 골발육 부전을 일으킬 수 있음",tetracycline hydrochloride,236701ACH,,,(주)종근당,미만 (1),테라싸이클린캅셀250밀리그람(염산테트라싸이클린)_(0.25g/1캡슐),643303740,12,세 (3)
20110009,2011-01-31,,,급여,,"치아발달기의 환자(임신 후반기, 영아 및 8세 이하의 소아)에게 이 약을 사용할 경우 영구적인 치아 변색을 유발할 수 있음",tigecycline,495301BIJ,,,한국화이자제약(주),이하 (2),타이가실주(타이제사이클린)_(50mg/1병),648903881,8,세 (3)
20040002,2004-01-16,,,급여,,안전성 및 유효성 미확립,topiramate,241801ACR,,,에스케이케미칼(주),미만 (1),큐덱시서방캡슐100밀리그램(토피라메이트)_(0.1g/1캡슐),644704520,2,세 (3)
20040002,2004-01-16,,,급여,,안전성 및 유효성 미확립,topiramate,241801ATB,,,(주)아리제약,미만 (1),아토맥정100밀리그램(토피라메이트)_(0.1g/1정),58200370,2,세 (3)
20040002,2004-01-16,,,급여,,안전성 및 유효성 미확립,topiramate,241801ATB,,,(주)마더스제약,미만 (1),토파원정100밀리그램(토피라메이트)_(0.1g/1정),622801850,2,세 (3)
20040002,2004-01-16,,,급여,,안전성 및 유효성 미확립,topiramate,241801ATB,,,파마사이언스코리아(주),미만 (1),피엠에스토피라메이트정100밀리그램_(0.1g/1정),627600130,2,세 (3)
20040002,2004-01-16,,,급여,,안전성 및 유효성 미확립,topiramate,241801ATB,,,현대약품(주),미만 (1),토파린정100밀리그램(토피라메이트)_(0.1g/1정),642004610,2,세 (3)
20040002,2004-01-16,,,급여,,안전성 및 유효성 미확립,topiramate,241801ATB,,,일동제약(주),미만 (1),토파메드정100밀리그램(토피라메이트)_(0.1g/1정),642902290,2,세 (3)
20040002,2004-01-16,,,급여,,안전성 및 유효성 미확립,topiramate,241801ATB,,,한미약품(주),미만 (1),토피라정100밀리그램(토피라메이트)_(0.1g/1정),643502960,2,세 (3)
20040002,2004-01-16,,,급여,,안전성 및 유효성 미확립,topiramate,241801ATB,,,한림제약(주),미만 (1),토피론정100밀리그램(토피라메이트)_(0.1g/1정),645301900,2,세 (3)
20040002,2004-01-16,,,급여,,안전성 및 유효성 미확립,topiramate,241801ATB,,,(주)한국얀센,미만 (1),토파맥스정100밀리그램(토피라메이트)_(0.1g/1정),646902390,2,세 (3)
20040002,2004-01-16,,,급여,,안전성 및 유효성 미확립,topiramate,241801ATB,,,한국휴텍스제약(주),미만 (1),토피맥스정100mg(토피라메이트)_(0.1g/1정),649104320,2,세 (3)
20040002,2004-01-16,,,급여,,안전성 및 유효성 미확립,topiramate,241801ATB,,,유니메드제약(주),미만 (1),유니토파정(토피라메이트)_(0.1g/1정),649503080,2,세 (3)
20040002,2004-01-16,,,급여,,안전성 및 유효성 미확립,topiramate,241801ATB,,,명문제약(주),미만 (1),토파민정(토피라메이트)_(0.1g/1정),649803170,2,세 (3)
20040002,2004-01-16,,,급여,,안전성 및 유효성 미확립,topiramate,241801ATB,,,한화제약(주),미만 (1),한화토피라메이트정100밀리그램_(0.1g/1정),651602620,2,세 (3)
20040002,2004-01-16,,,급여,,안전성 및 유효성 미확립,topiramate,241801ATB,,,명인제약(주),미만 (1),토파메이트정100밀리그람(토피라메이트)_(0.1g/1정),651902130,2,세 (3)
20040002,2004-01-16,,,급여,,안전성 및 유효성 미확립,topiramate,241801ATB,,,알보젠코리아(주),미만 (1),토팜정(토피라메이트)_(0.1g/1정),652603780,2,세 (3)
20040002,2004-01-16,,,급여,,안전성 및 유효성 미확립,topiramate,241801ATB,,,동국제약(주),미만 (1),피트메이트정100밀리그램(토피라메이트)_(0.1g/1정),653404890,2,세 (3)
20040002,2004-01-16,,,급여,,안전성 및 유효성 미확립,topiramate,241801ATB,,,환인제약(주),미만 (1),토피라트정100밀리그램(토피라메이트)_(0.1g/1정),657200800,2,세 (3)
20040002,2004-01-16,,,급여,,안전성 및 유효성 미확립,topiramate,241801ATB,,,하나제약(주),미만 (1),토맥스정100밀리그램(토피라메이트)_(0.1g/1정),657805360,2,세 (3)
20040002,2004-01-16,,,급여,,안전성 및 유효성 미확립,topiramate,241801ATB,,,(주)휴온스,미만 (1),세티정(토피라메이트)_(0.1g/1정),670601230,2,세 (3)
20040002,2004-01-16,,,급여,,안전성 및 유효성 미확립,topiramate,241801ATB,,,(주)셀트리온제약,미만 (1),토파스정100밀리그램(토피라메이트)_(0.1g/1정),693901840,2,세 (3)
20040002,2004-01-16,,,급여,,안전성 및 유효성 미확립,topiramate,241801ATB,,,대웅바이오(주),미만 (1),토피스트정100밀리그램(토피라메이트)_(0.1g/1정),694002790,2,세 (3)
20040002,2004-01-16,,,급여,,안전성 및 유효성 미확립,topiramate,241802ACR,,,에스케이케미칼(주),미만 (1),큐덱시서방캡슐200밀리그램(토피라메이트)_(0.2g/1캡슐),644704530,2,세 (3)
20040002,2004-01-16,,,급여,,안전성 및 유효성 미확립,topiramate,241803ACH,,,(주)한국얀센,미만 (1),토파맥스스프링클캡슐25밀리그램(토피라메이트)_(25mg/1캡슐),646902280,2,세 (3)
20040002,2004-01-16,,,급여,,안전성 및 유효성 미확립,topiramate,241803ACR,,,에스케이케미칼(주),미만 (1),큐덱시서방캡슐25밀리그램(토피라메이트)_(25mg/1캡슐),644704540,2,세 (3)
20040002,2004-01-16,,,급여,,안전성 및 유효성 미확립,topiramate,241803ATB,,,(주)아리제약,미만 (1),아토맥정25밀리그램(토피라메이트)_(25gm/1정),58200380,2,세 (3)
20040002,2004-01-16,,,급여,,안전성 및 유효성 미확립,topiramate,241803ATB,,,(주)마더스제약,미만 (1),토파원정25밀리그램(토피라메이트)_(25mg/1정),622801900,2,세 (3)
20040002,2004-01-16,,,급여,,안전성 및 유효성 미확립,topiramate,241803ATB,,,파마사이언스코리아(주),미만 (1),피엠에스토피라메이트정25밀리그램_(25mg/1정),627600120,2,세 (3)
20040002,2004-01-16,,,급여,,안전성 및 유효성 미확립,topiramate,241803ATB,,,광동제약(주),미만 (1),토피리드정25밀리그램(토피라메이트)_(25mg/1정),641803110,2,세 (3)
20040002,2004-01-16,,,급여,,안전성 및 유효성 미확립,topiramate,241803ATB,,,일동제약(주),미만 (1),토파메드정25밀리그램(토피라메이트)_(25mg/1정),642902300,2,세 (3)
20040002,2004-01-16,,,급여,,안전성 및 유효성 미확립,topiramate,241803ATB,,,한미약품(주),미만 (1),토피라정25밀리그램(토피라메이트)_(25mg/1정),643502970,2,세 (3)
20040002,2004-01-16,,,급여,,안전성 및 유효성 미확립,topiramate,241803ATB,,,한림제약(주),미만 (1),토피론정25밀리그램(토피라메이트)_(25mg/1정),645301880,2,세 (3)
20040002,2004-01-16,,,급여,,안전성 및 유효성 미확립,topiramate,241803ATB,,,(주)한국얀센,미만 (1),토파맥스정25밀리그램(토피라메이트)_(25mg/1정),646902380,2,세 (3)
20040002,2004-01-16,,,급여,,안전성 및 유효성 미확립,topiramate,241803ATB,,,한국휴텍스제약(주),미만 (1),토피맥스정25mg(토피라메이트)_(25mg/1정),649104010,2,세 (3)
20040002,2004-01-16,,,급여,,안전성 및 유효성 미확립,topiramate,241803ATB,,,유니메드제약(주),미만 (1),유니토파정25밀리그람(토피라메이트)_(25mg/1정),649503090,2,세 (3)
20040002,2004-01-16,,,급여,,안전성 및 유효성 미확립,topiramate,241803ATB,,,명문제약(주),미만 (1),토파민정25밀리그람(토피라메이트)_(25mg/1정),649803180,2,세 (3)
20040002,2004-01-16,,,급여,,안전성 및 유효성 미확립,topiramate,241803ATB,,,안국약품(주),미만 (1),토피칸정25밀리그람(토피라메이트)_(25mg/1정),650204580,2,세 (3)
20040002,2004-01-16,,,급여,,안전성 및 유효성 미확립,topiramate,241803ATB,,,한화제약(주),미만 (1),한화토피라메이트정25밀리그램_(25mg/1정),651602630,2,세 (3)
20040002,2004-01-16,,,급여,,안전성 및 유효성 미확립,topiramate,241803ATB,,,명인제약(주),미만 (1),토파메이트정25밀리그람(토피라메이트)_(25mg/1정),651902140,2,세 (3)
20040002,2004-01-16,,,급여,,안전성 및 유효성 미확립,topiramate,241803ATB,,,알보젠코리아(주),미만 (1),토팜정25밀리그람(토피라메이트)_(25mg/1정),652604070,2,세 (3)
20040002,2004-01-16,,,급여,,안전성 및 유효성 미확립,topiramate,241803ATB,,,동국제약(주),미만 (1),피트메이트정(토피라메이트)_(25mg/1정),653404050,2,세 (3)
20040002,2004-01-16,,,급여,,안전성 및 유효성 미확립,topiramate,241803ATB,,,오스틴제약(주),미만 (1),토피렉스정25밀리그램(토피라메이트)_(25mg/1정),654304940,2,세 (3)
20040002,2004-01-16,,,급여,,안전성 및 유효성 미확립,topiramate,241803ATB,,,알리코제약(주),미만 (1),토피메인정25밀리그램(토피라메이트)_(25mg/1정),656004630,2,세 (3)
20040002,2004-01-16,,,급여,,안전성 및 유효성 미확립,topiramate,241803ATB,,,환인제약(주),미만 (1),토피라트정25밀리그램(토피라메이트)_(25mg/1정),657200790,2,세 (3)
20040002,2004-01-16,,,급여,,안전성 및 유효성 미확립,topiramate,241803ATB,,,하나제약(주),미만 (1),토맥스정25밀리그램(토피라메이트)_(25mg/1정),657807040,2,세 (3)
20040002,2004-01-16,,,급여,,안전성 및 유효성 미확립,topiramate,241803ATB,,,(주)휴온스,미만 (1),세티정25밀리그람(토피라메이트)_(25mg/1정),670601240,2,세 (3)
20040002,2004-01-16,,,급여,,안전성 및 유효성 미확립,topiramate,241803ATB,,,대웅바이오(주),미만 (1),토피스트정25밀리그램(토피라메이트)_(25mg/1정),694002770,2,세 (3)
20040002,2004-01-16,,,급여,,안전성 및 유효성 미확립,topiramate,241804ACH,,,(주)한국얀센,미만 (1),토파맥스스프링클캡슐50밀리그램(토피라메이트)_(50mg/1캡슐),646902300,2,세 (3)
20040002,2004-01-16,,,급여,,안전성 및 유효성 미확립,topiramate,241804ACR,,,에스케이케미칼(주),미만 (1),큐덱시서방캡슐50밀리그램(토피라메이트)_(50mg/1캡슐),644704550,2,세 (3)
20040002,2004-01-16,,,급여,,안전성 및 유효성 미확립,topiramate,241804ATB,,,한림제약(주),미만 (1),토피론정50밀리그램(토피라메이트)_(50mg/1정),645301890,2,세 (3)
20140179,2014-11-04,,,급여,,안전성 및 유효성 미확립,tosufloxacin tosylate,242201ATB,,,에스케이케미칼(주),미만 (1),오젝스정(토수플록사신토실산염수화물)_(0.15g/1정),644701880,18,세 (3)
20190041,2019-05-22,,,급여,,소아에서 생명에 치명적인 호흡 억제 및 사망 발생,tramadol hydrochloride,242301ATR,,,(주)유한양행,미만 (1),트리돌서방정(트라마돌염산염)_(0.1g/1정),642102480,12,세 (3)
20190041,2019-05-22,,,급여,,소아에서 생명에 치명적인 호흡 억제 및 사망 발생,tramadol hydrochloride,242302ATR,,,한국먼디파마유한회사,미만 (1),지트람엑스엘서방정150밀리그람(트라마돌염산염)_(0.15g/1정),678000140,12,세 (3)
20190041,2019-05-22,,,급여,,소아에서 생명에 치명적인 호흡 억제 및 사망 발생,tramadol hydrochloride,242304ATR,,,한국먼디파마유한회사,미만 (1),지트람엑스엘서방정200밀리그람(트라마돌염산염)_(0.2g/1정),678000150,12,세 (3)
20190041,2019-05-22,,,급여,,소아에서 생명에 치명적인 호흡 억제 및 사망 발생,tramadol hydrochloride,242305ACH,,,(주)유한양행,미만 (1),트리돌캡슐(트라마돌염산염)_(50mg/1캡슐),642102520,12,세 (3)
20190041,2019-05-22,,,급여,,소아에서 생명에 치명적인 호흡 억제 및 사망 발생,tramadol hydrochloride,242305ACH,,,아주약품(주),미만 (1),트로돈캅셀(트라마돌염산염)[수출명:트로돈포르트캅셀(트라마돌염산염)]_(50mg/1캡슐),654001730,12,세 (3)
20190041,2019-05-22,,,급여,,소아에서 생명에 치명적인 호흡 억제 및 사망 발생,tramadol hydrochloride,242305ATB,,,(주)유한양행,미만 (1),트리돌솔루블정50mg(트라마돌염산염)_(50mg/1정),642102490,12,세 (3)
20190041,2019-05-22,,,급여,,소아에서 생명에 치명적인 호흡 억제 및 사망 발생,tramadol hydrochloride,242308ATR,,,한국먼디파마유한회사,미만 (1),지트람씨알서방정75밀리그램(트라마돌염산염)_(75mg/1정),678000230,12,세 (3)
20190041,2019-05-22,,,급여,,소아에서 생명에 치명적인 호흡 억제 및 사망 발생,tramadol hydrochloride,242330BIJ,,,(주)화이트생명과학,미만 (1),화이트트라마주(트라마돌염산염)_(50mg/1mL),625201731,12,세 (3)
20190041,2019-05-22,,,급여,,소아에서 생명에 치명적인 호흡 억제 및 사망 발생,tramadol hydrochloride,242330BIJ,,,(주)오스코리아제약,미만 (1),오스마돌주(트라마돌염산염)_(50mg/1mL),629701211,12,세 (3)
20190041,2019-05-22,,,급여,,소아에서 생명에 치명적인 호흡 억제 및 사망 발생,tramadol hydrochloride,242330BIJ,,,(주)일화,미만 (1),지트라돌주50밀리그램(트라마돌염산염)_(50mg/1mL),640903941,12,세 (3)
20190041,2019-05-22,,,급여,,소아에서 생명에 치명적인 호흡 억제 및 사망 발생,tramadol hydrochloride,242330BIJ,,,(주)유한양행,미만 (1),트리돌주50밀리그램(트라마돌염산염)_(50mg/1mL),642102501,12,세 (3)
20190041,2019-05-22,,,급여,,소아에서 생명에 치명적인 호흡 억제 및 사망 발생,tramadol hydrochloride,242330BIJ,,,삼성제약(주),미만 (1),도란찐주50밀리그람(트라마돌염산염)_(50mg/1mL),642300341,12,세 (3)
20190041,2019-05-22,,,급여,,소아에서 생명에 치명적인 호흡 억제 및 사망 발생,tramadol hydrochloride,242330BIJ,,,대한약품공업(주),미만 (1),트롤주(트라마돌염산염)_(50mg/1mL),645102391,12,세 (3)
20190041,2019-05-22,,,급여,,소아에서 생명에 치명적인 호흡 억제 및 사망 발생,tramadol hydrochloride,242330BIJ,,,동광제약(주),미만 (1),타마돌주사(트라마돌염산염)_(50mg/1mL),645902851,12,세 (3)
20190041,2019-05-22,,,급여,,소아에서 생명에 치명적인 호흡 억제 및 사망 발생,tramadol hydrochloride,242330BIJ,,,경동제약(주),미만 (1),경동캄펙스주50밀리그램(트라마돌염산염)_(50mg/1mL),648100181,12,세 (3)
20190041,2019-05-22,,,급여,,소아에서 생명에 치명적인 호흡 억제 및 사망 발생,tramadol hydrochloride,242330BIJ,,,(주)유영제약,미만 (1),페니마돌주50밀리그램(트라마돌염산염)_(50mg/1mL),648201961,12,세 (3)
20190041,2019-05-22,,,급여,,소아에서 생명에 치명적인 호흡 억제 및 사망 발생,tramadol hydrochloride,242330BIJ,,,신풍제약(주),미만 (1),신풍트라마돌염산염주(수출명: TRADOL-Injection)_(50mg/1mL),648502283,12,세 (3)
20190041,2019-05-22,,,급여,,소아에서 생명에 치명적인 호흡 억제 및 사망 발생,tramadol hydrochloride,242330BIJ,,,영일제약(주),미만 (1),트라콤파주(트라마돌염산염)_(50mg/1mL),649405001,12,세 (3)
20190041,2019-05-22,,,급여,,소아에서 생명에 치명적인 호흡 억제 및 사망 발생,tramadol hydrochloride,242330BIJ,,,(주)제일제약,미만 (1),마리트롤주(트라마돌염산염)_(50mg/1mL),650500061,12,세 (3)
20190041,2019-05-22,,,급여,,소아에서 생명에 치명적인 호흡 억제 및 사망 발생,tramadol hydrochloride,242330BIJ,,,아주약품(주),미만 (1),트로돈주사(트라마돌염산염)_(50mg/1mL),654001721,12,세 (3)
20190041,2019-05-22,,,급여,,소아에서 생명에 치명적인 호흡 억제 및 사망 발생,tramadol hydrochloride,242330BIJ,,,한올바이오파마(주),미만 (1),한올트라마돌염산염주_(50mg/1mL),655602984,12,세 (3)
20190041,2019-05-22,,,급여,,소아에서 생명에 치명적인 호흡 억제 및 사망 발생,tramadol hydrochloride,242330BIJ,,,미래바이오제약(주),미만 (1),돌마주사(트라마돌염산염)_(50mg/1mL),657502161,12,세 (3)
20190041,2019-05-22,,,급여,,소아에서 생명에 치명적인 호흡 억제 및 사망 발생,tramadol hydrochloride,242330BIJ,,,하나제약(주),미만 (1),트라주50mg/mL(트라마돌염산염)_(50mg/1mL),657804971,12,세 (3)
20190041,2019-05-22,,,급여,,소아에서 생명에 치명적인 호흡 억제 및 사망 발생,tramadol hydrochloride,242330BIJ,,,(주)경보제약,미만 (1),케이마돌주(트라마돌염산염)_(50mg/1mL),665002081,12,세 (3)
20190041,2019-05-22,,,급여,,소아에서 생명에 치명적인 호흡 억제 및 사망 발생,tramadol hydrochloride,242330BIJ,,,한국유니온제약(주),미만 (1),"라트롤주(트라마돌염산염)(수출명:Union Tramadol Inj., AMADOL INJ. Tramadex Inj.)_(50mg/1mL)",665500671,12,세 (3)
20190041,2019-05-22,,,급여,,소아에서 생명에 치명적인 호흡 억제 및 사망 발생,tramadol hydrochloride,242330BIJ,,,구주제약(주),미만 (1),네오마돌주50mg(트라마돌염산염)_(50mg/1mL),669804851,12,세 (3)
20190041,2019-05-22,,,급여,,소아에서 생명에 치명적인 호흡 억제 및 사망 발생,tramadol hydrochloride,242330BIJ,,,(주)휴온스,미만 (1),"휴온스트라마돌염산염주사(수출명:TIMADOLInj.,TAMADOLINJ.)_(50mg/1mL)",670603605,12,세 (3)
20190041,2019-05-22,,,급여,,소아에서 생명에 치명적인 호흡 억제 및 사망 발생,tramadol hydrochloride,242330BIJ,,,(주)휴메딕스,미만 (1),휴메딕스트라마돌염산염주_(50mg/1mL),683100411,12,세 (3)
20190041,2019-05-22,,,급여,,소아에서 생명에 치명적인 호흡 억제 및 사망 발생,tramadol hydrochloride,242330BIJ,,,(주)테라젠이텍스,미만 (1),트라놀주(트라마돌염산염)_(50mg/1mL),698503291,12,세 (3)
20190041,2019-05-22,,,급여,,소아에서 생명에 치명적인 호흡 억제 및 사망 발생,tramadol hydrochloride,242331BIJ,,,(주)유한양행,미만 (1),트리돌주100밀리그램(트라마돌염산염)_(0.1g/2mL),642102511,12,세 (3)
20190041,2019-05-22,,,급여,,소아에서 생명에 치명적인 호흡 억제 및 사망 발생,tramadol hydrochloride,242331BIJ,,,삼성제약(주),미만 (1),도란찐주100밀리그람(트라마돌염산염)_(0.1g/2mL),642300331,12,세 (3)
20190041,2019-05-22,,,급여,,소아에서 생명에 치명적인 호흡 억제 및 사망 발생,tramadol hydrochloride,242331BIJ,,,대화제약(주),미만 (1),탄돌주100밀리그람(트라마돌염산염)(수출명:DAEHWATRAMADOLHCL)_(0.1g/2mL),645601831,12,세 (3)
20190041,2019-05-22,,,급여,,소아에서 생명에 치명적인 호흡 억제 및 사망 발생,tramadol hydrochloride,242331BIJ,,,(주)씨엠지제약,미만 (1),트라톨주(트라마돌염산염)_(0.1g/2mL),648603961,12,세 (3)
20190041,2019-05-22,,,급여,,소아에서 생명에 치명적인 호흡 억제 및 사망 발생,tramadol hydrochloride,242331BIJ,,,하나제약(주),미만 (1),트라주50mg/mL(트라마돌염산염)_(0.1g/2mL),657804981,12,세 (3)
20220087,2022-12-15,,,급여,,안전성 및 유효성 미확립,triazolam,243501ATB,,,명인제약(주),이하 (2),졸민정0.125밀리그람(트리아졸람)_(0.125mg/1정),651901770,18,세 (3)
20220087,2022-12-15,,,급여,,안전성 및 유효성 미확립,triazolam,243501ATB,,,환인제약(주),이하 (2),트리람정0.125밀리그램(트리아졸람)_(0.125mg/1정),657202920,18,세 (3)
20220087,2022-12-15,,,급여,,안전성 및 유효성 미확립,triazolam,243502ATB,,,명인제약(주),이하 (2),졸민정0.25밀리그램(트리아졸람)_(0.25mg/1정),651901780,18,세 (3)
20220087,2022-12-15,,,급여,,안전성 및 유효성 미확립,triazolam,243502ATB,,,환인제약(주),이하 (2),트리람정0.25밀리그램(트리아졸람)_(0.25mg/1정),657200830,18,세 (3)
20130047,2013-02-25,,,급여,,"안전성 및 유효성 미확립. 소아 임상 시험에서 자살생각(suicidal ideation)의 이상반응이 관찰됨. 적개심 및 특히 주요 우울 장애의 경우, 자해(self-harm)의 보고 증가",venlafaxine hydrochloride (as venlafaxine),247502ACR,,,비아트리스코리아(주),미만 (1),"이팩사엑스알서방캡슐75밀리그램_(벤라팍신염산염, 84.85mg/1캡슐)",73400030,18,세 (3)
20130047,2013-02-25,,,급여,,"안전성 및 유효성 미확립. 소아 임상 시험에서 자살생각(suicidal ideation)의 이상반응이 관찰됨. 적개심 및 특히 주요 우울 장애의 경우, 자해(self-harm)의 보고 증가",venlafaxine hydrochloride (as venlafaxine),247502ACR,,,영진약품(주),미만 (1),벤팍신서방캡슐75밀리그램(벤라팍신염산염)_(84.84mg/1캡슐),642403570,18,세 (3)
20130047,2013-02-25,,,급여,,"안전성 및 유효성 미확립. 소아 임상 시험에서 자살생각(suicidal ideation)의 이상반응이 관찰됨. 적개심 및 특히 주요 우울 장애의 경우, 자해(self-harm)의 보고 증가",venlafaxine hydrochloride (as venlafaxine),247502ACR,,,한림제약(주),미만 (1),베넥사엑스알서방캡슐75mg(벤라팍신염산염)_(84.84mg/1캡슐),645304070,18,세 (3)
20130047,2013-02-25,,,급여,,"안전성 및 유효성 미확립. 소아 임상 시험에서 자살생각(suicidal ideation)의 이상반응이 관찰됨. 적개심 및 특히 주요 우울 장애의 경우, 자해(self-harm)의 보고 증가",venlafaxine hydrochloride (as venlafaxine),247502ACR,,,삼천당제약(주),미만 (1),벤라팩트서방캡슐(벤라팍신염산염)_(84.84mg/1캡슐),651200520,18,세 (3)
20130047,2013-02-25,,,급여,,"안전성 및 유효성 미확립. 소아 임상 시험에서 자살생각(suicidal ideation)의 이상반응이 관찰됨. 적개심 및 특히 주요 우울 장애의 경우, 자해(self-harm)의 보고 증가",venlafaxine hydrochloride (as venlafaxine),247502ACR,,,명인제약(주),미만 (1),코팩사엑스알서방캡슐75mg(벤라팍신염산염)_(84.84mg/1캡슐),651901950,18,세 (3)
20130047,2013-02-25,,,급여,,"안전성 및 유효성 미확립. 소아 임상 시험에서 자살생각(suicidal ideation)의 이상반응이 관찰됨. 적개심 및 특히 주요 우울 장애의 경우, 자해(self-harm)의 보고 증가",venlafaxine hydrochloride (as venlafaxine),247502ACR,,,(주)한국파마,미만 (1),파마벤라팍신서방캡슐75밀리그램(벤라팍신염산염)_(84.84mg/1캡슐),653005120,18,세 (3)
20130047,2013-02-25,,,급여,,"안전성 및 유효성 미확립. 소아 임상 시험에서 자살생각(suicidal ideation)의 이상반응이 관찰됨. 적개심 및 특히 주요 우울 장애의 경우, 자해(self-harm)의 보고 증가",venlafaxine hydrochloride (as venlafaxine),247502ACR,,,대웅바이오(주),미만 (1),베라칸서방캡슐75밀리그램(벤라팍신염산염)_(84.84mg/1캡슐),694000280,18,세 (3)
20130047,2013-02-25,,,급여,,"안전성 및 유효성 미확립. 소아 임상 시험에서 자살생각(suicidal ideation)의 이상반응이 관찰됨. 적개심 및 특히 주요 우울 장애의 경우, 자해(self-harm)의 보고 증가",venlafaxine hydrochloride (as venlafaxine),247504ACR,,,비아트리스코리아(주),미만 (1),"이팩사엑스알서방캡슐37.5밀리그램_(벤라팍신염산염, 42.43mg/1캡슐)",73400040,18,세 (3)
20130047,2013-02-25,,,급여,,"안전성 및 유효성 미확립. 소아 임상 시험에서 자살생각(suicidal ideation)의 이상반응이 관찰됨. 적개심 및 특히 주요 우울 장애의 경우, 자해(self-harm)의 보고 증가",venlafaxine hydrochloride (as venlafaxine),247504ACR,,,영진약품(주),미만 (1),벤팍신서방캡슐37.5밀리그램(벤라팍신염산염)_(42.42mg/1캡슐),642403580,18,세 (3)
20130047,2013-02-25,,,급여,,"안전성 및 유효성 미확립. 소아 임상 시험에서 자살생각(suicidal ideation)의 이상반응이 관찰됨. 적개심 및 특히 주요 우울 장애의 경우, 자해(self-harm)의 보고 증가",venlafaxine hydrochloride (as venlafaxine),247504ACR,,,한림제약(주),미만 (1),베넥사엑스알서방캡슐37.5밀리그램(벤라팍신염산염)_(42.42mg/1캡슐),645304060,18,세 (3)
20130047,2013-02-25,,,급여,,"안전성 및 유효성 미확립. 소아 임상 시험에서 자살생각(suicidal ideation)의 이상반응이 관찰됨. 적개심 및 특히 주요 우울 장애의 경우, 자해(self-harm)의 보고 증가",venlafaxine hydrochloride (as venlafaxine),247504ACR,,,삼천당제약(주),미만 (1),벤라팩트서방캡슐37.5mg(벤라팍신염산염)_(42.42mg/1캡슐),651203060,18,세 (3)
20130047,2013-02-25,,,급여,,"안전성 및 유효성 미확립. 소아 임상 시험에서 자살생각(suicidal ideation)의 이상반응이 관찰됨. 적개심 및 특히 주요 우울 장애의 경우, 자해(self-harm)의 보고 증가",venlafaxine hydrochloride (as venlafaxine),247504ACR,,,명인제약(주),미만 (1),코팩사엑스알서방캡슐37.5mg(벤라팍신염산염)_(42.42mg/1캡슐),651903250,18,세 (3)
20130047,2013-02-25,,,급여,,"안전성 및 유효성 미확립. 소아 임상 시험에서 자살생각(suicidal ideation)의 이상반응이 관찰됨. 적개심 및 특히 주요 우울 장애의 경우, 자해(self-harm)의 보고 증가",venlafaxine hydrochloride (as venlafaxine),247504ACR,,,(주)한국파마,미만 (1),파마벤라팍신서방캡슐37.5밀리그램(벤라팍신염산염)_(42.42mg/1캡슐),653005130,18,세 (3)
20130047,2013-02-25,,,급여,,"안전성 및 유효성 미확립. 소아 임상 시험에서 자살생각(suicidal ideation)의 이상반응이 관찰됨. 적개심 및 특히 주요 우울 장애의 경우, 자해(self-harm)의 보고 증가",venlafaxine hydrochloride (as venlafaxine),247504ACR,,,대웅바이오(주),미만 (1),베라칸서방캡슐37.5밀리그램(벤라팍신염산염)_(42.42mg/1캡슐),694000290,18,세 (3)
20170086,2017-11-06,,,급여,,"신생아 및 영아는 칼슘채널 차단제의 감수성이 높고, 서맥, 심장마비 등을 일으킬 위험이 있음. 신생아 및 영아에게 이 약을 투여했을 때 심각한 서맥과 저혈압, 심장마비 등이 나타났다는 보고가 있음",verapamil hydrochloride,247603ATR,,,일성아이에스(주),미만 (1),일성이?틴서방정180밀리그람(베라파밀염산염)_(0.18g/1정),655401550,24,개월 (2)
20170086,2017-11-06,,,급여,,"신생아 및 영아는 칼슘채널 차단제의 감수성이 높고, 서맥, 심장마비 등을 일으킬 위험이 있음. 신생아 및 영아에게 이 약을 투여했을 때 심각한 서맥과 저혈압, 심장마비 등이 나타났다는 보고가 있음",verapamil hydrochloride,247605ATR,,,일성아이에스(주),미만 (1),일성이?틴서방정240밀리그람(베라파밀염산염)_(0.24g/1정),655401560,24,개월 (2)
20170086,2017-11-06,,,급여,,"신생아 및 영아는 칼슘채널 차단제의 감수성이 높고, 서맥, 심장마비 등을 일으킬 위험이 있음. 신생아 및 영아에게 이 약을 투여했을 때 심각한 서맥과 저혈압, 심장마비 등이 나타났다는 보고가 있음",verapamil hydrochloride,247606ATB,,,일성아이에스(주),미만 (1),일성이?틴정40밀리그램(베라파밀염산염)_(40mg/1정),655401570,24,개월 (2)
20170086,2017-11-06,,,급여,,"신생아 및 영아는 칼슘채널 차단제의 감수성이 높고, 서맥, 심장마비 등을 일으킬 위험이 있음. 신생아 및 영아에게 이 약을 투여했을 때 심각한 서맥과 저혈압, 심장마비 등이 나타났다는 보고가 있음",verapamil hydrochloride,247607ATB,,,일성아이에스(주),미만 (1),일성이?틴정80밀리그램(베라파밀염산염)_(80mg/1정),655401580,24,개월 (2)
20170086,2017-11-06,,,급여,,"신생아 및 영아는 칼슘채널 차단제의 감수성이 높고, 서맥, 심장마비 등을 일으킬 위험이 있음. 신생아 및 영아에게 이 약을 투여했을 때 심각한 서맥과 저혈압, 심장마비 등이 나타났다는 보고가 있음",verapamil hydrochloride,247630BIJ,,,일성아이에스(주),미만 (1),일성이?틴주사(베라파밀염산염)_(5mg/2mL),655401591,24,개월 (2)
20160155,2016-12-30,,,급여,,"소아에 대한 안전성 및 유효성이 확립되지 않았으므로, 소아에게 이 약을 투여하는 것은 권장되지 않음.",vortioxetine hydrobromide (as vortioxetine),628501ATB,,,한국룬드벡(주),미만 (1),브린텔릭스정5밀리그램(보티옥세틴브롬화수소산염)_(6.355mg/1정),668000130,18,세 (3)
20160155,2016-12-30,,,급여,,"소아에 대한 안전성 및 유효성이 확립되지 않았으므로, 소아에게 이 약을 투여하는 것은 권장되지 않음.",vortioxetine hydrobromide (as vortioxetine),628502ATB,,,한국룬드벡(주),미만 (1),브린텔릭스정10밀리그램(보티옥세틴브롬화수소산염)_(12.71mg/1정),668000110,18,세 (3)
20160155,2016-12-30,,,급여,,"소아에 대한 안전성 및 유효성이 확립되지 않았으므로, 소아에게 이 약을 투여하는 것은 권장되지 않음.",vortioxetine hydrobromide (as vortioxetine),628504ATB,,,한국룬드벡(주),미만 (1),브린텔릭스정20밀리그램(보티옥세틴브롬화수소산염)_(25.42mg/1정),668000120,18,세 (3)
20170086,2017-11-06,,,급여,,"안전성 및 유효성 미확립. 퀴놀론계 항균제는 몇몇 어린 동물종에서 관절병증, 뼈연골증을 유발함",zabofloxacin D-Aspartate Sesquihydrate (as zabofloxacin),637101ATB,,,동화약품(주),미만 (1),자보란테정(자보플록사신D-아스파르트산염수화물)_(0.51298g/1정),642706340,18,세 (3)
20080090,2008-08-25,,,급여,,"안전성 및 유효성 미확립. 현기증, 두통, 환각을 포함한 정신 신경계 이상반응이 위약군에 비해 흔하게 나타남",zolpidem tartrate,250501ATB,,,고려제약(주),미만 (1),졸피움정(졸피뎀타르타르산염)_(10mg/1정),642801200,18,세 (3)
20080090,2008-08-25,,,급여,,"안전성 및 유효성 미확립. 현기증, 두통, 환각을 포함한 정신 신경계 이상반응이 위약군에 비해 흔하게 나타남",zolpidem tartrate,250501ATB,,,한미약품(주),미만 (1),졸피드정10밀리그램(졸피뎀타르타르산염)_(10mg/1정),643502320,18,세 (3)
20080090,2008-08-25,,,급여,,"안전성 및 유효성 미확립. 현기증, 두통, 환각을 포함한 정신 신경계 이상반응이 위약군에 비해 흔하게 나타남",zolpidem tartrate,250501ATB,,,삼일제약(주),미만 (1),산도스졸피뎀정10mg(주석산졸피뎀)_(10mg/1정),643903920,18,세 (3)
20080090,2008-08-25,,,급여,,"안전성 및 유효성 미확립. 현기증, 두통, 환각을 포함한 정신 신경계 이상반응이 위약군에 비해 흔하게 나타남",zolpidem tartrate,250501ATB,,,유니메드제약(주),미만 (1),스립정10밀리그램(졸피뎀타르타르산염)_(10mg/1정),649507420,18,세 (3)
20080090,2008-08-25,,,급여,,"안전성 및 유효성 미확립. 현기증, 두통, 환각을 포함한 정신 신경계 이상반응이 위약군에 비해 흔하게 나타남",zolpidem tartrate,250501ATB,,,명문제약(주),미만 (1),스틸렉스정10밀리그램(졸피뎀타르타르산염)_(10mg/1정),649806810,18,세 (3)
20080090,2008-08-25,,,급여,,"안전성 및 유효성 미확립. 현기증, 두통, 환각을 포함한 정신 신경계 이상반응이 위약군에 비해 흔하게 나타남",zolpidem tartrate,250501ATB,,,명인제약(주),미만 (1),졸피신정10mg(졸피뎀타르타르산염)_(10mg/1정),651901790,18,세 (3)
20080090,2008-08-25,,,급여,,"안전성 및 유효성 미확립. 현기증, 두통, 환각을 포함한 정신 신경계 이상반응이 위약군에 비해 흔하게 나타남",zolpidem tartrate,250501ATB,,,(주)한독,미만 (1),스틸녹스정10밀리그램(졸피뎀타르타르산염)_(10mg/1정),652100640,18,세 (3)
20080090,2008-08-25,,,급여,,"안전성 및 유효성 미확립. 현기증, 두통, 환각을 포함한 정신 신경계 이상반응이 위약군에 비해 흔하게 나타남",zolpidem tartrate,250501ATB,,,(주)한국파마,미만 (1),파마주석산졸피뎀정(졸피뎀타르타르산염)_(10mg/1정),653003460,18,세 (3)
20080090,2008-08-25,,,급여,,"안전성 및 유효성 미확립. 현기증, 두통, 환각을 포함한 정신 신경계 이상반응이 위약군에 비해 흔하게 나타남",zolpidem tartrate,250501ATB,,,환인제약(주),미만 (1),졸피람정10밀리그램(졸피뎀타르타르산염)_(10mg/1정),657200670,18,세 (3)
20080090,2008-08-25,,,급여,,"안전성 및 유효성 미확립. 현기증, 두통, 환각을 포함한 정신 신경계 이상반응이 위약군에 비해 흔하게 나타남",zolpidem tartrate,250501ATB,,,하나제약(주),미만 (1),졸피원정10밀리그램(졸피뎀타르타르산염)_(10mg/1정),657808310,18,세 (3)
20080090,2008-08-25,,,급여,,"안전성 및 유효성 미확립. 현기증, 두통, 환각을 포함한 정신 신경계 이상반응이 위약군에 비해 흔하게 나타남",zolpidem tartrate,250502ATB,,,한미약품(주),미만 (1),졸피드정5밀리그램(졸피뎀타르타르산염)_(5mg/1정),643507160,18,세 (3)
20080090,2008-08-25,,,급여,,"안전성 및 유효성 미확립. 현기증, 두통, 환각을 포함한 정신 신경계 이상반응이 위약군에 비해 흔하게 나타남",zolpidem tartrate,250502ATB,,,유니메드제약(주),미만 (1),스립정5밀리그램(졸피뎀타르타르산염)_(5mg/1정),649507410,18,세 (3)
20080090,2008-08-25,,,급여,,"안전성 및 유효성 미확립. 현기증, 두통, 환각을 포함한 정신 신경계 이상반응이 위약군에 비해 흔하게 나타남",zolpidem tartrate,250502ATB,,,명인제약(주),미만 (1),졸피신정5mg(졸피뎀타르타르산염)_(5mg/1정),651904470,18,세 (3)
20080090,2008-08-25,,,급여,,"안전성 및 유효성 미확립. 현기증, 두통, 환각을 포함한 정신 신경계 이상반응이 위약군에 비해 흔하게 나타남",zolpidem tartrate,250503ATR,,,(주)한독,미만 (1),스틸녹스CR정6.25밀리그램(졸피뎀타르타르산염)_(6.25mg/1정),652100660,18,세 (3)
20080090,2008-08-25,,,급여,,"안전성 및 유효성 미확립. 현기증, 두통, 환각을 포함한 정신 신경계 이상반응이 위약군에 비해 흔하게 나타남",zolpidem tartrate,250504ATR,,,(주)한독,미만 (1),스틸녹스CR정12.5밀리그램(졸피뎀타르타르산염)_(12.5mg/1정),652100650,18,세 (3)
20050017,2005-03-09,,,비급여,,"소아 및 고령자(노인)는 최소 필요량을 복용하고 이상반응에 유의. 과도한 체온강하, 허탈, 사지냉각 등이 나타날 수 있음",acetaminophen,101305APD,,,(주)코아팜바이오,미만 (1),톡아세트산500밀리그램(아세트아미노펜)_(0.5g/1포),51700061,12,세 (3)
20050017,2005-03-09,,,비급여,,"소아 및 고령자(노인)는 최소 필요량을 복용하고 이상반응에 유의. 과도한 체온강하, 허탈, 사지냉각 등이 나타날 수 있음",acetaminophen,101305APD,,,(주)씨엠지제약,미만 (1),타이센산500밀리그램(아세트아미노펜)_(0.5g/1포),648605041,12,세 (3)
20050017,2005-03-09,,,비급여,,"소아 및 고령자(노인)는 최소 필요량을 복용하고 이상반응에 유의. 과도한 체온강하, 허탈, 사지냉각 등이 나타날 수 있음",acetaminophen,101305APD,,,알리코제약(주),미만 (1),아세레놀산500밀리그램(아세트아미노펜)_(0.5g/1포),656005601,12,세 (3)
20050017,2005-03-09,,,비급여,,"소아 및 고령자(노인)는 최소 필요량을 복용하고 이상반응에 유의. 과도한 체온강하, 허탈, 사지냉각 등이 나타날 수 있음",acetaminophen,101305APD,,,(주)휴온스,미만 (1),아미세타산500밀리그램(아세트아미노펜)_(0.5g/1포),670609381,12,세 (3)
20050017,2005-03-09,,,비급여,,"소아 및 고령자(노인)는 최소 필요량을 복용하고 이상반응에 유의. 과도한 체온강하, 허탈, 사지냉각 등이 나타날 수 있음",acetaminophen,101305APD,,,한국존슨앤드존슨판매(유),미만 (1),타이레놀산500밀리그램(아세트아미노펜)_(0.555556g/1포),672300181,12,세 (3)
20050017,2005-03-09,,,비급여,,"소아 및 고령자(노인)는 최소 필요량을 복용하고 이상반응에 유의. 과도한 체온강하, 허탈, 사지냉각 등이 나타날 수 있음",acetaminophen(encapsulated),101430ATR,,,동화약품(주),미만 (1),트리스펜8시간이알서방정(아세트아미노펜)_(0.65g/1정),642706500,12,세 (3)
20190041,2019-05-22,,,비급여,,소아에서 생명에 치명적인 호흡 억제 및 사망 발생,"acetaminophen,tramadol hydrochloride",480600ATB,,,성이바이오(주),미만 (1),와이투아트라세미정_(1정),72400330,12,세 (3)
20190041,2019-05-22,,,비급여,,소아에서 생명에 치명적인 호흡 억제 및 사망 발생,"acetaminophen,tramadol hydrochloride",513000ATB,,,성이바이오(주),미만 (1),와이투아트라셋정_(1정),72400350,12,세 (3)
20240030,2024-06-25,,,비급여,,,acrinol + berberine + enterococcus faecalis + loperamide,291500ACH,,,일양약품(주),미만 (1),디아로펜캡슐_(1캡슐),641700280,2,세 (3)
20240030,2024-06-25,,,비급여,,,acrinol + berberine + enterococcus faecalis + loperamide,291500ACH,,,미래바이오제약㈜,미만 (1),로이디펜캡슐_(1캡슐),657500300,2,세 (3)
20240030,2024-06-25,,,비급여,,,acrinol + berberine + enterococcus faecalis + loperamide,291500ACH,,,화일약품(주),미만 (1),배탈렌캡슐_(1캡슐),684501470,2,세 (3)
20090300,2009-12-03,,,비급여,,안전성 및 유효성 미확립,albendazol,104301ATB,,,신풍제약(주),미만 (1),알젠탈정(알벤다졸)(수출명:AlbendazoleTablets200밀리그람)_(0.2g/1정),648502660,2,세 (3)
20090300,2009-12-03,,,비급여,,안전성 및 유효성 미확립,albendazol,104303ATB,,,제일헬스사이언스(주),미만 (1),제일알벤다졸정_(0.4g/1정),54300920,2,세 (3)
20090300,2009-12-03,,,비급여,,안전성 및 유효성 미확립,albendazol,104303ATB,,,코스맥스파마(주),미만 (1),순삭정(알벤다졸)_(0.4g/1정),55102370,2,세 (3)
20090300,2009-12-03,,,비급여,,안전성 및 유효성 미확립,albendazol,104303ATB,,,주식회사 더유제약,미만 (1),알젠다졸정(알벤다졸)_(0.4g/1정),57001200,2,세 (3)
20090300,2009-12-03,,,비급여,,안전성 및 유효성 미확립,albendazol,104303ATB,,,(주)아리제약,미만 (1),지벤다졸정(알벤다졸)_(0.4g/1정),58200860,2,세 (3)
20090300,2009-12-03,,,비급여,,안전성 및 유효성 미확립,albendazol,104303ATB,,,(주)유앤생명과학,미만 (1),올싹정(알벤다졸)_(0.4g/1정),58800680,2,세 (3)
20090300,2009-12-03,,,비급여,,안전성 및 유효성 미확립,albendazol,104303ATB,,,(주)한국파비스제약,미만 (1),알싹정(알벤다졸)_(0.4g/1정),621801650,2,세 (3)
20090300,2009-12-03,,,비급여,,안전성 및 유효성 미확립,albendazol,104303ATB,,,(주)마더스제약,미만 (1),알킬정(알벤다졸)_(0.4g/1정),622802370,2,세 (3)
20090300,2009-12-03,,,비급여,,안전성 및 유효성 미확립,albendazol,104303ATB,,,(주)텔콘알에프제약,미만 (1),제로알정(알벤다졸)_(0.4g/1정),625500770,2,세 (3)
20090300,2009-12-03,,,비급여,,안전성 및 유효성 미확립,albendazol,104303ATB,,,(주)이든파마,미만 (1),인콤정(알벤다졸)_(0.4g/1정),628901220,2,세 (3)
20090300,2009-12-03,,,비급여,,안전성 및 유효성 미확립,albendazol,104303ATB,,,(주)대웅제약,미만 (1),"대웅알벤다졸정(수출명: Medalben Tab, Daezole)_(0.4g/1정)",641600780,2,세 (3)
20090300,2009-12-03,,,비급여,,안전성 및 유효성 미확립,albendazol,104303ATB,,,일양약품(주),미만 (1),알바콤정(알벤다졸)_(0.4g/1정),641702870,2,세 (3)
20090300,2009-12-03,,,비급여,,안전성 및 유효성 미확립,albendazol,104303ATB,,,(주)보령,미만 (1),보령알벤다졸정_(0.4g/1정),641901480,2,세 (3)
20090300,2009-12-03,,,비급여,,안전성 및 유효성 미확립,albendazol,104303ATB,,,(주)유한양행,미만 (1),젠텔정400밀리그램(알벤다졸)_(0.4g/1정),642105010,2,세 (3)
20090300,2009-12-03,,,비급여,,안전성 및 유효성 미확립,albendazol,104303ATB,,,삼성제약(주),미만 (1),알벤졸정(알벤다졸)_(0.4g/1정),642305440,2,세 (3)
20090300,2009-12-03,,,비급여,,안전성 및 유효성 미확립,albendazol,104303ATB,,,(주)종근당,미만 (1),종근당알벤다졸정_(0.4g/1정),643303170,2,세 (3)
20090300,2009-12-03,,,비급여,,안전성 및 유효성 미확립,albendazol,104303ATB,,,국제약품(주),미만 (1),네오벤졸정(알벤다졸)_(0.4g/1정),643704910,2,세 (3)
20090300,2009-12-03,,,비급여,,안전성 및 유효성 미확립,albendazol,104303ATB,,,조아제약(주),미만 (1),윈다졸정(알벤다졸)_(0.4g/1정),644600920,2,세 (3)
20090300,2009-12-03,,,비급여,,안전성 및 유효성 미확립,albendazol,104303ATB,,,에이프로젠제약(주),미만 (1),후리졸정(알벤다졸)_(0.4g/1정),645204600,2,세 (3)
20090300,2009-12-03,,,비급여,,안전성 및 유효성 미확립,albendazol,104303ATB,,,대화제약(주),미만 (1),"오비스정(알벤다졸)(수출명:ZENTENE-F,ALBENDAZOLE)_(0.4g/1정)",645601480,2,세 (3)
20090300,2009-12-03,,,비급여,,안전성 및 유효성 미확립,albendazol,104303ATB,,,에이치엘비제약(주),미만 (1),에이치엘비알벤다졸400정_(0.4g/1정),647300750,2,세 (3)
20090300,2009-12-03,,,비급여,,안전성 및 유효성 미확립,albendazol,104303ATB,,,경남제약(주),미만 (1),알졸타정400mg(알벤다졸)_(0.4g/1정),647602680,2,세 (3)
20090300,2009-12-03,,,비급여,,안전성 및 유효성 미확립,albendazol,104303ATB,,,(주)씨엠지제약,미만 (1),젠타졸정(알벤다졸)_(0.4g/1정),648602170,2,세 (3)
20090300,2009-12-03,,,비급여,,안전성 및 유효성 미확립,albendazol,104303ATB,,,한국휴텍스제약(주),미만 (1),알캔다졸정(알벤다졸)_(0.4mg/1정),649104970,2,세 (3)
20090300,2009-12-03,,,비급여,,안전성 및 유효성 미확립,albendazol,104303ATB,,,명문제약(주),미만 (1),제나콤정(알벤다졸)_(0.4g/1정),649802700,2,세 (3)
20090300,2009-12-03,,,비급여,,안전성 및 유효성 미확립,albendazol,104303ATB,,,알리코제약(주),미만 (1),알비정400mg(알벤다졸)_(0.4g/1정),656001210,2,세 (3)
20090300,2009-12-03,,,비급여,,안전성 및 유효성 미확립,albendazol,104303ATB,,,(주)바스칸바이오제약,미만 (1),알벤다정(알벤다졸)_(0.4g/1정),656204720,2,세 (3)
20090300,2009-12-03,,,비급여,,안전성 및 유효성 미확립,albendazol,104303ATB,,,(유)한풍제약,미만 (1),알벤프리졸정(알벤다졸)_(0.4g/1정),658104670,2,세 (3)
20090300,2009-12-03,,,비급여,,안전성 및 유효성 미확립,albendazol,104303ATB,,,(주)비보존제약,미만 (1),제이알알벤다졸정400밀리그람_(0.4g/1정),658201070,2,세 (3)
20090300,2009-12-03,,,비급여,,안전성 및 유효성 미확립,albendazol,104303ATB,,,익수제약(주),미만 (1),익수알벤졸정(알벤다졸)_(0.4g/1정),658501100,2,세 (3)
20090300,2009-12-03,,,비급여,,안전성 및 유효성 미확립,albendazol,104303ATB,,,위더스제약(주),미만 (1),알벤정(알벤다졸)_(0.4g/1정),660700890,2,세 (3)
20090300,2009-12-03,,,비급여,,안전성 및 유효성 미확립,albendazol,104303ATB,,,경방신약(주),미만 (1),젤텐정(알벤다졸)_(0.4g/1정),661306630,2,세 (3)
20090300,2009-12-03,,,비급여,,안전성 및 유효성 미확립,albendazol,104303ATB,,,동인당제약(주),미만 (1),동인당알벤다졸정400밀리그람_(0.4g/1정),664100160,2,세 (3)
20090300,2009-12-03,,,비급여,,안전성 및 유효성 미확립,albendazol,104303ATB,,,(주)아이월드제약,미만 (1),모아졸정(알벤다졸)_(0.4g/1정),669604480,2,세 (3)
20090300,2009-12-03,,,비급여,,안전성 및 유효성 미확립,albendazol,104303ATB,,,대한뉴팜(주),미만 (1),대한뉴팜알벤다졸정(알벤다졸)_(0.4g/1정),669907900,2,세 (3)
20090300,2009-12-03,,,비급여,,안전성 및 유효성 미확립,albendazol,104303ATB,,,아이큐어(주),미만 (1),다졸정(알벤다졸)_(0.4g/1정),674402130,2,세 (3)
20090300,2009-12-03,,,비급여,,안전성 및 유효성 미확립,albendazol,104303ATB,,,(주)다산제약,미만 (1),다산알벤다졸정400밀리그램_(0.4g/1정),678601790,2,세 (3)
20090300,2009-12-03,,,비급여,,안전성 및 유효성 미확립,albendazol,104303ATB,,,화일약품(주),미만 (1),화일알벤다졸정_(0.4g/1정),684500490,2,세 (3)
20090300,2009-12-03,,,비급여,,안전성 및 유효성 미확립,albendazol,104303ATB,,,(주)한국글로벌제약,미만 (1),글로알벤다졸정(알벤다졸)_(0.4g/1정),693200330,2,세 (3)
20090300,2009-12-03,,,비급여,,안전성 및 유효성 미확립,albendazol,104303ATB,,,일양바이오팜(주),미만 (1),일양바이오알벤다졸정_(0.4g/1정),696601820,2,세 (3)
20090300,2009-12-03,,,비급여,,안전성 및 유효성 미확립,albendazol,104303ATB,,,(주)테라젠이텍스,미만 (1),제니텔정(알벤다졸)_(0.4g/1정),698501010,2,세 (3)
20200130,2020-12-28,,,비급여,,,"Aluminium hydroxide, Benfotiamine, Pulvis Syzygii Flos(Clove Powder), Licorice Extract Powder, Pulvis Curcumae Radicis(Curcuma Root Powder), Fennel, Pulvis Ginseng Radicis,  Hydrotalcite, Magnesium hydroxide, Methylmethionine sulfonium chloride, Zingiberi",D30500AGN,,,한국코와(주),미만 (1),카베2코와과립_(13g),623900061,15,세 (3)
20220087,2022-12-15,,,비급여,,"중증 호흡억제가 나타날 수 있음, 12세 미만 소아에서 사망을 포함하는 중증 호흡억제 위험이 크다는 국외 보고 있음","Ammonium chloride, Chlorpheniramine, Dihydrocodeine, Methylephedrine, Pelargonium sidoides extract",690300ASY,,,주식회사다나젠,미만 (1),코다나에스시럽_(20mL),57600771,12,세 (3)
20230045,2023-07-05,,,비급여,,안전성 및 유효성 미확립,atropine sulfate,111836COS,,,(주)라이트팜텍,미만 (1),마이오가드점안액0.125%(아트로핀황산염)(1회용)_(0.5mg/0.4mL),690303201,4,세 (3)
20150021,2015-04-23,,,비급여,,,avanafil,616101ATB,,,제이더블유중외제약(주),이하 (2),제피드정100밀리그램(아바나필)_(0.1g/1정),644913320,18,세 (3)
20150021,2015-04-23,,,비급여,,,avanafil,616102ATB,,,제이더블유중외제약(주),이하 (2),제피드정200밀리그램(아바나필)_(0.2g/1정),644913330,18,세 (3)
20200130,2020-12-28,,,비급여,,,berberine tannate + kaolin + pectin,E47600ASY,,,일동제약(주),미만 (1),후라베린큐시럽_(90mL),642902551,19,세 (3)
20130047,2013-02-25,,,비급여,,"안전성 및 유효성 미확립. 시판 후 조사에서 이 약을 투여 받은 영아에서 무호흡, 서맥, 혼수, 저혈압, 저체온, 근육긴장저하, 기면, 창백, 호흡억제, 졸음이 보고됨",brimonidine tartrate,118432COS,,,한국산텐제약(주),미만 (1),브리모텐점안액0.15%(브리모니딘타르타르산염)_(7.5mg/5mL),665600331,2,세 (3)
20110110,2011-06-28,,,비급여,,"안전성 및 유효성 미확립. 시판 후 조사에서 이 약을 투여 받은 영아에서 무호흡, 서맥, 혼수, 저혈압, 저체온, 근육긴장저하, 기면, 창백, 호흡억제, 졸음이 보고됨",brimonidine tartrate,118436COS,,,(주)바슈헬스코리아,미만 (1),루미파이점안액0.025%(브리모니딘타르타르산염)_(1.875mg/7.5mL),664400291,2,세 (3)
20180088,2018-11-02,,,비급여,,"고령자에서 이 약의 중추신경계 이상반응에 대한 민감성이 더 크게 나타날 수 있음. 이 약은 대체로 신장에서 배설된다고 알려져 있으므로, 신기능이 감소되어 있을 가능성이 큰 고령의 환자는 이상반응의 위험성이 더 클 수 있음.","bupropion hydrochloride, naltrexone hydrochloride",651600ATR,,,광동제약(주),이하 (2),콘트라브서방정_(1정),641806060,18,세 (3)
20180088,2018-11-02,,,비급여,,"고령자에서 이 약의 중추신경계 이상반응에 대한 민감성이 더 크게 나타날 수 있음. 이 약은 대체로 신장에서 배설된다고 알려져 있으므로, 신기능이 감소되어 있을 가능성이 큰 고령의 환자는 이상반응의 위험성이 더 클 수 있음.","bupropion hydrochloride, naltrexone hydrochloride",651600ATR,,,광동제약(주),이상 (4),콘트라브서방정_(1정),641806060,75,세 (3)
20200130,2020-12-28,,,비급여,,,"Calcium carbonate, Cinnamon Oil, Diastase-protease-cellulase, Fennel Oil, Hydrotalcite, Lipase Ⅱ, Prozyme,  Sodium bicarbonate, Ursodeoxycholic acid",D07400ATB,,,일양약품(주),미만 (1),위제로정_(1정),641705950,15,세 (3)
20200130,2020-12-28,,,비급여,,,"Calcium pantothenate, Cyanocobalamin, Milk-thistle Fruit Dry Extract(Milk Thistle Dry Extract), Nicotinamide, Pyridoxine hydrochloride. Thiamine nitrate",306600ACS,,,크리스탈생명과학(주),이하 (2),헤파비트200연질캡슐_(1캡슐),52700830,12,세 (3)
20200130,2020-12-28,,,비급여,,,"Calcium pantothenate, Cyanocobalamin, Milk-thistle Fruit Dry Extract(Milk Thistle Dry Extract), Nicotinamide, Pyridoxine hydrochloride. Thiamine nitrate",306600ACS,,,제일헬스사이언스(주),이하 (2),리버텍션연질캡슐_(1캡슐),54300030,12,세 (3)
20200130,2020-12-28,,,비급여,,,"Calcium pantothenate, Cyanocobalamin, Milk-thistle Fruit Dry Extract(Milk Thistle Dry Extract), Nicotinamide, Pyridoxine hydrochloride. Thiamine nitrate",306600ACS,,,일양약품(주),이하 (2),가네탑골드연질캡슐_(1캡슐),641704520,12,세 (3)
20200130,2020-12-28,,,비급여,,,"Calcium pantothenate, Cyanocobalamin, Milk-thistle Fruit Dry Extract(Milk Thistle Dry Extract), Nicotinamide, Pyridoxine hydrochloride. Thiamine nitrate",306600ACS,,,광동제약(주),이하 (2),하이마린연질캡슐_(1캡슐),641803480,12,세 (3)
20200130,2020-12-28,,,비급여,,,"Calcium pantothenate, Cyanocobalamin, Milk-thistle Fruit Dry Extract(Milk Thistle Dry Extract), Nicotinamide, Pyridoxine hydrochloride. Thiamine nitrate",306600ACS,,,동성제약(주),이하 (2),리베마린200연질캡슐_(1캡슐),643201540,12,세 (3)
20200130,2020-12-28,,,비급여,,,"Calcium pantothenate, Cyanocobalamin, Milk-thistle Fruit Dry Extract(Milk Thistle Dry Extract), Nicotinamide, Pyridoxine hydrochloride. Thiamine nitrate",306600ACS,,,(주)종근당,이하 (2),액티리버골드연질캡슐_(1캡슐),643305170,12,세 (3)
20200130,2020-12-28,,,비급여,,,"Calcium pantothenate, Cyanocobalamin, Milk-thistle Fruit Dry Extract(Milk Thistle Dry Extract), Nicotinamide, Pyridoxine hydrochloride. Thiamine nitrate",306600ACS,,,에이프로젠제약(주),이하 (2),헤파피스연질캡슐_(1캡슐),645204040,12,세 (3)
20200130,2020-12-28,,,비급여,,,"Calcium pantothenate, Cyanocobalamin, Milk-thistle Fruit Dry Extract(Milk Thistle Dry Extract), Nicotinamide, Pyridoxine hydrochloride. Thiamine nitrate",306600ACS,,,한국코러스(주),이하 (2),리버텍트골드연질캡슐_(1캡슐),647202530,12,세 (3)
20200130,2020-12-28,,,비급여,,,"Calcium pantothenate, Cyanocobalamin, Milk-thistle Fruit Dry Extract(Milk Thistle Dry Extract), Nicotinamide, Pyridoxine hydrochloride. Thiamine nitrate",306600ACS,,,신일제약(주),이하 (2),리게논업연질캡슐_(1캡슐),653804600,12,세 (3)
20200130,2020-12-28,,,비급여,,,"Calcium pantothenate, Cyanocobalamin, Milk-thistle Fruit Dry Extract(Milk Thistle Dry Extract), Nicotinamide, Pyridoxine hydrochloride. Thiamine nitrate",306600ACS,,,영풍제약(주),이하 (2),헤파시린포르테연질캡슐_(1캡슐),661902160,12,세 (3)
20200130,2020-12-28,,,비급여,,,"Calcium pantothenate, Cyanocobalamin, Milk-thistle Fruit Dry Extract(Milk Thistle Dry Extract), Nicotinamide, Pyridoxine hydrochloride. Thiamine nitrate",306600ACS,,,아이큐어(주),이하 (2),리버파워포르테연질캡슐_(1캡슐),674400330,12,세 (3)
20200130,2020-12-28,,,비급여,,,"Calcium pantothenate, Cyanocobalamin, Milk-thistle Fruit Dry Extract(Milk Thistle Dry Extract), Nicotinamide, Pyridoxine hydrochloride. Thiamine nitrate",306600ACS,,,(주)서흥,이하 (2),리버플란연질캡슐_(1캡슐),679600530,12,세 (3)
20200130,2020-12-28,,,비급여,,,"Calcium pantothenate, Cyanocobalamin, Milk-thistle Fruit Dry Extract(Milk Thistle Dry Extract), Nicotinamide, Pyridoxine hydrochloride. Thiamine nitrate",306600ACS,,,동방에프티엘(주),이하 (2),헵타마인플러스연질캡슐_(1캡슐),680500170,12,세 (3)
20200130,2020-12-28,,,비급여,,,"Calcium pantothenate, Cyanocobalamin, Milk-thistle Fruit Dry Extract(Milk Thistle Dry Extract), Nicotinamide, Pyridoxine hydrochloride. Thiamine nitrate",306600ACS,,,(주)테라젠이텍스,이하 (2),헤파플러스연질캡슐_(1캡슐),698501340,12,세 (3)
20090300,2009-12-03,,,비급여,,안전성 및 유효성 미확립,cetirizine dihydrochloride,130501ACS,,,제일헬스사이언스(주),미만 (1),제일알지싹세티연질캡슐(세티리진염산염)_(10mg/1캡슐),54300560,6,세 (3)
20090300,2009-12-03,,,비급여,,안전성 및 유효성 미확립,cetirizine dihydrochloride,130501ACS,,,(주)마더스제약,미만 (1),아르쿨연질캡슐(세티리진염산염)_(10mg/1캡슐),622803190,6,세 (3)
20090300,2009-12-03,,,비급여,,안전성 및 유효성 미확립,cetirizine dihydrochloride,130501ACS,,,(주)대웅제약,미만 (1),알지엔스피드연질캡슐10밀리그램(세티리진염산염)_(10mg/1캡슐),641603110,6,세 (3)
20090300,2009-12-03,,,비급여,,안전성 및 유효성 미확립,cetirizine dihydrochloride,130501ACS,,,현대약품(주),미만 (1),시로제노연질캡슐(세티리진염산염)_(10mg/1캡슐),642004530,6,세 (3)
20090300,2009-12-03,,,비급여,,안전성 및 유효성 미확립,cetirizine dihydrochloride,130501ACS,,,동화약품(주),미만 (1),플로리진연질캡슐(세티리진염산염)_(10mg/1캡슐),642706550,6,세 (3)
20090300,2009-12-03,,,비급여,,안전성 및 유효성 미확립,cetirizine dihydrochloride,130501ACS,,,일동제약(주),미만 (1),세노바퀵연질캡슐(세티리진염산염)_(10mg/1캡슐),642906270,6,세 (3)
20090300,2009-12-03,,,비급여,,안전성 및 유효성 미확립,cetirizine dihydrochloride,130501ACS,,,동성제약(주),미만 (1),알레르텍연질캡슐(세티리진염산염)_(10mg/1캡슐),643203140,6,세 (3)
20090300,2009-12-03,,,비급여,,안전성 및 유효성 미확립,cetirizine dihydrochloride,130501ACS,,,(주)녹십자,미만 (1),알러샷연질캡슐(세티리진염산염)_(10mg/1캡슐),643604480,6,세 (3)
20090300,2009-12-03,,,비급여,,안전성 및 유효성 미확립,cetirizine dihydrochloride,130501ACS,,,에스케이케미칼(주),미만 (1),스르텍연질캡슐10mg(세티리진염산염)_(10mg/1캡슐),644704600,6,세 (3)
20090300,2009-12-03,,,비급여,,안전성 및 유효성 미확립,cetirizine dihydrochloride,130501ACS,,,동광제약(주),미만 (1),알앤샷연질캡슐(세티리진염산염)_(10mg/1캡슐),645906480,6,세 (3)
20090300,2009-12-03,,,비급여,,안전성 및 유효성 미확립,cetirizine dihydrochloride,130501ACS,,,진양제약(주),미만 (1),휴러진연질캡슐(세티리진염산염)_(10mg/1캡슐),650303780,6,세 (3)
20090300,2009-12-03,,,비급여,,안전성 및 유효성 미확립,cetirizine dihydrochloride,130501ACS,,,(주)알피바이오,미만 (1),아르텍연질캡슐10mg(세티리진염산염)_(10mg/1캡슐),661603150,6,세 (3)
20090300,2009-12-03,,,비급여,,안전성 및 유효성 미확립,cetirizine dihydrochloride,130501ACS,,,한국프라임제약(주),미만 (1),알러엔연질캡슐(세티리진염산염)_(10mg/1캡슐),663607010,6,세 (3)
20090300,2009-12-03,,,비급여,,안전성 및 유효성 미확립,cetirizine dihydrochloride,130501ACS,,,일양바이오팜(주),미만 (1),알러캡연질캡슐(세티리진염산염)_(10mg/1캡슐),696601880,6,세 (3)
20090300,2009-12-03,,,비급여,,안전성 및 유효성 미확립,cetirizine dihydrochloride,130501ATB,,,성이바이오(주),미만 (1),알진텍정(세티리진염산염)_(10mg/1정),72400410,6,세 (3)
20090300,2009-12-03,,,비급여,,안전성 및 유효성 미확립,cetirizine dihydrochloride,130501ATB,,,(주)한국파비스제약,미만 (1),알러팜정(세티리진염산염)_(10mg/1정),621804340,6,세 (3)
20090300,2009-12-03,,,비급여,,안전성 및 유효성 미확립,cetirizine dihydrochloride,130501ATB,,,(주)유한양행,미만 (1),유한세티리진정(세티리진염산염)_(10mg/1정),642106000,6,세 (3)
20090300,2009-12-03,,,비급여,,안전성 및 유효성 미확립,cetirizine dihydrochloride,130501ATB,,,(주)녹십자,미만 (1),씨즈날정(세티리진염산염)_(10mg/1정),643601250,6,세 (3)
20090300,2009-12-03,,,비급여,,안전성 및 유효성 미확립,cetirizine dihydrochloride,130501ATB,,,한솔신약(주),미만 (1),세티스정(세티리진염산염)_(10mg/1정),645801480,6,세 (3)
20090300,2009-12-03,,,비급여,,안전성 및 유효성 미확립,cetirizine dihydrochloride,130501ATB,,,에이치엘비제약(주),미만 (1),세리노즈정(세티리진염산염)_(10mg/1정),647300480,6,세 (3)
20090300,2009-12-03,,,비급여,,안전성 및 유효성 미확립,cetirizine dihydrochloride,130501ATB,,,경남제약(주),미만 (1),알로텍정(세티리진염산염)_(10mg/1정),647603810,6,세 (3)
20090300,2009-12-03,,,비급여,,안전성 및 유효성 미확립,cetirizine dihydrochloride,130501ATB,,,(주)한국파마,미만 (1),"파마염산세티리진정(수출명:세르텍정,와이케이피세르텍정)_(10mg/1정)",653003290,6,세 (3)
20090300,2009-12-03,,,비급여,,안전성 및 유효성 미확립,cetirizine dihydrochloride,130501ATB,,,(주)동구바이오제약,미만 (1),세진정(세티리진염산염)_(10mg/1정),657302200,6,세 (3)
20090300,2009-12-03,,,비급여,,안전성 및 유효성 미확립,cetirizine dihydrochloride,130501ATB,,,미래바이오제약㈜,미만 (1),노텍정(세티리진염산염)_(10mg/1정),657500110,6,세 (3)
20090300,2009-12-03,,,비급여,,안전성 및 유효성 미확립,cetirizine dihydrochloride,130501ATB,,,주식회사제뉴원사이언스,미만 (1),세레지아정(세티리진염산염)_(10mg/1정),671702580,6,세 (3)
20090300,2009-12-03,,,비급여,,안전성 및 유효성 미확립,cetirizine dihydrochloride,130501ATB,,,정우신약(주),미만 (1),알지텍정(세티리진염산염)_(10mg/1정),694204290,6,세 (3)
20090300,2009-12-03,,,비급여,,,cetirizine dihydrochloride,130504ALQ,,,일동제약(주),미만 (1),세노바액(세티리진염산염)_(0.5g/500mL),642900702,2,세 (3)
20090300,2009-12-03,,,비급여,,,cetirizine dihydrochloride,130507ALQ,,,조아제약(주),미만 (1),쥬르택액(세티리진염산염)_(10mg/10mL),644601161,2,세 (3)
20090300,2009-12-03,,,비급여,,,cetirizine dihydrochloride,130507ALQ,,,태극제약(주),미만 (1),지르세틴액(세티리진염산염)_(10mg/10mL),644804031,2,세 (3)
20090300,2009-12-03,,,비급여,,,cetirizine dihydrochloride,130509ALQ,,,일동제약(주),미만 (1),세노바액(세티리진염산염)_(60mg/60mL),642900701,2,세 (3)
20090300,2009-12-03,,,비급여,,안전성 및 유효성 미확립,cetirizine hydrochloride,739501ATB,,,코오롱제약(주),미만 (1),"바로세티정_(세티리진염산염, 10mg/1정)",670305050,6,세 (3)
20180088,2018-11-02,,,비급여,,,"chlorhexidine gluconate solution, lidocaine hydrochloride",660000CCM,,,(주)퍼슨,미만 (1),인카인겔_(11mL),657401421,24,개월 (2)
20180088,2018-11-02,,,비급여,,,"chlorhexidine gluconate solution, lidocaine hydrochloride",660000CCM,,,제일메딕스약품,미만 (1),인스틸라젤겔_(11mL),675100041,24,개월 (2)
20180088,2018-11-02,,,비급여,,,"chlorhexidine gluconate solution, lidocaine hydrochloride",660100CCM,,,동광제약(주),미만 (1),원틸라겔_(6mL),645906051,24,개월 (2)
20180088,2018-11-02,,,비급여,,,"chlorhexidine gluconate solution, lidocaine hydrochloride",660100CCM,,,제일메딕스약품,미만 (1),인스틸라젤겔_(6mL),675100031,24,개월 (2)
20180088,2018-11-02,,,비급여,,,"chlorhexidine gluconate solution, lidocaine hydrochloride",697200CCM,,,(주)퍼슨,미만 (1),인카인겔_(6mL),657401661,24,개월 (2)
20180088,2018-11-02,,,비급여,,,cholecalciferol concentrated powder (as vitamin D3),D07901ATB,,,한올바이오파마(주),미만 (1),플러스디정(콜레칼시페롤농축분말)_(10mg/1정),655604350,3,개월 (2)
20180088,2018-11-02,,,비급여,,,cholecalciferol concentrated powder (as vitamin D3),D07901ATB,,,(주)다림바이오텍,미만 (1),디맥정(농축콜레칼시페롤과립)_(10mg/1정),664602100,3,개월 (2)
20180088,2018-11-02,,,비급여,,,cholecalciferol concentrated powder (as vitamin D3),D07901ATB,,,(주)한국피엠지제약,미만 (1),애드민포르테정(콜레칼시페롤과립)_(10mg/1정),697100240,3,개월 (2)
20180088,2018-11-02,,,비급여,,,cholecalciferol concentrated powder (as vitamin D3),D07903ATB,,,맥널티제약(주),미만 (1),팩타민디쓰리정25000아이유(콜레칼시페롤농축분말)_(0.25mg/1정),641502450,3,개월 (2)
20180088,2018-11-02,,,비급여,,,cholecalciferol concentrated powder (as vitamin D3),D07903ATB,,,(주)한국팜비오,미만 (1),메가디쓰리정25000아이유(콜레칼시페롤농축분말)_(0.25mg/1정),659901270,3,개월 (2)
20180088,2018-11-02,,,비급여,,,cholecalciferol concentrated powder (as vitamin D3),D07904ATB,,,(주)다림바이오텍,미만 (1),디맥정7000아이유(농축콜레칼시페롤과립)_(70mg/1정),664602170,3,개월 (2)
20180088,2018-11-02,,,비급여,,,cholecalciferol concentrated powder (as vitamin D3),D07905ATB,,,(주)다림바이오텍,미만 (1),디맥정30000아이유(농축콜레칼시페롤과립)_(0.3g/1정),664602180,3,개월 (2)
20170086,2017-11-06,,,비급여,,,cholecalciferol concentrated powder (as vitamin D3),D07906ATB,,,리퓨어헬스케어(주),미만 (1),비코레드정22400아이유(콜레칼시페롤농축분말)_(0.224g/1정),679700450,3,개월 (2)
20180088,2018-11-02,,,비급여,,,cholecalciferol granule (as vitamin D3),D07902ATB,,,신일제약(주),미만 (1),브이디500아이유정(콜레칼시페롤과립)_(5mg/1정),653804910,3,개월 (2)
20090300,2009-12-03,,,비급여,,"안전성 및 유효성 미확립. 퀴놀론계 항균제는 몇몇 어린 동물종에서 특히 체중부하부위의 관절병증, 뼈연골증을 유발함",ciprofloxacin,134133BIJ,,,(주)대웅제약,미만 (1),씨프러스주(시프로플록사신)_(0.1g/50mL),641601761,18,세 (3)
20090300,2009-12-03,,,비급여,,"안전성 및 유효성 미확립. 퀴놀론계 항균제는 몇몇 어린 동물종에서 특히 체중부하부위의 관절병증, 뼈연골증을 유발함",ciprofloxacin,134133BIJ,,,명문제약(주),미만 (1),명문시프로플록사신주사_(0.1g/50mL/백),649804291,18,세 (3)
20090300,2009-12-03,,,비급여,,"안전성 및 유효성 미확립. 퀴놀론계 항균제는 몇몇 어린 동물종에서 특히 체중부하부위의 관절병증, 뼈연골증을 유발함",ciprofloxacin,134133BIJ,,,한국프라임제약(주),미만 (1),아시렌주2밀리그람(시프로플록사신)_(0.1g/50mL),663601221,18,세 (3)
20090300,2009-12-03,,,비급여,,"안전성 및 유효성 미확립. 퀴놀론계 항균제는 몇몇 어린 동물종에서 특히 체중부하부위의 관절병증, 뼈연골증을 유발함",ciprofloxacin,134134BIJ,,,제이텍바이오젠,미만 (1),유펙실주200mg(시프로플록사신)_(0.2g/100mL/백),659600341,18,세 (3)
20090300,2009-12-03,,,비급여,,"안전성 및 유효성 미확립. 퀴놀론계 항균제는 몇몇 어린 동물종에서 특히 체중부하부위의 관절병증, 뼈연골증을 유발함",ciprofloxacin,134134BIJ,,,제이텍바이오젠,미만 (1),유펙실주200mg(시프로플록사신)_(0.2g/100mL/병),659600342,18,세 (3)
20090300,2009-12-03,,,비급여,,"안전성 및 유효성 미확립. 퀴놀론계 항균제는 몇몇 어린 동물종에서 특히 체중부하부위의 관절병증, 뼈연골증을 유발함",ciprofloxacin hydrochloride (as ciprofloxacin),134103ATB,,,한올바이오파마(주),미만 (1),한올염산시프로플록사신정250밀리그램_(0.291g/1정),655602920,18,세 (3)
20090300,2009-12-03,,,비급여,,"안전성 및 유효성 미확립. 퀴놀론계 항균제는 몇몇 어린 동물종에서 특히 체중부하부위의 관절병증, 뼈연골증을 유발함",ciprofloxacin hydrochloride (as ciprofloxacin),134103ATB,,,(주)테라젠이텍스,미만 (1),씨프라논정250mg(염산시프로플록사신)(수출명:CIPROMEDTabs.250mgCIPROXALTabs.250mgVIROSINTabs.250mg)_(0.291g/1정),698501850,18,세 (3)
20090300,2009-12-03,,,비급여,,"안전성 및 유효성 미확립. 퀴놀론계 항균제는 몇몇 어린 동물종에서 특히 체중부하부위의 관절병증, 뼈연골증을 유발함",ciprofloxacin hydrochloride (as ciprofloxacin),134105ATB,,,유니메드제약(주),미만 (1),참시프로플록사신정500밀리그람(염산시프로플록사신)(수출명:키노플록스정)_(0.582g/1정),649503680,18,세 (3)
20090300,2009-12-03,,,비급여,,"안전성 및 유효성 미확립. 퀴놀론계 항균제는 몇몇 어린 동물종에서 특히 체중부하부위의 관절병증, 뼈연골증을 유발함",ciprofloxacin hydrochloride (as ciprofloxacin),134105ATB,,,(주)하원제약,미만 (1),싸이로칸정500밀리그람(염산시프로플록사신)_(0.582g/1정),651500860,18,세 (3)
20190041,2019-05-22,,,비급여,,"소아는 체중당 체표면적의 비율이 성인보다 커서 코르티코이드로 인해 HPA축(시상하부-뇌하수체-부신 축) 억제, 쿠싱증후군, 발육장애, 두개내압항진 등이 나타나기 쉬움",clobetasol propionate,135839CLT,,,에이치케이이노엔(주),미만 (1),케이타솔로션(클로베타솔프로피오네이트)_(55mg/110mL),640007601,24,개월 (2)
20040002,2004-01-16,,,비급여,,"소아는 체중당 체표면적의 비율이 성인보다 커서 코르티코이드로 인해 HPA축(시상하부-뇌하수체-부신 축) 억제, 쿠싱증후군, 발육장애, 두개내압항진 등이 나타나기 쉬움",clobetasol propionate,135845CLQ,,,주식회사 더유제약,미만 (1),듀오벡스액(클로베타솔프로피오네이트)_(50mg/100g),57000671,24,개월 (2)
20040002,2004-01-16,,,비급여,,"소아는 체중당 체표면적의 비율이 성인보다 커서 코르티코이드로 인해 HPA축(시상하부-뇌하수체-부신 축) 억제, 쿠싱증후군, 발육장애, 두개내압항진 등이 나타나기 쉬움",clobetasol propionate,135846CLQ,,,갈더마코리아(주),미만 (1),클로벡스액0.05%(클로베타솔프로피오네이트)_(62.5mg/125mL),655700243,24,개월 (2)
20040002,2004-01-16,,,비급여,,"소아는 체중당 체표면적의 비율이 성인보다 커서 코르티코이드로 인해 HPA축(시상하부-뇌하수체-부신 축) 억제, 쿠싱증후군, 발육장애, 두개내압항진 등이 나타나기 쉬움",clobetasol propionate,135847CLQ,,,㈜동구바이오제약,미만 (1),도모호론액0.05%(클로베타솔프로피오네이트)_(75mg/150g),657308691,24,개월 (2)
20100278,2010-12-17,,,비급여,,영아에 대해 독성이 빈번하게 발생,dactinomycin,140101BIJ,,,한국유나이티드제약(주),미만 (1),한국유나이티드닥티노마이신주_(0.5mg/1병),644309551,1,세 (3)
20050017,2005-03-09,,,비급여,,벤질알코올은 조숙아에서 치명적인 가쁜 호흡증상과 연관이 있는 것으로 보고됨,diclofenac sodium,143534BIJ,,,삼진제약(주),미만 (1),삼진디클로페낙나트륨주사_(75mg/3mL),647800771,4,주 (1)
20050017,2005-03-09,,,비급여,,벤질알코올은 조숙아에서 치명적인 가쁜 호흡증상과 연관이 있는 것으로 보고됨,diclofenac sodium,143534BIJ,,,한국유니온제약(주),미만 (1),유니페낙주3밀리리터(디클로페낙나트륨)(수출명:Union diclofenac sodium Inj.75㎎)_(75mg/3mL),665503641,4,주 (1)
20130047,2013-02-25,,,비급여,,안전성 및 유효성 미확립,dicyclomine hydrochloride,143701ACH,,,조아제약(주),이하 (2),스파토민캡슐(디시클로민염산염)_(10mg/1캡슐),644600620,6,개월 (2)
20130047,2013-02-25,,,비급여,,안전성 및 유효성 미확립,dicyclomine hydrochloride,143701ATB,,,신일제약(주),이하 (2),이지정(디시클로민염산염)_(10mg/1정),653802250,6,개월 (2)
20090300,2009-12-03,,,비급여,,안전성 및 유효성 미확립,diethylpropion hydrochloride,551601ATB,,,(주)인트로바이오파마,이하 (2),디에칠정(디에틸프로피온염산염)_(25mg/1정),52401900,16,세 (3)
20090300,2009-12-03,,,비급여,,안전성 및 유효성 미확립,diethylpropion hydrochloride,551601ATB,,,(주)마더스제약,이하 (2),엠피온정(디에틸프로피온염산염)_(25mg/1정),622802310,16,세 (3)
20090300,2009-12-03,,,비급여,,안전성 및 유효성 미확립,diethylpropion hydrochloride,551601ATB,,,(주)바이넥스,이하 (2),디피온정(디에틸프로피온염산염)_(25mg/1정),643100130,16,세 (3)
20090300,2009-12-03,,,비급여,,안전성 및 유효성 미확립,diethylpropion hydrochloride,551601ATB,,,조아제약(주),이하 (2),암페몬정(디에틸프로피온염산염)_(25mg/1정),644600740,16,세 (3)
20090300,2009-12-03,,,비급여,,안전성 및 유효성 미확립,diethylpropion hydrochloride,551601ATB,,,태극제약(주),이하 (2),에닝정(디에틸프로피온염산염)_(25mg/1정),644801400,16,세 (3)
20090300,2009-12-03,,,비급여,,안전성 및 유효성 미확립,diethylpropion hydrochloride,551601ATB,,,한국휴텍스제약(주),이하 (2),슬리피온정(디에틸프로피온염산염)_(25mg/1정),649104390,16,세 (3)
20090300,2009-12-03,,,비급여,,안전성 및 유효성 미확립,diethylpropion hydrochloride,551601ATB,,,명문제약(주),이하 (2),레노씬정(디에틸프로피온염산염)_(25mg/1정),649800420,16,세 (3)
20090300,2009-12-03,,,비급여,,안전성 및 유효성 미확립,diethylpropion hydrochloride,551601ATB,,,알보젠코리아(주),이하 (2),테뉴에이트정(디에틸프로피온염산염)_(25mg/1정),652604880,16,세 (3)
20090300,2009-12-03,,,비급여,,안전성 및 유효성 미확립,diethylpropion hydrochloride,551601ATB,,,(주)한국파마,이하 (2),엘피온정25밀리그램(디에틸프로피온염산염)_(25mg/1정),653006570,16,세 (3)
20090300,2009-12-03,,,비급여,,안전성 및 유효성 미확립,diethylpropion hydrochloride,551601ATB,,,(주)휴온스,이하 (2),웰피온정(디에틸프로피온염산염)_(25mg/1정),670601800,16,세 (3)
20090300,2009-12-03,,,비급여,,안전성 및 유효성 미확립,diethylpropion hydrochloride,551601ATB,,,(주)제뉴파마,이하 (2),레피온정(디에틸프로피온염산염)_(25mg/1정),698003160,16,세 (3)
20090300,2009-12-03,,,비급여,,안전성 및 유효성 미확립,doxazosin mesylate (as doxazocin),149102ATB,,,미래바이오제약㈜,이하 (2),카조라정2mg(독사조신메실산염)_(2.43mg/1정),657500980,12,세 (3)
20070030,2007-04-11,,,비급여,,"1. 마크로라이드 불응성 마이코플라즈마 폐렴 소아환자에게 투여가능 : 마크로라이드계 항생제 투여 3일 후에도 증상이 개선되지 않는 소아[보건복지부 고시 제2023-252호(약제), ’23.12.20. 참고]2. 8세 이상 신중투여, 다만 다른 약을 사용할 수 없거나 효과가 없는 경우에만3. 소아 등(특히 치아 형성기인 12세 미만의 소아)에 투여 시, 치아의 착색 및 법량질 형성 부전 또는 일괄성 골발육 부전을 일으킬 수 있음",doxycycline hydrate,149501ACH,,,(주)마더스제약,미만 (1),유니독시캅셀(독시사이클린수화물)_(0.1g/1캡슐),622804290,12,세 (3)
20090300,2009-12-03,,,비급여,,소아에 항히스타민제 투여 시 paradoxical excitation 유발 가능,doxylamine succinate,149801ATB,,,(주)와이에스생명과학,이하 (2),자모다정(독시라민숙신산염)_(25mg/1정),79100030,15,세 (3)
20090300,2009-12-03,,,비급여,,소아에 항히스타민제 투여 시 paradoxical excitation 유발 가능,doxylamine succinate,149801ATB,,,(주)한국파비스제약,이하 (2),포린피아정(독시라민숙신산염)_(25mg/1정),621801780,15,세 (3)
20090300,2009-12-03,,,비급여,,소아에 항히스타민제 투여 시 paradoxical excitation 유발 가능,doxylamine succinate,149801ATB,,,일양약품(주),이하 (2),자멘쏙정(독시라민숙신산염)_(25mg/1정),641706020,15,세 (3)
20090300,2009-12-03,,,비급여,,소아에 항히스타민제 투여 시 paradoxical excitation 유발 가능,doxylamine succinate,149801ATB,,,삼익제약(주),이하 (2),자믹정(독시라민숙신산염)_(25mg/1정),644001460,15,세 (3)
20090300,2009-12-03,,,비급여,,소아에 항히스타민제 투여 시 paradoxical excitation 유발 가능,doxylamine succinate,149801ATB,,,조아제약(주),이하 (2),잠피아정(독시라민숙신산염)_(25mg/1정),644603770,15,세 (3)
20090300,2009-12-03,,,비급여,,소아에 항히스타민제 투여 시 paradoxical excitation 유발 가능,doxylamine succinate,149801ATB,,,태극제약(주),이하 (2),자미슬정(독시라민숙신산염)_(25mg/1정),644801620,15,세 (3)
20090300,2009-12-03,,,비급여,,소아에 항히스타민제 투여 시 paradoxical excitation 유발 가능,doxylamine succinate,149801ATB,,,(주)씨엠지제약,이하 (2),자비론정(독시라민숙신산염)_(25mg/1정),648601420,15,세 (3)
20090300,2009-12-03,,,비급여,,소아에 항히스타민제 투여 시 paradoxical excitation 유발 가능,doxylamine succinate,149801ATB,,,지엘파마(주),이하 (2),스메르정(독시라민숙신산염)_(25mg/1정),649700340,15,세 (3)
20090300,2009-12-03,,,비급여,,소아에 항히스타민제 투여 시 paradoxical excitation 유발 가능,doxylamine succinate,149801ATB,,,알파제약(주),이하 (2),아졸정(독시라민석시네이트)_(25mg/1정),654200460,15,세 (3)
20090300,2009-12-03,,,비급여,,소아에 항히스타민제 투여 시 paradoxical excitation 유발 가능,doxylamine succinate,149801ATB,,,알리코제약(주),이하 (2),아론정(독시라민숙신산염)_(25mg/1정),656000690,15,세 (3)
20070030,2007-04-11,,,비급여,,안전성 및 유효성 미확립,dutasteride,458801ACS,,,주식회사 더유제약,미만 (1),모더다트연질캡슐0.5밀리그램(두타스테리드)_(0.5mg/1캡슐),57001740,18,세 (3)
20070030,2007-04-11,,,비급여,,안전성 및 유효성 미확립,dutasteride,458801ACS,,,(주)킴스제약,미만 (1),두타앤연질캡슐0.5mg(두타스테리드)_(0.5mg/1캡슐),59600750,18,세 (3)
20070030,2007-04-11,,,비급여,,안전성 및 유효성 미확립,dutasteride,458801ACS,,,맥널티제약(주),미만 (1),두타온연질캡슐0.5밀리그램(두타스테리드)_(0.5mg/1캡슐),641502720,18,세 (3)
20070030,2007-04-11,,,비급여,,안전성 및 유효성 미확립,dutasteride,458801ACS,,,안국약품(주),미만 (1),에이두타연질캡슐0.5밀리그램(두타스테리드)_(0.5mg/1캡슐),650206090,18,세 (3)
20070030,2007-04-11,,,비급여,,안전성 및 유효성 미확립,dutasteride,458801ACS,,,한올바이오파마(주),미만 (1),아다모연질캡슐0.5밀리그램(두타스테리드)_(0.5mg/1캡슐),655605040,18,세 (3)
20070030,2007-04-11,,,비급여,,안전성 및 유효성 미확립,dutasteride,458801ACS,,,(유)한풍제약,미만 (1),두타윈연질캡슐0.5밀리그램(두타스테리드)_(0.5mg/1캡슐),658107100,18,세 (3)
20070030,2007-04-11,,,비급여,,안전성 및 유효성 미확립,dutasteride,458801ACS,,,(주)시어스제약,미만 (1),두리스연질캡슐0.5밀리그램(두타스테리드)_(0.5mg/1캡슐),689001720,18,세 (3)
20070030,2007-04-11,,,비급여,,안전성 및 유효성 미확립,dutasteride,458801ACS,,,(주)테라젠이텍스,미만 (1),이노다트연질캡슐0.5밀리그램(두타스테리드)_(0.5mg/1캡슐),698504970,18,세 (3)
20230045,2023-07-05,,,비급여,,안전성 및 유효성 미확립,dutasteride,458801ATB,,,(주)인트로바이오파마,미만 (1),모모다트정(두타스테리드)_(0.5mg/1정),52401940,18,세 (3)
20230045,2023-07-05,,,비급여,,안전성 및 유효성 미확립,dutasteride,458801ATB,,,주식회사다나젠,미만 (1),모벤두타정0.5밀리그램(두타스테리드)_(0.5mg/1정),57600960,18,세 (3)
20230045,2023-07-05,,,비급여,,안전성 및 유효성 미확립,dutasteride,458801ATB,,,(주)이든파마,미만 (1),두타엠정0.5밀리그램(두타스테리드)_(0.5mg/1정),628901850,18,세 (3)
20230045,2023-07-05,,,비급여,,안전성 및 유효성 미확립,dutasteride,458801ATB,,,광동제약(주),미만 (1),두아모정(두타스테리드)_(0.5mg/1정),641806650,18,세 (3)
20230045,2023-07-05,,,비급여,,안전성 및 유효성 미확립,dutasteride,458801ATB,,,한국휴텍스제약(주),미만 (1),원투스테리드정0.5mg(두타스테리드)_(0.5mg/1정),649103980,18,세 (3)
20230045,2023-07-05,,,비급여,,안전성 및 유효성 미확립,dutasteride,458801ATB,,,한국유니온제약(주),미만 (1),두타모정0.5밀리그램(두타스테리드)_(0.5mg/1정),665508180,18,세 (3)
20230045,2023-07-05,,,비급여,,안전성 및 유효성 미확립,dutasteride,458801ATB,,,(주)휴온스,미만 (1),휴메리나정0.5밀리그램(두타스테리드)_(0.5mg/1정),670608590,18,세 (3)
20230045,2023-07-05,,,비급여,,안전성 및 유효성 미확립,dutasteride,458801ATB,,,제이더블유생명과학(주),미만 (1),두타모아정0.5밀리그램(두타스테리드)_(0.5mg/1정),678901190,18,세 (3)
20230045,2023-07-05,,,비급여,,안전성 및 유효성 미확립,dutasteride,458802ATB,,,㈜유앤생명과학,미만 (1),아보페시아정0.2밀리그램(두타스테리드)_(0.2mg/1정),58801260,18,세 (3)
20230045,2023-07-05,,,비급여,,안전성 및 유효성 미확립,dutasteride,458802ATB,,,㈜대웅제약,미만 (1),두타리모정0.2밀리그램(두타스테리드)_(0.2mg/1정),641608100,18,세 (3)
20230045,2023-07-05,,,비급여,,안전성 및 유효성 미확립,dutasteride,458802ATB,,,(주)유한양행,미만 (1),모바나정0.2밀리그램(두타스테리드)_(0.2mg/1정),642106180,18,세 (3)
20230045,2023-07-05,,,비급여,,안전성 및 유효성 미확립,dutasteride,458802ATB,,,경동제약(주),미만 (1),두발칸정0.2밀리그램(두타스테리드)_(0.2mg/1정),648105080,18,세 (3)
20230045,2023-07-05,,,비급여,,안전성 및 유효성 미확립,dutasteride,458802ATB,,,(주)한독,미만 (1),모두스타정0.2밀리그램(두타스테리드)_(0.2mg/1정),652105980,18,세 (3)
20220049,2022-06-30,,,비급여,,18세 미만의 소아 환자에서의 안전성 및 유효성 미확립,eszopiclone,680401ATB,,,환인제약(주),미만 (1),조피타정1밀리그램(에스조피클론)_(1mg/1정),657203680,18,세 (3)
20220049,2022-06-30,,,비급여,,18세 미만의 소아 환자에서의 안전성 및 유효성 미확립,eszopiclone,680402ATB,,,환인제약(주),미만 (1),조피타정2밀리그램(에스조피클론)_(2mg/1정),657203670,18,세 (3)
20220049,2022-06-30,,,비급여,,18세 미만의 소아 환자에서의 안전성 및 유효성 미확립,eszopiclone,680403ATB,,,환인제약(주),미만 (1),조피타정3밀리그램(에스조피클론)_(3mg/1정),657203660,18,세 (3)
20190131,2019-12-17,,,비급여,,적절한 투여 용량 및 안전성 미확립,fentanyl citrate (as fentanyl),158309ATC,,,현대약품(주),미만 (1),액틱구강정1200마이크로그램(구연산펜타닐)_(1.8852mg/1정),642000810,18,세 (3)
20190131,2019-12-17,,,비급여,,적절한 투여 용량 및 안전성 미확립,fentanyl citrate (as fentanyl),158310ATC,,,현대약품(주),미만 (1),액틱구강정1600마이크로그램(구연산펜타닐)_(2.5136mg/1정),642000820,18,세 (3)
20090300,2009-12-03,,,비급여,,"안전성 및 유효성 미확립. 조산아에 펜타닐, 판쿠로늄, 아트로핀이 포함된 응급마취 및 수술 시 메트헤모글로빈혈증이 드물게 보고됨",fentanyl citrate (as fentanyl),158330BIJ,,,대한약품공업(주),미만 (1),대한펜타닐주사액_(50μg/1mL),645103511,2,세 (3)
20090300,2009-12-03,,,비급여,,"안전성 및 유효성 미확립. 조산아에 펜타닐, 판쿠로늄, 아트로핀이 포함된 응급마취 및 수술 시 메트헤모글로빈혈증이 드물게 보고됨",fentanyl citrate (as fentanyl),158330BIJ,,,대원제약(주),미만 (1),대원펜타닐시트르산염주사액_(78.5μg/1mL),671805191,2,세 (3)
20090300,2009-12-03,,,비급여,,"안전성 및 유효성 미확립. 조산아에 펜타닐, 판쿠로늄, 아트로핀이 포함된 응급마취 및 수술 시 메트헤모글로빈혈증이 드물게 보고됨",fentanyl citrate (as fentanyl),158334BIJ,,,대한약품공업(주),미만 (1),대한펜타닐주사액_(1.5mg/30mL),645103221,2,세 (3)
20200130,2020-12-28,,,비급여,,,hydrotalcite,171433AGN,,,(주)다산제약,미만 (1),하이탈로트과립(히드로탈시트)_(0.5g/1포),678600751,15,세 (3)
20200130,2020-12-28,,,비급여,,,hydrotalcite,171435APD,,,에스피씨(주),미만 (1),에스피씨히드로탈시트산_(100g/200g),669700032,15,세 (3)
20200130,2020-12-28,,,비급여,,,"Hydrotalcite, Azulene, L-glutamine",285500ATB,,,(주)한독,미만 (1),복합탈시드츄어블정_(1정),652100460,15,세 (3)
20050017,2005-03-09,,,비급여,,벤질알코올은 조숙아에서 치명적인 가쁜 호흡증상과 연관이 있는 것으로 보고됨,hydroxocobalamin,171531BIJ,,,광동제약(주),미만 (1),히드케이주(히드록소코발라민)_(5mg/2mL),641806731,4,주 (1)
20050017,2005-03-09,,,비급여,,벤질알코올은 조숙아에서 치명적인 가쁜 호흡증상과 연관이 있는 것으로 보고됨,hydroxocobalamin,171531BIJ,,,동광제약(주),미만 (1),레드업주(히드록소코발라민)_(5mg/2mL),645906271,4,주 (1)
20050017,2005-03-09,,,비급여,,벤질알코올은 조숙아에서 치명적인 가쁜 호흡증상과 연관이 있는 것으로 보고됨,hydroxocobalamin,171531BIJ,,,경동제약(주),미만 (1),비타비더즌주(히드록소코발라민)_(5mg/2mL),648103861,4,주 (1)
20050017,2005-03-09,,,비급여,,벤질알코올은 조숙아에서 치명적인 가쁜 호흡증상과 연관이 있는 것으로 보고됨,hydroxocobalamin,171531BIJ,,,(주)녹십자웰빙,미만 (1),지씨비타일이주(히드록소코발라민)_(5mg/2mL),681100351,4,주 (1)
20090300,2009-12-03,,,비급여,,안전성 및 유효성 미확립,ibandronate sodium monohydrate (as ibandronic acid),480304ATB,,,동성제약(주),이하 (2),반드론산정(이반드론산나트륨일수화물)_(0.15g/1정),643203320,18,세 (3)
20090300,2009-12-03,,,비급여,,안전성 및 유효성 미확립,ibandronic acid monosodium salt monohydrate (as ibandronic acid),480330BIJ,,,(주)휴비스트제약,이하 (2),오스테포스주사(이반드론산나트륨일수화물)_(3.374mg/3mL),628801141,18,세 (3)
20110227,2011-11-24,,,비급여,,"이소프로필안티피린 함유제제(단일제, 복합제)",isopropylantipyrine 함유제제,252500ATB,,,삼진제약(주),미만 (1),게보린정(수출명:돌로린정)_(1정),647800040,15,세 (3)
20110227,2011-11-24,,,비급여,,"이소프로필안티피린 함유제제(단일제, 복합제)",isopropylantipyrine 함유제제,A04200ATB,,,바이엘코리아(주),미만 (1),사리돈에이정_(1정),641100110,15,세 (3)
20110227,2011-11-24,,,비급여,,,ketoprofen,179705CPL,,,(주)유한양행,미만 (1),안티푸라민롤파스(케토프로펜)_(7X5㎠/1매),642104660,15,세 (3)
20110227,2011-11-24,,,비급여,,,ketoprofen,179706CPL,,,(주)유한양행,미만 (1),안티푸라민케토플라스타(케토프로펜)_(7X10㎠/1매),642105300,15,세 (3)
20110227,2011-11-24,,,비급여,,,ketoprofen,179706CPL,,,동국제약(주),미만 (1),사라펜플라스타(케토프로펜)_(7X10㎠/1매),653404120,15,세 (3)
20040002,2004-01-16,,,비급여,,안전성 및 유효성 미확립. 벤질알코올은 조숙아에서 치명적인 가쁜 호흡증상과 연관이 있는 것으로 보고됨,ketoprofen,179731BIJ,,,(주)제일제약,미만 (1),제일제약케토프로펜주_(0.1g/2mL),650500691,4,주 (1)
20110227,2011-11-24,,,비급여,,,ketoprofen,179733CCM,,,(주)한국파비스제약,미만 (1),케펜겔(케토프로펜)_(1.5g/50g),621800571,15,세 (3)
20110227,2011-11-24,,,비급여,,,ketoprofen,179733CCM,,,동성제약(주),미만 (1),케토팝겔(케토프로펜)_(1.5g/50g),643203311,15,세 (3)
20110227,2011-11-24,,,비급여,,,ketoprofen,179733CCM,,,(주)씨엠지제약,미만 (1),아마프로겔3%(케토프로펜)_(1.5g/50g),648602101,15,세 (3)
20110227,2011-11-24,,,비급여,,,ketoprofen,179733CCM,,,주식회사제뉴원사이언스,미만 (1),케토에스겔(케토프로펜)_(1.5g/50g),671700051,15,세 (3)
20110227,2011-11-24,,,비급여,,,ketoprofen,179733CCM,,,(주)시어스제약,미만 (1),케프겔(케토프로펜)_(1.5g/50g/튜브),689001191,15,세 (3)
20110227,2011-11-24,,,비급여,,,ketoprofen,179733CCM,,,(주)시어스제약,미만 (1),케프겔(케토프로펜)_(1.5g/50g/병),689001192,15,세 (3)
20110227,2011-11-24,,,비급여,,,ketoprofen,179739CCM,,,(주)시어스제약,미만 (1),케프겔(케토프로펜)_(3g/100g/튜브),689001193,15,세 (3)
20110227,2011-11-24,,,비급여,,,ketoprofen,179739CCM,,,(주)시어스제약,미만 (1),케프겔(케토프로펜)_(3g/100g/병),689001194,15,세 (3)
20110227,2011-11-24,,,비급여,,,ketoprofen,179740CCM,,,(주)시어스제약,미만 (1),케프겔(케토프로펜)_(3.3g/110g/튜브),689001195,15,세 (3)
20110227,2011-11-24,,,비급여,,,ketoprofen,179741CCM,,,한국메나리니(주),미만 (1),파스툼겔(케토프로펜)_(1.25g/50g),674900381,15,세 (3)
20110227,2011-11-24,,,비급여,,,ketoprofen,179901CPO,,,대화제약(주),미만 (1),케토엑스투카타플라스마(케토프로펜)_(9X13㎠/1매),645601750,15,세 (3)
20110227,2011-11-24,,,비급여,,,ketoprofen,179901CPO,,,대화제약(주),미만 (1),탑스에프카타플라스마(케토프로펜)_(10X14㎠/1매),645601870,15,세 (3)
20110227,2011-11-24,,,비급여,,,ketoprofen,179904CPO,,,아이큐어(주),미만 (1),아이파프케어팝카타플라스마(케토프로펜)_(10X14㎠/1매),674402050,15,세 (3)
20110227,2011-11-24,,,비급여,,,ketoprofen,179904CPO,,,(주)티디에스팜,미만 (1),파프케이플러스카타플라스마(케토프로펜)_(10X14㎠/1매),679800630,15,세 (3)
20110227,2011-11-24,,,비급여,,,ketoprofen,179908CPO,,,일동제약(주),미만 (1),케노펜쿨링카타플라스마(케토프로펜)_(9X13㎠/1매),642902110,15,세 (3)
20110227,2011-11-24,,,비급여,,,ketoprofen,179909CPO,,,제일헬스사이언스(주),미만 (1),제일파프케이카타플라스마(케토프로펜)_(9X13㎠/1매),54300240,15,세 (3)
20110227,2011-11-24,,,비급여,,,ketoprofen,179909CPO,,,(주)보령,미만 (1),맨담케토쿨카타플라스마(케토프로펜)_(9X13㎠/1매),641904400,15,세 (3)
20110227,2011-11-24,,,비급여,,,ketoprofen,179909CPO,,,태극제약(주),미만 (1),파인스쿨푸로펜카타플라스마(케토프로펜)_(9X13㎠/1매),644805510,15,세 (3)
20110227,2011-11-24,,,비급여,,,ketoprofen,179909CPO,,,대화제약(주),미만 (1),탑스에프카타플라스마(케토프로펜)_(9X13㎠/1매),645603920,15,세 (3)
20110227,2011-11-24,,,비급여,,,ketoprofen,179911CPO,,,(주)녹십자,미만 (1),제놀탑에스카타플라스마(케토프로펜)_(6X8㎠/1매),643601520,15,세 (3)
20110227,2011-11-24,,,비급여,,,ketoprofen,179912CPO,,,(주)유한양행,미만 (1),안티푸라민케토카타플라스마(케토프로펜)_(12X8㎠/1매),642105310,15,세 (3)
20110227,2011-11-24,,,비급여,,,ketoprofen,179912CPO,,,(주)녹십자,미만 (1),제놀탑에스카타플라스마(케토프로펜)_(8X12㎠/1매),643604560,15,세 (3)
20110227,2011-11-24,,,비급여,,,ketoprofen,179912CPO,,,제이더블유중외제약(주),미만 (1),노펜스트롱카타플라스마(케토프로펜)_(12X8㎠/1매),644912250,15,세 (3)
20110227,2011-11-24,,,비급여,,,ketoprofen,179912CPO,,,아이큐어(주),미만 (1),아이파프케어팝카타플라스마(케토프로펜)_(12X8㎠/1매),674402060,15,세 (3)
20110227,2011-11-24,,,비급여,,,ketoprofen,179912CPO,,,(주)티디에스팜,미만 (1),파프케이플러스카타플라스마(케토프로펜)_(12X8㎠/1매),679801280,15,세 (3)
20110227,2011-11-24,,,비급여,,,ketoprofen,179914CPO,,,제일헬스사이언스(주),미만 (1),제일케토파워카타플라스마(케토프로펜)_(9X13㎠/1매),54300470,15,세 (3)
20110227,2011-11-24,,,비급여,,,ketoprofen,179914CPO,,,현대약품(주),미만 (1),케프로텍카타플라스마(케토프로펜)_(50.14mg/1매),642004660,15,세 (3)
20110227,2011-11-24,,,비급여,,,ketoprofen,179915CPL,,,(주)티디에스팜,미만 (1),케로펜디플라스타(케토프로펜)_(7.5×12㎠/1매),679801630,15,세 (3)
20110227,2011-11-24,,,비급여,,,ketoprofen,179916CPL,,,에스케이케미칼(주),미만 (1),트라스트핑거플라스타(케토프로펜)_(10㎠/1매),644704800,15,세 (3)
20110227,2011-11-24,,,비급여,,,ketoprofen(f.),179901CPL,,,(주)텔콘알에프제약,미만 (1),케토진첩부제(케토프로펜)_(7x10㎠/1매),625500110,15,세 (3)
20110227,2011-11-24,,,비급여,,,ketoprofen(f.),179901CPL,,,현대약품(주),미만 (1),케프로텍플라스타(케토프로펜)_(7X10㎠/1매),642001060,15,세 (3)
20110227,2011-11-24,,,비급여,,,ketoprofen(f.),179901CPL,,,신신제약(주),미만 (1),신신케토크린24플라스타(케토프로펜)_(7X10㎠/1매),643800380,15,세 (3)
20110227,2011-11-24,,,비급여,,,ketoprofen(f.),179901CPL,,,대화제약(주),미만 (1),"케바논첩부제(케토프로펜)(수출명:PlasterJoint,PolyArtritoPlast,KEPAX)_(7X10㎠/1매)",645601710,15,세 (3)
20110227,2011-11-24,,,비급여,,,ketoprofen(f.),179901CPL,,,동광제약(주),미만 (1),류마켄플라스타(케토프로펜)_(7X10㎠/1매),645901330,15,세 (3)
20110227,2011-11-24,,,비급여,,,ketoprofen(f.),179901CPL,,,신일제약(주),미만 (1),하루펜플라스타(케토프로펜)_(70㎠/1매),653802800,15,세 (3)
20110227,2011-11-24,,,비급여,,,ketoprofen(f.),179901CPL,,,(주)오현파마코푸레이션,미만 (1),케프로펜경고제(케토프로펜)_(7X14㎠/1매),660600310,15,세 (3)
20110227,2011-11-24,,,비급여,,,ketoprofen(f.),179901CPL,,,(주)경보제약,미만 (1),플라톱플라스타(케토프로펜)_(7X10㎠/1매),665000700,15,세 (3)
20110227,2011-11-24,,,비급여,,,ketoprofen(f.),179901CPL,,,메디코스팜,미만 (1),케로팝경고제(케토프로펜)_(7X14㎠/1매),667700070,15,세 (3)
20110227,2011-11-24,,,비급여,,,ketoprofen(f.),179901CPL,,,메디코스팜,미만 (1),케토프로첩부제(케토프로펜)_(10X7㎠/1매),667700100,15,세 (3)
20110227,2011-11-24,,,비급여,,,ketoprofen(f.),179901CPL,,,아이큐어(주),미만 (1),케논에스플라스타(케토프로펜)_(10㎠/1매),674400040,15,세 (3)
20110227,2011-11-24,,,비급여,,,ketoprofen(f.),179901CPL,,,(주)티디에스팜,미만 (1),케로펜디플라스타(케토프로펜)_(7×10㎠/1매),679801620,15,세 (3)
20110227,2011-11-24,,,비급여,,,ketoprofen(f.),179901CPL,,,(주)재우스팜,미만 (1),케토팝더생(케토프로펜)_(7X14㎠/1매),687600060,15,세 (3)
20110227,2011-11-24,,,비급여,,,ketoprofen(f.),179904CPL,,,신신제약(주),미만 (1),케토크린플라스타(케토프로펜)_(10X14㎠/1매),643801250,15,세 (3)
20110227,2011-11-24,,,비급여,,,ketoprofen(f.),179904CPL,,,(주)한독,미만 (1),케토톱플라스타(케토프로펜)_(140㎠/1매),652105290,15,세 (3)
20110227,2011-11-24,,,비급여,,,ketoprofen(f.),179913CPL,,,현대약품(주),미만 (1),케프로텍플라스타(케토프로펜)_(8.5X12.36㎠/1매),642003030,15,세 (3)
20110227,2011-11-24,,,비급여,,,ketoprofen(f.) (서방형),179903CPL,,,(주)종근당,미만 (1),케펨플라스타(케토프로펜)_(7X10㎠/1매),643303500,15,세 (3)
20110227,2011-11-24,,,비급여,,,ketoprofen(f.) (서방형),179903CPL,,,(주)녹십자,미만 (1),제놀골드플라스타(케토프로펜)_(7X10㎠/1매),643601470,15,세 (3)
20110227,2011-11-24,,,비급여,,,ketoprofen(f.) (서방형),179903CPL,,,(주)티디에스팜,미만 (1),케로펜플라스타(케토프로펜)_(10X7㎠/1매),679800640,15,세 (3)
20090300,2009-12-03,,,비급여,,"1. 마크로라이드 불응성 마이코플라즈마 폐렴 소아환자에게 투여가능 : 마크로라이드계 항생제 투여 3일 후에도 증상이 개선되지 않는 소아[보건복지부 고시 제2023-252호(약제), ’23.12.20. 참고]2. 안전성 및 유효성 미확립, 퀴놀론계 항균제는 몇몇 어린 동물종에서 관절병증, 뻐연골증을 유발",levofloxacin,183236BIJ,,,(주)오스코리아제약,이하 (2),레복스주(레보플록사신수화물)_(1.02492g/200mL),629700771,18,세 (3)
20090300,2009-12-03,,,비급여,,"1. 마크로라이드 불응성 마이코플라즈마 폐렴 소아환자에게 투여가능 : 마크로라이드계 항생제 투여 3일 후에도 증상이 개선되지 않는 소아[보건복지부 고시 제2023-252호(약제), ’23.12.20. 참고]2. 안전성 및 유효성 미확립, 퀴놀론계 항균제는 몇몇 어린 동물종에서 관절병증, 뻐연골증을 유발",levofloxacin hydrate,183201ATB,,,유니메드제약(주),이하 (2),렉타신정(레보플록사신수화물)_(0.1g/1정),649500500,18,세 (3)
20090300,2009-12-03,,,비급여,,"1. 마크로라이드 불응성 마이코플라즈마 폐렴 소아환자에게 투여가능 : 마크로라이드계 항생제 투여 3일 후에도 증상이 개선되지 않는 소아[보건복지부 고시 제2023-252호(약제), ’23.12.20. 참고]2. 안전성 및 유효성 미확립, 퀴놀론계 항균제는 몇몇 어린 동물종에서 관절병증, 뻐연골증을 유발",levofloxacin hydrate,183201ATB,,,코오롱제약(주),이하 (2),레보플러스정(레보플록사신)_(0.1g/1정),670300300,18,세 (3)
20220087,2022-12-15,,,비급여,,,lidocaine,183810CDS,,,(주)퍼슨,이하 (2),리도아에프거즈(리도카인)_(10X10㎠/1매),657401190,3,개월 (2)
20130047,2013-02-25,,,비급여,,흡수에 대한 자료가 불완전하므로 소아의 생식기 점막에는 적용하지 말 것. 메트헤모글로빈의 일시적 증가 보고,"lidocaine, prilocaine",537400CCM,,,주식회사 더유제약,이하 (2),롱엠씨크림_(5g),57000781,3,개월 (2)
20130047,2013-02-25,,,비급여,,흡수에 대한 자료가 불완전하므로 소아의 생식기 점막에는 적용하지 말 것. 메트헤모글로빈의 일시적 증가 보고,"lidocaine, prilocaine",537400CCM,,,동성제약(주),이하 (2),리프릴크림_(5g),643200401,3,개월 (2)
20130047,2013-02-25,,,비급여,,흡수에 대한 자료가 불완전하므로 소아의 생식기 점막에는 적용하지 말 것. 메트헤모글로빈의 일시적 증가 보고,"lidocaine, prilocaine",537400CCM,,,태극제약(주),이하 (2),아네스크림_(5g),644801151,3,개월 (2)
20130047,2013-02-25,,,비급여,,흡수에 대한 자료가 불완전하므로 소아의 생식기 점막에는 적용하지 말 것. 메트헤모글로빈의 일시적 증가 보고,"lidocaine, prilocaine",537400CCM,,,동광제약(주),이하 (2),펜카인크림_(5g),645906011,3,개월 (2)
20130047,2013-02-25,,,비급여,,흡수에 대한 자료가 불완전하므로 소아의 생식기 점막에는 적용하지 말 것. 메트헤모글로빈의 일시적 증가 보고,"lidocaine, prilocaine",537400CCM,,,미쓰비시다나베파마코리아주식회사,이하 (2),엠라5%크림_(5g),653301141,3,개월 (2)
20130047,2013-02-25,,,비급여,,흡수에 대한 자료가 불완전하므로 소아의 생식기 점막에는 적용하지 말 것. 메트헤모글로빈의 일시적 증가 보고,"lidocaine, prilocaine",537500CCM,,,(주)바이넥스,이하 (2),로우페인크림_(100g),643102201,3,개월 (2)
20130047,2013-02-25,,,비급여,,흡수에 대한 자료가 불완전하므로 소아의 생식기 점막에는 적용하지 말 것. 메트헤모글로빈의 일시적 증가 보고,"lidocaine, prilocaine",537500CCM,,,태극제약(주),이하 (2),아네스크림_(100g),644801153,3,개월 (2)
20130047,2013-02-25,,,비급여,,흡수에 대한 자료가 불완전하므로 소아의 생식기 점막에는 적용하지 말 것. 메트헤모글로빈의 일시적 증가 보고,"lidocaine, prilocaine",537500CCM,,,(주)휴온스,이하 (2),프카인크림_(100g),670602512,3,개월 (2)
20130047,2013-02-25,,,비급여,,흡수에 대한 자료가 불완전하므로 소아의 생식기 점막에는 적용하지 말 것. 메트헤모글로빈의 일시적 증가 보고,"lidocaine, prilocaine",537500CCM,,,주식회사제뉴원사이언스,이하 (2),엔카인크림_(100g),671700832,3,개월 (2)
20130047,2013-02-25,,,비급여,,흡수에 대한 자료가 불완전하므로 소아의 생식기 점막에는 적용하지 말 것. 메트헤모글로빈의 일시적 증가 보고,"lidocaine, prilocaine",537600CCM,,,(주)텔콘알에프제약,이하 (2),레이카인크림_(450g),625500471,3,개월 (2)
20130047,2013-02-25,,,비급여,,흡수에 대한 자료가 불완전하므로 소아의 생식기 점막에는 적용하지 말 것. 메트헤모글로빈의 일시적 증가 보고,"lidocaine, prilocaine",537600CCM,,,맥널티제약(주),이하 (2),엠투카인크림_(450g),641501111,3,개월 (2)
20130047,2013-02-25,,,비급여,,흡수에 대한 자료가 불완전하므로 소아의 생식기 점막에는 적용하지 말 것. 메트헤모글로빈의 일시적 증가 보고,"lidocaine, prilocaine",537600CCM,,,삼성제약(주),이하 (2),레스카인크림_(450g),642300491,3,개월 (2)
20130047,2013-02-25,,,비급여,,흡수에 대한 자료가 불완전하므로 소아의 생식기 점막에는 적용하지 말 것. 메트헤모글로빈의 일시적 증가 보고,"lidocaine, prilocaine",537600CCM,,,(주)바이넥스,이하 (2),로우페인크림_(450g),643102202,3,개월 (2)
20130047,2013-02-25,,,비급여,,흡수에 대한 자료가 불완전하므로 소아의 생식기 점막에는 적용하지 말 것. 메트헤모글로빈의 일시적 증가 보고,"lidocaine, prilocaine",537600CCM,,,동성제약(주),이하 (2),리프릴크림_(450g),643200403,3,개월 (2)
20130047,2013-02-25,,,비급여,,흡수에 대한 자료가 불완전하므로 소아의 생식기 점막에는 적용하지 말 것. 메트헤모글로빈의 일시적 증가 보고,"lidocaine, prilocaine",537600CCM,,,태극제약(주),이하 (2),아네스크림_(450g),644801154,3,개월 (2)
20130047,2013-02-25,,,비급여,,흡수에 대한 자료가 불완전하므로 소아의 생식기 점막에는 적용하지 말 것. 메트헤모글로빈의 일시적 증가 보고,"lidocaine, prilocaine",537600CCM,,,대화제약(주),이하 (2),프리오칸5%크림_(450g),645605161,3,개월 (2)
20130047,2013-02-25,,,비급여,,흡수에 대한 자료가 불완전하므로 소아의 생식기 점막에는 적용하지 말 것. 메트헤모글로빈의 일시적 증가 보고,"lidocaine, prilocaine",537600CCM,,,시믹씨엠오코리아주식회사,이하 (2),아나신크림_(450g),647000322,3,개월 (2)
20130047,2013-02-25,,,비급여,,흡수에 대한 자료가 불완전하므로 소아의 생식기 점막에는 적용하지 말 것. 메트헤모글로빈의 일시적 증가 보고,"lidocaine, prilocaine",537600CCM,,,(주)씨엠지제약,이하 (2),마마신골드크림_(450g),648602491,3,개월 (2)
20130047,2013-02-25,,,비급여,,흡수에 대한 자료가 불완전하므로 소아의 생식기 점막에는 적용하지 말 것. 메트헤모글로빈의 일시적 증가 보고,"lidocaine, prilocaine",537600CCM,,,알파제약(주),이하 (2),엠카인크림_(450g),654201292,3,개월 (2)
20130047,2013-02-25,,,비급여,,흡수에 대한 자료가 불완전하므로 소아의 생식기 점막에는 적용하지 말 것. 메트헤모글로빈의 일시적 증가 보고,"lidocaine, prilocaine",537600CCM,,,알리코제약(주),이하 (2),엠마오5%크림_(450g),656001322,3,개월 (2)
20130047,2013-02-25,,,비급여,,흡수에 대한 자료가 불완전하므로 소아의 생식기 점막에는 적용하지 말 것. 메트헤모글로빈의 일시적 증가 보고,"lidocaine, prilocaine",537600CCM,,,(주)동구바이오제약,이하 (2),리카르로크림_(450g),657301434,3,개월 (2)
20130047,2013-02-25,,,비급여,,흡수에 대한 자료가 불완전하므로 소아의 생식기 점막에는 적용하지 말 것. 메트헤모글로빈의 일시적 증가 보고,"lidocaine, prilocaine",537600CCM,,,(주)비보존제약,이하 (2),제이프로크림_(450g),658202361,3,개월 (2)
20130047,2013-02-25,,,비급여,,흡수에 대한 자료가 불완전하므로 소아의 생식기 점막에는 적용하지 말 것. 메트헤모글로빈의 일시적 증가 보고,"lidocaine, prilocaine",537600CCM,,,구주제약(주),이하 (2),웰스카인플러스크림_(450g),669804791,3,개월 (2)
20130047,2013-02-25,,,비급여,,흡수에 대한 자료가 불완전하므로 소아의 생식기 점막에는 적용하지 말 것. 메트헤모글로빈의 일시적 증가 보고,"lidocaine, prilocaine",537600CCM,,,대한뉴팜(주),이하 (2),플랑셀크림_(450g),669906871,3,개월 (2)
20130047,2013-02-25,,,비급여,,흡수에 대한 자료가 불완전하므로 소아의 생식기 점막에는 적용하지 말 것. 메트헤모글로빈의 일시적 증가 보고,"lidocaine, prilocaine",537600CCM,,,(주)휴온스,이하 (2),프카인크림_(450g),670602513,3,개월 (2)
20130047,2013-02-25,,,비급여,,흡수에 대한 자료가 불완전하므로 소아의 생식기 점막에는 적용하지 말 것. 메트헤모글로빈의 일시적 증가 보고,"lidocaine, prilocaine",537600CCM,,,(주)티디에스팜,이하 (2),마네신크림_(450g),679800303,3,개월 (2)
20130047,2013-02-25,,,비급여,,흡수에 대한 자료가 불완전하므로 소아의 생식기 점막에는 적용하지 말 것. 메트헤모글로빈의 일시적 증가 보고,"lidocaine, prilocaine",537600CCM,,,(주)한국글로벌제약,이하 (2),리카엔플러스크림_(450g),693201241,3,개월 (2)
20110227,2011-11-24,,,비급여,,흡수에 대한 자료가 불완전하므로 소아의 생식기 점막에는 적용하지 말 것. 메트헤모글로빈의 일시적 증가 보고,"lidocaine, prilocaine",661000CCM,,,주식회사 더유제약,이하 (2),롱엠씨크림_(10g),57000782,3,개월 (2)
20110227,2011-11-24,,,비급여,,흡수에 대한 자료가 불완전하므로 소아의 생식기 점막에는 적용하지 말 것. 메트헤모글로빈의 일시적 증가 보고,"lidocaine, prilocaine",661000CCM,,,동성제약(주),이하 (2),리프릴크림_(10g),643200402,3,개월 (2)
20110227,2011-11-24,,,비급여,,흡수에 대한 자료가 불완전하므로 소아의 생식기 점막에는 적용하지 말 것. 메트헤모글로빈의 일시적 증가 보고,"lidocaine, prilocaine",661000CCM,,,태극제약(주),이하 (2),아네스크림_(10g),644801152,3,개월 (2)
20110227,2011-11-24,,,비급여,,흡수에 대한 자료가 불완전하므로 소아의 생식기 점막에는 적용하지 말 것. 메트헤모글로빈의 일시적 증가 보고,"lidocaine, prilocaine",661000CCM,,,에이프로젠제약(주),이하 (2),듀카인크림_(10g),645210311,3,개월 (2)
20110227,2011-11-24,,,비급여,,흡수에 대한 자료가 불완전하므로 소아의 생식기 점막에는 적용하지 말 것. 메트헤모글로빈의 일시적 증가 보고,"lidocaine, prilocaine",661000CCM,,,시믹씨엠오코리아주식회사,이하 (2),아나신크림_(10g),647000321,3,개월 (2)
20110227,2011-11-24,,,비급여,,흡수에 대한 자료가 불완전하므로 소아의 생식기 점막에는 적용하지 말 것. 메트헤모글로빈의 일시적 증가 보고,"lidocaine, prilocaine",661000CCM,,,(주)씨엠지제약,이하 (2),마마신골드크림_(10g),648602492,3,개월 (2)
20110227,2011-11-24,,,비급여,,흡수에 대한 자료가 불완전하므로 소아의 생식기 점막에는 적용하지 말 것. 메트헤모글로빈의 일시적 증가 보고,"lidocaine, prilocaine",661000CCM,,,알파제약(주),이하 (2),엠카인크림_(10g),654201291,3,개월 (2)
20110227,2011-11-24,,,비급여,,흡수에 대한 자료가 불완전하므로 소아의 생식기 점막에는 적용하지 말 것. 메트헤모글로빈의 일시적 증가 보고,"lidocaine, prilocaine",661000CCM,,,(주)휴온스,이하 (2),프카인크림_(10g),670602511,3,개월 (2)
20110227,2011-11-24,,,비급여,,흡수에 대한 자료가 불완전하므로 소아의 생식기 점막에는 적용하지 말 것. 메트헤모글로빈의 일시적 증가 보고,"lidocaine, prilocaine",661000CCM,,,주식회사제뉴원사이언스,이하 (2),엔카인크림_(10g),671700831,3,개월 (2)
20110227,2011-11-24,,,비급여,,흡수에 대한 자료가 불완전하므로 소아의 생식기 점막에는 적용하지 말 것. 메트헤모글로빈의 일시적 증가 보고,"lidocaine, prilocaine",661000CCM,,,(주)티디에스팜,이하 (2),마네신크림_(10g),679800301,3,개월 (2)
20110227,2011-11-24,,,비급여,,흡수에 대한 자료가 불완전하므로 소아의 생식기 점막에는 적용하지 말 것. 메트헤모글로빈의 일시적 증가 보고,"lidocaine, prilocaine",661000CCM,,,(주)시어스제약,이하 (2),아네카인크림_(10g),689000051,3,개월 (2)
20110227,2011-11-24,,,비급여,,흡수에 대한 자료가 불완전하므로 소아의 생식기 점막에는 적용하지 말 것. 메트헤모글로빈의 일시적 증가 보고,"lidocaine, prilocaine",661100CCM,,,태극제약(주),이하 (2),아네스크림_(15g),644801156,3,개월 (2)
20110227,2011-11-24,,,비급여,,흡수에 대한 자료가 불완전하므로 소아의 생식기 점막에는 적용하지 말 것. 메트헤모글로빈의 일시적 증가 보고,"lidocaine, prilocaine",661100CCM,,,오스틴제약(주),이하 (2),엠에스크림_(15g),654303771,3,개월 (2)
20110227,2011-11-24,,,비급여,,흡수에 대한 자료가 불완전하므로 소아의 생식기 점막에는 적용하지 말 것. 메트헤모글로빈의 일시적 증가 보고,"lidocaine, prilocaine",661100CCM,,,알리코제약(주),이하 (2),엠마오5%크림_(15g),656001321,3,개월 (2)
20110227,2011-11-24,,,비급여,,흡수에 대한 자료가 불완전하므로 소아의 생식기 점막에는 적용하지 말 것. 메트헤모글로빈의 일시적 증가 보고,"lidocaine, prilocaine",661200CCM,,,태극제약(주),이하 (2),아네스크림_(20g),644801157,3,개월 (2)
20110227,2011-11-24,,,비급여,,흡수에 대한 자료가 불완전하므로 소아의 생식기 점막에는 적용하지 말 것. 메트헤모글로빈의 일시적 증가 보고,"lidocaine, prilocaine",661300CCM,,,맥널티제약(주),이하 (2),엠투카인크림_(30g),641501112,3,개월 (2)
20110227,2011-11-24,,,비급여,,흡수에 대한 자료가 불완전하므로 소아의 생식기 점막에는 적용하지 말 것. 메트헤모글로빈의 일시적 증가 보고,"lidocaine, prilocaine",661300CCM,,,오스틴제약(주),이하 (2),엠에스크림_(30g),654303773,3,개월 (2)
20110227,2011-11-24,,,비급여,,흡수에 대한 자료가 불완전하므로 소아의 생식기 점막에는 적용하지 말 것. 메트헤모글로빈의 일시적 증가 보고,"lidocaine, prilocaine",661300CCM,,,(주)비보존제약,이하 (2),제이프로크림_(30g),658202362,3,개월 (2)
20110227,2011-11-24,,,비급여,,흡수에 대한 자료가 불완전하므로 소아의 생식기 점막에는 적용하지 말 것. 메트헤모글로빈의 일시적 증가 보고,"lidocaine, prilocaine",661300CCM,,,(주)티디에스팜,이하 (2),마네신크림_(30g),679800302,3,개월 (2)
20110227,2011-11-24,,,비급여,,흡수에 대한 자료가 불완전하므로 소아의 생식기 점막에는 적용하지 말 것. 메트헤모글로빈의 일시적 증가 보고,"lidocaine, prilocaine",661400CCM,,,태극제약(주),이하 (2),아네스크림_(50g),644801155,3,개월 (2)
20110227,2011-11-24,,,비급여,,흡수에 대한 자료가 불완전하므로 소아의 생식기 점막에는 적용하지 말 것. 메트헤모글로빈의 일시적 증가 보고,"lidocaine, prilocaine",661600CCM,,,주식회사 더유제약,이하 (2),롱엠씨크림_(500g),57000783,3,개월 (2)
20110227,2011-11-24,,,비급여,,흡수에 대한 자료가 불완전하므로 소아의 생식기 점막에는 적용하지 말 것. 메트헤모글로빈의 일시적 증가 보고,"lidocaine, prilocaine",661600CCM,,,(주)휴비스트제약,이하 (2),뷰티카인크림_(500g),628800631,3,개월 (2)
20110227,2011-11-24,,,비급여,,흡수에 대한 자료가 불완전하므로 소아의 생식기 점막에는 적용하지 말 것. 메트헤모글로빈의 일시적 증가 보고,"lidocaine, prilocaine",661600CCM,,,맥널티제약(주),이하 (2),엠투카인크림_(500g),641501113,3,개월 (2)
20110227,2011-11-24,,,비급여,,흡수에 대한 자료가 불완전하므로 소아의 생식기 점막에는 적용하지 말 것. 메트헤모글로빈의 일시적 증가 보고,"lidocaine, prilocaine",661600CCM,,,태극제약(주),이하 (2),아네스크림_(500g),644801158,3,개월 (2)
20110227,2011-11-24,,,비급여,,흡수에 대한 자료가 불완전하므로 소아의 생식기 점막에는 적용하지 말 것. 메트헤모글로빈의 일시적 증가 보고,"lidocaine, prilocaine",661600CCM,,,에이프로젠제약(주),이하 (2),듀카인크림_(500g),645210312,3,개월 (2)
20110227,2011-11-24,,,비급여,,흡수에 대한 자료가 불완전하므로 소아의 생식기 점막에는 적용하지 말 것. 메트헤모글로빈의 일시적 증가 보고,"lidocaine, prilocaine",661600CCM,,,대화제약(주),이하 (2),프리오칸5%크림_(500g),645605162,3,개월 (2)
20110227,2011-11-24,,,비급여,,흡수에 대한 자료가 불완전하므로 소아의 생식기 점막에는 적용하지 말 것. 메트헤모글로빈의 일시적 증가 보고,"lidocaine, prilocaine",661600CCM,,,오스틴제약(주),이하 (2),엠에스크림_(500g),654303772,3,개월 (2)
20110227,2011-11-24,,,비급여,,흡수에 대한 자료가 불완전하므로 소아의 생식기 점막에는 적용하지 말 것. 메트헤모글로빈의 일시적 증가 보고,"lidocaine, prilocaine",661600CCM,,,(주)비보존제약,이하 (2),제이프로크림_(500g),658202363,3,개월 (2)
20110227,2011-11-24,,,비급여,,흡수에 대한 자료가 불완전하므로 소아의 생식기 점막에는 적용하지 말 것. 메트헤모글로빈의 일시적 증가 보고,"lidocaine, prilocaine",661600CCM,,,(주)팜젠사이언스,이하 (2),리쥬셀플러스크림_(500g),670105081,3,개월 (2)
20110227,2011-11-24,,,비급여,,흡수에 대한 자료가 불완전하므로 소아의 생식기 점막에는 적용하지 말 것. 메트헤모글로빈의 일시적 증가 보고,"lidocaine, prilocaine",661600CCM,,,주식회사제뉴원사이언스,이하 (2),엔카인크림_(500g),671700833,3,개월 (2)
20110227,2011-11-24,,,비급여,,흡수에 대한 자료가 불완전하므로 소아의 생식기 점막에는 적용하지 말 것. 메트헤모글로빈의 일시적 증가 보고,"lidocaine, prilocaine",661600CCM,,,크리스탈생명과학(주),이하 (2),리도나크림_(500g),689103281,3,개월 (2)
20180088,2018-11-02,,,비급여,,안전성 미확립 천명 위험 및 입원 증가,live attenuated influenza virus type A (H1N1)+live attenuated influenza virus type A (H3N2)+live attenuated influenza virus type B,737700CSI,,,한국아스트라제네카㈜,미만 (1),플루미스트4가인트라나잘스프레이(인플루엔자생바이러스백신)_(0.2mL/1통),650701451,24,개월 (2)
20180088,2018-11-02,,,비급여,,고위험의 기저질환이 있는 피험자에 대해 이 약의 안전성을 평가한 결과 위약대비 플루미스트 투여군에서 인후염이 발생,live attenuated influenza virus type A (H1N1)+live attenuated influenza virus type A (H3N2)+live attenuated influenza virus type B,737700CSI,,,한국아스트라제네카㈜,이상 (4),플루미스트4가인트라나잘스프레이(인플루엔자생바이러스백신)_(0.2mL/1통),650701451,50,세 (3)
20150021,2015-04-23,,,비급여,,,live attenuated yellow fever virus 17D,615301BIJ,,,㈜사노피-아벤티스코리아,미만 (1),스타마릴주(약독황열생바이러스백신)(관납용)_(1병),652001571,6,개월 (2)
20090300,2009-12-03,,,비급여,,안전성 및 유효성 미확립. 몇몇 어린 동물종을 이용한 동물실험결과 관절이상이 보고됨,lomefloxacin hydrochloride,184903ATB,,,오스틴제약(주),이하 (2),로메텍정(로메플록사신염산염)_(0.4416g/1정),654300730,18,세 (3)
20110110,2011-06-28,,,비급여,,,loperamide hydrochloride,185102ACH,,,(주)화이트생명과학,미만 (1),로피딘캡슐(로페라미드염산염)_(2mg/1캡슐),625200940,24,개월 (2)
20110110,2011-06-28,,,비급여,,,loperamide hydrochloride,185102ACH,,,(주)에이프로젠바이오로직스,미만 (1),로페스탑캡슐(로페라미드염산염)_(2mg/1캡슐),645211040,24,개월 (2)
20110110,2011-06-28,,,비급여,,,loperamide hydrochloride,185102ACH,,,(주)씨엠지제약,미만 (1),다이어스탑캡슐(로페라미드염산염)_(2mg/1캡슐),648605100,24,개월 (2)
20110110,2011-06-28,,,비급여,,,loperamide hydrochloride,185102ACH,,,미래바이오제약㈜,미만 (1),로페리캡슐(로페라미드염산염)_(2mg/1캡슐),657503480,24,개월 (2)
20070068,2007-04-11,,,비급여,,,loratadine,185401ACS,,,제일헬스사이언스(주),미만 (1),제일알지싹로라연질캡슐(로라타딘)_(10mg/1캡슐),54300550,6,세 (3)
20070068,2007-04-11,,,비급여,,,loratadine,185401ACS,,,현대약품(주),미만 (1),시노타딘연질캡슐(로라타딘)_(10mg/1캡슐),642004520,6,세 (3)
20070068,2007-04-11,,,비급여,,,loratadine,185401ACS,,,영진약품(주),미만 (1),알로스탑연질캡슐(로라타딘)_(10mg/1캡슐),642404110,6,세 (3)
20070068,2007-04-11,,,비급여,,,loratadine,185401ACS,,,동화약품(주),미만 (1),플로라딘연질캡슐(로라타딘)_(10mg/1캡슐),642706410,6,세 (3)
20070068,2007-04-11,,,비급여,,,loratadine,185401ACS,,,(주)에이프로젠바이오로직스,미만 (1),로라샷연질캡슐(로라타딘)_(10mg/1캡슐),645210810,6,세 (3)
20070068,2007-04-11,,,비급여,,,loratadine,185401ACS,,,한솔신약(주),미만 (1),로라딘연질캡슐(로라타딘)_(10mg/1캡슐),645804100,6,세 (3)
20070068,2007-04-11,,,비급여,,,loratadine,185401ACS,,,진양제약(주),미만 (1),클로딘연질캡슐(로라타딘)_(10mg/1캡슐),650303770,6,세 (3)
20070068,2007-04-11,,,비급여,,,loratadine,185401ACS,,,경방신약(주),미만 (1),에치팡연질캡슐(로라타딘)_(10mg/1캡슐),661307070,6,세 (3)
20130047,2013-02-25,,,비급여,,,loratadine,185401ATB,,,부광약품(주),미만 (1),알레오프엘정(로라타딘)_(10mg/1정),642203700,6,세 (3)
20090300,2009-12-03,,,비급여,,안전성 및 유효성 미확립,mazindol,551401ATB,,,광동제약(주),이하 (2),마자놀정(마진돌)_(1mg/1정),641801570,16,세 (3)
20200130,2020-12-28,,,비급여,,,milk thistle fruit ext.,123901ATB,,,유니메드제약(주),이하 (2),레버톤정(카르두스마리아누스엑스)(수출명:레가스톤정)_(0.1g/1정),649500470,12,세 (3)
20200130,2020-12-28,,,비급여,,,milk thistle fruit ext.,123901ATB,,,한올바이오파마(주),이하 (2),하노마린정(카르두스마리아누스엑스)_(0.1g/1정),655602230,12,세 (3)
20200130,2020-12-28,,,비급여,,,milk thistle fruit ext.,123907ACS,,,제일헬스사이언스(주),이하 (2),레드리버연질캡슐(밀크시슬열매건조엑스)_(0.35g/1캡슐),54300570,12,세 (3)
20200130,2020-12-28,,,비급여,,,milk thistle fruit ext.,123907ACS,,,엔비케이제약(주),이하 (2),실리스칸연질캡슐(밀크시슬열매건조엑스)_(0.35g/1캡슐),54800190,12,세 (3)
20200130,2020-12-28,,,비급여,,,milk thistle fruit ext.,123907ACS,,,코스맥스파마(주),이하 (2),가네맥스연질캡슐(밀크시슬열매건조엑스)_(0.35g/1캡슐),55102190,12,세 (3)
20200130,2020-12-28,,,비급여,,,milk thistle fruit ext.,123907ACS,,,(주)한국파비스제약,이하 (2),리버칼에프연질캡슐350밀리그램(밀크시슬열매건조엑스)_(0.35g/1캡슐),621804430,12,세 (3)
20200130,2020-12-28,,,비급여,,,milk thistle fruit ext.,123907ACS,,,(주)씨엘팜,이하 (2),에스마린350연질캡슐(밀크시슬열매건조엑스)_(0.35g/1캡슐),622600160,12,세 (3)
20200130,2020-12-28,,,비급여,,,milk thistle fruit ext.,123907ACS,,,(주)마더스제약,이하 (2),헤파가드연질캡슐350mg(밀크시슬열매건조엑스)_(0.35g/1캡슐),622801270,12,세 (3)
20200130,2020-12-28,,,비급여,,,milk thistle fruit ext.,123907ACS,,,한국신텍스제약(주),이하 (2),리버케어연질캡슐(밀크시슬열매건조엑스)_(0.35g/1캡슐),623006640,12,세 (3)
20200130,2020-12-28,,,비급여,,,milk thistle fruit ext.,123907ACS,,,동아제약(주),이하 (2),리버만프리미엄연질캡슐(밀크시슬열매건조엑스)_(0.35g/1캡슐),626501160,12,세 (3)
20200130,2020-12-28,,,비급여,,,milk thistle fruit ext.,123907ACS,,,(주)이든파마,이하 (2),가네존연질캡슐(밀크시슬열매건조엑스)_(0.35g/1캡슐),628901130,12,세 (3)
20200130,2020-12-28,,,비급여,,,milk thistle fruit ext.,123907ACS,,,(주)대웅제약,이하 (2),리버골드파워350mg연질캡슐(밀크시슬열매건조엑스)_(0.35g/1캡슐),641603070,12,세 (3)
20200130,2020-12-28,,,비급여,,,milk thistle fruit ext.,123907ACS,,,일양약품(주),이하 (2),가네탑플러스연질캡슐350밀리그램(밀크시슬열매건조엑스)_(0.35g/1캡슐),641702810,12,세 (3)
20200130,2020-12-28,,,비급여,,,milk thistle fruit ext.,123907ACS,,,광동제약(주),이하 (2),가네실린포르테연질캡슐(카르두스마리아누스엑스)_(0.35g/1캡슐),641804000,12,세 (3)
20200130,2020-12-28,,,비급여,,,milk thistle fruit ext.,123907ACS,,,현대약품(주),이하 (2),리버350연질캡슐(밀크시슬열매건조엑스)_(0.35g/1캡슐),642001650,12,세 (3)
20200130,2020-12-28,,,비급여,,,milk thistle fruit ext.,123907ACS,,,(주)유한양행,이하 (2),"에너리버연질캡슐350mg(밀크시슬열매건조엑스)(수출명: Ener-Liver, YUHAN E-Gan Soft Capsule 350mg)_(0.35g/1캡슐)",642103150,12,세 (3)
20200130,2020-12-28,,,비급여,,,milk thistle fruit ext.,123907ACS,,,부광약품(주),이하 (2),레가리버350연질캡슐(밀크시슬열매건조엑스)_(0.35g/1캡슐),642204490,12,세 (3)
20200130,2020-12-28,,,비급여,,,milk thistle fruit ext.,123907ACS,,,영진약품(주),이하 (2),영진리버렉스연질캡슐350mg(밀크시슬열매건조엑스)_(0.35g/1캡슐),642402010,12,세 (3)
20200130,2020-12-28,,,비급여,,,milk thistle fruit ext.,123907ACS,,,동화약품(주),이하 (2),맥스헤파연질캡슐(밀크시슬열매건조엑스)_(0.35g/1캡슐),642704940,12,세 (3)
20200130,2020-12-28,,,비급여,,,milk thistle fruit ext.,123907ACS,,,고려제약(주),이하 (2),실리톤연질캡슐(밀크시슬열매건조엑스)_(0.35g/1캡슐),642803060,12,세 (3)
20200130,2020-12-28,,,비급여,,,milk thistle fruit ext.,123907ACS,,,일동제약(주),이하 (2),실리세프연질캡슐350밀리그램(밀크시슬열매건조엑스)_(0.35g/1캡슐),642903920,12,세 (3)
20200130,2020-12-28,,,비급여,,,milk thistle fruit ext.,123907ACS,,,(주)종근당,이하 (2),액티리버모닝연질캡슐(밀크시슬열매건조엑스)_(0.35g/1캡슐),643305190,12,세 (3)
20200130,2020-12-28,,,비급여,,,milk thistle fruit ext.,123907ACS,,,(주)녹십자,이하 (2),실리웰골드연질캡슐(밀크시슬열매건조엑스)_(0.35g/1캡슐),643603650,12,세 (3)
20200130,2020-12-28,,,비급여,,,milk thistle fruit ext.,123907ACS,,,삼익제약(주),이하 (2),리버존연질캡슐350mg(밀크시슬열매건조엑스)_(0.35g/1캡슐),644003120,12,세 (3)
20200130,2020-12-28,,,비급여,,,milk thistle fruit ext.,123907ACS,,,조아제약(주),이하 (2),헤파두스플러스연질캡슐(밀크시슬열매건조엑스)_(0.35g/1캡슐),644602070,12,세 (3)
20200130,2020-12-28,,,비급여,,,milk thistle fruit ext.,123907ACS,,,에스케이케미칼(주),이하 (2),헤파맥스연질캡슐350밀리그램(밀크시슬열매건조엑스)_(0.35g/1캡슐),644703960,12,세 (3)
20200130,2020-12-28,,,비급여,,,milk thistle fruit ext.,123907ACS,,,태극제약(주),이하 (2),리버린350연질캡슐(밀크시슬열매건조엑스)_(0.35g/1캡슐),644804010,12,세 (3)
20200130,2020-12-28,,,비급여,,,milk thistle fruit ext.,123907ACS,,,제이더블유중외제약(주),이하 (2),리시브골드연질캡슐(밀크시슬열매건조엑스)_(0.35g/1캡슐),644912360,12,세 (3)
20200130,2020-12-28,,,비급여,,,milk thistle fruit ext.,123907ACS,,,에이프로젠제약(주),이하 (2),리버킹연질캡슐 350mg(밀크시슬열매건조엑스)_(0.35g/1캡슐),645204670,12,세 (3)
20200130,2020-12-28,,,비급여,,,milk thistle fruit ext.,123907ACS,,,한솔신약(주),이하 (2),맥스리버연질캡슐350mg(밀크시슬열매건조엑스)_(0.35g/1캡슐),645802680,12,세 (3)
20200130,2020-12-28,,,비급여,,,milk thistle fruit ext.,123907ACS,,,삼진제약(주),이하 (2),외유내간연질캡슐(밀크시슬열매건조엑스)_(0.35g/1캡슐),647803430,12,세 (3)
20200130,2020-12-28,,,비급여,,,milk thistle fruit ext.,123907ACS,,,경동제약(주),이하 (2),에브리버연질캡슐350밀리그램(밀크시슬열매건조엑스)_(0.35g/1캡슐),648104190,12,세 (3)
20200130,2020-12-28,,,비급여,,,milk thistle fruit ext.,123907ACS,,,(주)씨엠지제약,이하 (2),시리아민골드연질캡슐350mg(밀크시슬열매건조엑스)_(0.35g/1캡슐),648602380,12,세 (3)
20200130,2020-12-28,,,비급여,,,milk thistle fruit ext.,123907ACS,,,풍림무약(주),이하 (2),웰리버연질캡슐(밀크시슬열매건조엑스)_(0.35g/1캡슐),649002420,12,세 (3)
20200130,2020-12-28,,,비급여,,,milk thistle fruit ext.,123907ACS,,,영일제약(주),이하 (2),레가탄포르테연질캡슐(밀크시슬열매건조엑스)_(0.35g/1캡슐),649404370,12,세 (3)
20200130,2020-12-28,,,비급여,,,milk thistle fruit ext.,123907ACS,,,신일제약(주),이하 (2),리버풀350연질캡슐(밀크시슬열매건조엑스)_(0.35g/1캡슐),653804550,12,세 (3)
20200130,2020-12-28,,,비급여,,,milk thistle fruit ext.,123907ACS,,,오스틴제약(주),이하 (2),포리버연질캡슐350밀리그램(밀크시슬열매건조엑스)_(0.35g/1캡슐),654305490,12,세 (3)
20200130,2020-12-28,,,비급여,,,milk thistle fruit ext.,123907ACS,,,알리코제약(주),이하 (2),리버솔연질캡슐(밀크시슬열매건조엑스)_(0.35g/1캡슐),656003830,12,세 (3)
20200130,2020-12-28,,,비급여,,,milk thistle fruit ext.,123907ACS,,,(주)동구바이오제약,이하 (2),실리탑350연질캡슐(밀크시슬열매건조엑스)_(0.35g/1캡슐),657305870,12,세 (3)
20200130,2020-12-28,,,비급여,,,milk thistle fruit ext.,123907ACS,,,이연제약(주),이하 (2),헤파시슬350연질캡슐(밀크시슬열매건조엑스)_(0.35g/1캡슐),658604730,12,세 (3)
20200130,2020-12-28,,,비급여,,,milk thistle fruit ext.,123907ACS,,,경진제약(주),이하 (2),리버신350연질캡슐(밀크시슬열매건조엑스)_(0.35g/1캡슐),660402200,12,세 (3)
20200130,2020-12-28,,,비급여,,,milk thistle fruit ext.,123907ACS,,,위더스제약(주),이하 (2),가네조아350연질캡슐(밀크시슬열매건조엑스)_(0.35g/1캡슐),660702530,12,세 (3)
20200130,2020-12-28,,,비급여,,,milk thistle fruit ext.,123907ACS,,,경방신약(주),이하 (2),리버플로우연질캡슐(밀크시슬열매건조엑스)_(0.35g/1캡슐),661306690,12,세 (3)
20200130,2020-12-28,,,비급여,,,milk thistle fruit ext.,123907ACS,,,한국프라임제약(주),이하 (2),카르마연질캡슐(밀크시슬열매건조엑스)_(0.35g/1캡슐),663603100,12,세 (3)
20200130,2020-12-28,,,비급여,,,milk thistle fruit ext.,123907ACS,,,동인당제약(주),이하 (2),리버토닉연질캡슐(밀크시슬열매건조엑스)_(0.35g/1캡슐),664102170,12,세 (3)
20200130,2020-12-28,,,비급여,,,milk thistle fruit ext.,123907ACS,,,(주)경보제약,이하 (2),리버라이프연질캡슐(밀크시슬열매건조엑스)_(0.35g/1캡슐),665001190,12,세 (3)
20200130,2020-12-28,,,비급여,,,milk thistle fruit ext.,123907ACS,,,초당약품공업(주),이하 (2),내간애플러스연질캡슐(밀크시슬열매건조엑스)_(0.35g/1캡슐),670702040,12,세 (3)
20200130,2020-12-28,,,비급여,,,milk thistle fruit ext.,123907ACS,,,대원제약(주),이하 (2),가네원연질캡슐350밀리그램(밀크시슬열매건조엑스)_(0.35g/1캡슐),671807500,12,세 (3)
20200130,2020-12-28,,,비급여,,,milk thistle fruit ext.,123907ACS,,,아이큐어(주),이하 (2),실리간포르테연질캡슐(밀크시슬열매건조엑스)_(0.35g/1캡슐),674400430,12,세 (3)
20200130,2020-12-28,,,비급여,,,milk thistle fruit ext.,123907ACS,,,정우신약(주),이하 (2),실리킹볼란테연질캡슐(밀크시슬열매건조엑스)_(0.35g/1캡슐),694206190,12,세 (3)
20200130,2020-12-28,,,비급여,,,milk thistle fruit ext.,123907ACS,,,(주)제뉴파마,이하 (2),헤포웰연질캡슐350mg(밀크시슬열매건조엑스)_(0.35g/1캡슐),698002880,12,세 (3)
20200130,2020-12-28,,,비급여,,,milk thistle fruit ext.,123908ACS,,,일동제약(주),이하 (2),실리세프연질캡슐(밀크시슬열매건조엑스)_(0.175g/1캡슐),642900880,12,세 (3)
20200130,2020-12-28,,,비급여,,,milk thistle fruit ext.,123908ACS,,,미래바이오제약㈜,이하 (2),리버실린연질캡슐(카르두스마리아누스엑스)_(0.175g/1캡슐),657500340,12,세 (3)
20200130,2020-12-28,,,비급여,,,milk thistle fruit ext.,123908ATB,,,엔비케이제약㈜,이하 (2),실리스칸정(밀크시슬열매건조엑스)_(0.175g/1정),54801580,12,세 (3)
20070030,2007-04-11,,,비급여,,"(8세이상 신중투여, 다만 다른약을 사용할 수 없거나 효과가 없는 경우에만) 소아 등 (특히 치아 형성기인 12세 미만의 소아)에 투여 시, 치아의 착색·법랑질 형성 부전, 또는 일과성 골발육 부전을 일으킬 수 있음",minocycline hydrochloride,195903ACH,,,주식회사 더유제약,미만 (1),미노젠캡슐50밀리그램(미노사이클린염산염)_(50mg/1캡슐),57001790,12,세 (3)
20070030,2007-04-11,,,비급여,,"(8세이상 신중투여, 다만 다른약을 사용할 수 없거나 효과가 없는 경우에만) 소아 등 (특히 치아 형성기인 12세 미만의 소아)에 투여 시, 치아의 착색·법랑질 형성 부전, 또는 일과성 골발육 부전을 일으킬 수 있음",minocycline hydrochloride,195903ACH,,,(주)메디카코리아,미만 (1),미노클캡슐50밀리그램(미노사이클린염산염)_(50mg/1캡슐),646005580,12,세 (3)
20090300,2009-12-03,,,비급여,,,mirodenafil,699201ATD,,,에스케이케미칼(주),이하 (2),엠빅스에스구강붕해필름50밀리그램(미로데나필)_(50mg/1장),644703730,18,세 (3)
20090300,2009-12-03,,,비급여,,,mirodenafil,699202ATD,,,에스케이케미칼(주),이하 (2),엠빅스에스구강붕해필름100밀리그램(미로데나필)_(0.1g/1장),644703870,18,세 (3)
20090300,2009-12-03,,,비급여,,,mirodenafil hydrochloride (as mirodenafil),552301ATB,,,에스케이케미칼(주),이하 (2),엠빅스정50밀리그램(미로데나필염산염)_(56.9mg/1정),644701820,18,세 (3)
20090300,2009-12-03,,,비급여,,,mirodenafil hydrochloride (as mirodenafil),552302ATB,,,에스케이케미칼(주),이하 (2),엠빅스정100밀리그램(염산미로데나필)_(0.1138g/1정),644701810,18,세 (3)
20220023,2022-03-23,,,비급여,,"★ 긴급사용승인 의약품(라게브리오, 성분명: 몰누피라비르) 연령금기 ★ 금기사유 : 18세 미만 환자에게 사용이 승인되지 않았음 ※ 랫드에 대한 반복투여 독성시험에서 뼈 및 연골 독성이 관찰됨. 환자의 안전한 의약품 사용을 위해 ‘18세 미만’ 환자에 투여를 금지하여 주시기 바랍니다.",molnupiravir,707001ACS,,,한국엠에스디(주),미만 (1),라게브리오캡슐(몰누피라비르)_(0.2g/1캡슐),655502130,18,세 (3)
20170086,2017-11-06,,,비급여,,소아 환자에게 비강 코르티코스테로이드의 투여에 대한 임상시험에서 성장속도가 감소될 수 있다는 결과 나타남. 2세 미만에서 안전성 및 유효성 미확립,mometasone furoate,361331CSI,,,주식회사 더유제약,미만 (1),모멘타점비액(모메타손푸로에이트)_(7mg/140회),57001481,24,개월 (2)
20130047,2013-02-25,,,비급여,,"소아는 체중당 체표면적의 비율이 성인보다 커서 코르티코이드로 인해 HPA축(시상하부-뇌하수체-부신 축) 억제, 쿠싱증후군, 발육장애, 두개내압항진 등이 나타나기 쉬움",mometasone furoate,361332CCM,,,(주)퍼슨,이하 (2),모메코트크림(모메타손푸로에이트)_(10mg/10g),657401501,2,세 (3)
20130047,2013-02-25,,,비급여,,"소아는 체중당 체표면적의 비율이 성인보다 커서 코르티코이드로 인해 HPA축(시상하부-뇌하수체-부신 축) 억제, 쿠싱증후군, 발육장애, 두개내압항진 등이 나타나기 쉬움",mometasone furoate,361333CCM,,,주식회사 더유제약,이하 (2),모멘타크림(모메타손푸로에이트)_(15mg/15g),57001441,2,세 (3)
20130047,2013-02-25,,,비급여,,"소아는 체중당 체표면적의 비율이 성인보다 커서 코르티코이드로 인해 HPA축(시상하부-뇌하수체-부신 축) 억제, 쿠싱증후군, 발육장애, 두개내압항진 등이 나타나기 쉬움",mometasone furoate,361333CCM,,,주식회사큐엘파마,이하 (2),큐메타손크림(모메타손푸로에이트)_(15mg/15g),673400181,2,세 (3)
20130047,2013-02-25,,,비급여,,"소아는 체중당 체표면적의 비율이 성인보다 커서 코르티코이드로 인해 HPA축(시상하부-뇌하수체-부신 축) 억제, 쿠싱증후군, 발육장애, 두개내압항진 등이 나타나기 쉬움",mometasone furoate,361346CCM,,,주식회사 더유제약,이하 (2),모멘타크림(모메타손푸로에이트)_(0.45g/450g),57001443,2,세 (3)
20170086,2017-11-06,,,비급여,,Nitrofuran계 항생제는 글루타티온 환원효소 억제로 인한 용혈성 빈혈 위험이 있음,nifuroxazide,201501ACH,,,부광약품(주),미만 (1),에세푸릴캡슐(니푸록사지드)_(0.2g/1캡슐),642201570,1,개월 (2)
20170086,2017-11-06,,,비급여,,Nitrofuran계 항생제는 글루타티온 환원효소 억제로 인한 용혈성 빈혈 위험이 있음,nifuroxazide,201501ACH,,,태극제약(주),미만 (1),샤젠캡슐(니푸록사지드)_(0.2g/1캡슐),644801050,1,개월 (2)
20170086,2017-11-06,,,비급여,,Nitrofuran계 항생제는 글루타티온 환원효소 억제로 인한 용혈성 빈혈 위험이 있음,nifuroxazide,201501ACH,,,에이프로젠제약(주),미만 (1),니라벤캡슐(니푸록사지드)_(0.2g/1캡슐),645204390,1,개월 (2)
20170086,2017-11-06,,,비급여,,Nitrofuran계 항생제는 글루타티온 환원효소 억제로 인한 용혈성 빈혈 위험이 있음,nifuroxazide,201501ACH,,,삼진제약(주),미만 (1),레피즈캡슐(니푸록사지드)_(0.2g/1캡슐),647800410,1,개월 (2)
20170086,2017-11-06,,,비급여,,Nitrofuran계 항생제는 글루타티온 환원효소 억제로 인한 용혈성 빈혈 위험이 있음,nifuroxazide,201501ACH,,,오스틴제약(주),미만 (1),엔터폴캡슐(니푸록사지드)_(0.2g/1캡슐),654301980,1,개월 (2)
20220049,2022-06-30,,,비급여,,태아 및 신생아에서 용혈성 빈혈의 가능성,nitrofurantoin,376401ACH,,,(주)보령,미만 (1),보령니트로푸란토인캡슐_(50mg/1캡슐),641906800,3,개월 (2)
20090300,2009-12-03,,,비급여,,안전성 및 유효성 미확립. 몇몇 어린 동물종에서 관절이상을 유발함,ofloxacin,203901ATB,,,지엘파마(주),이하 (2),지엘오플록사신정100밀리그램_(0.1g/1정),649702280,18,세 (3)
20090300,2009-12-03,,,비급여,,안전성 및 유효성 미확립. 몇몇 어린 동물종에서 관절이상을 유발함,ofloxacin,203901ATB,,,크리스탈생명과학(주),이하 (2),오프록신정100mg(오플록사신)(수출명:인바이오넷오프록신정(오플록사신)인바이오넷인팍신정(오플록사신)_(0.1g/1정),689101030,18,세 (3)
20220049,2022-06-30,,,비급여,,2개월 미만에서 안전성 및 유효성 미확립. 2~23개월 사이의 어린이에서 사용 경험 제한적임. 긴밀한 의료감독 하에 치료 받아야 함,permethrin,648802CCM,,,주식회사 더유제약,미만 (1),오메논크림(퍼메트린(25:75))_(1.5g/30g),57001711,2,세 (3)
20220049,2022-06-30,,,비급여,,2개월 미만에서 안전성 및 유효성 미확립. 2~23개월 사이의 어린이에서 사용 경험 제한적임. 긴밀한 의료감독 하에 치료 받아야 함,permethrin,648802CCM,,,(주)대웅제약,미만 (1),오메크린크림(퍼메트린)_(1.5g/30g),641605991,2,세 (3)
20220049,2022-06-30,,,비급여,,2개월 미만에서 안전성 및 유효성 미확립. 2~23개월 사이의 어린이에서 사용 경험 제한적임. 긴밀한 의료감독 하에 치료 받아야 함,permethrin,648802CCM,,,신신제약(주),미만 (1),신신퍼메트린크림_(1.5g/30g),643803041,2,세 (3)
20220049,2022-06-30,,,비급여,,2개월 미만에서 안전성 및 유효성 미확립. 2~23개월 사이의 어린이에서 사용 경험 제한적임. 긴밀한 의료감독 하에 치료 받아야 함,permethrin,648802CCM,,,동구바이오제약,미만 (1),스메트린크림(퍼메트린)_(1.5g/30g),657308911,2,세 (3)
20090300,2009-12-03,,,비급여,,추체외로증상 특히 운동장애가 나타나기 쉬움,perphenazine hydrochloride,211403BIJ,,,(주)제일제약,이하 (2),페로친주(페르페나진염산염)_(3mg/1mL),650500961,14,세 (3)
20090300,2009-12-03,,,비급여,,안전성 및 유효성 미확립,phendimetrazine tartrate,552601ATB,,,광동제약(주),이하 (2),아트라진정(펜디메트라진타르타르산염)_(35mg/1정),641802190,16,세 (3)
20090300,2009-12-03,,,비급여,,안전성 및 유효성 미확립,phendimetrazine tartrate,552601ATB,,,(주)바이넥스,이하 (2),펜디씬정(펜디메트라진타르타르산염)_(35mg/1정),643101900,16,세 (3)
20090300,2009-12-03,,,비급여,,안전성 및 유효성 미확립,phendimetrazine tartrate,552601ATB,,,제이더블유중외신약(주),이하 (2),펜디예뜨정(펜디메트라진타르타르산염)_(35mg/1정),644101260,16,세 (3)
20090300,2009-12-03,,,비급여,,안전성 및 유효성 미확립,phendimetrazine tartrate,552601ATB,,,조아제약(주),이하 (2),엔슬림정(펜디메트라진타르타르산염)_(35mg/1정),644600840,16,세 (3)
20090300,2009-12-03,,,비급여,,안전성 및 유효성 미확립,phendimetrazine tartrate,552601ATB,,,태극제약(주),이하 (2),페닝정(펜디메트라진타르타르산염)_(35mg/1정),644802850,16,세 (3)
20090300,2009-12-03,,,비급여,,안전성 및 유효성 미확립,phendimetrazine tartrate,552601ATB,,,에이프로젠제약(주),이하 (2),펜디펜정(펜디메트라진타르타르산염)_(35mg/1정),645203630,16,세 (3)
20090300,2009-12-03,,,비급여,,안전성 및 유효성 미확립,phendimetrazine tartrate,552601ATB,,,(주)뉴젠팜,이하 (2),펜디라정(펜디메트라진타르타르산염)_(35mg/1정),646202160,16,세 (3)
20090300,2009-12-03,,,비급여,,안전성 및 유효성 미확립,phendimetrazine tartrate,552601ATB,,,영일제약(주),이하 (2),다이트린정(펜디메트라진타르타르산염)_(35mg/1정),649400210,16,세 (3)
20090300,2009-12-03,,,비급여,,안전성 및 유효성 미확립,phendimetrazine tartrate,552601ATB,,,명문제약(주),이하 (2),펜타씬정(펜디메트라진타르타르산염)_(35mg/1정),649803390,16,세 (3)
20090300,2009-12-03,,,비급여,,안전성 및 유효성 미확립,phendimetrazine tartrate,552601ATB,,,알보젠코리아(주),이하 (2),푸링정(펜디메트라진타르타르산염)_(35mg/1정),652604860,16,세 (3)
20090300,2009-12-03,,,비급여,,안전성 및 유효성 미확립,phendimetrazine tartrate,552601ATB,,,(주)서울제약,이하 (2),펜디진정35mg(펜디메트라진타르타르산염)_(35mg/1정),652903160,16,세 (3)
20090300,2009-12-03,,,비급여,,안전성 및 유효성 미확립,phendimetrazine tartrate,552601ATB,,,(주)한국파마,이하 (2),아드펜정(펜디메트라진타르타르산염)_(35mg/1정),653001360,16,세 (3)
20090300,2009-12-03,,,비급여,,안전성 및 유효성 미확립,phendimetrazine tartrate,552601ATB,,,동국제약㈜,이하 (2),라이트진정(펜디메트라진타르타르산염)_(35mg/1정),653405720,16,세 (3)
20090300,2009-12-03,,,비급여,,안전성 및 유효성 미확립,phendimetrazine tartrate,552601ATB,,,하나제약(주),이하 (2),펜슬림정(펜디메트라진타르타르산염)_(35mg/1정),657802840,16,세 (3)
20090300,2009-12-03,,,비급여,,안전성 및 유효성 미확립,phendimetrazine tartrate,552601ATB,,,(주)비보존제약,이하 (2),디에트정(펜디메트라진타르타르산염)_(35mg/1정),658200200,16,세 (3)
20090300,2009-12-03,,,비급여,,안전성 및 유효성 미확립,phendimetrazine tartrate,552601ATB,,,한국프라임제약(주),이하 (2),펜디멘정(펜디메트라진타르타르산염)_(35mg/1정),663603200,16,세 (3)
20090300,2009-12-03,,,비급여,,안전성 및 유효성 미확립,phendimetrazine tartrate,552601ATB,,,구주제약(주),이하 (2),펜디민정(펜디메트라진타르타르산염)_(35mg/1정),669803310,16,세 (3)
20090300,2009-12-03,,,비급여,,안전성 및 유효성 미확립,phendimetrazine tartrate,552601ATB,,,대한뉴팜(주),이하 (2),펜틴정(펜디메트라진타르타르산염)_(35mg/1정),669904170,16,세 (3)
20090300,2009-12-03,,,비급여,,안전성 및 유효성 미확립,phendimetrazine tartrate,552601ATB,,,(주)팜젠사이언스,이하 (2),페티노정(펜디메트라진타르타르산염)_(35mg/1정),670102080,16,세 (3)
20090300,2009-12-03,,,비급여,,안전성 및 유효성 미확립,phendimetrazine tartrate,552601ATB,,,(주)휴온스,이하 (2),펜디정(펜디메트라진타르타르산염)_(35mg/1정),670602380,16,세 (3)
20090300,2009-12-03,,,비급여,,안전성 및 유효성 미확립,phendimetrazine tartrate,552601ATB,,,주식회사제뉴원사이언스,이하 (2),펜트라정(펜디메트라진타르타르산염)_(35mg/1정),671701750,16,세 (3)
20090300,2009-12-03,,,비급여,,안전성 및 유효성 미확립,phendimetrazine tartrate,552601ATB,,,대원제약(주),이하 (2),펜디라진정(펜디메트라진타르타르산염)_(35mg/1정),671803300,16,세 (3)
20090300,2009-12-03,,,비급여,,안전성 및 유효성 미확립,phendimetrazine tartrate,552601ATB,,,(주)제뉴파마,이하 (2),펜홀드정(펜디메트라진타르타르산염)_(35mg/1정),698001390,16,세 (3)
20090300,2009-12-03,,,비급여,,안전성 및 유효성 미확립,phendimetrazine tartrate,552602ATB,,,알보젠코리아(주),이하 (2),푸링세미정(펜디메트라진타르타르산염)_(17.5mg/1정),652606270,16,세 (3)
20090300,2009-12-03,,,비급여,,안전성 및 유효성 미확립,phendimetrazine tartrate,552602ATB,,,(주)휴온스,이하 (2),펜디세미정(펜디메트라진타르타르산염)_(17.5mg/1정),670607630,16,세 (3)
20090300,2009-12-03,,,비급여,,안전성 및 유효성 미확립,phentermine HCl,552702ACR,,,부광약품(주),이하 (2),판베시서방캡슐 30밀리그램(펜터민염산염)_(30mg/1캡슐),642204430,16,세 (3)
20090300,2009-12-03,,,비급여,,안전성 및 유효성 미확립,phentermine hydrochloride,552705ATB,,,동국제약㈜,이하 (2),비엠진정(펜터민염산염)_(37.5mg/1정),653405730,16,세 (3)
20090300,2009-12-03,,,비급여,,안전성 및 유효성 미확립,phentermine hydrochloride (as phentermine),552701ATB,,,(주)마더스제약,이하 (2),아트민정(펜터민염산염)_(37.5mg/1정),622802050,16,세 (3)
20090300,2009-12-03,,,비급여,,안전성 및 유효성 미확립,phentermine hydrochloride (as phentermine),552701ATB,,,(주)휴비스트제약,이하 (2),펜타지아정(펜터민염산염)_(37.5mg/1정),628800800,16,세 (3)
20090300,2009-12-03,,,비급여,,안전성 및 유효성 미확립,phentermine hydrochloride (as phentermine),552701ATB,,,(주)대웅제약,이하 (2),디에타민정(수출명:DIETOP)(염산펜터민)_(37.5mg/1정),641601110,16,세 (3)
20090300,2009-12-03,,,비급여,,안전성 및 유효성 미확립,phentermine hydrochloride (as phentermine),552701ATB,,,(주)대웅제약,이하 (2),디에타민정(펜터민염산염)_(37.5mg/1정),641601120,16,세 (3)
20090300,2009-12-03,,,비급여,,안전성 및 유효성 미확립,phentermine hydrochloride (as phentermine),552701ATB,,,광동제약(주),이하 (2),아디펙스정(펜터민염산염)_(37.5mg/1정),641802050,16,세 (3)
20090300,2009-12-03,,,비급여,,안전성 및 유효성 미확립,phentermine hydrochloride (as phentermine),552701ATB,,,일동제약(주),이하 (2),펜타인정(펜터민염산염)_(37.5mg/1정),642902420,16,세 (3)
20090300,2009-12-03,,,비급여,,안전성 및 유효성 미확립,phentermine hydrochloride (as phentermine),552701ATB,,,(주)바이넥스,이하 (2),펜트민정(펜터민염산염)_(37.5mg/1정),643101910,16,세 (3)
20090300,2009-12-03,,,비급여,,안전성 및 유효성 미확립,phentermine hydrochloride (as phentermine),552701ATB,,,제이더블유신약(주),이하 (2),펜터미정(펜터민염산염)_(37.5mg/1정),644100640,16,세 (3)
20090300,2009-12-03,,,비급여,,안전성 및 유효성 미확립,phentermine hydrochloride (as phentermine),552701ATB,,,조아제약(주),이하 (2),씬스펜정(펜터민염산염)_(37.5mg/1정),644600690,16,세 (3)
20090300,2009-12-03,,,비급여,,안전성 및 유효성 미확립,phentermine hydrochloride (as phentermine),552701ATB,,,태극제약(주),이하 (2),페니민정(펜터민염산염)_(37.5mg/1정),644802840,16,세 (3)
20090300,2009-12-03,,,비급여,,안전성 및 유효성 미확립,phentermine hydrochloride (as phentermine),552701ATB,,,에이프로젠제약(주),이하 (2),틴틴정(펜터민염산염)_(37.5mg/1정),645202640,16,세 (3)
20090300,2009-12-03,,,비급여,,안전성 및 유효성 미확립,phentermine hydrochloride (as phentermine),552701ATB,,,대화제약(주),이하 (2),대화노브제정(펜터민염산염)_(37.5mg/1정),645603900,16,세 (3)
20090300,2009-12-03,,,비급여,,안전성 및 유효성 미확립,phentermine hydrochloride (as phentermine),552701ATB,,,(주)메디카코리아,이하 (2),슬레민정(펜터민염산염)_(37.5mg/1정),646001540,16,세 (3)
20090300,2009-12-03,,,비급여,,안전성 및 유효성 미확립,phentermine hydrochloride (as phentermine),552701ATB,,,영일제약(주),이하 (2),펜민정(펜터민염산염)_(37.5mg/1정),649402670,16,세 (3)
20090300,2009-12-03,,,비급여,,안전성 및 유효성 미확립,phentermine hydrochloride (as phentermine),552701ATB,,,유니메드제약(주),이하 (2),로우칼정(펜터민염산염)_(37.5mg/1정),649500530,16,세 (3)
20090300,2009-12-03,,,비급여,,안전성 및 유효성 미확립,phentermine hydrochloride (as phentermine),552701ATB,,,명문제약(주),이하 (2),레디펜정(펜터민염산염)_(37.5mg/1정),649800430,16,세 (3)
20090300,2009-12-03,,,비급여,,안전성 및 유효성 미확립,phentermine hydrochloride (as phentermine),552701ATB,,,명인제약(주),이하 (2),페딘정(펜터민염산염)_(37.5mg/1정),651902290,16,세 (3)
20090300,2009-12-03,,,비급여,,안전성 및 유효성 미확립,phentermine hydrochloride (as phentermine),552701ATB,,,알보젠코리아(주),이하 (2),푸리민정37.5밀리그램(펜터민염산염)_(37.5mg/1정),652604870,16,세 (3)
20090300,2009-12-03,,,비급여,,안전성 및 유효성 미확립,phentermine hydrochloride (as phentermine),552701ATB,,,(주)서울제약,이하 (2),웰트민정(펜터민염산염)_(37.5mg/1정),652901440,16,세 (3)
20090300,2009-12-03,,,비급여,,안전성 및 유효성 미확립,phentermine hydrochloride (as phentermine),552701ATB,,,(주)비보존제약,이하 (2),레티스정(펜터민염산염)_(37.5mg/1정),658200310,16,세 (3)
20090300,2009-12-03,,,비급여,,안전성 및 유효성 미확립,phentermine hydrochloride (as phentermine),552701ATB,,,한국프라임제약(주),이하 (2),펜더정(펜터민염산염)_(37.5mg/1정),663603190,16,세 (3)
20090300,2009-12-03,,,비급여,,안전성 및 유효성 미확립,phentermine hydrochloride (as phentermine),552701ATB,,,구주제약(주),이하 (2),메타맥스정(펜터민염산염)_(37.5mg/1정),669801040,16,세 (3)
20090300,2009-12-03,,,비급여,,안전성 및 유효성 미확립,phentermine hydrochloride (as phentermine),552701ATB,,,대한뉴팜(주),이하 (2),페스틴정(펜터민염산염)_(37.5mg/1정),669904160,16,세 (3)
20090300,2009-12-03,,,비급여,,안전성 및 유효성 미확립,phentermine hydrochloride (as phentermine),552701ATB,,,(주)팜젠사이언스,이하 (2),로페트정(펜터민염산염)_(37.5mg/1정),670100310,16,세 (3)
20090300,2009-12-03,,,비급여,,안전성 및 유효성 미확립,phentermine hydrochloride (as phentermine),552701ATB,,,(주)휴온스,이하 (2),휴터민정(펜터민염산염)_(37.5mg/1정),670603980,16,세 (3)
20090300,2009-12-03,,,비급여,,안전성 및 유효성 미확립,phentermine hydrochloride (as phentermine),552701ATB,,,주식회사제뉴원사이언스,이하 (2),케이터민정(펜터민염산염)_(37.5mg/1정),671701310,16,세 (3)
20090300,2009-12-03,,,비급여,,안전성 및 유효성 미확립,phentermine hydrochloride (as phentermine),552701ATB,,,대원제약(주),이하 (2),펜키니정(펜터민염산염)_(37.5mg/1정),671803320,16,세 (3)
20090300,2009-12-03,,,비급여,,안전성 및 유효성 미확립,phentermine hydrochloride (as phentermine),552701ATB,,,(주)제뉴파마,이하 (2),비터펜정(펜터민염산염)_(37.5mg/1정),698001380,16,세 (3)
20090300,2009-12-03,,,비급여,,안전성 및 유효성 미확립,phentermine hydrochloride (as phentermine),552704ATB,,,광동제약(주),이하 (2),아디펙스정18.75mg(펜터민염산염)_(18.75mg/1정),641805180,16,세 (3)
20090300,2009-12-03,,,비급여,,안전성 및 유효성 미확립,phentermine hydrochloride (as phentermine),552704ATB,,,제이더블유중외신약(주),이하 (2),펜터미세미정(펜터민염산염)_(18.75mg/1정),644102430,16,세 (3)
20090300,2009-12-03,,,비급여,,안전성 및 유효성 미확립,phentermine hydrochloride (as phentermine),552704ATB,,,알보젠코리아(주),이하 (2),푸리민정18.75밀리그램(펜터민염산염)_(18.75mg/1정),652604900,16,세 (3)
20090300,2009-12-03,,,비급여,,안전성 및 유효성 미확립,phentermine hydrochloride (as phentermine),552704ATB,,,대한뉴팜(주),이하 (2),피티엠정(펜터민염산염)_(18.75mg/1정),669905860,16,세 (3)
20090300,2009-12-03,,,비급여,,안전성 및 유효성 미확립,phentermine hydrochloride (as phentermine),552704ATB,,,(주)휴온스,이하 (2),휴터민세미정(펜터민염산염)_(18.75mg/1정),670606670,16,세 (3)
20090300,2009-12-03,,,비급여,,,piracetam,213407BIJ,,,한국유니온제약(주),미만 (1),유니세탐주(피라세탐)(수출명:UNAPIRAN Inj)_(1g/5mL),665502321,16,세 (3)
20050017,2005-03-09,,,비급여,,벤질알코올은 조숙아에게서 치명적인 가쁜 호흡증상과 연관이 있는 것으로 보고됨,piroxicam,214031BIJ,,,대한뉴팜(주),미만 (1),헬렌주20mg(피록시캄)_(20mg/1mL),669904501,4,주 (1)
20180088,2018-11-02,,,비급여,,중증의 위장관계 이상반응을 일으킬 위험은 연령에 따라 증가함. 고령자는 중대한 위장관계 이상반응의 위험이 더 클 수 있음.,piroxicam,214031BIJ,,,대한뉴팜(주),이상 (4),헬렌주20mg(피록시캄)_(20mg/1mL),669904501,80,세 (3)
20050017,2005-03-09,,,비급여,,벤질알코올은 조숙아에게서 치명적인 가쁜 호흡증상과 연관이 있는 것으로 보고됨,piroxicam potassium (as piroxicam),214130BIJ,,,대한뉴팜(주),미만 (1),포타캄주(피록시캄칼륨)_(22.3mg/1mL),669905551,4,주 (1)
20180088,2018-11-02,,,비급여,,중증의 위장관계 이상반응을 일으킬 위험은 연령에 따라 증가함. 고령자는 중대한 위장관계 이상반응의 위험이 더 클 수 있음.,piroxicam potassium (as piroxicam),214130BIJ,,,대한뉴팜(주),이상 (4),포타캄주(피록시캄칼륨)_(22.3mg/1mL),669905551,80,세 (3)
20070030,2007-04-11,,,비급여,,,polystyrene sulfonate calcium,215402AGN,,,(주)시어스제약,미만 (1),카리트과립(폴리스티렌설폰산칼슘)_(5g/5.352g),689001441,1,개월 (2)
20180088,2018-11-02,,,비급여,,신생아에게 마취 목적으로 투여 시 심장-호흡기계 억제 보고 후두염 및 후두개염으로 진단된 소아에게 진정 목적으로 이약을 장기간(3~5일) 투여 시 사망 보고,propofol,219831BIJ,,,동국제약(주),미만 (1),포폴주사(프로포폴)(바이알)_(80mg/8mL),653403581,36,개월 (2)
20180088,2018-11-02,,,비급여,,신생아에게 마취 목적으로 투여 시 심장-호흡기계 억제 보고 후두염 및 후두개염으로 진단된 소아에게 진정 목적으로 이약을 장기간(3~5일) 투여 시 사망 보고,propofol,219832BIJ,,,프레지니우스카비코리아(주),미만 (1),프레조폴엠시티1%주(프로포폴)(앰플)_(0.1g/10mL),650902091,36,개월 (2)
20180088,2018-11-02,,,비급여,,신생아에게 마취 목적으로 투여 시 심장-호흡기계 억제 보고 후두염 및 후두개염으로 진단된 소아에게 진정 목적으로 이약을 장기간(3~5일) 투여 시 사망 보고,propofol,219833BIJ,,,동국제약(주),미만 (1),포폴주사(프로포폴)(바이알)_(0.12g/12mL),653403551,36,개월 (2)
20180088,2018-11-02,,,비급여,,신생아에게 마취 목적으로 투여 시 심장-호흡기계 억제 보고 후두염 및 후두개염으로 진단된 소아에게 진정 목적으로 이약을 장기간(3~5일) 투여 시 사망 보고,propofol,219833BIJ,,,㈜한국팜비오,미만 (1),프로바이브주1%(프로포폴)(PROVIVE1%(propofol))_(0.12g/12mL),659901861,36,개월 (2)
20180088,2018-11-02,,,비급여,,신생아에게 마취 목적으로 투여 시 심장-호흡기계 억제 보고 후두염 및 후두개염으로 진단된 소아에게 진정 목적으로 이약을 장기간(3~5일) 투여 시 사망 보고,propofol,219834BIJ,,,동국제약(주),미만 (1),포폴주사(프로포폴)(앰플)_(0.15g/15mL),653402361,36,개월 (2)
20180088,2018-11-02,,,비급여,,신생아에게 마취 목적으로 투여 시 심장-호흡기계 억제 보고 후두염 및 후두개염으로 진단된 소아에게 진정 목적으로 이약을 장기간(3~5일) 투여 시 사망 보고,propofol,219834BIJ,,,㈜한국팜비오,미만 (1),프로바이브주1%(프로포폴)(PROVIVE1%(propofol))_(0.15g/15mL),659901871,36,개월 (2)
20180088,2018-11-02,,,비급여,,신생아에게 마취 목적으로 투여 시 심장-호흡기계 억제 보고 후두염 및 후두개염으로 진단된 소아에게 진정 목적으로 이약을 장기간(3~5일) 투여 시 사망 보고,propofol,219835BIJ,,,동국제약(주),미만 (1),포폴주사(프로포폴)(바이알)_(0.2g/20mL),653402291,36,개월 (2)
20180088,2018-11-02,,,비급여,,신생아에게 마취 목적으로 투여 시 심장-호흡기계 억제 보고 후두염 및 후두개염으로 진단된 소아에게 진정 목적으로 이약을 장기간(3~5일) 투여 시 사망 보고,propofol,219835BIJ,,,㈜한국팜비오,미만 (1),프로바이브주1%(프로포폴)(PROVIVE1%(propofol))_(0.2g/20mL),659901881,36,개월 (2)
20180088,2018-11-02,,,비급여,,신생아에게 마취 목적으로 투여 시 심장-호흡기계 억제 보고 후두염 및 후두개염으로 진단된 소아에게 진정 목적으로 이약을 장기간(3~5일) 투여 시 사망 보고,propofol,219835BIJ,,,비브라운코리아(주),미만 (1),비.브라운 프로포폴-리푸로1%주_(0.2g/20mL),667400841,36,개월 (2)
20180088,2018-11-02,,,비급여,,신생아에게 마취 목적으로 투여 시 심장-호흡기계 억제 보고 후두염 및 후두개염으로 진단된 소아에게 진정 목적으로 이약을 장기간(3~5일) 투여 시 사망 보고,propofol,219836BIJ,,,프레지니우스카비코리아(주),미만 (1),프레조폴엠시티프리필드주1%(프로포폴)_(0.5g/50mL),650902121,36,개월 (2)
20180088,2018-11-02,,,비급여,,신생아에게 마취 목적으로 투여 시 심장-호흡기계 억제 보고 후두염 및 후두개염으로 진단된 소아에게 진정 목적으로 이약을 장기간(3~5일) 투여 시 사망 보고,propofol,219836BIJ,,,㈜한국팜비오,미만 (1),프로바이브주1%(프로포폴)(PROVIVE1%(propofol))_(0.5g/50mL),659901891,36,개월 (2)
20180088,2018-11-02,,,비급여,,신생아에게 마취 목적으로 투여 시 심장-호흡기계 억제 보고 후두염 및 후두개염으로 진단된 소아에게 진정 목적으로 이약을 장기간(3~5일) 투여 시 사망 보고,propofol,219837BIJ,,,동국제약(주),미만 (1),포폴주사(프로포폴)(바이알)_(1g/100mL),653402341,36,개월 (2)
20180088,2018-11-02,,,비급여,,신생아에게 마취 목적으로 투여 시 심장-호흡기계 억제 보고 후두염 및 후두개염으로 진단된 소아에게 진정 목적으로 이약을 장기간(3~5일) 투여 시 사망 보고,propofol,219838BIJ,,,프레지니우스카비코리아(주),미만 (1),프레조폴엠시티프리필드주2%(프로포폴)_(1g/50mL),650902131,36,개월 (2)
20180088,2018-11-02,,,비급여,,신생아에게 마취 목적으로 투여 시 심장-호흡기계 억제 보고 후두염 및 후두개염으로 진단된 소아에게 진정 목적으로 이약을 장기간(3~5일) 투여 시 사망 보고,propofol,219839BIJ,,,하나제약(주),미만 (1),아네폴주사(프로포폴)_(0.18g/18mL),657805751,36,개월 (2)
20200130,2020-12-28,,,비급여,,,"Pulvis Cinnamomi Corticis(Cinnamon Bark Powder), Pulvis Gentianae Luteae Radicis et Rhizomatis(Gentian Powder), Hydrotalcite, Sodium bicarbonate",D08300ATB,,,영풍제약(주),미만 (1),스리날-에스정_(1정),661904060,15,세 (3)
20220049,2022-06-30,,,비급여,,안전성 및 유효성 미확립,Racecadotril,632402ACH,,,영진약품(주),미만 (1),라세카캡슐100밀리그램(라세카도트릴)_(0.1g/1캡슐),642405130,3,개월 (2)
20220049,2022-06-30,,,비급여,,안전성 및 유효성 미확립,Racecadotril,632402ACH,,,한국애보트(유),미만 (1),하이드라섹캡슐100mg(라세카도트릴)_(0.1g/1캡슐),644206480,3,개월 (2)
20220049,2022-06-30,,,비급여,,안전성 및 유효성 미확립,racecadotril,632401APD,,,한국애보트(유),미만 (1),하이드라섹산30mg(라세카도트릴)_(30mg/1포),644206371,3,개월 (2)
20220049,2022-06-30,,,비급여,,안전성 및 유효성 미확립,racecadotril,632402APD,,,한국애보트(유),미만 (1),하이드라섹산10mg(라세카도트릴)_(10mg/1포),644206381,3,개월 (2)
20090300,2009-12-03,,,비급여,,"다만, 발기부전치료에 한함",sildenafil,618301APD,,,건일제약(주),이하 (2),세리비아세립50밀리그램(실데나필)_(50mg/1포),646802501,18,세 (3)
20090300,2009-12-03,,,비급여,,"다만, 발기부전치료에 한함",sildenafil,618301APD,,,코오롱제약(주),이하 (2),네오비아세립50밀리그램(실데나필)_(50mg/1포),670303411,18,세 (3)
20090300,2009-12-03,,,비급여,,"다만, 발기부전치료에 한함",sildenafil,618301ATB,,,한미약품(주),이하 (2),팔팔츄정50밀리그램(실데나필)_(50mg/1정),643506220,18,세 (3)
20090300,2009-12-03,,,비급여,,,sildenafil,618301ATD,,,제일약품(주),이하 (2),포르테라구강용해필름50밀리그램(실데나필)_(50mg/1장),645403570,18,세 (3)
20090300,2009-12-03,,,비급여,,,sildenafil,618301ATD,,,알보젠코리아(주),이하 (2),프리야구강용해필름50밀리그램(실데나필)_(50mg/1장),652603010,18,세 (3)
20090300,2009-12-03,,,비급여,,,sildenafil,618301ATD,,,동국제약(주),이하 (2),엠슈타인구강용해필름50밀리그램(실데나필)_(50mg/1장),653402500,18,세 (3)
20090300,2009-12-03,,,비급여,,,sildenafil,618301ATD,,,(주)씨티씨바이오,이하 (2),플리즈구강용해필름50밀리그램(실데나필)_(50mg/1장),669501300,18,세 (3)
20090300,2009-12-03,,,비급여,,,sildenafil,618301ATD,,,코오롱제약(주),이하 (2),타오필구강용해필름50밀리그램(실데나필)_(50mg/1장),670304990,18,세 (3)
20090300,2009-12-03,,,비급여,,,sildenafil,618301ATD,,,(주)휴온스,이하 (2),프리스틴구강용해필름50밀리그램(실데나필)_(50mg/1장),670605870,18,세 (3)
20090300,2009-12-03,,,비급여,,"다만, 발기부전치료에 한함",sildenafil,618302APD,,,건일제약(주),이하 (2),세리비아세립100밀리그램(실데나필)_(0.1g/1포),646802511,18,세 (3)
20090300,2009-12-03,,,비급여,,"다만, 발기부전치료에 한함",sildenafil,618302ATB,,,한미약품(주),이하 (2),팔팔츄정100밀리그램(실데나필)_(0.1g/1정),643506230,18,세 (3)
20090300,2009-12-03,,,비급여,,,sildenafil,618302ATD,,,동국제약(주),이하 (2),엠슈타인구강용해필름100밀리그램(실데나필)_(0.1g/1장),653405380,18,세 (3)
20090300,2009-12-03,,,비급여,,,sildenafil,618302ATD,,,(주)씨티씨바이오,이하 (2),플리즈구강용해필름100밀리그램(실데나필)_(0.1g/1장),669501380,18,세 (3)
20090300,2009-12-03,,,비급여,,"다만, 발기부전치료에 한함",sildenafil,618303ATB,,,한미약품(주),이하 (2),팔팔츄정25밀리그램(실데나필)_(25mg/1정),643506310,18,세 (3)
20090300,2009-12-03,,,비급여,,"다만, 발기부전치료에 한함",sildenafil citrate (as sildenafil),553304ATB,,,(주)인트로바이오파마,이하 (2),토르에스정100밀리그램(실데나필시트르산염)_(0.14045g/1정),52402010,18,세 (3)
20090300,2009-12-03,,,비급여,,"다만, 발기부전치료에 한함",sildenafil citrate (as sildenafil),553304ATB,,,주식회사 더유제약,이하 (2),올앳스정100밀리그램(실데나필시트르산염)_(0.14045g/1정),57000210,18,세 (3)
20090300,2009-12-03,,,비급여,,"다만, 발기부전치료에 한함",sildenafil citrate (as sildenafil),553304ATB,,,주식회사다나젠,이하 (2),다나그라정100밀리그램(실데나필시트르산염)_(0.1g/1정),57600970,18,세 (3)
20090300,2009-12-03,,,비급여,,"다만, 발기부전치료에 한함",sildenafil citrate (as sildenafil),553304ATB,,,(주)킴스제약,이하 (2),실데나킴정100밀리그램(실데나필시트르산염)_(0.14045g/1정),59600610,18,세 (3)
20090300,2009-12-03,,,비급여,,"다만, 발기부전치료에 한함",sildenafil citrate (as sildenafil),553304ATB,,,비아트리스코리아(주),이하 (2),비아그라정100밀리그람(실데나필시트르산염)_(0.14045g/1정),73400010,18,세 (3)
20090300,2009-12-03,,,비급여,,"다만, 발기부전치료에 한함",sildenafil citrate (as sildenafil),553304ATB,,,(주)대웅제약,이하 (2),누리그라정100밀리그램(실데나필시트르산염)_(0.14045g/1정),641605430,18,세 (3)
20090300,2009-12-03,,,비급여,,"다만, 발기부전치료에 한함",sildenafil citrate (as sildenafil),553304ATB,,,(주)대웅제약,이하 (2),누리그라츄정100밀리그램(실데나필시트르산염)_(0.14045g/1정),641605480,18,세 (3)
20090300,2009-12-03,,,비급여,,"다만, 발기부전치료에 한함",sildenafil citrate (as sildenafil),553304ATB,,,일양약품(주),이하 (2),일양실데나필정100밀리그램_(0.14045g/1정),641704360,18,세 (3)
20090300,2009-12-03,,,비급여,,"다만, 발기부전치료에 한함",sildenafil citrate (as sildenafil),553304ATB,,,(주)보령,이하 (2),오바램정100밀리그램(실데나필시트르산염)_(140.45mg/1정),641907420,18,세 (3)
20090300,2009-12-03,,,비급여,,"다만, 발기부전치료에 한함",sildenafil citrate (as sildenafil),553304ATB,,,(주)유한양행,이하 (2),이디포스정100밀리그램(실데나필시트르산염)_(0.14045g/1정),642104220,18,세 (3)
20090300,2009-12-03,,,비급여,,"다만, 발기부전치료에 한함",sildenafil citrate (as sildenafil),553304ATB,,,부광약품(주),이하 (2),부광실데나필정100밀리그램_(0.14045g/1정),642203190,18,세 (3)
20090300,2009-12-03,,,비급여,,"다만, 발기부전치료에 한함",sildenafil citrate (as sildenafil),553304ATB,,,동성제약(주),이하 (2),비야정100mg(실데나필시트르산염)_(0.14045g/1정),643202350,18,세 (3)
20090300,2009-12-03,,,비급여,,"다만, 발기부전치료에 한함",sildenafil citrate (as sildenafil),553304ATB,,,(주)종근당,이하 (2),센글라정100밀리그램(실데나필시트르산염)_(0.14045g/1정),643307710,18,세 (3)
20090300,2009-12-03,,,비급여,,"다만, 발기부전치료에 한함",sildenafil citrate (as sildenafil),553304ATB,,,한미약품(주),이하 (2),팔팔정100밀리그램(실데나필시트르산염)_(0.14045g/1정),643506240,18,세 (3)
20090300,2009-12-03,,,비급여,,"다만, 발기부전치료에 한함",sildenafil citrate (as sildenafil),553304ATB,,,국제약품(주),이하 (2),맥시그라정100밀리그램(실데나필시트르산염)_(0.14045g/1정),643703450,18,세 (3)
20090300,2009-12-03,,,비급여,,"다만, 발기부전치료에 한함",sildenafil citrate (as sildenafil),553304ATB,,,삼익제약(주),이하 (2),발탁스정100mg(실데나필시트르산염)_(0.14045g/1정),644003270,18,세 (3)
20090300,2009-12-03,,,비급여,,"다만, 발기부전치료에 한함",sildenafil citrate (as sildenafil),553304ATB,,,제이더블유신약(주),이하 (2),발그리아정100밀리그램(실데나필시트르산염)_(0.14045g/1정),644103090,18,세 (3)
20090300,2009-12-03,,,비급여,,"다만, 발기부전치료에 한함",sildenafil citrate (as sildenafil),553304ATB,,,한국유나이티드제약(주),이하 (2),아네르츄정100밀리그램(실데나필시트르산염)_(0.14045g/1정),644308610,18,세 (3)
20090300,2009-12-03,,,비급여,,"다만, 발기부전치료에 한함",sildenafil citrate (as sildenafil),553304ATB,,,대화제약(주),이하 (2),바미라크정100밀리그램(실데나필시트르산염)_(0.14045g/1정),645604080,18,세 (3)
20090300,2009-12-03,,,비급여,,"다만, 발기부전치료에 한함",sildenafil citrate (as sildenafil),553304ATB,,,동광제약(주),이하 (2),데나그라정100mg(실데나필시트르산염)_(0.14045g/1정),645905370,18,세 (3)
20090300,2009-12-03,,,비급여,,"다만, 발기부전치료에 한함",sildenafil citrate (as sildenafil),553304ATB,,,삼진제약(주),이하 (2),해피그라정100밀리그램(실데나필시트르산염)_(0.14045g/1정),647803640,18,세 (3)
20090300,2009-12-03,,,비급여,,"다만, 발기부전치료에 한함",sildenafil citrate (as sildenafil),553304ATB,,,경동제약(주),이하 (2),포르테브이정100밀리그램(실데나필시트르산염)_(0.14045g/1정),648103160,18,세 (3)
20090300,2009-12-03,,,비급여,,"다만, 발기부전치료에 한함",sildenafil citrate (as sildenafil),553304ATB,,,(주)씨엠지제약,이하 (2),그대로필정100밀리그램(실데나필시트르산염)_(0.14045g/1정),648604290,18,세 (3)
20090300,2009-12-03,,,비급여,,"다만, 발기부전치료에 한함",sildenafil citrate (as sildenafil),553304ATB,,,한국휴텍스제약(주),이하 (2),뉴비그라정100밀리그램(실데나필시트르산염)_(0.14045g/1정),649102060,18,세 (3)
20090300,2009-12-03,,,비급여,,"다만, 발기부전치료에 한함",sildenafil citrate (as sildenafil),553304ATB,,,안국약품(주),이하 (2),에이치-유정100밀리그램(실데나필시트르산염)_(0.14045g/1정),650203830,18,세 (3)
20090300,2009-12-03,,,비급여,,"다만, 발기부전치료에 한함",sildenafil citrate (as sildenafil),553304ATB,,,알보젠코리아(주),이하 (2),프리야정100밀리그램(실데나필시트르산염)_(0.14045g/1정),652603120,18,세 (3)
20090300,2009-12-03,,,비급여,,"다만, 발기부전치료에 한함",sildenafil citrate (as sildenafil),553304ATB,,,(주)비씨월드제약,이하 (2),실비에정100밀리그램(실데나필시트르산염)_(0.14045g/1정),653102650,18,세 (3)
20090300,2009-12-03,,,비급여,,"다만, 발기부전치료에 한함",sildenafil citrate (as sildenafil),553304ATB,,,동국제약(주),이하 (2),엠슈타인정100밀리그램(실데나필시트르산염)_(0.14045g/1정),653404940,18,세 (3)
20090300,2009-12-03,,,비급여,,"다만, 발기부전치료에 한함",sildenafil citrate (as sildenafil),553304ATB,,,신일제약(주),이하 (2),실데그라정100밀리그램(실데나필시트르산염)_(0.14045g/1정),653806370,18,세 (3)
20090300,2009-12-03,,,비급여,,"다만, 발기부전치료에 한함",sildenafil citrate (as sildenafil),553304ATB,,,아주약품(주),이하 (2),비아맥스정100밀리그램(실데나필시트르산염)_(0.14045g/1정),654004100,18,세 (3)
20090300,2009-12-03,,,비급여,,"다만, 발기부전치료에 한함",sildenafil citrate (as sildenafil),553304ATB,,,오스틴제약(주),이하 (2),비아리스정(실데나필시트르산염)_(0.14045g/1정),654304600,18,세 (3)
20090300,2009-12-03,,,비급여,,"다만, 발기부전치료에 한함",sildenafil citrate (as sildenafil),553304ATB,,,케이엠에스제약(주),이하 (2),퀵맥스정100밀리그램(실데나필시트르산염)_(0.14045g/1정),654702220,18,세 (3)
20090300,2009-12-03,,,비급여,,"다만, 발기부전치료에 한함",sildenafil citrate (as sildenafil),553304ATB,,,한올바이오파마(주),이하 (2),포미스터정100mg(실데나필시트르산염)_(0.14045g/1정),655604310,18,세 (3)
20090300,2009-12-03,,,비급여,,"다만, 발기부전치료에 한함",sildenafil citrate (as sildenafil),553304ATB,,,환인제약(주),이하 (2),이레나필정100밀리그램(실데나필시트르산염)_(0.14045g/1정),657202350,18,세 (3)
20090300,2009-12-03,,,비급여,,"다만, 발기부전치료에 한함",sildenafil citrate (as sildenafil),553304ATB,,,(주)동구바이오제약,이하 (2),자이그라정100밀리그램(실데나필시트르산염)_(0.14045g/1정),657305780,18,세 (3)
20090300,2009-12-03,,,비급여,,"다만, 발기부전치료에 한함",sildenafil citrate (as sildenafil),553304ATB,,,하나제약(주),이하 (2),푸로그라정100밀리그램(실데나필시트르산염)_(0.14045g/1정),657804960,18,세 (3)
20090300,2009-12-03,,,비급여,,"다만, 발기부전치료에 한함",sildenafil citrate (as sildenafil),553304ATB,,,㈜비보존제약,이하 (2),브이그라정100밀리그램(실데나필시트르산염)_(0.14045g/1정),658204770,18,세 (3)
20090300,2009-12-03,,,비급여,,"다만, 발기부전치료에 한함",sildenafil citrate (as sildenafil),553304ATB,,,한국프라임제약(주),이하 (2),보그라정100밀리그램(실데나필시트르산염)_(0.14045g/1정),663605410,18,세 (3)
20090300,2009-12-03,,,비급여,,"다만, 발기부전치료에 한함",sildenafil citrate (as sildenafil),553304ATB,,,(주)경보제약,이하 (2),칸데그라정(실데나필시트르산염)_(0.14045g/1정),665001640,18,세 (3)
20090300,2009-12-03,,,비급여,,"다만, 발기부전치료에 한함",sildenafil citrate (as sildenafil),553304ATB,,,한국유니온제약(주),이하 (2),유니그라정100밀리그램(실데나필시트르산염)_(0.14045g/1정),665506300,18,세 (3)
20090300,2009-12-03,,,비급여,,"다만, 발기부전치료에 한함",sildenafil citrate (as sildenafil),553304ATB,,,(주)휴온스,이하 (2),프리스틴정100mg(실데나필시트르산염)_(0.14045g/1정),670606470,18,세 (3)
20090300,2009-12-03,,,비급여,,"다만, 발기부전치료에 한함",sildenafil citrate (as sildenafil),553304ATB,,,대원제약(주),이하 (2),아그나필정100mg(실데나필시트르산염)_(0.14045g/1정),671805240,18,세 (3)
20090300,2009-12-03,,,비급여,,"다만, 발기부전치료에 한함",sildenafil citrate (as sildenafil),553304ATB,,,주식회사큐엘파마,이하 (2),큐데나필정100밀리그램(실데나필시트르산염)_(0.14045mg/1정),673400320,18,세 (3)
20090300,2009-12-03,,,비급여,,"다만, 발기부전치료에 한함",sildenafil citrate (as sildenafil),553304ATB,,,(주)한국글로벌제약,이하 (2),나비그라정100밀리그램(실데나필시트르산염)_(0.14045g/1정),693201030,18,세 (3)
20090300,2009-12-03,,,비급여,,"다만, 발기부전치료에 한함",sildenafil citrate (as sildenafil),553304ATB,,,대웅바이오(주),이하 (2),대웅바이오실데나필정100밀리그램(실데나필시트르산염)_(0.14045g/1정),694000850,18,세 (3)
20090300,2009-12-03,,,비급여,,"다만, 발기부전치료에 한함",sildenafil citrate (as sildenafil),553304ATD,,,(주)서울제약,이하 (2),비아그라엘구강붕해필름100밀리그램(실데나필시트르산염)_(140.45mg/1장),652903320,18,세 (3)
20090300,2009-12-03,,,비급여,,"다만, 발기부전치료에 한함",sildenafil citrate(as sildenafil),553302ATB,,,(주)대웅제약,이하 (2),누리그라정25밀리그램(실데나필시트르산염)_(35.11mg/1정),641605660,18,세 (3)
20090300,2009-12-03,,,비급여,,"다만, 발기부전치료에 한함",sildenafil citrate(as sildenafil),553302ATB,,,비아트리스코리아(주),이하 (2),비아그라정25밀리그람(실데나필시트르산염)_(35.11mg/1정),648900380,18,세 (3)
20090300,2009-12-03,,,비급여,,"다만, 발기부전치료에 한함",sildenafil citrate(as sildenafil),553303ATB,,,(주)인트로바이오파마,이하 (2),토르에스정50밀리그램(실데나필시트르산염)_(70.23mg/1정),52402000,18,세 (3)
20090300,2009-12-03,,,비급여,,"다만, 발기부전치료에 한함",sildenafil citrate(as sildenafil),553303ATB,,,주식회사 더유제약,이하 (2),올앳스정50밀리그램(실데나필시트르산염)_(70.23mg/1정),57000730,18,세 (3)
20090300,2009-12-03,,,비급여,,"다만, 발기부전치료에 한함",sildenafil citrate(as sildenafil),553303ATB,,,(주)킴스제약,이하 (2),실데나킴정50밀리그램(실데나필시트르산염)_(70.23mg/1정),59600600,18,세 (3)
20090300,2009-12-03,,,비급여,,"다만, 발기부전치료에 한함",sildenafil citrate(as sildenafil),553303ATB,,,비아트리스코리아(주),이하 (2),비아그라정50밀리그람(실데나필시트르산염)_(70.23mg/1정),73400050,18,세 (3)
20090300,2009-12-03,,,비급여,,"다만, 발기부전치료에 한함",sildenafil citrate(as sildenafil),553303ATB,,,(주)휴비스트제약,이하 (2),비스트라정50mg(실데나필시트르산염)_(70.23mg/1정),628800430,18,세 (3)
20090300,2009-12-03,,,비급여,,"다만, 발기부전치료에 한함",sildenafil citrate(as sildenafil),553303ATB,,,(주)대웅제약,이하 (2),누리그라정50밀리그램(실데나필시트르산염)_(70.23mg/1정),641605420,18,세 (3)
20090300,2009-12-03,,,비급여,,"다만, 발기부전치료에 한함",sildenafil citrate(as sildenafil),553303ATB,,,(주)대웅제약,이하 (2),누리그라츄정50밀리그램(실데나필시트르산염)_(70.23mg/1정),641605470,18,세 (3)
20090300,2009-12-03,,,비급여,,"다만, 발기부전치료에 한함",sildenafil citrate(as sildenafil),553303ATB,,,일양약품(주),이하 (2),일양실데나필정50밀리그램(실데나필시트르산염)_(70.23mg/1정),641704350,18,세 (3)
20090300,2009-12-03,,,비급여,,"다만, 발기부전치료에 한함",sildenafil citrate(as sildenafil),553303ATB,,,(주)보령,이하 (2),오바램정50밀리그램(실데나필시트르산염)_(70.23mg/1정),641907430,18,세 (3)
20090300,2009-12-03,,,비급여,,"다만, 발기부전치료에 한함",sildenafil citrate(as sildenafil),553303ATB,,,(주)유한양행,이하 (2),이디포스정50mg(실데나필시트르산염)_(70.23mg/1정),642104240,18,세 (3)
20090300,2009-12-03,,,비급여,,"다만, 발기부전치료에 한함",sildenafil citrate(as sildenafil),553303ATB,,,부광약품(주),이하 (2),부광실데나필정50밀리그램_(70.23mg/1정),642203200,18,세 (3)
20090300,2009-12-03,,,비급여,,"다만, 발기부전치료에 한함",sildenafil citrate(as sildenafil),553303ATB,,,(주)종근당,이하 (2),센글라정50밀리그램(실데나필시트르산염)_(70.23mg/1정),643307720,18,세 (3)
20090300,2009-12-03,,,비급여,,"다만, 발기부전치료에 한함",sildenafil citrate(as sildenafil),553303ATB,,,한미약품(주),이하 (2),팔팔정50밀리그램(실데나필시트르산염)_(70.23mg/1정),643506250,18,세 (3)
20090300,2009-12-03,,,비급여,,"다만, 발기부전치료에 한함",sildenafil citrate(as sildenafil),553303ATB,,,제이더블유신약(주),이하 (2),발그리아정50밀리그램(실데나필시트르산염)_(70.23mg/1정),644103080,18,세 (3)
20090300,2009-12-03,,,비급여,,"다만, 발기부전치료에 한함",sildenafil citrate(as sildenafil),553303ATB,,,한국유나이티드제약(주),이하 (2),아네르츄정50밀리그램(실데나필시트르산염)_(70.23mg/1정),644308620,18,세 (3)
20090300,2009-12-03,,,비급여,,"다만, 발기부전치료에 한함",sildenafil citrate(as sildenafil),553303ATB,,,대화제약(주),이하 (2),바미라크정50밀리그램(실데나필시트르산염)_(70.23mg/1정),645604090,18,세 (3)
20090300,2009-12-03,,,비급여,,"다만, 발기부전치료에 한함",sildenafil citrate(as sildenafil),553303ATB,,,삼진제약(주),이하 (2),해피그라정50밀리그램(실데나필시트르산염)_(70.23mg/1정),647803650,18,세 (3)
20090300,2009-12-03,,,비급여,,"다만, 발기부전치료에 한함",sildenafil citrate(as sildenafil),553303ATB,,,경동제약(주),이하 (2),포르테브이정50밀리그램(실데나필시트르산염)_(70.23mg/1정),648103240,18,세 (3)
20090300,2009-12-03,,,비급여,,"다만, 발기부전치료에 한함",sildenafil citrate(as sildenafil),553303ATB,,,(주)씨엠지제약,이하 (2),그대로필정50밀리그램(실데나필시트르산염)_(70.23mg/1정),648604280,18,세 (3)
20090300,2009-12-03,,,비급여,,"다만, 발기부전치료에 한함",sildenafil citrate(as sildenafil),553303ATB,,,안국약품(주),이하 (2),에이치-유정50밀리그램(실데나필시트르산염)_(70.23mg/1정),650204080,18,세 (3)
20090300,2009-12-03,,,비급여,,"다만, 발기부전치료에 한함",sildenafil citrate(as sildenafil),553303ATB,,,진양제약(주),이하 (2),프리그라정50밀리그램(실데나필시트르산염)_(70.23mg/1정),650303300,18,세 (3)
20090300,2009-12-03,,,비급여,,"다만, 발기부전치료에 한함",sildenafil citrate(as sildenafil),553303ATB,,,알보젠코리아(주),이하 (2),프리야정50밀리그램(실데나필시트르산염)_(70.23mg/1정),652603200,18,세 (3)
20090300,2009-12-03,,,비급여,,"다만, 발기부전치료에 한함",sildenafil citrate(as sildenafil),553303ATB,,,동국제약(주),이하 (2),엠슈타인정50밀리그램(실데나필시트르산염)_(70.23mg/1정),653404950,18,세 (3)
20090300,2009-12-03,,,비급여,,"다만, 발기부전치료에 한함",sildenafil citrate(as sildenafil),553303ATB,,,신일제약(주),이하 (2),실데그라정50밀리그램(실데나필시트르산염)_(70.23mg/1정),653806380,18,세 (3)
20090300,2009-12-03,,,비급여,,"다만, 발기부전치료에 한함",sildenafil citrate(as sildenafil),553303ATB,,,케이엠에스제약(주),이하 (2),퀵맥스정50밀리그램(실데나필시트르산염)_(70.23mg/1정),654702230,18,세 (3)
20090300,2009-12-03,,,비급여,,"다만, 발기부전치료에 한함",sildenafil citrate(as sildenafil),553303ATB,,,동구바이오제약,이하 (2),자이그라정50밀리그램(실데나필시트르산염)_(70.225mg/1정),657309040,18,세 (3)
20090300,2009-12-03,,,비급여,,"다만, 발기부전치료에 한함",sildenafil citrate(as sildenafil),553303ATB,,,㈜비보존제약,이하 (2),브이그라정50밀리그램(실데나필시트르산염)_(70.225mg/1정),658204780,18,세 (3)
20090300,2009-12-03,,,비급여,,"다만, 발기부전치료에 한함",sildenafil citrate(as sildenafil),553303ATB,,,주식회사큐엘파마,이하 (2),큐데나필정50밀리그램(실데나필시트르산염)_(70.23mg/1정),673400330,18,세 (3)
20090300,2009-12-03,,,비급여,,"다만, 발기부전치료에 한함",sildenafil citrate(as sildenafil),553303ATB,,,(주)한국글로벌제약,이하 (2),나비그라정50밀리그램(실데나필시트르산염)_(70.23mg/1정),693200990,18,세 (3)
20090300,2009-12-03,,,비급여,,"다만, 발기부전치료에 한함",sildenafil citrate(as sildenafil),553303ATB,,,대웅바이오(주),이하 (2),대웅바이오실데나필정50밀리그램(실데나필시트르산염)_(70.23mg/1정),694000860,18,세 (3)
20090300,2009-12-03,,,비급여,,"다만, 발기부전치료에 한함",sildenafil citrate(as sildenafil),553303ATD,,,(주)씨엘팜,이하 (2),비닉스구강붕해필름50밀리그램(실데나필시트르산염)_(70.23mg/1장),622600030,18,세 (3)
20090300,2009-12-03,,,비급여,,"다만, 발기부전치료에 한함",sildenafil citrate(as sildenafil),553303ATD,,,(주)대웅제약,이하 (2),누리그라구강붕해필름50밀리그램(실데나필시트르산염)_(70.23mg/1장),641605920,18,세 (3)
20090300,2009-12-03,,,비급여,,"다만, 발기부전치료에 한함",sildenafil citrate(as sildenafil),553303ATD,,,광동제약(주),이하 (2),이그니스구강용해필름50밀리그램(실데나필시트르산염)_(70.23mg/1장),641805160,18,세 (3)
20090300,2009-12-03,,,비급여,,"다만, 발기부전치료에 한함",sildenafil citrate(as sildenafil),553303ATD,,,국제약품(주),이하 (2),맥시그라구강붕해정50밀리그램(실데나필시트르산염)_(70.23mg/1정),643703680,18,세 (3)
20090300,2009-12-03,,,비급여,,"다만, 발기부전치료에 한함",sildenafil citrate(as sildenafil),553303ATD,,,(주)서울제약,이하 (2),비아그라엘구강붕해필름50밀리그램(실데나필시트르산염)_(70.23mg/1장),652903310,18,세 (3)
20090300,2009-12-03,,,비급여,,"다만, 발기부전치료에 한함",sildenafil citrate(as sildenafil),553303ATD,,,(주)동구바이오제약,이하 (2),자이그라구강붕해필름50mg(실데나필시트르산염)_(70.23mg/1장),657306110,18,세 (3)
20110227,2011-11-24,,,비급여,,"안전성 및 유효성이 미확립. 미숙아, 신생아(생후 2개월이내)는 핵황달을 일으킬 가능성 증가",silver sulfadiazine,227430CCM,,,태극제약(주),미만 (1),실버케어크림(설파디아진은)_(0.2g/20g),644803691,2,개월 (2)
20110227,2011-11-24,,,비급여,,"안전성 및 유효성이 미확립. 미숙아, 신생아(생후 2개월이내)는 핵황달을 일으킬 가능성 증가",silver sulfadiazine,227431CCM,,,해태에이치티비(주),미만 (1),실버돈크림(설파디아진은)_(0.3g/30g),627500201,2,개월 (2)
20110227,2011-11-24,,,비급여,,"안전성 및 유효성이 미확립. 미숙아, 신생아(생후 2개월이내)는 핵황달을 일으킬 가능성 증가",silver sulfadiazine,227432CCM,,,해태에이치티비(주),미만 (1),실버돈크림(설파디아진은)_(0.45g/450g),627500202,2,개월 (2)
20110227,2011-11-24,,,비급여,,"안전성 및 유효성이 미확립- 미숙아, 신생아(생후 2개월이내)는 핵황달을 일으킬 가능성 증가",silver sulfadiazine,227434CCM,,,태극제약(주),미만 (1),실버케어크림(설파디아진은)_(0.15g/15g),644803692,2,개월 (2)
20090300,2009-12-03,,,비급여,,,sodium tetradecyl sulfate concentrate (as sodium tetradecyl sulfate),446730BIJ,,,금청약품(주),미만 (1),파이브로베인주3%(테트라데실황산나트륨)_(0.12244g/2mL),684900021,3,세 (3)
20090300,2009-12-03,,,비급여,,,sodium tetradecyl sulfate concentrate (as sodium tetradecyl sulfate),446731BIJ,,,금청약품(주),미만 (1),파이브로베인주3%바이알(테트라데실황산나트륨)_(0.3061g/5mL),684900031,3,세 (3)
20090300,2009-12-03,,,비급여,,,sodium tetradecyl sulfate concentrate (as sodium tetradecyl sulfate),446732BIJ,,,금청약품(주),미만 (1),파이브로베인주1%(테트라데실황산나트륨)_(40.82mg/2mL),684900041,3,세 (3)
20090300,2009-12-03,,,비급여,,,sodium tetradecyl sulfate concentrate (as sodium tetradecyl sulfate),446733BIJ,,,금청약품(주),미만 (1),파이브로베인주0.2%(테트라데실황산나트륨)_(20.4mg/5mL),684900051,3,세 (3)
20080090,2008-08-25,,,비급여,,고빌리루빈혈증을 일으킬 수 있음,"sulfamethoxazole, trimethoprim",311500ATB,,,에이프로젠제약(주),미만 (1),박토랄정_(1정),645204910,2,개월 (2)
20090300,2009-12-03,,,비급여,,,tadalafil,560701APD,,,안국약품(주),미만 (1),그래서산5밀리그램(타다라필)_(5mg/1포),650204421,18,세 (3)
20090300,2009-12-03,,,비급여,,,tadalafil,560701ATB,,,(주)인트로바이오파마,미만 (1),토르티정5밀리그램(타다라필)_(5mg/1정),52401980,18,세 (3)
20090300,2009-12-03,,,비급여,,,tadalafil,560701ATB,,,㈜중헌제약,미만 (1),유로빅정5밀리그램(타다라필)_(5mg/1정),53301160,18,세 (3)
20090300,2009-12-03,,,비급여,,,tadalafil,560701ATB,,,주식회사 더유제약,미만 (1),윕스정5밀리그램(타다라필)_(5mg/1정),57000720,18,세 (3)
20090300,2009-12-03,,,비급여,,,tadalafil,560701ATB,,,(주)엘앤씨바이오,미만 (1),탄탄정5밀리그램(타다라필)_(5mg/1정),60500980,18,세 (3)
20090300,2009-12-03,,,비급여,,,tadalafil,560701ATB,,,(주)한국파비스제약,미만 (1),롱티메정5mg(타다라필)_(5mg/1정),621802630,18,세 (3)
20090300,2009-12-03,,,비급여,,,tadalafil,560701ATB,,,(주)마더스제약,미만 (1),시알엠정5밀리그램(타다라필)_(5mg/1정),622805360,18,세 (3)
20090300,2009-12-03,,,비급여,,,tadalafil,560701ATB,,,(주)대웅제약,미만 (1),타오르정5밀리그램(타다라필)_(5mg/1정),641606060,18,세 (3)
20090300,2009-12-03,,,비급여,,,tadalafil,560701ATB,,,일양약품(주),미만 (1),일양타다라필정5mg(타다라필)_(5mg/1정),641705030,18,세 (3)
20090300,2009-12-03,,,비급여,,,tadalafil,560701ATB,,,광동제약(주),미만 (1),타다롱정5밀리그램(타다라필)_(5mg/1정),641805930,18,세 (3)
20090300,2009-12-03,,,비급여,,,tadalafil,560701ATB,,,(주)보령,미만 (1),오설램정5밀리그램(타다라필)_(5mg/1정),641907060,18,세 (3)
20090300,2009-12-03,,,비급여,,,tadalafil,560701ATB,,,(주)유한양행,미만 (1),타다포스정5mg(타다라필)_(5mg/1정),642104700,18,세 (3)
20090300,2009-12-03,,,비급여,,,tadalafil,560701ATB,,,부광약품(주),미만 (1),부광타다라필정5mg_(5mg/1정),642203710,18,세 (3)
20090300,2009-12-03,,,비급여,,,tadalafil,560701ATB,,,영진약품(주),미만 (1),일라정5mg(타다라필)_(5mg/1정),642403960,18,세 (3)
20090300,2009-12-03,,,비급여,,,tadalafil,560701ATB,,,일동제약(주),미만 (1),토네이드정5밀리그램(타다라필)_(5mg/1정),642905420,18,세 (3)
20090300,2009-12-03,,,비급여,,,tadalafil,560701ATB,,,동성제약(주),미만 (1),동성타다라필정5밀리그램_(5mg/1정),643203290,18,세 (3)
20090300,2009-12-03,,,비급여,,,tadalafil,560701ATB,,,(주)종근당,미만 (1),센돔정5밀리그램(타다라필)_(5mg/1정),643307010,18,세 (3)
20090300,2009-12-03,,,비급여,,,tadalafil,560701ATB,,,한미약품(주),미만 (1),구구정5밀리그램(타다라필)_(5mg/1정),643507080,18,세 (3)
20090300,2009-12-03,,,비급여,,,tadalafil,560701ATB,,,한미약품(주),미만 (1),구구츄정5밀리그램(타다라필)_(5mg/1정),643507170,18,세 (3)
20090300,2009-12-03,,,비급여,,,tadalafil,560701ATB,,,국제약품(주),미만 (1),빅토리스정5밀리그램(타다라필)_(5mg/1정),643704040,18,세 (3)
20090300,2009-12-03,,,비급여,,,tadalafil,560701ATB,,,제이더블유신약(주),미만 (1),발그나필정5밀리그램(타다라필)_(5mg/1정),644103070,18,세 (3)
20090300,2009-12-03,,,비급여,,,tadalafil,560701ATB,,,제일약품(주),미만 (1),하나롱정5밀리그램(타다라필)_(5mg/1정),645404350,18,세 (3)
20090300,2009-12-03,,,비급여,,,tadalafil,560701ATB,,,동광제약(주),미만 (1),세니트엔정5mg(타다라필)_(5mg/1정),645905790,18,세 (3)
20090300,2009-12-03,,,비급여,,,tadalafil,560701ATB,,,삼진제약(주),미만 (1),해피롱정5밀리그램(타다라필)_(5mg/1정),647804220,18,세 (3)
20090300,2009-12-03,,,비급여,,,tadalafil,560701ATB,,,경동제약(주),미만 (1),더포르테씨정5밀리그램(타다라필)_(5mg/1정),648103580,18,세 (3)
20090300,2009-12-03,,,비급여,,,tadalafil,560701ATB,,,(주)씨엠지제약,미만 (1),제대로필정5밀리그램(타다라필)_(5mg/1정),648603100,18,세 (3)
20090300,2009-12-03,,,비급여,,,tadalafil,560701ATB,,,한국휴텍스제약(주),미만 (1),뉴씨그라정5mg(타다라필)_(5mg/1정),649102790,18,세 (3)
20090300,2009-12-03,,,비급여,,,tadalafil,560701ATB,,,유니메드제약(주),미만 (1),시알정5밀리그램(타다라필)_(5mg/1정),649507250,18,세 (3)
20090300,2009-12-03,,,비급여,,,tadalafil,560701ATB,,,알보젠코리아(주),미만 (1),타다프리정5밀리그램(타다라필)_(5mg/1정),652603590,18,세 (3)
20090300,2009-12-03,,,비급여,,,tadalafil,560701ATB,,,(주)서울제약,미만 (1),불티움정5밀리그램(타다라필)_(5mg/1정),652903870,18,세 (3)
20090300,2009-12-03,,,비급여,,,tadalafil,560701ATB,,,동국제약(주),미만 (1),엠스트롱정5밀리그램(타다라필)_(5mg/1정),653403230,18,세 (3)
20090300,2009-12-03,,,비급여,,,tadalafil,560701ATB,,,아주약품(주),미만 (1),썬카정5밀리그램(타다라필)_(5mg/1정),654004590,18,세 (3)
20090300,2009-12-03,,,비급여,,,tadalafil,560701ATB,,,케이엠에스제약(주),미만 (1),롱맥스정5밀리그램(타다라필)_(5mg/1정),654702250,18,세 (3)
20090300,2009-12-03,,,비급여,,,tadalafil,560701ATB,,,한올바이오파마(주),미만 (1),포드림정5mg(타다라필)_(5mg/1정),655604700,18,세 (3)
20090300,2009-12-03,,,비급여,,,tadalafil,560701ATB,,,알리코제약(주),미만 (1),데일라정5mg(타다라필)_(5mg/1정),656003820,18,세 (3)
20090300,2009-12-03,,,비급여,,,tadalafil,560701ATB,,,(주)동구바이오제약,미만 (1),자이리스정5mg(타다라필)_(5mg/1정),657306620,18,세 (3)
20090300,2009-12-03,,,비급여,,,tadalafil,560701ATB,,,하나제약(주),미만 (1),제이케이(JK)정5밀리그램(타다라필)_(5mg/1정),657806490,18,세 (3)
20090300,2009-12-03,,,비급여,,,tadalafil,560701ATB,,,(주)비보존제약,미만 (1),헤로스정5mg(타다라필)_(5mg/1정),658202870,18,세 (3)
20090300,2009-12-03,,,비급여,,,tadalafil,560701ATB,,,(주)알피바이오,미만 (1),타라정5밀리그램(타다라필)_(5mg/1정),661604500,18,세 (3)
20090300,2009-12-03,,,비급여,,,tadalafil,560701ATB,,,영풍제약(주),미만 (1),푸로리스정5mg(타다라필)_(5mg/1정),661904480,18,세 (3)
20090300,2009-12-03,,,비급여,,,tadalafil,560701ATB,,,(주)넥스팜코리아,미만 (1),일나스정5밀리그램(타다라필)_(5mg/1정),662503220,18,세 (3)
20090300,2009-12-03,,,비급여,,,tadalafil,560701ATB,,,성원애드콕제약(주),미만 (1),시아놀정5밀리그램(타다라필)_(5mg/1정),664901790,18,세 (3)
20090300,2009-12-03,,,비급여,,,tadalafil,560701ATB,,,(주)씨티씨바이오,미만 (1),고든정5mg(타다라필)_(5mg/1정),669501860,18,세 (3)
20090300,2009-12-03,,,비급여,,,tadalafil,560701ATB,,,(주)휴온스,미만 (1),이팔정5mg(타다라필)_(5mg/1정),670607270,18,세 (3)
20090300,2009-12-03,,,비급여,,,tadalafil,560701ATB,,,한국릴리(유),미만 (1),시알리스정5밀리그램(타다라필)_(5mg/1정),670800500,18,세 (3)
20090300,2009-12-03,,,비급여,,,tadalafil,560701ATB,,,주식회사제뉴원사이언스,미만 (1),카마라필정5밀리그램(타다라필)_(5mg/1정),671704650,18,세 (3)
20090300,2009-12-03,,,비급여,,,tadalafil,560701ATB,,,대원제약(주),미만 (1),시알롱기정5mg(타다라필)_(5mg/1정),671806720,18,세 (3)
20090300,2009-12-03,,,비급여,,,tadalafil,560701ATB,,,(주)한국글로벌제약,미만 (1),더플러스정5밀리그램(타다라필)_(5mg/1정),693201620,18,세 (3)
20090300,2009-12-03,,,비급여,,,tadalafil,560701ATB,,,(주)셀트리온제약,미만 (1),타올라스정5밀리그램(타다라필)_(5mg/1정),693901480,18,세 (3)
20090300,2009-12-03,,,비급여,,,tadalafil,560701ATB,,,대웅바이오(주),미만 (1),시알탐정5밀리그램(타다라필)_(5mg/1정),694003570,18,세 (3)
20080090,2008-05-25,,,비급여,,,tadalafil,560701ATD,,,(주)씨엠지제약,미만 (1),제대로필구강용해필름5밀리그램(타다라필)_(5mg/1장),648603040,18,세 (3)
20080090,2008-05-25,,,비급여,,,tadalafil,560701ATD,,,(주)한국파마,미만 (1),파마타다라필구강용해필름5밀리그램_(5mg/1장),653006590,18,세 (3)
20080090,2008-05-25,,,비급여,,,tadalafil,560701ATD,,,(주)씨티씨바이오,미만 (1),고든구강용해필름5mg(타다라필)_(5mg/1장),669501520,18,세 (3)
20090300,2009-12-03,,,비급여,,,tadalafil,560702APD,,,안국약품(주),미만 (1),그래서산20밀리그램(타다라필)_(20mg/1포),650204441,18,세 (3)
20090300,2009-12-03,,,비급여,,,tadalafil,560702ATB,,,(주)인트로바이오파마,미만 (1),토르티정20밀리그램(타다라필)_(20mg/1정),52401990,18,세 (3)
20090300,2009-12-03,,,비급여,,,tadalafil,560702ATB,,,크리스탈생명과학(주),미만 (1),파워애정20밀리그램(타다라필)_(20mg/1정),52700970,18,세 (3)
20090300,2009-12-03,,,비급여,,,tadalafil,560702ATB,,,㈜중헌제약,미만 (1),유로빅정20밀리그램(타다라필)_(20mg/1정),53301180,18,세 (3)
20090300,2009-12-03,,,비급여,,,tadalafil,560702ATB,,,주식회사 더유제약,미만 (1),윕스정20밀리그램(타다라필)_(20mg/1정),57000550,18,세 (3)
20090300,2009-12-03,,,비급여,,,tadalafil,560702ATB,,,(주)엘앤씨바이오,미만 (1),탄탄정20밀리그램(타다라필)_(20mg/1정),60500970,18,세 (3)
20090300,2009-12-03,,,비급여,,,tadalafil,560702ATB,,,(주)한국파비스제약,미만 (1),롱티메정20mg(타다라필)_(20mg/1정),621802620,18,세 (3)
20090300,2009-12-03,,,비급여,,,tadalafil,560702ATB,,,(주)마더스제약,미만 (1),시알엠정20밀리그램(타다라필)_(20mg/1정),622805350,18,세 (3)
20090300,2009-12-03,,,비급여,,,tadalafil,560702ATB,,,(주)일화,미만 (1),시알라필정20mg(타다라필)_(20mg/1정),640903030,18,세 (3)
20090300,2009-12-03,,,비급여,,,tadalafil,560702ATB,,,(주)대웅제약,미만 (1),타오르정20밀리그램(타다라필)_(20mg/1정),641606070,18,세 (3)
20090300,2009-12-03,,,비급여,,,tadalafil,560702ATB,,,일양약품(주),미만 (1),일양타다라필정20mg(타다라필)_(20mg/1정),641705020,18,세 (3)
20090300,2009-12-03,,,비급여,,,tadalafil,560702ATB,,,(주)보령,미만 (1),오설램정20밀리그램(타다라필)_(20mg/1정),641907040,18,세 (3)
20090300,2009-12-03,,,비급여,,,tadalafil,560702ATB,,,현대약품(주),미만 (1),아작스정20밀리그램(타다라필)_(20mg/1정),642003830,18,세 (3)
20090300,2009-12-03,,,비급여,,,tadalafil,560702ATB,,,(주)유한양행,미만 (1),타다포스정20mg(타다라필)_(20mg/1정),642104690,18,세 (3)
20090300,2009-12-03,,,비급여,,,tadalafil,560702ATB,,,부광약품(주),미만 (1),부광타다라필정20mg_(20mg/1정),642203730,18,세 (3)
20090300,2009-12-03,,,비급여,,,tadalafil,560702ATB,,,영진약품(주),미만 (1),일라정20mg(타다라필)_(20mg/1정),642403950,18,세 (3)
20090300,2009-12-03,,,비급여,,,tadalafil,560702ATB,,,일동제약(주),미만 (1),토네이드정20밀리그램(타다라필)_(20mg/1정),642905440,18,세 (3)
20090300,2009-12-03,,,비급여,,,tadalafil,560702ATB,,,동성제약(주),미만 (1),동성타다라필정20밀리그램_(20mg/1정),643203300,18,세 (3)
20090300,2009-12-03,,,비급여,,,tadalafil,560702ATB,,,(주)종근당,미만 (1),센돔정20밀리그램(타다라필)_(20mg/1정),643307000,18,세 (3)
20090300,2009-12-03,,,비급여,,,tadalafil,560702ATB,,,한미약품(주),미만 (1),구구정20밀리그램(타다라필)_(20mg/1정),643507040,18,세 (3)
20090300,2009-12-03,,,비급여,,,tadalafil,560702ATB,,,한미약품(주),미만 (1),구구츄정20밀리그램(타다라필)_(20mg/1정),643507180,18,세 (3)
20090300,2009-12-03,,,비급여,,,tadalafil,560702ATB,,,국제약품(주),미만 (1),빅토리스정20밀리그램(타다라필)_(20mg/1정),643704030,18,세 (3)
20090300,2009-12-03,,,비급여,,,tadalafil,560702ATB,,,제이더블유신약(주),미만 (1),발그나필정20밀리그램(타다라필)_(20mg/1정),644103100,18,세 (3)
20090300,2009-12-03,,,비급여,,,tadalafil,560702ATB,,,에이프로젠제약(주),미만 (1),조이롱정20밀리그램(타다라필)_(20mg/1정),645208890,18,세 (3)
20090300,2009-12-03,,,비급여,,,tadalafil,560702ATB,,,제일약품(주),미만 (1),하나롱정20밀리그램(타다라필)_(20mg/1정),645404340,18,세 (3)
20090300,2009-12-03,,,비급여,,,tadalafil,560702ATB,,,동광제약(주),미만 (1),세니트엔정20mg(타다라필)_(20mg/1정),645905760,18,세 (3)
20090300,2009-12-03,,,비급여,,,tadalafil,560702ATB,,,삼진제약(주),미만 (1),해피롱정20밀리그램(타다라필)_(20mg/1정),647804210,18,세 (3)
20090300,2009-12-03,,,비급여,,,tadalafil,560702ATB,,,경동제약(주),미만 (1),더포르테씨정20밀리그램(타다라필)_(20mg/1정),648103590,18,세 (3)
20090300,2009-12-03,,,비급여,,,tadalafil,560702ATB,,,(주)씨엠지제약,미만 (1),제대로필정20mg(타다라필)_(20mg/1정),648603770,18,세 (3)
20090300,2009-12-03,,,비급여,,,tadalafil,560702ATB,,,풍림무약(주),미만 (1),케이론정20밀리그램(타다라필)_(20mg/1정),649001820,18,세 (3)
20090300,2009-12-03,,,비급여,,,tadalafil,560702ATB,,,유니메드제약(주),미만 (1),시알정20밀리그램(타다라필)_(20mg/1정),649507230,18,세 (3)
20090300,2009-12-03,,,비급여,,,tadalafil,560702ATB,,,진양제약(주),미만 (1),프리시스정20밀리그램(타다라필)_(20mg/1정),650303350,18,세 (3)
20090300,2009-12-03,,,비급여,,,tadalafil,560702ATB,,,알보젠코리아(주),미만 (1),타다프리정20밀리그램(타다라필)_(20mg/1정),652603580,18,세 (3)
20090300,2009-12-03,,,비급여,,,tadalafil,560702ATB,,,동국제약(주),미만 (1),엠스트롱정20밀리그램(타다라필)_(20mg/1정),653403250,18,세 (3)
20090300,2009-12-03,,,비급여,,,tadalafil,560702ATB,,,아주약품(주),미만 (1),썬카정20밀리그램(타다라필)_(20mg/1정),654004600,18,세 (3)
20090300,2009-12-03,,,비급여,,,tadalafil,560702ATB,,,케이엠에스제약(주),미만 (1),롱맥스정20밀리그램(타다라필)_(20mg/1정),654702240,18,세 (3)
20090300,2009-12-03,,,비급여,,,tadalafil,560702ATB,,,한올바이오파마(주),미만 (1),포드림정20mg(타다라필)_(20mg/1정),655604690,18,세 (3)
20090300,2009-12-03,,,비급여,,,tadalafil,560702ATB,,,(주)동구바이오제약,미만 (1),자이리스정20mg(타다라필)_(20mg/1정),657306610,18,세 (3)
20090300,2009-12-03,,,비급여,,,tadalafil,560702ATB,,,하나제약(주),미만 (1),제이케이(JK)정20밀리그램(타다라필)_(20mg/1정),657806510,18,세 (3)
20090300,2009-12-03,,,비급여,,,tadalafil,560702ATB,,,(주)비보존제약,미만 (1),헤로스정20mg(타다라필)_(20mg/1정),658202890,18,세 (3)
20090300,2009-12-03,,,비급여,,,tadalafil,560702ATB,,,(주)알피바이오,미만 (1),타라정20밀리그램(타다라필)_(20mg/1정),661604490,18,세 (3)
20090300,2009-12-03,,,비급여,,,tadalafil,560702ATB,,,영풍제약(주),미만 (1),푸로리스정20mg(타다라필)_(20mg/1정),661904470,18,세 (3)
20090300,2009-12-03,,,비급여,,,tadalafil,560702ATB,,,(주)넥스팜코리아,미만 (1),일나스정20밀리그램(타다라필)_(20mg/1정),662503230,18,세 (3)
20090300,2009-12-03,,,비급여,,,tadalafil,560702ATB,,,성원애드콕제약(주),미만 (1),시아놀정20밀리그램(타다라필)_(20mg/1정),664901800,18,세 (3)
20090300,2009-12-03,,,비급여,,,tadalafil,560702ATB,,,(주)씨티씨바이오,미만 (1),고든정20mg(타다라필)_(20mg/1정),669502480,18,세 (3)
20090300,2009-12-03,,,비급여,,,tadalafil,560702ATB,,,(주)휴온스,미만 (1),이팔정20mg(타다라필)_(20mg/1정),670607280,18,세 (3)
20090300,2009-12-03,,,비급여,,,tadalafil,560702ATB,,,한국릴리(유),미만 (1),시알리스정20밀리그램(타다라필)_(20mg/1정),670800110,18,세 (3)
20090300,2009-12-03,,,비급여,,,tadalafil,560702ATB,,,주식회사제뉴원사이언스,미만 (1),카마라필정20밀리그램(타다라필)_(20mg/1정),671704640,18,세 (3)
20090300,2009-12-03,,,비급여,,,tadalafil,560702ATB,,,대원제약(주),미만 (1),시알롱기정20mg(타다라필)_(20mg/1정),671806740,18,세 (3)
20090300,2009-12-03,,,비급여,,,tadalafil,560702ATB,,,(주)셀트리온제약,미만 (1),타올라스정20밀리그램(타다라필)_(20mg/1정),693901490,18,세 (3)
20090300,2009-12-03,,,비급여,,,tadalafil,560702ATB,,,대웅바이오(주),미만 (1),시알탐정20밀리그램(타다라필)_(20mg/1정),694003560,18,세 (3)
20080090,2008-05-25,,,비급여,,,tadalafil,560702ATD,,,주식회사 더유제약,미만 (1),윕스구강용해필름20밀리그램(타다라필)_(20mg/1장),57001280,18,세 (3)
20080090,2008-05-25,,,비급여,,,tadalafil,560702ATD,,,(주)씨엘팜,미만 (1),센트립구강용해필름20mg(타다라필)_(20mg/1장),622600090,18,세 (3)
20080090,2008-05-25,,,비급여,,,tadalafil,560702ATD,,,(주)휴비스트제약,미만 (1),타다필구강용해필름20밀리그램(타다라필)_(20mg/1장),628801700,18,세 (3)
20080090,2008-05-25,,,비급여,,,tadalafil,560702ATD,,,(주)대웅제약,미만 (1),타오르구강붕해필름20밀리그램(타다라필)_(20mg/1장),641606050,18,세 (3)
20080090,2008-05-25,,,비급여,,,tadalafil,560702ATD,,,광동제약(주),미만 (1),타다롱구강용해필름20밀리그램(타다라필)_(20mg/1장),641805740,18,세 (3)
20080090,2008-05-25,,,비급여,,,tadalafil,560702ATD,,,(주)종근당,미만 (1),센돔구강용해필름20밀리그램(타다라필)_(20mg/1장),643307040,18,세 (3)
20080090,2008-05-25,,,비급여,,,tadalafil,560702ATD,,,삼일제약(주),미만 (1),이렉시멈구강용해필름20밀리그램(타다라필)_(20mg/1장),643903370,18,세 (3)
20080090,2008-05-25,,,비급여,,,tadalafil,560702ATD,,,대화제약(주),미만 (1),설레구강용해필름20밀리그램(타다라필)_(20mg/1장),645604620,18,세 (3)
20080090,2008-05-25,,,비급여,,,tadalafil,560702ATD,,,동광제약(주),미만 (1),세니트엔구강용해필름20mg(타다라필)_(20mg/1장),645905770,18,세 (3)
20080090,2008-05-25,,,비급여,,,tadalafil,560702ATD,,,(주)씨엠지제약,미만 (1),제대로필구강용해필름20밀리그램(타다라필)_(20mg/1장),648603030,18,세 (3)
20080090,2008-05-25,,,비급여,,,tadalafil,560702ATD,,,한국휴텍스제약(주),미만 (1),뉴씨그라구강용해필름20mg(타다라필)_(20mg/1장),649102820,18,세 (3)
20080090,2008-05-25,,,비급여,,,tadalafil,560702ATD,,,(주)서울제약,미만 (1),불티움구강붕해필름20밀리그램(타다라필)_(20mg/1장),652903550,18,세 (3)
20080090,2008-05-25,,,비급여,,,tadalafil,560702ATD,,,(주)한국파마,미만 (1),파마타다라필구강용해필름20밀리그램_(20mg/1장),653006600,18,세 (3)
20080090,2008-05-25,,,비급여,,,tadalafil,560702ATD,,,(주)동구바이오제약,미만 (1),자이리스구강붕해필름20mg(타다라필)_(20mg/1장),657306660,18,세 (3)
20080090,2008-05-25,,,비급여,,,tadalafil,560702ATD,,,미래바이오제약㈜,미만 (1),오굳구강용해필름20mg(타다라필) _(20mg/1장),657502950,18,세 (3)
20080090,2008-05-25,,,비급여,,,tadalafil,560702ATD,,,하나제약(주),미만 (1),제이케이(JK)구강용해필름20밀리그램(타다라필)_(20mg/1장),657807760,18,세 (3)
20080090,2008-05-25,,,비급여,,,tadalafil,560702ATD,,,위더스제약(주),미만 (1),위더굿구강붕해필름20밀리그램(타다라필)_(20mg/1장),660703720,18,세 (3)
20080090,2008-05-25,,,비급여,,,tadalafil,560702ATD,,,(주)씨티씨바이오,미만 (1),고든구강용해필름20mg(타다라필)_(20mg/1장),669501420,18,세 (3)
20080090,2008-05-25,,,비급여,,,tadalafil,560702ATD,,,(주)아이월드제약,미만 (1),시아라필구강용해필름20밀리그램(타다라필)_(20mg/1장),669605190,18,세 (3)
20080090,2008-05-25,,,비급여,,,tadalafil,560702ATD,,,(주)팜젠사이언스,미만 (1),스타라필구강용해필름20밀리그램(타다라필)_(20mg/1매),670104090,18,세 (3)
20080090,2008-05-25,,,비급여,,,tadalafil,560702ATD,,,코오롱제약(주),미만 (1),타오롱구강붕해필름20밀리그램(타다라필)_(20mg/1장),670304720,18,세 (3)
20080090,2008-05-25,,,비급여,,,tadalafil,560702ATD,,,대원제약(주),미만 (1),시알롱기구강용해필름20mg(타다라필)_(20mg/1정),671806800,18,세 (3)
20080090,2008-05-25,,,비급여,,,tadalafil,560702ATD,,,주식회사큐엘파마,미만 (1),카다라필구강붕해필름20밀리그램(타다라필)_(20mg/1장),673400410,18,세 (3)
20080090,2008-05-25,,,비급여,,,tadalafil,560702ATD,,,(주)라이트팜텍,미만 (1),카사미나구강용해필름20밀리그램(타다라필)_(20mg/1장),690302970,18,세 (3)
20090300,2009-12-03,,,비급여,,,tadalafil,560703APD,,,안국약품(주),미만 (1),그래서산10밀리그램(타다라필)_(10mg/1포),650204431,18,세 (3)
20090300,2009-12-03,,,비급여,,,tadalafil,560703ATB,,,(주)인트로바이오파마,미만 (1),토르티정10밀리그램(타다라필)_(10mg/1정),52401970,18,세 (3)
20090300,2009-12-03,,,비급여,,,tadalafil,560703ATB,,,㈜중헌제약,미만 (1),유로빅정10밀리그램(타다라필)_(10mg/1정),53301170,18,세 (3)
20090300,2009-12-03,,,비급여,,,tadalafil,560703ATB,,,주식회사 더유제약,미만 (1),윕스정10밀리그램(타다라필)_(10mg/1정),57001630,18,세 (3)
20090300,2009-12-03,,,비급여,,,tadalafil,560703ATB,,,(주)대웅제약,미만 (1),타오르정10밀리그램(타다라필)_(10mg/1정),641606080,18,세 (3)
20090300,2009-12-03,,,비급여,,,tadalafil,560703ATB,,,(주)보령,미만 (1),오설램정10밀리그램(타다라필)_(10mg/1정),641907050,18,세 (3)
20090300,2009-12-03,,,비급여,,,tadalafil,560703ATB,,,(주)유한양행,미만 (1),타다포스정10mg(타다라필)_(10mg/1정),642104710,18,세 (3)
20090300,2009-12-03,,,비급여,,,tadalafil,560703ATB,,,일동제약(주),미만 (1),토네이드정10밀리그램(타다라필)_(10mg/1정),642905410,18,세 (3)
20090300,2009-12-03,,,비급여,,,tadalafil,560703ATB,,,(주)종근당,미만 (1),센돔정10밀리그램(타다라필)_(10mg/1정),643307020,18,세 (3)
20090300,2009-12-03,,,비급여,,,tadalafil,560703ATB,,,한미약품(주),미만 (1),구구정10밀리그램(타다라필)_(10mg/1정),643507050,18,세 (3)
20090300,2009-12-03,,,비급여,,,tadalafil,560703ATB,,,한미약품(주),미만 (1),구구츄정10밀리그램(타다라필)_(10mg/1정),643507190,18,세 (3)
20090300,2009-12-03,,,비급여,,,tadalafil,560703ATB,,,제이더블유신약(주),미만 (1),발그나필정10밀리그램(타다라필)_(10mg/1정),644103110,18,세 (3)
20090300,2009-12-03,,,비급여,,,tadalafil,560703ATB,,,삼진제약(주),미만 (1),해피롱정10밀리그램(타다라필)_(10mg/1정),647804160,18,세 (3)
20090300,2009-12-03,,,비급여,,,tadalafil,560703ATB,,,케이엠에스제약(주),미만 (1),롱맥스정10밀리그램(타다라필)_(10mg/1정),654702260,18,세 (3)
20090300,2009-12-03,,,비급여,,,tadalafil,560703ATB,,,하나제약(주),미만 (1),제이케이(JK)정10밀리그램(타다라필)_(10mg/1정),657806500,18,세 (3)
20090300,2009-12-03,,,비급여,,,tadalafil,560703ATB,,,(주)비보존제약,미만 (1),헤로스정10mg(타다라필)_(10mg/1정),658202880,18,세 (3)
20090300,2009-12-03,,,비급여,,,tadalafil,560703ATB,,,(주)씨티씨바이오,미만 (1),고든정10mg(타다라필)_(10mg/1정),669502470,18,세 (3)
20090300,2009-12-03,,,비급여,,,tadalafil,560703ATB,,,한국릴리(유),미만 (1),시알리스정10밀리그램(타다라필)_(10mg/1정),670800100,18,세 (3)
20090300,2009-12-03,,,비급여,,,tadalafil,560703ATB,,,대원제약(주),미만 (1),시알롱기정10mg(타다라필)_(10mg/1정),671806730,18,세 (3)
20090300,2009-12-03,,,비급여,,,tadalafil,560703ATB,,,대웅바이오(주),미만 (1),시알탐정10밀리그램(타다라필)_(10mg/1정),694003550,18,세 (3)
20090300,2009-12-03,,,비급여,,,tadalafil,560703ATB,,,(주)제뉴파마,미만 (1),카라마필정10밀리그램(타다라필)_(10mg/1정),698004060,18,세 (3)
20080090,2008-05-25,,,비급여,,,tadalafil,560703ATD,,,주식회사 더유제약,미만 (1),윕스구강용해필름10밀리그램(타다라필)_(10mg/1장),57001290,18,세 (3)
20080090,2008-05-25,,,비급여,,,tadalafil,560703ATD,,,(주)씨엘팜,미만 (1),센트립구강용해필름10mg(타다라필)_(10mg/1장),622600100,18,세 (3)
20080090,2008-05-25,,,비급여,,,tadalafil,560703ATD,,,(주)대웅제약,미만 (1),타오르구강붕해필름10밀리그램(타다라필)_(10mg/1장),641606040,18,세 (3)
20080090,2008-05-25,,,비급여,,,tadalafil,560703ATD,,,광동제약(주),미만 (1),타다롱구강용해필름10밀리그램(타다라필)_(10mg/1장),641805820,18,세 (3)
20080090,2008-05-25,,,비급여,,,tadalafil,560703ATD,,,(주)종근당,미만 (1),센돔구강용해필름10밀리그램(타다라필)_(10mg/1장),643307030,18,세 (3)
20080090,2008-05-25,,,비급여,,,tadalafil,560703ATD,,,대화제약(주),미만 (1),설레구강용해필름10밀리그램(타다라필)_(10mg/1장),645604630,18,세 (3)
20080090,2008-05-25,,,비급여,,,tadalafil,560703ATD,,,동광제약(주),미만 (1),세니트엔구강용해필름10mg(타다라필)_(10mg/1장),645905780,18,세 (3)
20080090,2008-05-25,,,비급여,,,tadalafil,560703ATD,,,(주)씨엠지제약,미만 (1),제대로필구강용해필름10밀리그램(타다라필)_(10mg/1장),648602960,18,세 (3)
20080090,2008-05-25,,,비급여,,,tadalafil,560703ATD,,,(주)서울제약,미만 (1),불티움구강붕해필름10밀리그램(타다라필)_(10mg/1장),652903580,18,세 (3)
20080090,2008-05-25,,,비급여,,,tadalafil,560703ATD,,,(주)한국파마,미만 (1),파마타다라필구강용해필름10밀리그램_(10mg/1장),653006610,18,세 (3)
20080090,2008-05-25,,,비급여,,,tadalafil,560703ATD,,,하나제약(주),미만 (1),제이케이(JK)구강용해필름10밀리그램(타다라필)_(10mg/1장),657807750,18,세 (3)
20080090,2008-05-25,,,비급여,,,tadalafil,560703ATD,,,위더스제약(주),미만 (1),위더굿구강붕해필름10밀리그램(타다라필)_(10mg/1장),660703710,18,세 (3)
20080090,2008-05-25,,,비급여,,,tadalafil,560703ATD,,,(주)씨티씨바이오,미만 (1),고든구강용해필름10mg(타다라필)_(10mg/1장),669501530,18,세 (3)
20080090,2008-05-25,,,비급여,,,tadalafil,560703ATD,,,코오롱제약(주),미만 (1),타오롱구강붕해필름10밀리그램(타다라필)_(10mg/1장),670304710,18,세 (3)
20080090,2008-05-25,,,비급여,,,tadalafil,560703ATD,,,대원제약(주),미만 (1),시알롱기구강용해필름10mg(타다라필)_(10mg/1정),671806790,18,세 (3)
20080090,2008-05-25,,,비급여,,,tadalafil,560703ATD,,,주식회사큐엘파마,미만 (1),카다라필구강붕해필름10밀리그램(타다라필)_(10mg/1장),673400420,18,세 (3)
20080090,2008-05-25,,,비급여,,,tadalafil,560703ATD,,,(주)라이트팜텍,미만 (1),카사미나구강용해필름10밀리그램(타다라필)_(10mg/1장),690302930,18,세 (3)
20090300,2009-12-03,,,비급여,,,taurolidine,234702BIJ,,,삼성제약(주),미만 (1),삼성타우로리딘주_(5g/250mL),642308031,6,세 (3)
20090300,2009-12-03,,,비급여,,,taurolidine,234702BIJ,,,삼진제약(주),미만 (1),삼진타우로린주사2%(타우로리딘)_(5g/250mL),647801081,6,세 (3)
20090300,2009-12-03,,,비급여,,,taurolidine,234730BIJ,,,삼진제약(주),미만 (1),삼진타우로린주사2%(타우로리딘)_(2g/100mL),647805381,6,세 (3)
20110110,2011-06-28,,,비급여,,안전성 및 유효성 미확립. 일반적으로 골육종 발현 위험이 높을 수 있음,teriparatide,487502BIJ,,,(주)한국팜비오,미만 (1),본시티펜주(테리파라타이드)_(0.6mg/2.4mL),659901681,18,세 (3)
20110110,2011-06-28,,,비급여,,안전성 및 유효성 미확립. 일반적으로 골육종 발현 위험이 높을 수 있음,teriparatide acetate (as teriparatide),646301BIJ,,,(주)한국비엠아이,미만 (1),테리아주56.5마이크로그램(테리파라타이드아세트산염)_(60.6μg/1병),654802471,18,세 (3)
20110009,2011-01-31,,,비급여,,"치아발달기의 환자(임신 후반기, 영아 및 8세 이하의 소아)에게 이 약을 사용할 경우 영구적인 치아 변색을 유발할 수 있음",tigecycline,495301BIJ,,,(주)펜믹스,이하 (2),펜믹스타이제사이클린주_(50mg/1병),677100571,8,세 (3)
20200130,2020-12-28,,,비급여,,"소아에 대한 안전성 및 유효성 미확립, 동물실험(랫트)에서 지속적으로 성장하는 전치에 대한 영향 보고","Tipiracil, Trifluridine",E22500ATB,,,제일약품(주),이하 (2),론서프정20_(1정),645405620,18,세 (3)
20200130,2020-12-28,,,비급여,,"소아에 대한 안전성 및 유효성 미확립, 동물실험(랫트)에서 지속적으로 성장하는 전치에 대한 영향 보고","Tipiracil, Trifluridine",E22600ATB,,,제일약품(주),이하 (2),론서프정15_(1정),645405630,18,세 (3)
20040002,2004-01-16,,,비급여,,안전성 및 유효성 미확립,topiramate,241801ATB,,,(주)인트로바이오파마,미만 (1),토피메드정100밀리그램(토피라메이트)_(0.1g/1정),52401310,2,세 (3)
20040002,2004-01-16,,,비급여,,안전성 및 유효성 미확립,topiramate,241801ATB,,,엔비케이제약(주),미만 (1),토파엠정100밀리그램(토피라메이트)_(0.1g/1정),54800250,2,세 (3)
20040002,2004-01-16,,,비급여,,안전성 및 유효성 미확립,topiramate,241801ATB,,,코스맥스파마(주),미만 (1),토피라윈정100밀리그램(토피라메이트)_(0.1g/1정),55102590,2,세 (3)
20040002,2004-01-16,,,비급여,,안전성 및 유효성 미확립,topiramate,241801ATB,,,주식회사 더유제약,미만 (1),토피락정100밀리그램(토피라메이트)_(0.1g/1정),57001240,2,세 (3)
20040002,2004-01-16,,,비급여,,안전성 및 유효성 미확립,topiramate,241801ATB,,,성이바이오(주),미만 (1),토피에이정(토피라메이트)_(0.1mg/1정),72400180,2,세 (3)
20040002,2004-01-16,,,비급여,,안전성 및 유효성 미확립,topiramate,241801ATB,,,한국신텍스제약(주),미만 (1),토피렌티정100밀리그램(토피라메이트)_(0.1g/1정),623006680,2,세 (3)
20040002,2004-01-16,,,비급여,,안전성 및 유효성 미확립,topiramate,241801ATB,,,(주)바이넥스,미만 (1),토파씬정(토피라메이트)_(0.1g/1정),643103710,2,세 (3)
20040002,2004-01-16,,,비급여,,안전성 및 유효성 미확립,topiramate,241801ATB,,,제이더블유신약(주),미만 (1),폰다미스정100밀리그램(토피라메이트)_(0.1g/1정),644102310,2,세 (3)
20040002,2004-01-16,,,비급여,,안전성 및 유효성 미확립,topiramate,241801ATB,,,조아제약(주),미만 (1),토맥정(토피라메이트)_(0.1g/1정),644602880,2,세 (3)
20040002,2004-01-16,,,비급여,,안전성 및 유효성 미확립,topiramate,241801ATB,,,태극제약(주),미만 (1),토핀정100밀리그램(토피라메이트)_(0.1g/1정),644802600,2,세 (3)
20040002,2004-01-16,,,비급여,,안전성 및 유효성 미확립,topiramate,241801ATB,,,(주)메디카코리아,미만 (1),토파메트정100밀리그램(토피라메이트)_(0.1g/1정),646005400,2,세 (3)
20040002,2004-01-16,,,비급여,,안전성 및 유효성 미확립,topiramate,241801ATB,,,에이치엘비제약(주),미만 (1),토피탑정100밀리그램(토피라메이트)_(0.1g/1정),647304160,2,세 (3)
20040002,2004-01-16,,,비급여,,안전성 및 유효성 미확립,topiramate,241801ATB,,,(주)씨엠지제약,미만 (1),토라펜정100밀리그램(토피라메이트)_(0.1g/1정),648603570,2,세 (3)
20040002,2004-01-16,,,비급여,,안전성 및 유효성 미확립,topiramate,241801ATB,,,(주)알피바이오,미만 (1),토라메이트정(토피라메이트)_(0.1g/1정),661604860,2,세 (3)
20040002,2004-01-16,,,비급여,,안전성 및 유효성 미확립,topiramate,241801ATB,,,영풍제약(주),미만 (1),토피스정100밀리그램(토피라메이트)_(0.1g/1정),661905030,2,세 (3)
20040002,2004-01-16,,,비급여,,안전성 및 유효성 미확립,topiramate,241801ATB,,,대한뉴팜(주),미만 (1),토피트정(토피라메이트)_(0.1g/1정),669905500,2,세 (3)
20040002,2004-01-16,,,비급여,,안전성 및 유효성 미확립,topiramate,241801ATB,,,(주)팜젠사이언스,미만 (1),토라맥정(토피라메이트)_(0.1g/1정),670103580,2,세 (3)
20040002,2004-01-16,,,비급여,,안전성 및 유효성 미확립,topiramate,241801ATB,,,(주)휴온스메디텍,미만 (1),토피메정100밀리그램(토피라메이트)_(0.1g/1정),670400580,2,세 (3)
20040002,2004-01-16,,,비급여,,안전성 및 유효성 미확립,topiramate,241801ATB,,,화일약품(주),미만 (1),토피라이정100밀리그램(토피라메이트)_(0.1g/1정),684501460,2,세 (3)
20040002,2004-01-16,,,비급여,,안전성 및 유효성 미확립,topiramate,241801ATB,,,(주)라이트팜텍,미만 (1),토피렌정100밀리그램(토피라메이트)_(0.1g/1정),690300100,2,세 (3)
20040002,2004-01-16,,,비급여,,안전성 및 유효성 미확립,topiramate,241803ATB,,,(주)인트로바이오파마,미만 (1),토피메드정(토피라메이트)_(25mg/1정),52400660,2,세 (3)
20040002,2004-01-16,,,비급여,,안전성 및 유효성 미확립,topiramate,241803ATB,,,엔비케이제약(주),미만 (1),토파엠정25밀리그램(토피라메이트)_(25mg/1정),54800260,2,세 (3)
20040002,2004-01-16,,,비급여,,안전성 및 유효성 미확립,topiramate,241803ATB,,,코스맥스파마(주),미만 (1),토피라윈정25밀리그램(토피라메이트)_(25mg/1정),55102580,2,세 (3)
20040002,2004-01-16,,,비급여,,안전성 및 유효성 미확립,topiramate,241803ATB,,,(주)엘앤씨바이오,미만 (1),토피메트정(토피라메이트)_(25mg/1정),60500850,2,세 (3)
20040002,2004-01-16,,,비급여,,안전성 및 유효성 미확립,topiramate,241803ATB,,,성이바이오(주),미만 (1),토피에이정25밀리그램(토피라메이트)_(25mg/1정),72400140,2,세 (3)
20040002,2004-01-16,,,비급여,,안전성 및 유효성 미확립,topiramate,241803ATB,,,주식회사 노바엠헬스케어,미만 (1),큐피라정(토피라메이트)_(25mg/1정),73200190,2,세 (3)
20040002,2004-01-16,,,비급여,,안전성 및 유효성 미확립,topiramate,241803ATB,,,한국신텍스제약(주),미만 (1),토피렌티정25밀리그램(토피라메이트)_(25mg/1정),623006690,2,세 (3)
20040002,2004-01-16,,,비급여,,안전성 및 유효성 미확립,topiramate,241803ATB,,,(주)휴비스트제약,미만 (1),토파로스정25밀리그램(토피라메이트)_(25mg/1정),628800610,2,세 (3)
20040002,2004-01-16,,,비급여,,안전성 및 유효성 미확립,topiramate,241803ATB,,,(주)일화,미만 (1),토피버정25밀리그램(토피라메이트)_(25mg/1정),640904350,2,세 (3)
20040002,2004-01-16,,,비급여,,안전성 및 유효성 미확립,topiramate,241803ATB,,,(주)바이넥스,미만 (1),토파씬정25밀리그램(토피라메이트)_(25mg/1정),643103680,2,세 (3)
20040002,2004-01-16,,,비급여,,안전성 및 유효성 미확립,topiramate,241803ATB,,,제이더블유신약(주),미만 (1),폰다미스정25밀리그램(토피라메이트)_(25mg/1정),644102380,2,세 (3)
20040002,2004-01-16,,,비급여,,안전성 및 유효성 미확립,topiramate,241803ATB,,,조아제약(주),미만 (1),토맥정 25밀리그램(토피라메이트)_(25mg/1정),644601380,2,세 (3)
20040002,2004-01-16,,,비급여,,안전성 및 유효성 미확립,topiramate,241803ATB,,,태극제약(주),미만 (1),토핀스정25밀리그램(토피라메이트)_(25mg/1정),644805200,2,세 (3)
20040002,2004-01-16,,,비급여,,안전성 및 유효성 미확립,topiramate,241803ATB,,,에이프로젠제약(주),미만 (1),토프라맥정25밀리그램(토피라메이트)_(25mg/1정),645208520,2,세 (3)
20040002,2004-01-16,,,비급여,,안전성 및 유효성 미확립,topiramate,241803ATB,,,에이치엘비제약(주),미만 (1),토피탑정25밀리그램(토피라메이트)_(25mg/1정),647304150,2,세 (3)
20040002,2004-01-16,,,비급여,,안전성 및 유효성 미확립,topiramate,241803ATB,,,(주)씨엠지제약,미만 (1),토라펜정(토피라메이트)_(25mg/1정),648603310,2,세 (3)
20040002,2004-01-16,,,비급여,,안전성 및 유효성 미확립,topiramate,241803ATB,,,(주)서울제약,미만 (1),토파드정25밀리그램(토피라메이트)_(25mg/1정),652901840,2,세 (3)
20040002,2004-01-16,,,비급여,,안전성 및 유효성 미확립,topiramate,241803ATB,,,케이엠에스제약(주),미만 (1),토파미정25밀리그램(토피라메이트)_(25mg/1정),654702360,2,세 (3)
20040002,2004-01-16,,,비급여,,안전성 및 유효성 미확립,topiramate,241803ATB,,,(주)바스칸바이오제약,미만 (1),토파맥정25밀리그램(토피라메이트)_(25mg/1정),656205150,2,세 (3)
20040002,2004-01-16,,,비급여,,안전성 및 유효성 미확립,topiramate,241803ATB,,,익수제약(주),미만 (1),토라피정25밀리그램(토피라메이트)_(25mg/1정),658502420,2,세 (3)
20040002,2004-01-16,,,비급여,,안전성 및 유효성 미확립,topiramate,241803ATB,,,(주)알피바이오,미만 (1),토라메이트정25mg(토피라메이트)_(25mg/1정),661605070,2,세 (3)
20040002,2004-01-16,,,비급여,,안전성 및 유효성 미확립,topiramate,241803ATB,,,영풍제약(주),미만 (1),토피스정25밀리그램(토피라메이트)_(25mg/1정),661905020,2,세 (3)
20040002,2004-01-16,,,비급여,,안전성 및 유효성 미확립,topiramate,241803ATB,,,한국프라임제약(주),미만 (1),토피린정25밀리그램(토피라메이트)_(25mg/1정),663608540,2,세 (3)
20040002,2004-01-16,,,비급여,,안전성 및 유효성 미확립,topiramate,241803ATB,,,(주)아이월드제약,미만 (1),제스터정25밀리그램(토피라메이트)_(25mg/1정),669604950,2,세 (3)
20040002,2004-01-16,,,비급여,,안전성 및 유효성 미확립,topiramate,241803ATB,,,구주제약(주),미만 (1),토펙스정25밀리그람(토피라메이트)_(25mg/1정),669802810,2,세 (3)
20040002,2004-01-16,,,비급여,,안전성 및 유효성 미확립,topiramate,241803ATB,,,대한뉴팜(주),미만 (1),토핀정25밀리그램(토피라메이트)_(25mg/1정),669905190,2,세 (3)
20040002,2004-01-16,,,비급여,,안전성 및 유효성 미확립,topiramate,241803ATB,,,(주)팜젠사이언스,미만 (1),토라맥정25mg(토피라메이트)_(25mg/1정),670101140,2,세 (3)
20040002,2004-01-16,,,비급여,,안전성 및 유효성 미확립,topiramate,241803ATB,,,(주)휴온스메디텍,미만 (1),토피메정25밀리그램(토피라메이트)_(25mg/1정),670400550,2,세 (3)
20040002,2004-01-16,,,비급여,,안전성 및 유효성 미확립,topiramate,241803ATB,,,주식회사제뉴원사이언스,미만 (1),토파케이정25mg(토피라메이트)_(25mg/1정),671701590,2,세 (3)
20040002,2004-01-16,,,비급여,,안전성 및 유효성 미확립,topiramate,241803ATB,,,(주)서흥,미만 (1),토피아정(토피라메이트)_(25mg/1정),679601360,2,세 (3)
20040002,2004-01-16,,,비급여,,안전성 및 유효성 미확립,topiramate,241803ATB,,,화일약품(주),미만 (1),토피라이정25밀리그램(토피라메이트)_(25mg/1정),684501450,2,세 (3)
20040002,2004-01-16,,,비급여,,안전성 및 유효성 미확립,topiramate,241803ATB,,,(주)시어스제약,미만 (1),토피그린정25밀리그램(토피라메이트)_(25mg/1정),689001090,2,세 (3)
20040002,2004-01-16,,,비급여,,안전성 및 유효성 미확립,topiramate,241803ATB,,,(주)라이트팜텍,미만 (1),토피렌정25밀리그램(토피라메이트)_(25mg/1정),690300110,2,세 (3)
20040002,2004-01-16,,,비급여,,안전성 및 유효성 미확립,topiramate,241803ATB,,,정우신약(주),미만 (1),토팔라스정25밀리그램(토피라메이트)_(25mg/1정),694204530,2,세 (3)
20040002,2004-01-16,,,비급여,,안전성 및 유효성 미확립,topiramate,241803ATB,,,(주)테라젠이텍스,미만 (1),토피메이트정25밀리그램(토피라메이트)_(25mg/1정),698504620,2,세 (3)
20040002,2004-01-16,,,비급여,,안전성 및 유효성 미확립,topiramate,241803ATR,,,(주)인트로바이오파마,미만 (1),토피메드서방정25밀리그램(토피라메이트)_(25mg/1정),52402270,2,세 (3)
20040002,2004-01-16,,,비급여,,안전성 및 유효성 미확립,topiramate,241803ATR,,,(주)씨엠지제약,미만 (1),토라펜엑스알서방정25밀리그램(토피라메이트)_(25mg/1정),648605070,2,세 (3)
20040002,2004-01-16,,,비급여,,안전성 및 유효성 미확립,topiramate,241803ATR,,,(주)휴온스,미만 (1),세티서방정25밀리그램(토피라메이트)_(25mg/1정),670609430,2,세 (3)
20040002,2004-01-16,,,비급여,,안전성 및 유효성 미확립,topiramate,241804ATR,,,(주)인트로바이오파마,미만 (1),토피메드서방정50밀리그램(토피라메이트)_(50mg/1정),52402260,2,세 (3)
20040002,2004-01-16,,,비급여,,안전성 및 유효성 미확립,topiramate,241804ATR,,,(주)씨엠지제약,미만 (1),토라펜엑스알서방정50밀리그램(토피라메이트)_(50mg/1정),648605050,2,세 (3)
20040002,2004-01-16,,,비급여,,안전성 및 유효성 미확립,topiramate,241804ATR,,,(주)휴온스,미만 (1),세티서방정50밀리그램(토피라메이트)_(50mg/1정),670609420,2,세 (3)
20190041,2019-05-22,,,비급여,,소아에서 생명에 치명적인 호흡 억제 및 사망 발생,tramadol hydrochloride,242330BIJ,,,(주)휴비스트제약,미만 (1),휴비마돌주(트라마돌염산염)_(50mg/1mL),628801091,12,세 (3)
20190041,2019-05-22,,,비급여,,소아에서 생명에 치명적인 호흡 억제 및 사망 발생,tramadol hydrochloride,242331BIJ,,,크리스탈생명과학(주),미만 (1),트라돌주사액(트라마돌염산염)[수출명:인바이오넷트라돌주사액(트라마돌염산염)]_(0.1g/2mL),52700321,12,세 (3)
20090300,2009-12-03,,,비급여,,,Udenafil,553404ATB,,,동아에스티(주),이하 (2),자이데나정75밀리그램(유데나필)_(75mg/1정),642507050,18,세 (3)
20090300,2009-12-03,,,비급여,,,udenafil,553401ATB,,,동아에스티(주),이하 (2),자이데나정100밀리그램(유데나필)_(0.1g/1정),642503020,18,세 (3)
20090300,2009-12-03,,,비급여,,,udenafil,553402ATB,,,동아에스티(주),이하 (2),자이데나정200밀리그램(유데나필)_(0.2g/1정),642503030,18,세 (3)
20090300,2009-12-03,,,비급여,,,udenafil,553403ATB,,,동아에스티(주),이하 (2),자이데나정50밀리그램(유데나필)_(50mg/1정),642506310,18,세 (3)
20090300,2009-12-03,,,비급여,,,vardenafil hydrochloride hydrate (as vardenafil),550202ATB,,,(주)종근당,미만 (1),야일라정10밀리그램(바데나필염산염)_(11.852mg/1정),643308840,18,세 (3)
2009300,2009-12-03,,,비급여,,,vardenafil hydrochloride hydrate (as vardenafil),550204ATB,,,(주)종근당,미만 (1),야일라정20밀리그램(바데나필염산염)_(23.705mg/1정),643308850,18,세 (3)
20130047,2013-02-25,,,비급여,,"안전성 및 유효성 미확립. 소아 임상 시험에서 자살생각(suicidal ideation)의 이상반응이 관찰됨. 적개심 및 특히 주요 우울 장애의 경우, 자해(self-harm)의 보고 증가",venlafaxine hydrochloride (as venlafaxine),247504ACR,,,(주)대웅제약,미만 (1),대웅벤라팍신서방캡슐(벤라팍신염산염)_(42.42mg/1캡슐),641600540,18,세 (3)
20160155,2016-12-30,,,비급여,,"소아에 대한 안전성 및 유효성이 확립되지 않았으므로, 소아에게 이 약을 투여하는 것은 권장되지 않음.",vortioxetine hydrobromide (as vortioxetine),628501ATB,,,명인제약(주),미만 (1),보세틴정5밀리그램(보티옥세틴브롬화수소산염)_(6.355mg/1정),651905260,18,세 (3)
20160155,2016-12-30,,,비급여,,"소아에 대한 안전성 및 유효성이 확립되지 않았으므로, 소아에게 이 약을 투여하는 것은 권장되지 않음.",vortioxetine hydrobromide (as vortioxetine),628502ATB,,,명인제약(주),미만 (1),보세틴정10밀리그램(보티옥세틴브롬화수소산염)_(12.71mg/1정),651905270,18,세 (3)
20160155,2016-12-30,,,비급여,,"소아에 대한 안전성 및 유효성이 확립되지 않았으므로, 소아에게 이 약을 투여하는 것은 권장되지 않음.",vortioxetine hydrobromide (as vortioxetine),628503ATB,,,명인제약(주),미만 (1),보세틴정15밀리그램(보티옥세틴브롬화수소산염)_(19.065mg/1정),651905280,18,세 (3)
20160155,2016-12-30,,,비급여,,"소아에 대한 안전성 및 유효성이 확립되지 않았으므로, 소아에게 이 약을 투여하는 것은 권장되지 않음.",vortioxetine hydrobromide (as vortioxetine),628504ATB,,,명인제약(주),미만 (1),보세틴정20밀리그램(보티옥세틴브롬화수소산염)_(25.42mg/1정),651905290,18,세 (3)
20220087,2022-12-15,,,비급여,,,xylometazoline hydrochloride,249604CLQ,,,태극제약(주),미만 (1),메타리빈액0.1%(자일로메타졸린염산염)_(15mg/15mL),644804843,12,세 (3)
20220087,2022-12-15,,,비급여,,,xylometazoline hydrochloride,249604CSI,,,(주)대웅제약,미만 (1),코메키나나잘스프레이0.1%(자일로메타졸린염산염)_(15mg/15mL),641607421,12,세 (3)
20220087,2022-12-15,,,비급여,,,xylometazoline hydrochloride,249604CSI,,,대원제약(주),미만 (1),콜대원코나나잘스프레이(자일로메타졸린염산염)_(15mg/15mL),671806571,12,세 (3)
20150090,2015-11-30,,,비급여,,,xylometazoline hydrochloride,249605CSI,,,(주)글락소스미스클라인컨슈머헬스케어코리아,미만 (1),오트리빈0.05%비강분무액(자일로메타졸린염산염)_(5mg/10mL),51600171,2,세 (3)
20150090,2015-11-30,,,비급여,,,xylometazoline hydrochloride,249605CSI,,,(주)셀트리온제약,미만 (1),화이투벤나잘스프레이0.05%(자일로메타졸린염산염)_(5mg/10mL),693903451,2,세 (3)
20150090,2015-11-30,,,비급여,,,xylometazoline hydrochloride,249607CSI,,,현대약품(주),미만 (1),시노카자일로나잘스프레이액0.05%(자일로메타졸린염산염)_(9mg/18mL),642003741,2,세 (3)
20220087,2022-12-15,,,비급여,,,xylometazoline hydrochloride,249610CSI,,,(주)글락소스미스클라인컨슈머헬스케어코리아,미만 (1),오트리빈멘톨0.1%분무제(자일로메타졸린염산염)_(10mg/10mL),51600261,12,세 (3)
20220087,2022-12-15,,,비급여,,,xylometazoline hydrochloride,249610CSI,,,신신제약(주),미만 (1),비쿨롱점비액(자일로메타졸린염산염)_(10mg/10mL),643802511,12,세 (3)
20220087,2022-12-15,,,비급여,,,xylometazoline hydrochloride,249610CSI,,,경남제약(주),미만 (1),미놀노즈점비액(자일로메타졸린염산염)_(10mg/10mL),647603411,12,세 (3)
20220087,2022-12-15,,,비급여,,,xylometazoline hydrochloride,249610CSI,,,삼천당제약(주),미만 (1),나리스타자일로점비액(자일로메타졸린염산염)_(10mg/10mL),651204301,12,세 (3)
20220087,2022-12-15,,,비급여,,,xylometazoline hydrochloride,249610CSI,,,아이큐어(주),미만 (1),코자툴린점비액(자일로메타졸린염산염)_(10mg/10mL),674400531,12,세 (3)
20220087,2022-12-15,,,비급여,,,xylometazoline hydrochloride,249610CSI,,,(주)셀트리온제약,미만 (1),화이투벤나잘스프레이0.1%(자일로메타졸린염산염)_(10mg/10mL),693903461,12,세 (3)
20220087,2022-12-15,,,비급여,,,xylometazoline hydrochloride,249610CSI,,,(주)셀트리온제약,미만 (1),화이투벤멘톨나잘스프레이0.1%(자일로메타졸린염산염)_(10mg/10mL),693903462,12,세 (3)
20220087,2022-12-15,,,비급여,,,xylometazoline hydrochloride,249611CSI,,,현대약품(주),미만 (1),"시노카자일로나잘스프레이액0.1%(자일로메타졸린염산염)(무향,멘톨향)_(18mg/18mL)",642003751,12,세 (3)
20220087,2022-12-15,,,비급여,,,xylometazoline hydrochloride,249612CLQ,,,태극제약(주),미만 (1),메타리빈액0.1%(자일로메타졸린염산염)_(20mg/20mL),644804842,12,세 (3)
20220087,2022-12-15,,,비급여,,,xylometazoline hydrochloride,249613CLQ,,,태극제약(주),미만 (1),메타리빈액0.1%(자일로메타졸린염산염)_(30mg/30mL),644804841,12,세 (3)
